"code","iso","country","LCB.ind.1995","LCB.ind.1996","LCB.ind.1997","LCB.ind.1998","LCB.ind.1999","LCB.ind.2000","LCB.ind.2001","LCB.ind.2002","LCB.ind.2003","LCB.ind.2004","LCB.ind.2005","LCB.ind.2006","LCB.ind.2007","LCB.ind.2008","LCB.ind.2009","LCB.ind.2010","LCB.ind.2011","LCB.ind.2012","LCB.ind.2013","LCB.ind.2014","LCB.ind.2015","LCB.ind.2016","LCB.ind.2017","LCB.ind.2018","LCB.ind.2019","LCB.ind.2020","LCB.ind.2021","LCB.ind.2022"
4,"AFG","Afghanistan",80.2758306556511,80.2758306556511,80.2758306556511,80.2758306556511,80.2758306556511,80.2758306556511,80.2758306556511,80.2758306556511,80.2758306556511,80.2758306556511,80.2758306556511,80.2758306556511,80.2758306556511,80.2758306556511,80.2758306556511,80.2758306556511,91.8958147204713,100,100,100,100,100,100,100,100,100,100,100
8,"ALB","Albania",61.9889850772278,61.9889850772278,61.9889850772278,61.9889850772278,61.9889850772278,61.9889850772278,61.9889850772278,61.9889850772278,61.9889850772278,61.9889850772278,61.9889850772278,61.9889850772278,61.9889850772278,61.9889850772278,61.9889850772278,61.9889850772278,49.1103641170251,35.3784287604867,47.5991558321753,46.662284041833,96.2868123394486,100,87.2788343385878,87.2788343385878,87.2788343385878,87.2788343385878,87.2788343385878,87.2788343385878
12,"DZA","Algeria",42.6541627816447,42.6541627816447,42.6541627816447,42.6541627816447,42.6541627816447,42.6541627816447,42.6541627816447,42.6541627816447,42.6541627816447,42.6541627816447,42.6541627816447,42.6541627816447,42.6541627816447,42.6541627816447,42.6541627816447,42.6541627816447,39.4883944929387,35.5220737273823,34.713483813301,28.2426510732429,36.7984608583778,37.8913301693368,13.265298788505,13.265298788505,13.265298788505,13.265298788505,13.265298788505,13.265298788505
20,"AND","Andorra",-8888,-8888,-8888,-8888,-8888,-8888,-8888,-8888,-8888,-8888,-8888,-8888,-8888,-8888,-8888,-8888,-8888,-8888,-8888,-8888,-8888,-8888,-8888,-8888,-8888,-8888,-8888,-8888
24,"AGO","Angola",27.6733357718981,27.6733357718981,27.6733357718981,27.6733357718981,27.6733357718981,27.6733357718981,27.6733357718981,27.6733357718981,27.6733357718981,27.6733357718981,27.6733357718981,27.6733357718981,27.6733357718981,27.6733357718981,27.6733357718981,27.6733357718981,14.6556910312188,18.5379644060594,27.4907181369934,32.0208892548548,38.2773474945736,45.6967860274019,37.8918494281813,37.8918494281813,37.8918494281813,37.8918494281813,37.8918494281813,37.8918494281813
660,"AIA","Anguilla",-8888,-8888,-8888,-8888,-8888,-8888,-8888,-8888,-8888,-8888,-8888,-8888,-8888,-8888,-8888,-8888,-8888,-8888,-8888,-8888,-8888,-8888,-8888,-8888,-8888,-8888,-8888,-8888
28,"ATG","Antigua and Barbuda",38.8531599709311,38.8531599709311,38.8531599709311,38.8531599709311,38.8531599709311,38.8531599709311,38.8531599709311,38.8531599709311,38.8531599709311,38.8531599709311,38.8531599709311,38.8531599709311,38.8531599709311,38.8531599709311,38.8531599709311,38.8531599709311,50.4119003041633,64.6768684340333,81.0166893038621,89.5048057638568,100,100,88.638718615119,88.638718615119,88.638718615119,88.638718615119,88.638718615119,88.638718615119
32,"ARG","Argentina",31.2534371724289,31.2534371724289,31.2534371724289,31.2534371724289,31.2534371724289,31.2534371724289,31.2534371724289,31.2534371724289,31.2534371724289,31.2534371724289,31.2534371724289,31.2534371724289,31.2534371724289,31.2534371724289,31.2534371724289,31.2534371724289,36.5172743416945,54.5109395097474,61.3919817307899,66.0747967005179,78.3029042244084,85.9491260780203,86.7042863185085,86.7042863185085,86.7042863185085,86.7042863185085,86.7042863185085,86.7042863185085
51,"ARM","Armenia",71.7711783659012,71.7711783659012,71.7711783659012,71.7711783659012,71.7711783659012,71.7711783659012,71.7711783659012,71.7711783659012,71.7711783659012,71.7711783659012,71.7711783659012,71.7711783659012,71.7711783659012,71.7711783659012,71.7711783659012,71.7711783659012,69.3730385145591,58.9658891461241,58.3728365887653,81.6497945481762,88.7857585236379,100,100,100,100,100,100,100
533,"ABW","Aruba",-8888,-8888,-8888,-8888,-8888,-8888,-8888,-8888,-8888,-8888,-8888,-8888,-8888,-8888,-8888,-8888,-8888,-8888,-8888,-8888,-8888,-8888,-8888,-8888,-8888,-8888,-8888,-8888
36,"AUS","Australia",86.0781065985009,86.0781065985009,86.0781065985009,86.0781065985009,86.0781065985009,86.0781065985009,86.0781065985009,86.0781065985009,86.0781065985009,86.0781065985009,86.0781065985009,86.0781065985009,86.0781065985009,86.0781065985009,86.0781065985009,86.0781065985009,89.5142729655621,98.3339739604868,82.8590517524156,81.0854233608412,62.4575186109811,48.6139717249437,35.3673254984869,35.3673254984869,35.3673254984869,35.3673254984869,35.3673254984869,35.3673254984869
40,"AUT","Austria",34.5528002912906,34.5528002912906,34.5528002912906,34.5528002912906,34.5528002912906,34.5528002912906,34.5528002912906,34.5528002912906,34.5528002912906,34.5528002912906,34.5528002912906,34.5528002912906,34.5528002912906,34.5528002912906,34.5528002912906,34.5528002912906,49.4870836536125,66.2271944727452,82.4880919970056,92.0002596171175,96.6729521648626,95.8153270179427,78.2155430748848,78.2155430748848,78.2155430748848,78.2155430748848,78.2155430748848,78.2155430748848
31,"AZE","Azerbaijan",78.2129319875355,78.2129319875355,78.2129319875355,78.2129319875355,78.2129319875355,78.2129319875355,78.2129319875355,78.2129319875355,78.2129319875355,78.2129319875355,78.2129319875355,78.2129319875355,78.2129319875355,78.2129319875355,78.2129319875355,78.2129319875355,96.4625966291434,77.5453737238521,76.4640349295917,70.1998483761912,100,100,100,100,100,100,100,100
44,"BHS","Bahamas",49.8224018727237,49.8224018727237,49.8224018727237,49.8224018727237,49.8224018727237,49.8224018727237,49.8224018727237,49.8224018727237,49.8224018727237,49.8224018727237,49.8224018727237,49.8224018727237,49.8224018727237,49.8224018727237,49.8224018727237,49.8224018727237,56.140760979571,60.0969955319667,59.0912884790907,55.7236093446113,45.3969356989286,20.8155145997468,2.79360124469896,2.79360124469896,2.79360124469896,2.79360124469896,2.79360124469896,2.79360124469896
48,"BHR","Bahrain",-8888,-8888,-8888,-8888,-8888,-8888,-8888,-8888,-8888,-8888,-8888,-8888,-8888,-8888,-8888,-8888,-8888,-8888,-8888,-8888,-8888,-8888,-8888,-8888,-8888,-8888,-8888,-8888
50,"BGD","Bangladesh",48.6227427418289,48.6227427418289,48.6227427418289,48.6227427418289,48.6227427418289,48.6227427418289,48.6227427418289,48.6227427418289,48.6227427418289,48.6227427418289,48.6227427418289,48.6227427418289,48.6227427418289,48.6227427418289,48.6227427418289,48.6227427418289,46.7951716794069,42.8694415660844,47.8238447202998,31.5494930212066,24.4906265382382,0,0,0,0,0,0,0
52,"BRB","Barbados",42.3015037572508,42.3015037572508,42.3015037572508,42.3015037572508,42.3015037572508,42.3015037572508,42.3015037572508,42.3015037572508,42.3015037572508,42.3015037572508,42.3015037572508,42.3015037572508,42.3015037572508,42.3015037572508,42.3015037572508,42.3015037572508,28.4195155739054,0,11.9395379281691,37.5500285767147,35.6132329489341,74.0613515338883,66.8343809863783,66.8343809863783,66.8343809863783,66.8343809863783,66.8343809863783,66.8343809863783
112,"BLR","Belarus",49.8550574223557,49.8550574223557,49.8550574223557,49.8550574223557,49.8550574223557,49.8550574223557,49.8550574223557,49.8550574223557,49.8550574223557,49.8550574223557,49.8550574223557,49.8550574223557,49.8550574223557,49.8550574223557,49.8550574223557,49.8550574223557,55.2152134222734,59.6509102867788,67.3031708711054,67.3622648092998,68.0429747486419,47.395067982443,37.5779114336497,37.5779114336497,37.5779114336497,37.5779114336497,37.5779114336497,37.5779114336497
56,"BEL","Belgium",0,0,0,0,0,0,0,0,0,0,0,0,0,0,0,0,22.1352856981781,34.3566748622322,63.4458743150883,69.7135847895982,88.0218232788646,85.660698151602,85.920516307699,85.920516307699,85.920516307699,85.920516307699,85.920516307699,85.920516307699
84,"BLZ","Belize",57.1158134764569,57.1158134764569,57.1158134764569,57.1158134764569,57.1158134764569,57.1158134764569,57.1158134764569,57.1158134764569,57.1158134764569,57.1158134764569,57.1158134764569,57.1158134764569,57.1158134764569,57.1158134764569,57.1158134764569,57.1158134764569,37.6857680018662,23.9330187405884,16.8722086428345,26.8033929813938,31.6224030061649,42.4013553524675,41.2352178052547,41.2352178052547,41.2352178052547,41.2352178052547,41.2352178052547,41.2352178052547
204,"BEN","Benin",77.8647634170102,77.8647634170102,77.8647634170102,77.8647634170102,77.8647634170102,77.8647634170102,77.8647634170102,77.8647634170102,77.8647634170102,77.8647634170102,77.8647634170102,77.8647634170102,77.8647634170102,77.8647634170102,77.8647634170102,77.8647634170102,87.6366086330569,59.883402317765,33.6362450360151,44.7228976406216,35.3663045373026,38.6074250272391,5.85880784567964,5.85880784567964,5.85880784567964,5.85880784567964,5.85880784567964,5.85880784567964
60,"BMU","Bermuda",-8888,-8888,-8888,-8888,-8888,-8888,-8888,-8888,-8888,-8888,-8888,-8888,-8888,-8888,-8888,-8888,-8888,-8888,-8888,-8888,-8888,-8888,-8888,-8888,-8888,-8888,-8888,-8888
64,"BTN","Bhutan",0,0,0,0,0,0,0,0,0,0,0,0,0,0,0,0,9.08082256844399,34.6676090144093,52.0653779270451,42.6430022814194,47.482003231059,42.025686446579,45.7097642219796,45.7097642219796,45.7097642219796,45.7097642219796,45.7097642219796,45.7097642219796
68,"BOL","Bolivia",34.4087708426804,34.4087708426804,34.4087708426804,34.4087708426804,34.4087708426804,34.4087708426804,34.4087708426804,34.4087708426804,34.4087708426804,34.4087708426804,34.4087708426804,34.4087708426804,34.4087708426804,34.4087708426804,34.4087708426804,34.4087708426804,37.8885433148665,42.0790426639775,56.7997288170577,60.5301653328067,68.4863586483722,61.3588251009642,60.0427367355528,60.0427367355528,60.0427367355528,60.0427367355528,60.0427367355528,60.0427367355528
70,"BIH","Bosnia and Herzegovina",56.8140457407542,56.8140457407542,56.8140457407542,56.8140457407542,56.8140457407542,56.8140457407542,56.8140457407542,56.8140457407542,56.8140457407542,56.8140457407542,56.8140457407542,56.8140457407542,56.8140457407542,56.8140457407542,56.8140457407542,56.8140457407542,53.9449651798171,41.0243203327397,53.4879779030544,25.6718775384445,67.0467715285802,75.5429570863482,61.3626061001965,61.3626061001965,61.3626061001965,61.3626061001965,61.3626061001965,61.3626061001965
72,"BWA","Botswana",76.9790534795252,76.9790534795252,76.9790534795252,76.9790534795252,76.9790534795252,76.9790534795252,76.9790534795252,76.9790534795252,76.9790534795252,76.9790534795252,76.9790534795252,76.9790534795252,76.9790534795252,76.9790534795252,76.9790534795252,76.9790534795252,69.4865421462585,72.3402216841542,57.838804598426,45.321032123717,79.7134442364912,100,91.8755358108928,91.8755358108928,91.8755358108928,91.8755358108928,91.8755358108928,91.8755358108928
76,"BRA","Brazil",76.0245761346921,76.0245761346921,76.0245761346921,76.0245761346921,76.0245761346921,76.0245761346921,76.0245761346921,76.0245761346921,76.0245761346921,76.0245761346921,76.0245761346921,76.0245761346921,76.0245761346921,76.0245761346921,76.0245761346921,76.0245761346921,82.8984491535161,77.4532972948841,77.4927225126611,67.5111214603635,61.1303365283946,43.5028307687244,33.1370462509634,33.1370462509634,33.1370462509634,33.1370462509634,33.1370462509634,33.1370462509634
92,"VGB","British Virgin Islands",-8888,-8888,-8888,-8888,-8888,-8888,-8888,-8888,-8888,-8888,-8888,-8888,-8888,-8888,-8888,-8888,-8888,-8888,-8888,-8888,-8888,-8888,-8888,-8888,-8888,-8888,-8888,-8888
96,"BRN","Brunei Darussalam",55.314267674306,55.314267674306,55.314267674306,55.314267674306,55.314267674306,55.314267674306,55.314267674306,55.314267674306,55.314267674306,55.314267674306,55.314267674306,55.314267674306,55.314267674306,55.314267674306,55.314267674306,55.314267674306,44.6923628514193,44.2006549718875,60.5131901218596,54.9179636689603,52.7163344876927,48.0615498690185,61.2121760530901,61.2121760530901,61.2121760530901,61.2121760530901,61.2121760530901,61.2121760530901
100,"BGR","Bulgaria",75.1113124740922,75.1113124740922,75.1113124740922,75.1113124740922,75.1113124740922,75.1113124740922,75.1113124740922,75.1113124740922,75.1113124740922,75.1113124740922,75.1113124740922,75.1113124740922,75.1113124740922,75.1113124740922,75.1113124740922,75.1113124740922,81.0621128479043,74.5082804081588,85.8753238982979,75.2690838787226,66.5449327880488,61.7868248805827,43.510156711928,43.510156711928,43.510156711928,43.510156711928,43.510156711928,43.510156711928
854,"BFA","Burkina Faso",18.9378935345516,18.9378935345516,18.9378935345516,18.9378935345516,18.9378935345516,18.9378935345516,18.9378935345516,18.9378935345516,18.9378935345516,18.9378935345516,18.9378935345516,18.9378935345516,18.9378935345516,18.9378935345516,18.9378935345516,18.9378935345516,21.0886313225514,38.7303789668191,94.2221544393325,99.5983696799801,100,100,100,100,100,100,100,100
108,"BDI","Burundi",44.8436080883523,44.8436080883523,44.8436080883523,44.8436080883523,44.8436080883523,44.8436080883523,44.8436080883523,44.8436080883523,44.8436080883523,44.8436080883523,44.8436080883523,44.8436080883523,44.8436080883523,44.8436080883523,44.8436080883523,44.8436080883523,49.3078191289684,54.1751215268384,41.8587778068666,40.9841333529996,36.9254844683159,54.0131548500728,39.2209727654358,39.2209727654358,39.2209727654358,39.2209727654358,39.2209727654358,39.2209727654358
132,"CPV","Cabo Verde",59.9495219032477,59.9495219032477,59.9495219032477,59.9495219032477,59.9495219032477,59.9495219032477,59.9495219032477,59.9495219032477,59.9495219032477,59.9495219032477,59.9495219032477,59.9495219032477,59.9495219032477,59.9495219032477,59.9495219032477,59.9495219032477,14.2898827801668,0,0,0,0,0,0,0,0,0,0,0
116,"KHM","Cambodia",10.706658573899,10.706658573899,10.706658573899,10.706658573899,10.706658573899,10.706658573899,10.706658573899,10.706658573899,10.706658573899,10.706658573899,10.706658573899,10.706658573899,10.706658573899,10.706658573899,10.706658573899,10.706658573899,16.1875260073064,12.8451016107325,14.0644051113538,15.8411437845575,27.9763197194776,34.8404465254542,49.7701126474057,49.7701126474057,49.7701126474057,49.7701126474057,49.7701126474057,49.7701126474057
120,"CMR","Cameroon",41.6413458954933,41.6413458954933,41.6413458954933,41.6413458954933,41.6413458954933,41.6413458954933,41.6413458954933,41.6413458954933,41.6413458954933,41.6413458954933,41.6413458954933,41.6413458954933,41.6413458954933,41.6413458954933,41.6413458954933,41.6413458954933,42.6049499951468,38.7040559861295,30.2793829003905,14.6891742816386,22.848293067349,17.6682745898135,4.28504749228014,4.28504749228014,4.28504749228014,4.28504749228014,4.28504749228014,4.28504749228014
124,"CAN","Canada",61.3576242696462,61.3576242696462,61.3576242696462,61.3576242696462,61.3576242696462,61.3576242696462,61.3576242696462,61.3576242696462,61.3576242696462,61.3576242696462,61.3576242696462,61.3576242696462,61.3576242696462,61.3576242696462,61.3576242696462,61.3576242696462,69.0547272963856,65.2432104145787,66.5762226817894,62.9041290765293,55.826825140882,55.017363330266,51.0158515131034,51.0158515131034,51.0158515131034,51.0158515131034,51.0158515131034,51.0158515131034
136,"CYM","Cayman Islands",-8888,-8888,-8888,-8888,-8888,-8888,-8888,-8888,-8888,-8888,-8888,-8888,-8888,-8888,-8888,-8888,-8888,-8888,-8888,-8888,-8888,-8888,-8888,-8888,-8888,-8888,-8888,-8888
140,"CAF","Central African Republic",37.6662349405558,37.6662349405558,37.6662349405558,37.6662349405558,37.6662349405558,37.6662349405558,37.6662349405558,37.6662349405558,37.6662349405558,37.6662349405558,37.6662349405558,37.6662349405558,37.6662349405558,37.6662349405558,37.6662349405558,37.6662349405558,30.1163724250479,18.572814471428,30.9708986016165,43.1427682672384,59.7199178716079,52.4687861775753,48.9112848695649,48.9112848695649,48.9112848695649,48.9112848695649,48.9112848695649,48.9112848695649
148,"TCD","Chad",65.7900926098071,65.7900926098071,65.7900926098071,65.7900926098071,65.7900926098071,65.7900926098071,65.7900926098071,65.7900926098071,65.7900926098071,65.7900926098071,65.7900926098071,65.7900926098071,65.7900926098071,65.7900926098071,65.7900926098071,65.7900926098071,66.5334071054101,40.7527627372285,45.6865986599585,36.2175688069086,47.2257388909947,27.0982971311281,20.3241920341897,20.3241920341897,20.3241920341897,20.3241920341897,20.3241920341897,20.3241920341897
152,"CHL","Chile",56.6728216065221,56.6728216065221,56.6728216065221,56.6728216065221,56.6728216065221,56.6728216065221,56.6728216065221,56.6728216065221,56.6728216065221,56.6728216065221,56.6728216065221,56.6728216065221,56.6728216065221,56.6728216065221,56.6728216065221,56.6728216065221,61.1176295579257,54.6106779378977,56.4706436842941,55.2680156391105,52.9293585990571,51.8587125797016,32.272811373491,32.272811373491,32.272811373491,32.272811373491,32.272811373491,32.272811373491
156,"CHN","China",20.3546484332927,20.3546484332927,20.3546484332927,20.3546484332927,20.3546484332927,20.3546484332927,20.3546484332927,20.3546484332927,20.3546484332927,20.3546484332927,20.3546484332927,20.3546484332927,20.3546484332927,20.3546484332927,20.3546484332927,20.3546484332927,28.3749650320536,37.398061186783,50.9380822749053,51.1291676087935,59.2220010449868,54.2858360959208,48.9102341767019,48.9102341767019,48.9102341767019,48.9102341767019,48.9102341767019,48.9102341767019
170,"COL","Colombia",55.4556082478522,55.4556082478522,55.4556082478522,55.4556082478522,55.4556082478522,55.4556082478522,55.4556082478522,55.4556082478522,55.4556082478522,55.4556082478522,55.4556082478522,55.4556082478522,55.4556082478522,55.4556082478522,55.4556082478522,55.4556082478522,55.4709500328688,55.6388854193037,71.3160176168704,66.4344868875705,73.0099341451401,67.7864784919082,50.181641066657,50.181641066657,50.181641066657,50.181641066657,50.181641066657,50.181641066657
174,"COM","Comoros",31.2243231487572,31.2243231487572,31.2243231487572,31.2243231487572,31.2243231487572,31.2243231487572,31.2243231487572,31.2243231487572,31.2243231487572,31.2243231487572,31.2243231487572,31.2243231487572,31.2243231487572,31.2243231487572,31.2243231487572,31.2243231487572,16.9348588758999,6.57217687997813,0,0,0,0,0,0,0,0,0,0
184,"COK","Cook Islands",-8888,-8888,-8888,-8888,-8888,-8888,-8888,-8888,-8888,-8888,-8888,-8888,-8888,-8888,-8888,-8888,-8888,-8888,-8888,-8888,-8888,-8888,-8888,-8888,-8888,-8888,-8888,-8888
188,"CRI","Costa Rica",49.3014657801402,49.3014657801402,49.3014657801402,49.3014657801402,49.3014657801402,49.3014657801402,49.3014657801402,49.3014657801402,49.3014657801402,49.3014657801402,49.3014657801402,49.3014657801402,49.3014657801402,49.3014657801402,49.3014657801402,49.3014657801402,50.8389880419555,52.7337624760825,67.1399789337685,73.029315611451,90.4404140687059,87.1417582759813,76.9183245293346,76.9183245293346,76.9183245293346,76.9183245293346,76.9183245293346,76.9183245293346
384,"CIV","Cote d'Ivoire",61.3458848967387,61.3458848967387,61.3458848967387,61.3458848967387,61.3458848967387,61.3458848967387,61.3458848967387,61.3458848967387,61.3458848967387,61.3458848967387,61.3458848967387,61.3458848967387,61.3458848967387,61.3458848967387,61.3458848967387,61.3458848967387,52.6995715571591,45.4628540251207,34.8646775575205,27.2550673553862,33.6966156266721,29.2116097622282,20.1499742540454,20.1499742540454,20.1499742540454,20.1499742540454,20.1499742540454,20.1499742540454
191,"HRV","Croatia",57.3654523524376,57.3654523524376,57.3654523524376,57.3654523524376,57.3654523524376,57.3654523524376,57.3654523524376,57.3654523524376,57.3654523524376,57.3654523524376,57.3654523524376,57.3654523524376,57.3654523524376,57.3654523524376,57.3654523524376,57.3654523524376,55.2032032023873,52.4864204989901,66.0055086131205,48.9605890631166,56.0144289653334,54.6085352429985,46.0871394074305,46.0871394074305,46.0871394074305,46.0871394074305,46.0871394074305,46.0871394074305
192,"CUB","Cuba",78.5840402442617,78.5840402442617,78.5840402442617,78.5840402442617,78.5840402442617,78.5840402442617,78.5840402442617,78.5840402442617,78.5840402442617,78.5840402442617,78.5840402442617,78.5840402442617,78.5840402442617,78.5840402442617,78.5840402442617,78.5840402442617,64.5658272027024,63.9985802970095,85.807561797051,81.5518504856911,82.2296570751809,39.5347099973627,17.1473502199486,17.1473502199486,17.1473502199486,17.1473502199486,17.1473502199486,17.1473502199486
531,"CUW","Curacao",-8888,-8888,-8888,-8888,-8888,-8888,-8888,-8888,-8888,-8888,-8888,-8888,-8888,-8888,-8888,-8888,-8888,-8888,-8888,-8888,-8888,-8888,-8888,-8888,-8888,-8888,-8888,-8888
196,"CYP","Cyprus",19.1889168514179,19.1889168514179,19.1889168514179,19.1889168514179,19.1889168514179,19.1889168514179,19.1889168514179,19.1889168514179,19.1889168514179,19.1889168514179,19.1889168514179,19.1889168514179,19.1889168514179,19.1889168514179,19.1889168514179,19.1889168514179,16.5740952546642,37.0637767795354,58.8249033070037,51.6293774526397,80.6315507805043,67.6368639608691,18.1263883610773,18.1263883610773,18.1263883610773,18.1263883610773,18.1263883610773,18.1263883610773
203,"CZE","Czech Republic",13.8171150580286,13.8171150580286,13.8171150580286,13.8171150580286,13.8171150580286,13.8171150580286,13.8171150580286,13.8171150580286,13.8171150580286,13.8171150580286,13.8171150580286,13.8171150580286,13.8171150580286,13.8171150580286,13.8171150580286,13.8171150580286,25.5514742712903,38.1079407101169,75.6543401542465,77.7507613186256,78.0272047696267,76.975399992173,58.4933835975056,58.4933835975056,58.4933835975056,58.4933835975056,58.4933835975056,58.4933835975056
180,"COD","Dem. Rep. Congo",45.9578370487192,45.9578370487192,45.9578370487192,45.9578370487192,45.9578370487192,45.9578370487192,45.9578370487192,45.9578370487192,45.9578370487192,45.9578370487192,45.9578370487192,45.9578370487192,45.9578370487192,45.9578370487192,45.9578370487192,45.9578370487192,48.6447105818391,42.0354254582871,42.9347496391055,33.020502931612,30.1889749306512,23.6623764316995,20.6136840578182,20.6136840578182,20.6136840578182,20.6136840578182,20.6136840578182,20.6136840578182
208,"DNK","Denmark",25.5320156935786,25.5320156935786,25.5320156935786,25.5320156935786,25.5320156935786,25.5320156935786,25.5320156935786,25.5320156935786,25.5320156935786,25.5320156935786,25.5320156935786,25.5320156935786,25.5320156935786,25.5320156935786,25.5320156935786,25.5320156935786,28.2230980605576,50.2114986079688,82.4013915155163,88.5250614284924,85.089929348025,77.0235924564494,71.9910856594206,71.9910856594206,71.9910856594206,71.9910856594206,71.9910856594206,71.9910856594206
262,"DJI","Djibouti",-8888,-8888,-8888,-8888,-8888,-8888,-8888,-8888,-8888,-8888,-8888,-8888,-8888,-8888,-8888,-8888,-8888,-8888,-8888,-8888,-8888,-8888,-8888,-8888,-8888,-8888,-8888,-8888
212,"DMA","Dominica",3.59915696066571,3.59915696066571,3.59915696066571,3.59915696066571,3.59915696066571,3.59915696066571,3.59915696066571,3.59915696066571,3.59915696066571,3.59915696066571,3.59915696066571,3.59915696066571,3.59915696066571,3.59915696066571,3.59915696066571,3.59915696066571,15.3946571713678,26.0207115250561,57.6790399716574,74.0770920795695,100,100,43.3508605275842,43.3508605275842,43.3508605275842,43.3508605275842,43.3508605275842,43.3508605275842
214,"DOM","Dominican Republic",51.5423574672898,51.5423574672898,51.5423574672898,51.5423574672898,51.5423574672898,51.5423574672898,51.5423574672898,51.5423574672898,51.5423574672898,51.5423574672898,51.5423574672898,51.5423574672898,51.5423574672898,51.5423574672898,51.5423574672898,51.5423574672898,59.1874278762501,63.0636230728209,69.7636712924864,66.6128244937891,59.8878044764986,54.0428973553975,44.7104233118327,44.7104233118327,44.7104233118327,44.7104233118327,44.7104233118327,44.7104233118327
218,"ECU","Ecuador",43.0062727167699,43.0062727167699,43.0062727167699,43.0062727167699,43.0062727167699,43.0062727167699,43.0062727167699,43.0062727167699,43.0062727167699,43.0062727167699,43.0062727167699,43.0062727167699,43.0062727167699,43.0062727167699,43.0062727167699,43.0062727167699,37.0998523223699,29.9416585683228,48.8577348319426,59.9014344057865,68.97172192371,75.1937603344904,62.4060902317931,62.4060902317931,62.4060902317931,62.4060902317931,62.4060902317931,62.4060902317931
818,"EGY","Egypt",70.9722687829032,70.9722687829032,70.9722687829032,70.9722687829032,70.9722687829032,70.9722687829032,70.9722687829032,70.9722687829032,70.9722687829032,70.9722687829032,70.9722687829032,70.9722687829032,70.9722687829032,70.9722687829032,70.9722687829032,70.9722687829032,64.3472449221959,39.8470919059697,8.51813769393581,0,0,0.355304628848657,0,0,0,0,0,0
222,"SLV","El Salvador",89.8924383451062,89.8924383451062,89.8924383451062,89.8924383451062,89.8924383451062,89.8924383451062,89.8924383451062,89.8924383451062,89.8924383451062,89.8924383451062,89.8924383451062,89.8924383451062,89.8924383451062,89.8924383451062,89.8924383451062,89.8924383451062,82.0865529058996,86.5232321212854,84.0512728533607,82.3324511688773,74.5046906334542,55.718328381494,48.4996612469115,48.4996612469115,48.4996612469115,48.4996612469115,48.4996612469115,48.4996612469115
226,"GNQ","Equatorial Guinea",25.7398377376561,25.7398377376561,25.7398377376561,25.7398377376561,25.7398377376561,25.7398377376561,25.7398377376561,25.7398377376561,25.7398377376561,25.7398377376561,25.7398377376561,25.7398377376561,25.7398377376561,25.7398377376561,25.7398377376561,25.7398377376561,0,0,0,0,2.25742125941051,26.4335547258634,33.2355805259664,33.2355805259664,33.2355805259664,33.2355805259664,33.2355805259664,33.2355805259664
232,"ERI","Eritrea",81.009305910996,81.009305910996,81.009305910996,81.009305910996,81.009305910996,81.009305910996,81.009305910996,81.009305910996,81.009305910996,81.009305910996,81.009305910996,81.009305910996,81.009305910996,81.009305910996,81.009305910996,81.009305910996,42.4706266110629,0.942250450000671,0,0,0,48.9635201238647,27.4021964547556,27.4021964547556,27.4021964547556,27.4021964547556,27.4021964547556,27.4021964547556
233,"EST","Estonia",50.2978503352372,50.2978503352372,50.2978503352372,50.2978503352372,50.2978503352372,50.2978503352372,50.2978503352372,50.2978503352372,50.2978503352372,50.2978503352372,50.2978503352372,50.2978503352372,50.2978503352372,50.2978503352372,50.2978503352372,50.2978503352372,40.6725250114381,34.9009812428726,57.8990374746789,54.7472103009368,55.6253623437274,44.285820515285,39.7564429669795,39.7564429669795,39.7564429669795,39.7564429669795,39.7564429669795,39.7564429669795
748,"SWZ","Eswatini",53.929478756756,53.929478756756,53.929478756756,53.929478756756,53.929478756756,53.929478756756,53.929478756756,53.929478756756,53.929478756756,53.929478756756,53.929478756756,53.929478756756,53.929478756756,53.929478756756,53.929478756756,53.929478756756,68.4133717623264,86.2390845423233,95.7128510178825,91.492599568592,97.0452485448527,76.9450960893512,59.731215217904,59.731215217904,59.731215217904,59.731215217904,59.731215217904,59.731215217904
231,"ETH","Ethiopia",37.0781252501437,37.0781252501437,37.0781252501437,37.0781252501437,37.0781252501437,37.0781252501437,37.0781252501437,37.0781252501437,37.0781252501437,37.0781252501437,37.0781252501437,37.0781252501437,37.0781252501437,37.0781252501437,37.0781252501437,37.0781252501437,47.4731028529439,37.8949650537113,32.8354153388101,29.3207768733783,45.7492073851852,56.1306780016015,48.181737901155,48.181737901155,48.181737901155,48.181737901155,48.181737901155,48.181737901155
234,"FRO","Faeroe Islands",-8888,-8888,-8888,-8888,-8888,-8888,-8888,-8888,-8888,-8888,-8888,-8888,-8888,-8888,-8888,-8888,-8888,-8888,-8888,-8888,-8888,-8888,-8888,-8888,-8888,-8888,-8888,-8888
238,"FLK","Falkland Islands",-8888,-8888,-8888,-8888,-8888,-8888,-8888,-8888,-8888,-8888,-8888,-8888,-8888,-8888,-8888,-8888,-8888,-8888,-8888,-8888,-8888,-8888,-8888,-8888,-8888,-8888,-8888,-8888
242,"FJI","Fiji",34.8045122393168,34.8045122393168,34.8045122393168,34.8045122393168,34.8045122393168,34.8045122393168,34.8045122393168,34.8045122393168,34.8045122393168,34.8045122393168,34.8045122393168,34.8045122393168,34.8045122393168,34.8045122393168,34.8045122393168,34.8045122393168,64.3779080992831,82.0460776478714,75.4981861887475,59.588690460445,60.5560776534327,34.0756540013078,25.8569264487022,25.8569264487022,25.8569264487022,25.8569264487022,25.8569264487022,25.8569264487022
246,"FIN","Finland",52.6632813474948,52.6632813474948,52.6632813474948,52.6632813474948,52.6632813474948,52.6632813474948,52.6632813474948,52.6632813474948,52.6632813474948,52.6632813474948,52.6632813474948,52.6632813474948,52.6632813474948,52.6632813474948,52.6632813474948,52.6632813474948,53.9476517415285,56.4780918012904,69.5871024196464,70.9687813101281,65.9506008523277,57.7750144539455,49.1374687114496,49.1374687114496,49.1374687114496,49.1374687114496,49.1374687114496,49.1374687114496
250,"FRA","France",26.8168245036482,26.8168245036482,26.8168245036482,26.8168245036482,26.8168245036482,26.8168245036482,26.8168245036482,26.8168245036482,26.8168245036482,26.8168245036482,26.8168245036482,26.8168245036482,26.8168245036482,26.8168245036482,26.8168245036482,26.8168245036482,34.1156969730804,39.820109083196,64.488346865237,64.4095456492198,77.4813769893985,76.439833395245,77.2810008785274,77.2810008785274,77.2810008785274,77.2810008785274,77.2810008785274,77.2810008785274
258,"PYF","French Polynesia",-8888,-8888,-8888,-8888,-8888,-8888,-8888,-8888,-8888,-8888,-8888,-8888,-8888,-8888,-8888,-8888,-8888,-8888,-8888,-8888,-8888,-8888,-8888,-8888,-8888,-8888,-8888,-8888
266,"GAB","Gabon",61.7885337148971,61.7885337148971,61.7885337148971,61.7885337148971,61.7885337148971,61.7885337148971,61.7885337148971,61.7885337148971,61.7885337148971,61.7885337148971,61.7885337148971,61.7885337148971,61.7885337148971,61.7885337148971,61.7885337148971,61.7885337148971,59.4579741400548,59.5478214921432,40.9799154796474,35.1382250170648,34.786688998643,29.5629791877904,26.3136622211542,26.3136622211542,26.3136622211542,26.3136622211542,26.3136622211542,26.3136622211542
270,"GMB","Gambia",56.9942411493538,56.9942411493538,56.9942411493538,56.9942411493538,56.9942411493538,56.9942411493538,56.9942411493538,56.9942411493538,56.9942411493538,56.9942411493538,56.9942411493538,56.9942411493538,56.9942411493538,56.9942411493538,56.9942411493538,56.9942411493538,71.345826758453,43.4489667718011,49.1325610533827,35.0679295410645,43.9508096173367,78.7354667099722,77.9232068074309,77.9232068074309,77.9232068074309,77.9232068074309,77.9232068074309,77.9232068074309
268,"GEO","Georgia",56.5015867638683,56.5015867638683,56.5015867638683,56.5015867638683,56.5015867638683,56.5015867638683,56.5015867638683,56.5015867638683,56.5015867638683,56.5015867638683,56.5015867638683,56.5015867638683,56.5015867638683,56.5015867638683,56.5015867638683,56.5015867638683,60.8533965961019,68.8078070839001,92.9457346761317,100,100,99.994745654058,98.4977081642164,98.4977081642164,98.4977081642164,98.4977081642164,98.4977081642164,98.4977081642164
276,"DEU","Germany",0,0,0,0,0,0,0,0,0,0,0,0,0,0,0,0,16.7732330613608,40.9170728657319,90.5330011959495,98.047891208519,100,100,93.3948682692636,93.3948682692636,93.3948682692636,93.3948682692636,93.3948682692636,93.3948682692636
288,"GHA","Ghana",71.6455318632618,71.6455318632618,71.6455318632618,71.6455318632618,71.6455318632618,71.6455318632618,71.6455318632618,71.6455318632618,71.6455318632618,71.6455318632618,71.6455318632618,71.6455318632618,71.6455318632618,71.6455318632618,71.6455318632618,71.6455318632618,66.7807274387141,50.6021849069225,35.6292373058165,28.6525644592825,23.5317933023575,16.8208868895938,5.00202639543578,5.00202639543578,5.00202639543578,5.00202639543578,5.00202639543578,5.00202639543578
300,"GRC","Greece",36.1345164117102,36.1345164117102,36.1345164117102,36.1345164117102,36.1345164117102,36.1345164117102,36.1345164117102,36.1345164117102,36.1345164117102,36.1345164117102,36.1345164117102,36.1345164117102,36.1345164117102,36.1345164117102,36.1345164117102,36.1345164117102,33.1619352869677,33.7114174435546,58.8146553624879,75.6414249818173,100,100,74.1108261792815,74.1108261792815,74.1108261792815,74.1108261792815,74.1108261792815,74.1108261792815
304,"GRL","Greenland",-8888,-8888,-8888,-8888,-8888,-8888,-8888,-8888,-8888,-8888,-8888,-8888,-8888,-8888,-8888,-8888,-8888,-8888,-8888,-8888,-8888,-8888,-8888,-8888,-8888,-8888,-8888,-8888
308,"GRD","Grenada",46.8292310281471,46.8292310281471,46.8292310281471,46.8292310281471,46.8292310281471,46.8292310281471,46.8292310281471,46.8292310281471,46.8292310281471,46.8292310281471,46.8292310281471,46.8292310281471,46.8292310281471,46.8292310281471,46.8292310281471,46.8292310281471,73.2553399888158,87.4799689292845,100,66.6929364007179,99.8781403527078,100,100,100,100,100,100,100
320,"GTM","Guatemala",54.5991092436661,54.5991092436661,54.5991092436661,54.5991092436661,54.5991092436661,54.5991092436661,54.5991092436661,54.5991092436661,54.5991092436661,54.5991092436661,54.5991092436661,54.5991092436661,54.5991092436661,54.5991092436661,54.5991092436661,54.5991092436661,69.7488430979954,70.6777197602852,69.6508710674941,74.9551397431687,72.5188266424488,61.054152006499,49.7392167629269,49.7392167629269,49.7392167629269,49.7392167629269,49.7392167629269,49.7392167629269
831,"GGY","Guernsey",-8888,-8888,-8888,-8888,-8888,-8888,-8888,-8888,-8888,-8888,-8888,-8888,-8888,-8888,-8888,-8888,-8888,-8888,-8888,-8888,-8888,-8888,-8888,-8888,-8888,-8888,-8888,-8888
324,"GIN","Guinea",45.8573106184227,45.8573106184227,45.8573106184227,45.8573106184227,45.8573106184227,45.8573106184227,45.8573106184227,45.8573106184227,45.8573106184227,45.8573106184227,45.8573106184227,45.8573106184227,45.8573106184227,45.8573106184227,45.8573106184227,45.8573106184227,43.2750915996103,32.2840052836581,15.8345379626137,0,0,0,0,0,0,0,0,0
624,"GNB","Guinea-Bissau",36.1308648019328,36.1308648019328,36.1308648019328,36.1308648019328,36.1308648019328,36.1308648019328,36.1308648019328,36.1308648019328,36.1308648019328,36.1308648019328,36.1308648019328,36.1308648019328,36.1308648019328,36.1308648019328,36.1308648019328,36.1308648019328,43.3282896316253,33.1100882526275,25.3056886916837,14.7982440541246,4.41421676069011,7.98248666155064,0,0,0,0,0,0
328,"GUY","Guyana",50.9891671455412,50.9891671455412,50.9891671455412,50.9891671455412,50.9891671455412,50.9891671455412,50.9891671455412,50.9891671455412,50.9891671455412,50.9891671455412,50.9891671455412,50.9891671455412,50.9891671455412,50.9891671455412,50.9891671455412,50.9891671455412,38.8637691227535,33.2305773191735,33.6059665018057,36.5843282402687,36.348430280903,27.3375392938286,31.3936685591271,31.3936685591271,31.3936685591271,31.3936685591271,31.3936685591271,31.3936685591271
332,"HTI","Haiti",57.4545637149451,57.4545637149451,57.4545637149451,57.4545637149451,57.4545637149451,57.4545637149451,57.4545637149451,57.4545637149451,57.4545637149451,57.4545637149451,57.4545637149451,57.4545637149451,57.4545637149451,57.4545637149451,57.4545637149451,57.4545637149451,48.6641600325532,32.7777596221723,36.6546964070353,25.5858739318549,25.7080479928271,7.20172046475457,10.2329494386032,10.2329494386032,10.2329494386032,10.2329494386032,10.2329494386032,10.2329494386032
336,"VAT","Holy See",-8888,-8888,-8888,-8888,-8888,-8888,-8888,-8888,-8888,-8888,-8888,-8888,-8888,-8888,-8888,-8888,-8888,-8888,-8888,-8888,-8888,-8888,-8888,-8888,-8888,-8888,-8888,-8888
340,"HND","Honduras",47.5306571691227,47.5306571691227,47.5306571691227,47.5306571691227,47.5306571691227,47.5306571691227,47.5306571691227,47.5306571691227,47.5306571691227,47.5306571691227,47.5306571691227,47.5306571691227,47.5306571691227,47.5306571691227,47.5306571691227,47.5306571691227,42.0264416098457,51.4072001521421,53.3709541684457,56.8646706694801,56.3868967781385,35.8121385471697,27.6782850997514,27.6782850997514,27.6782850997514,27.6782850997514,27.6782850997514,27.6782850997514
344,"HKG","Hong Kong",-8888,-8888,-8888,-8888,-8888,-8888,-8888,-8888,-8888,-8888,-8888,-8888,-8888,-8888,-8888,-8888,-8888,-8888,-8888,-8888,-8888,-8888,-8888,-8888,-8888,-8888,-8888,-8888
348,"HUN","Hungary",53.9952864203983,53.9952864203983,53.9952864203983,53.9952864203983,53.9952864203983,53.9952864203983,53.9952864203983,53.9952864203983,53.9952864203983,53.9952864203983,53.9952864203983,53.9952864203983,53.9952864203983,53.9952864203983,53.9952864203983,53.9952864203983,58.8299477930781,55.5723378489755,65.9138252437573,51.3096530959647,48.2621088320838,45.553465207922,41.8467980941636,41.8467980941636,41.8467980941636,41.8467980941636,41.8467980941636,41.8467980941636
352,"ISL","Iceland",-8888,-8888,-8888,-8888,-8888,-8888,-8888,-8888,-8888,-8888,-8888,-8888,-8888,-8888,-8888,-8888,-8888,-8888,-8888,-8888,-8888,-8888,-8888,-8888,-8888,-8888,-8888,-8888
356,"IND","India",53.8942489970056,53.8942489970056,53.8942489970056,53.8942489970056,53.8942489970056,53.8942489970056,53.8942489970056,53.8942489970056,53.8942489970056,53.8942489970056,53.8942489970056,53.8942489970056,53.8942489970056,53.8942489970056,53.8942489970056,53.8942489970056,49.9339095221923,48.1051300020932,51.0500724570477,38.5815793926155,36.0699123219307,26.7910226069802,17.3856922875112,17.3856922875112,17.3856922875112,17.3856922875112,17.3856922875112,17.3856922875112
360,"IDN","Indonesia",33.225407775711,33.225407775711,33.225407775711,33.225407775711,33.225407775711,33.225407775711,33.225407775711,33.225407775711,33.225407775711,33.225407775711,33.225407775711,33.225407775711,33.225407775711,33.225407775711,33.225407775711,33.225407775711,37.0955385133633,34.0944992999998,55.3520421349845,52.8854973671024,55.1602145620138,49.4284093171452,56.1697391533034,56.1697391533034,56.1697391533034,56.1697391533034,56.1697391533034,56.1697391533034
364,"IRN","Iran",83.7579318577994,83.7579318577994,83.7579318577994,83.7579318577994,83.7579318577994,83.7579318577994,83.7579318577994,83.7579318577994,83.7579318577994,83.7579318577994,83.7579318577994,83.7579318577994,83.7579318577994,83.7579318577994,83.7579318577994,83.7579318577994,81.6706417565201,59.5636833019403,58.4633861076806,60.4833096723269,62.4577808738857,70.0431951653267,87.7598041044052,87.7598041044052,87.7598041044052,87.7598041044052,87.7598041044052,87.7598041044052
368,"IRQ","Iraq",80.0594197741931,80.0594197741931,80.0594197741931,80.0594197741931,80.0594197741931,80.0594197741931,80.0594197741931,80.0594197741931,80.0594197741931,80.0594197741931,80.0594197741931,80.0594197741931,80.0594197741931,80.0594197741931,80.0594197741931,80.0594197741931,80.3629826240424,55.4938963048674,1.51972620083721,20.0880147201933,13.1720732117251,21.0520983603223,14.2236778884929,14.2236778884929,14.2236778884929,14.2236778884929,14.2236778884929,14.2236778884929
372,"IRL","Ireland",71.1092782637012,71.1092782637012,71.1092782637012,71.1092782637012,71.1092782637012,71.1092782637012,71.1092782637012,71.1092782637012,71.1092782637012,71.1092782637012,71.1092782637012,71.1092782637012,71.1092782637012,71.1092782637012,71.1092782637012,71.1092782637012,80.5383156889179,78.8466411169946,96.2113921549339,91.6826282273612,89.8768481796316,76.5271030745769,55.9235384146661,55.9235384146661,55.9235384146661,55.9235384146661,55.9235384146661,55.9235384146661
833,"IMN","Isle of Man",-8888,-8888,-8888,-8888,-8888,-8888,-8888,-8888,-8888,-8888,-8888,-8888,-8888,-8888,-8888,-8888,-8888,-8888,-8888,-8888,-8888,-8888,-8888,-8888,-8888,-8888,-8888,-8888
376,"ISR","Israel",69.9652503626014,69.9652503626014,69.9652503626014,69.9652503626014,69.9652503626014,69.9652503626014,69.9652503626014,69.9652503626014,69.9652503626014,69.9652503626014,69.9652503626014,69.9652503626014,69.9652503626014,69.9652503626014,69.9652503626014,69.9652503626014,17.7416693880237,22.1834320013442,40.2977559648425,29.0709841704254,41.3162484011254,35.6959663460599,42.377792420556,42.377792420556,42.377792420556,42.377792420556,42.377792420556,42.377792420556
380,"ITA","Italy",42.4047662615785,42.4047662615785,42.4047662615785,42.4047662615785,42.4047662615785,42.4047662615785,42.4047662615785,42.4047662615785,42.4047662615785,42.4047662615785,42.4047662615785,42.4047662615785,42.4047662615785,42.4047662615785,42.4047662615785,42.4047662615785,44.4378406345801,33.3625724489024,50.3072572908477,36.5706703583056,39.4280705723806,38.1151559697547,30.0515450571265,30.0515450571265,30.0515450571265,30.0515450571265,30.0515450571265,30.0515450571265
388,"JAM","Jamaica",43.3381336434474,43.3381336434474,43.3381336434474,43.3381336434474,43.3381336434474,43.3381336434474,43.3381336434474,43.3381336434474,43.3381336434474,43.3381336434474,43.3381336434474,43.3381336434474,43.3381336434474,43.3381336434474,43.3381336434474,43.3381336434474,55.3814015126412,59.6467348245683,85.1587290878407,75.7924161564854,54.0452611753091,55.9906530231942,65.3547310718813,65.3547310718813,65.3547310718813,65.3547310718813,65.3547310718813,65.3547310718813
392,"JPN","Japan",43.5898180227653,43.5898180227653,43.5898180227653,43.5898180227653,43.5898180227653,43.5898180227653,43.5898180227653,43.5898180227653,43.5898180227653,43.5898180227653,43.5898180227653,43.5898180227653,43.5898180227653,43.5898180227653,43.5898180227653,43.5898180227653,49.7799225157192,51.2475779952319,71.1933070045205,75.5003099115025,77.4014178638027,68.3083037139435,59.8275712496243,59.8275712496243,59.8275712496243,59.8275712496243,59.8275712496243,59.8275712496243
832,"JEY","Jersey",-8888,-8888,-8888,-8888,-8888,-8888,-8888,-8888,-8888,-8888,-8888,-8888,-8888,-8888,-8888,-8888,-8888,-8888,-8888,-8888,-8888,-8888,-8888,-8888,-8888,-8888,-8888,-8888
400,"JOR","Jordan",60.6965620193405,60.6965620193405,60.6965620193405,60.6965620193405,60.6965620193405,60.6965620193405,60.6965620193405,60.6965620193405,60.6965620193405,60.6965620193405,60.6965620193405,60.6965620193405,60.6965620193405,60.6965620193405,60.6965620193405,60.6965620193405,58.786749000567,51.7857533239791,23.4445870847545,0.708686765376541,36.8236600014862,42.2616575699557,72.4543067858371,72.4543067858371,72.4543067858371,72.4543067858371,72.4543067858371,72.4543067858371
398,"KAZ","Kazakhstan",75.6350359321426,75.6350359321426,75.6350359321426,75.6350359321426,75.6350359321426,75.6350359321426,75.6350359321426,75.6350359321426,75.6350359321426,75.6350359321426,75.6350359321426,75.6350359321426,75.6350359321426,75.6350359321426,75.6350359321426,75.6350359321426,69.4351391241724,77.7453266527648,85.3794571951649,100,100,100,100,100,100,100,100,100
404,"KEN","Kenya",53.1018766781738,53.1018766781738,53.1018766781738,53.1018766781738,53.1018766781738,53.1018766781738,53.1018766781738,53.1018766781738,53.1018766781738,53.1018766781738,53.1018766781738,53.1018766781738,53.1018766781738,53.1018766781738,53.1018766781738,53.1018766781738,58.3800527725171,57.5163983335393,62.1278878564585,61.0449501053612,70.6593882132057,68.1029847551433,60.1108953580084,60.1108953580084,60.1108953580084,60.1108953580084,60.1108953580084,60.1108953580084
296,"KIR","Kiribati",-8888,-8888,-8888,-8888,-8888,-8888,-8888,-8888,-8888,-8888,-8888,-8888,-8888,-8888,-8888,-8888,-8888,-8888,-8888,-8888,-8888,-8888,-8888,-8888,-8888,-8888,-8888,-8888
689,"XKX","Kosovo",-8888,-8888,-8888,-8888,-8888,-8888,-8888,-8888,-8888,-8888,-8888,-8888,-8888,-8888,-8888,-8888,-8888,-8888,-8888,-8888,-8888,-8888,-8888,-8888,-8888,-8888,-8888,-8888
414,"KWT","Kuwait",-8888,-8888,-8888,-8888,-8888,-8888,-8888,-8888,-8888,-8888,-8888,-8888,-8888,-8888,-8888,-8888,-8888,-8888,-8888,-8888,-8888,-8888,-8888,-8888,-8888,-8888,-8888,-8888
417,"KGZ","Kyrgyzstan",80.2310851164842,80.2310851164842,80.2310851164842,80.2310851164842,80.2310851164842,80.2310851164842,80.2310851164842,80.2310851164842,80.2310851164842,80.2310851164842,80.2310851164842,80.2310851164842,80.2310851164842,80.2310851164842,80.2310851164842,80.2310851164842,70.0552268266165,48.926726205093,58.5450077612277,91.2712812607376,100,100,100,100,100,100,100,100
418,"LAO","Laos",20.1723352851747,20.1723352851747,20.1723352851747,20.1723352851747,20.1723352851747,20.1723352851747,20.1723352851747,20.1723352851747,20.1723352851747,20.1723352851747,20.1723352851747,20.1723352851747,20.1723352851747,20.1723352851747,20.1723352851747,20.1723352851747,31.2309653068644,34.6937878971649,28.5063843318779,28.5390280052009,31.187720719495,20.7558811560231,14.01346101626,14.01346101626,14.01346101626,14.01346101626,14.01346101626,14.01346101626
428,"LVA","Latvia",46.5732664254668,46.5732664254668,46.5732664254668,46.5732664254668,46.5732664254668,46.5732664254668,46.5732664254668,46.5732664254668,46.5732664254668,46.5732664254668,46.5732664254668,46.5732664254668,46.5732664254668,46.5732664254668,46.5732664254668,46.5732664254668,46.365012095828,49.8379288493983,63.69491204967,68.4139859467452,68.3763826778383,61.7361879664194,56.5136531620112,56.5136531620112,56.5136531620112,56.5136531620112,56.5136531620112,56.5136531620112
422,"LBN","Lebanon",44.1347822281523,44.1347822281523,44.1347822281523,44.1347822281523,44.1347822281523,44.1347822281523,44.1347822281523,44.1347822281523,44.1347822281523,44.1347822281523,44.1347822281523,44.1347822281523,44.1347822281523,44.1347822281523,44.1347822281523,44.1347822281523,36.7976845964267,50.505071643129,64.5680012303353,75.8456593869819,71.3853979498766,68.7139056620793,53.4213663463357,53.4213663463357,53.4213663463357,53.4213663463357,53.4213663463357,53.4213663463357
426,"LSO","Lesotho",69.054659313003,69.054659313003,69.054659313003,69.054659313003,69.054659313003,69.054659313003,69.054659313003,69.054659313003,69.054659313003,69.054659313003,69.054659313003,69.054659313003,69.054659313003,69.054659313003,69.054659313003,69.054659313003,65.1145230804754,64.138068516676,36.8716674083053,0,0,0,10.6206040493672,10.6206040493672,10.6206040493672,10.6206040493672,10.6206040493672,10.6206040493672
430,"LBR","Liberia",48.0123664067704,48.0123664067704,48.0123664067704,48.0123664067704,48.0123664067704,48.0123664067704,48.0123664067704,48.0123664067704,48.0123664067704,48.0123664067704,48.0123664067704,48.0123664067704,48.0123664067704,48.0123664067704,48.0123664067704,48.0123664067704,42.7707044665296,9.76192448962766,0,0,0.802972738102397,0,0,0,0,0,0,0
434,"LBY","Libya",100,100,100,100,100,100,100,100,100,100,100,100,100,100,100,100,100,86.5616662017766,33.750316313484,5.68968636445236,46.8183173272427,84.276867118404,84.5126128107491,84.5126128107491,84.5126128107491,84.5126128107491,84.5126128107491,84.5126128107491
438,"LIE","Liechtenstein",-8888,-8888,-8888,-8888,-8888,-8888,-8888,-8888,-8888,-8888,-8888,-8888,-8888,-8888,-8888,-8888,-8888,-8888,-8888,-8888,-8888,-8888,-8888,-8888,-8888,-8888,-8888,-8888
440,"LTU","Lithuania",36.7986195962232,36.7986195962232,36.7986195962232,36.7986195962232,36.7986195962232,36.7986195962232,36.7986195962232,36.7986195962232,36.7986195962232,36.7986195962232,36.7986195962232,36.7986195962232,36.7986195962232,36.7986195962232,36.7986195962232,36.7986195962232,40.018951855507,45.6322293496857,60.5056711851743,65.9656601955889,63.2999079458595,54.3027733973319,48.4519808788131,48.4519808788131,48.4519808788131,48.4519808788131,48.4519808788131,48.4519808788131
442,"LUX","Luxembourg",0,0,0,0,0,0,0,0,0,0,0,0,0,0,0,0,0,9.44609925514695,34.0118879217134,34.1207131547003,74.2210431108901,72.9989635720311,69.4012106284284,69.4012106284284,69.4012106284284,69.4012106284284,69.4012106284284,69.4012106284284
446,"MAC","Macao",-8888,-8888,-8888,-8888,-8888,-8888,-8888,-8888,-8888,-8888,-8888,-8888,-8888,-8888,-8888,-8888,-8888,-8888,-8888,-8888,-8888,-8888,-8888,-8888,-8888,-8888,-8888,-8888
450,"MDG","Madagascar",52.128423905258,52.128423905258,52.128423905258,52.128423905258,52.128423905258,52.128423905258,52.128423905258,52.128423905258,52.128423905258,52.128423905258,52.128423905258,52.128423905258,52.128423905258,52.128423905258,52.128423905258,52.128423905258,47.7344846236267,48.5340304010878,32.7245423091578,17.4900182295377,12.5569530551589,15.4084463012056,0,0,0,0,0,0
454,"MWI","Malawi",52.9618358108313,52.9618358108313,52.9618358108313,52.9618358108313,52.9618358108313,52.9618358108313,52.9618358108313,52.9618358108313,52.9618358108313,52.9618358108313,52.9618358108313,52.9618358108313,52.9618358108313,52.9618358108313,52.9618358108313,52.9618358108313,59.0406064516697,62.1408011076346,54.6379950791946,44.3124592185817,34.0763947518369,34.5826435560755,26.9728935093987,26.9728935093987,26.9728935093987,26.9728935093987,26.9728935093987,26.9728935093987
458,"MYS","Malaysia",44.1631223984271,44.1631223984271,44.1631223984271,44.1631223984271,44.1631223984271,44.1631223984271,44.1631223984271,44.1631223984271,44.1631223984271,44.1631223984271,44.1631223984271,44.1631223984271,44.1631223984271,44.1631223984271,44.1631223984271,44.1631223984271,40.8670591900854,34.8987353793069,53.1947838353914,48.7537115682762,51.4366684969299,53.3152194892394,55.9199763062573,55.9199763062573,55.9199763062573,55.9199763062573,55.9199763062573,55.9199763062573
462,"MDV","Maldives",-8888,-8888,-8888,-8888,-8888,-8888,-8888,-8888,-8888,-8888,-8888,-8888,-8888,-8888,-8888,-8888,-8888,-8888,-8888,-8888,-8888,-8888,-8888,-8888,-8888,-8888,-8888,-8888
466,"MLI","Mali",30.6500753199477,30.6500753199477,30.6500753199477,30.6500753199477,30.6500753199477,30.6500753199477,30.6500753199477,30.6500753199477,30.6500753199477,30.6500753199477,30.6500753199477,30.6500753199477,30.6500753199477,30.6500753199477,30.6500753199477,30.6500753199477,26.5834051810067,27.6515895439411,54.1518094648053,45.5104195470373,52.3209611550528,50.6896038074531,44.2735608088402,44.2735608088402,44.2735608088402,44.2735608088402,44.2735608088402,44.2735608088402
470,"MLT","Malta",60.8800798517464,60.8800798517464,60.8800798517464,60.8800798517464,60.8800798517464,60.8800798517464,60.8800798517464,60.8800798517464,60.8800798517464,60.8800798517464,60.8800798517464,60.8800798517464,60.8800798517464,60.8800798517464,60.8800798517464,60.8800798517464,47.8539977768795,29.9669143320521,78.9688938398708,42.8236604428725,39.6399843629544,71.9365787829372,44.5895139149533,44.5895139149533,44.5895139149533,44.5895139149533,44.5895139149533,44.5895139149533
584,"MHL","Marshall Islands",-8888,-8888,-8888,-8888,-8888,-8888,-8888,-8888,-8888,-8888,-8888,-8888,-8888,-8888,-8888,-8888,-8888,-8888,-8888,-8888,-8888,-8888,-8888,-8888,-8888,-8888,-8888,-8888
478,"MRT","Mauritania",100,100,100,100,100,100,100,100,100,100,100,100,100,100,100,100,100,59.5868131614985,0,0,0,0,38.9851322348039,38.9851322348039,38.9851322348039,38.9851322348039,38.9851322348039,38.9851322348039
480,"MUS","Mauritius",100,100,100,100,100,100,100,100,100,100,100,100,100,100,100,100,85.9005964363744,78.0979512274818,47.9215020635582,0,0,0,0,0,0,0,0,0
484,"MEX","Mexico",52.4595325443693,52.4595325443693,52.4595325443693,52.4595325443693,52.4595325443693,52.4595325443693,52.4595325443693,52.4595325443693,52.4595325443693,52.4595325443693,52.4595325443693,52.4595325443693,52.4595325443693,52.4595325443693,52.4595325443693,52.4595325443693,55.7946407625754,60.7772690955441,61.4210625106802,65.231958177319,62.4556829676142,57.9237588212086,48.7127788235841,48.7127788235841,48.7127788235841,48.7127788235841,48.7127788235841,48.7127788235841
583,"FSM","Micronesia",-8888,-8888,-8888,-8888,-8888,-8888,-8888,-8888,-8888,-8888,-8888,-8888,-8888,-8888,-8888,-8888,-8888,-8888,-8888,-8888,-8888,-8888,-8888,-8888,-8888,-8888,-8888,-8888
498,"MDA","Moldova",69.8306500842956,69.8306500842956,69.8306500842956,69.8306500842956,69.8306500842956,69.8306500842956,69.8306500842956,69.8306500842956,69.8306500842956,69.8306500842956,69.8306500842956,69.8306500842956,69.8306500842956,69.8306500842956,69.8306500842956,69.8306500842956,69.112040625841,12.3348910006498,36.7826077313571,14.5989331727848,19.4103496286556,2.60904984354971,0,0,0,0,0,0
492,"MCO","Monaco",-8888,-8888,-8888,-8888,-8888,-8888,-8888,-8888,-8888,-8888,-8888,-8888,-8888,-8888,-8888,-8888,-8888,-8888,-8888,-8888,-8888,-8888,-8888,-8888,-8888,-8888,-8888,-8888
496,"MNG","Mongolia",61.1745613887046,61.1745613887046,61.1745613887046,61.1745613887046,61.1745613887046,61.1745613887046,61.1745613887046,61.1745613887046,61.1745613887046,61.1745613887046,61.1745613887046,61.1745613887046,61.1745613887046,61.1745613887046,61.1745613887046,61.1745613887046,91.3945356165596,84.598097426649,100,100,100,100,100,100,100,100,100,100
499,"MNE","Montenegro",59.2958387914283,59.2958387914283,59.2958387914283,59.2958387914283,59.2958387914283,59.2958387914283,59.2958387914283,59.2958387914283,59.2958387914283,59.2958387914283,59.2958387914283,59.2958387914283,59.2958387914283,59.2958387914283,59.2958387914283,59.2958387914283,39.9487994024698,28.7686689514581,15.6334920675223,0,49.576788224547,67.5122550757977,45.2486010638567,45.2486010638567,45.2486010638567,45.2486010638567,45.2486010638567,45.2486010638567
504,"MAR","Morocco",76.5629263472803,76.5629263472803,76.5629263472803,76.5629263472803,76.5629263472803,76.5629263472803,76.5629263472803,76.5629263472803,76.5629263472803,76.5629263472803,76.5629263472803,76.5629263472803,76.5629263472803,76.5629263472803,76.5629263472803,76.5629263472803,70.9422795972214,53.364329472848,43.7978175778214,25.4842060162676,17.2379632242597,0,0,0,0,0,0,0
508,"MOZ","Mozambique",24.9835373370695,24.9835373370695,24.9835373370695,24.9835373370695,24.9835373370695,24.9835373370695,24.9835373370695,24.9835373370695,24.9835373370695,24.9835373370695,24.9835373370695,24.9835373370695,24.9835373370695,24.9835373370695,24.9835373370695,24.9835373370695,39.1961268655738,46.2796435486098,55.3177896908438,58.213881359582,60.4252332690091,56.4968046866667,49.7796275707277,49.7796275707277,49.7796275707277,49.7796275707277,49.7796275707277,49.7796275707277
104,"MMR","Myanmar",16.6967613879732,16.6967613879732,16.6967613879732,16.6967613879732,16.6967613879732,16.6967613879732,16.6967613879732,16.6967613879732,16.6967613879732,16.6967613879732,16.6967613879732,16.6967613879732,16.6967613879732,16.6967613879732,16.6967613879732,16.6967613879732,29.995580099878,30.5862447428231,31.5162975032752,24.2962923410274,26.9318387290071,23.348352757499,22.0233778622408,22.0233778622408,22.0233778622408,22.0233778622408,22.0233778622408,22.0233778622408
516,"NAM","Namibia",86.1319261986146,86.1319261986146,86.1319261986146,86.1319261986146,86.1319261986146,86.1319261986146,86.1319261986146,86.1319261986146,86.1319261986146,86.1319261986146,86.1319261986146,86.1319261986146,86.1319261986146,86.1319261986146,86.1319261986146,86.1319261986146,74.4930930283632,81.9857806105804,65.4498268868602,58.0474329174753,75.9921004480293,100,76.7698205190984,76.7698205190984,76.7698205190984,76.7698205190984,76.7698205190984,76.7698205190984
520,"NRU","Nauru",-8888,-8888,-8888,-8888,-8888,-8888,-8888,-8888,-8888,-8888,-8888,-8888,-8888,-8888,-8888,-8888,-8888,-8888,-8888,-8888,-8888,-8888,-8888,-8888,-8888,-8888,-8888,-8888
524,"NPL","Nepal",29.0923750115669,29.0923750115669,29.0923750115669,29.0923750115669,29.0923750115669,29.0923750115669,29.0923750115669,29.0923750115669,29.0923750115669,29.0923750115669,29.0923750115669,29.0923750115669,29.0923750115669,29.0923750115669,29.0923750115669,29.0923750115669,45.5156335269693,46.8100458422135,74.0440590284774,86.6331630064224,100,100,100,100,100,100,100,100
528,"NLD","Netherlands",14.4060560151498,14.4060560151498,14.4060560151498,14.4060560151498,14.4060560151498,14.4060560151498,14.4060560151498,14.4060560151498,14.4060560151498,14.4060560151498,14.4060560151498,14.4060560151498,14.4060560151498,14.4060560151498,14.4060560151498,14.4060560151498,27.2672373713608,40.8843993557146,81.2455375350768,87.0471962286372,89.3538804609142,81.7015870445014,70.6769554413657,70.6769554413657,70.6769554413657,70.6769554413657,70.6769554413657,70.6769554413657
540,"NCL","New Caledonia",-8888,-8888,-8888,-8888,-8888,-8888,-8888,-8888,-8888,-8888,-8888,-8888,-8888,-8888,-8888,-8888,-8888,-8888,-8888,-8888,-8888,-8888,-8888,-8888,-8888,-8888,-8888,-8888
554,"NZL","New Zealand",61.9216696195447,61.9216696195447,61.9216696195447,61.9216696195447,61.9216696195447,61.9216696195447,61.9216696195447,61.9216696195447,61.9216696195447,61.9216696195447,61.9216696195447,61.9216696195447,61.9216696195447,61.9216696195447,61.9216696195447,61.9216696195447,63.5396105307581,59.6129902200925,57.9894559604591,52.0180608119712,56.3307941134103,52.7707794305119,50.4255798455286,50.4255798455286,50.4255798455286,50.4255798455286,50.4255798455286,50.4255798455286
558,"NIC","Nicaragua",20.576560970204,20.576560970204,20.576560970204,20.576560970204,20.576560970204,20.576560970204,20.576560970204,20.576560970204,20.576560970204,20.576560970204,20.576560970204,20.576560970204,20.576560970204,20.576560970204,20.576560970204,20.576560970204,34.0226380124477,46.5618184985001,54.8749444879342,69.9561036622489,72.0419433132444,66.0729872625598,42.2972120194432,42.2972120194432,42.2972120194432,42.2972120194432,42.2972120194432,42.2972120194432
562,"NER","Niger",100,100,100,100,100,100,100,100,100,100,100,100,100,100,100,100,100,55.1115432864254,0,0,0,0,0,0,0,0,0,0
566,"NGA","Nigeria",52.1314535529683,52.1314535529683,52.1314535529683,52.1314535529683,52.1314535529683,52.1314535529683,52.1314535529683,52.1314535529683,52.1314535529683,52.1314535529683,52.1314535529683,52.1314535529683,52.1314535529683,52.1314535529683,52.1314535529683,52.1314535529683,31.5821039262461,15.7323112514752,12.6027280794173,13.9444713140347,24.7137169280492,31.4464687225827,12.3220372366986,12.3220372366986,12.3220372366986,12.3220372366986,12.3220372366986,12.3220372366986
570,"NIU","Niue",-8888,-8888,-8888,-8888,-8888,-8888,-8888,-8888,-8888,-8888,-8888,-8888,-8888,-8888,-8888,-8888,-8888,-8888,-8888,-8888,-8888,-8888,-8888,-8888,-8888,-8888,-8888,-8888
408,"PRK","North Korea",-8888,-8888,-8888,-8888,-8888,-8888,-8888,-8888,-8888,-8888,-8888,-8888,-8888,-8888,-8888,-8888,-8888,-8888,-8888,-8888,-8888,-8888,-8888,-8888,-8888,-8888,-8888,-8888
807,"MKD","North Macedonia",22.9232280988066,22.9232280988066,22.9232280988066,22.9232280988066,22.9232280988066,22.9232280988066,22.9232280988066,22.9232280988066,22.9232280988066,22.9232280988066,22.9232280988066,22.9232280988066,22.9232280988066,22.9232280988066,22.9232280988066,22.9232280988066,22.5338976795444,33.018587514249,64.1953220343881,70.7012531615927,100,100,100,100,100,100,100,100
578,"NOR","Norway",47.3125294024654,47.3125294024654,47.3125294024654,47.3125294024654,47.3125294024654,47.3125294024654,47.3125294024654,47.3125294024654,47.3125294024654,47.3125294024654,47.3125294024654,47.3125294024654,47.3125294024654,47.3125294024654,47.3125294024654,47.3125294024654,49.4442435400687,51.1286833859345,63.0232140333748,58.2436258010958,60.8500577357558,47.23040154905,39.8497844474721,39.8497844474721,39.8497844474721,39.8497844474721,39.8497844474721,39.8497844474721
512,"OMN","Oman",17.6081115794194,17.6081115794194,17.6081115794194,17.6081115794194,17.6081115794194,17.6081115794194,17.6081115794194,17.6081115794194,17.6081115794194,17.6081115794194,17.6081115794194,17.6081115794194,17.6081115794194,17.6081115794194,17.6081115794194,17.6081115794194,0,0,6.4444778034818,21.4135286641038,20.588618371633,27.2374710595494,25.3793065583705,25.3793065583705,25.3793065583705,25.3793065583705,25.3793065583705,25.3793065583705
586,"PAK","Pakistan",18.3055458874346,18.3055458874346,18.3055458874346,18.3055458874346,18.3055458874346,18.3055458874346,18.3055458874346,18.3055458874346,18.3055458874346,18.3055458874346,18.3055458874346,18.3055458874346,18.3055458874346,18.3055458874346,18.3055458874346,18.3055458874346,54.3513268124117,89.1427162107249,100,100,100,100,100,100,100,100,100,100
585,"PLW","Palau",-8888,-8888,-8888,-8888,-8888,-8888,-8888,-8888,-8888,-8888,-8888,-8888,-8888,-8888,-8888,-8888,-8888,-8888,-8888,-8888,-8888,-8888,-8888,-8888,-8888,-8888,-8888,-8888
591,"PAN","Panama",42.9585493384127,42.9585493384127,42.9585493384127,42.9585493384127,42.9585493384127,42.9585493384127,42.9585493384127,42.9585493384127,42.9585493384127,42.9585493384127,42.9585493384127,42.9585493384127,42.9585493384127,42.9585493384127,42.9585493384127,42.9585493384127,43.5425286040432,47.7967389791352,65.8800419635595,75.6391666114857,95.0902731552233,89.4564406377759,79.8813477251847,79.8813477251847,79.8813477251847,79.8813477251847,79.8813477251847,79.8813477251847
598,"PNG","Papua New Guinea",46.9897434863804,46.9897434863804,46.9897434863804,46.9897434863804,46.9897434863804,46.9897434863804,46.9897434863804,46.9897434863804,46.9897434863804,46.9897434863804,46.9897434863804,46.9897434863804,46.9897434863804,46.9897434863804,46.9897434863804,46.9897434863804,52.1557256679907,45.2218694716892,54.2716451631341,42.368567838222,32.3950942265931,21.0182693858617,23.6755850994109,23.6755850994109,23.6755850994109,23.6755850994109,23.6755850994109,23.6755850994109
600,"PRY","Paraguay",36.0616299078707,36.0616299078707,36.0616299078707,36.0616299078707,36.0616299078707,36.0616299078707,36.0616299078707,36.0616299078707,36.0616299078707,36.0616299078707,36.0616299078707,36.0616299078707,36.0616299078707,36.0616299078707,36.0616299078707,36.0616299078707,38.5184431433246,37.4135721941272,41.4346425906766,45.9328382942084,54.1523005591797,70.7579531566204,67.7298944384488,67.7298944384488,67.7298944384488,67.7298944384488,67.7298944384488,67.7298944384488
604,"PER","Peru",39.1202617888484,39.1202617888484,39.1202617888484,39.1202617888484,39.1202617888484,39.1202617888484,39.1202617888484,39.1202617888484,39.1202617888484,39.1202617888484,39.1202617888484,39.1202617888484,39.1202617888484,39.1202617888484,39.1202617888484,39.1202617888484,41.4928942575117,33.4276596452362,36.802372624161,37.4978167836893,34.715321122711,39.3620401134029,39.0880328242406,39.0880328242406,39.0880328242406,39.0880328242406,39.0880328242406,39.0880328242406
608,"PHL","Philippines",34.2321830758893,34.2321830758893,34.2321830758893,34.2321830758893,34.2321830758893,34.2321830758893,34.2321830758893,34.2321830758893,34.2321830758893,34.2321830758893,34.2321830758893,34.2321830758893,34.2321830758893,34.2321830758893,34.2321830758893,34.2321830758893,47.5712150217736,51.6769319587321,55.9674944988962,46.2471797037626,47.3766789379045,35.5621696016339,25.4323134748387,25.4323134748387,25.4323134748387,25.4323134748387,25.4323134748387,25.4323134748387
616,"POL","Poland",33.3653362988903,33.3653362988903,33.3653362988903,33.3653362988903,33.3653362988903,33.3653362988903,33.3653362988903,33.3653362988903,33.3653362988903,33.3653362988903,33.3653362988903,33.3653362988903,33.3653362988903,33.3653362988903,33.3653362988903,33.3653362988903,45.9944040941448,52.7170261169342,68.2816570342142,69.9138322612547,64.0592356501643,59.3918178919805,46.7583401781472,46.7583401781472,46.7583401781472,46.7583401781472,46.7583401781472,46.7583401781472
620,"PRT","Portugal",52.2904952460266,52.2904952460266,52.2904952460266,52.2904952460266,52.2904952460266,52.2904952460266,52.2904952460266,52.2904952460266,52.2904952460266,52.2904952460266,52.2904952460266,52.2904952460266,52.2904952460266,52.2904952460266,52.2904952460266,52.2904952460266,66.0599660439475,58.5343364378257,56.5632838758888,40.2119489662525,36.679847084043,20.9367635495848,0.199048379427524,0.199048379427524,0.199048379427524,0.199048379427524,0.199048379427524,0.199048379427524
634,"QAT","Qatar",-8888,-8888,-8888,-8888,-8888,-8888,-8888,-8888,-8888,-8888,-8888,-8888,-8888,-8888,-8888,-8888,-8888,-8888,-8888,-8888,-8888,-8888,-8888,-8888,-8888,-8888,-8888,-8888
178,"COG","Republic of Congo",51.1323977261175,51.1323977261175,51.1323977261175,51.1323977261175,51.1323977261175,51.1323977261175,51.1323977261175,51.1323977261175,51.1323977261175,51.1323977261175,51.1323977261175,51.1323977261175,51.1323977261175,51.1323977261175,51.1323977261175,51.1323977261175,42.4999053837746,34.2147623704525,24.5540470445961,19.3230951866022,22.999065703166,10.2337558826189,8.14398672652813,8.14398672652813,8.14398672652813,8.14398672652813,8.14398672652813,8.14398672652813
642,"ROU","Romania",55.9720850673878,55.9720850673878,55.9720850673878,55.9720850673878,55.9720850673878,55.9720850673878,55.9720850673878,55.9720850673878,55.9720850673878,55.9720850673878,55.9720850673878,55.9720850673878,55.9720850673878,55.9720850673878,55.9720850673878,55.9720850673878,56.3225735606866,46.826012524452,66.6823155826078,66.0495762252298,75.7391609940077,77.3801116866148,62.9504582483933,62.9504582483933,62.9504582483933,62.9504582483933,62.9504582483933,62.9504582483933
643,"RUS","Russia",68.522386949008,68.522386949008,68.522386949008,68.522386949008,68.522386949008,68.522386949008,68.522386949008,68.522386949008,68.522386949008,68.522386949008,68.522386949008,68.522386949008,68.522386949008,68.522386949008,68.522386949008,68.522386949008,67.7582645629284,51.9971237946175,38.3155796316396,23.7353840789073,43.1574190191552,37.631387127109,36.7392046165261,36.7392046165261,36.7392046165261,36.7392046165261,36.7392046165261,36.7392046165261
646,"RWA","Rwanda",48.4740130842986,48.4740130842986,48.4740130842986,48.4740130842986,48.4740130842986,48.4740130842986,48.4740130842986,48.4740130842986,48.4740130842986,48.4740130842986,48.4740130842986,48.4740130842986,48.4740130842986,48.4740130842986,48.4740130842986,48.4740130842986,51.8031343696995,53.7865489832487,33.9290446550479,15.3491691038001,15.6159244631894,17.5845589319006,8.38451102109794,8.38451102109794,8.38451102109794,8.38451102109794,8.38451102109794,8.38451102109794
652,"BLM","Saint Barthelemy",-8888,-8888,-8888,-8888,-8888,-8888,-8888,-8888,-8888,-8888,-8888,-8888,-8888,-8888,-8888,-8888,-8888,-8888,-8888,-8888,-8888,-8888,-8888,-8888,-8888,-8888,-8888,-8888
659,"KNA","Saint Kitts and Nevis",-8888,-8888,-8888,-8888,-8888,-8888,-8888,-8888,-8888,-8888,-8888,-8888,-8888,-8888,-8888,-8888,-8888,-8888,-8888,-8888,-8888,-8888,-8888,-8888,-8888,-8888,-8888,-8888
662,"LCA","Saint Lucia",15.7719830842931,15.7719830842931,15.7719830842931,15.7719830842931,15.7719830842931,15.7719830842931,15.7719830842931,15.7719830842931,15.7719830842931,15.7719830842931,15.7719830842931,15.7719830842931,15.7719830842931,15.7719830842931,15.7719830842931,15.7719830842931,5.81010274302898,19.199711373965,45.1468035456905,62.7566286688958,96.953068917244,84.1435408138132,73.2655558666845,73.2655558666845,73.2655558666845,73.2655558666845,73.2655558666845,73.2655558666845
670,"VCT","Saint Vincent and the Grenadines",0,0,0,0,0,0,0,0,0,0,0,0,0,0,0,0,0,4.53008613631195,39.9769156806581,47.6577486794355,95.9230458698554,100,94.3891792260636,94.3891792260636,94.3891792260636,94.3891792260636,94.3891792260636,94.3891792260636
882,"WSM","Samoa",-8888,-8888,-8888,-8888,-8888,-8888,-8888,-8888,-8888,-8888,-8888,-8888,-8888,-8888,-8888,-8888,-8888,-8888,-8888,-8888,-8888,-8888,-8888,-8888,-8888,-8888,-8888,-8888
674,"SMR","San Marino",-8888,-8888,-8888,-8888,-8888,-8888,-8888,-8888,-8888,-8888,-8888,-8888,-8888,-8888,-8888,-8888,-8888,-8888,-8888,-8888,-8888,-8888,-8888,-8888,-8888,-8888,-8888,-8888
678,"STP","Sao Tome and Principe",-8888,-8888,-8888,-8888,-8888,-8888,-8888,-8888,-8888,-8888,-8888,-8888,-8888,-8888,-8888,-8888,-8888,-8888,-8888,-8888,-8888,-8888,-8888,-8888,-8888,-8888,-8888,-8888
682,"SAU","Saudi Arabia",70.228247859224,70.228247859224,70.228247859224,70.228247859224,70.228247859224,70.228247859224,70.228247859224,70.228247859224,70.228247859224,70.228247859224,70.228247859224,70.228247859224,70.228247859224,70.228247859224,70.228247859224,70.228247859224,34.2406243507538,0,0,0,0,0,0,0,0,0,0,0
686,"SEN","Senegal",60.7350030706462,60.7350030706462,60.7350030706462,60.7350030706462,60.7350030706462,60.7350030706462,60.7350030706462,60.7350030706462,60.7350030706462,60.7350030706462,60.7350030706462,60.7350030706462,60.7350030706462,60.7350030706462,60.7350030706462,60.7350030706462,86.506979246299,70.7220362317704,63.2182004099291,70.9066901300981,60.2831843103163,64.8975172137997,39.621017021758,39.621017021758,39.621017021758,39.621017021758,39.621017021758,39.621017021758
688,"SRB","Serbia",41.1966422024744,41.1966422024744,41.1966422024744,41.1966422024744,41.1966422024744,41.1966422024744,41.1966422024744,41.1966422024744,41.1966422024744,41.1966422024744,41.1966422024744,41.1966422024744,41.1966422024744,41.1966422024744,41.1966422024744,41.1966422024744,34.6309362485541,34.7132014744594,50.5900357778517,37.2359188096932,46.5844602282742,43.849894247775,45.4211741080258,45.4211741080258,45.4211741080258,45.4211741080258,45.4211741080258,45.4211741080258
690,"SYC","Seychelles",-8888,-8888,-8888,-8888,-8888,-8888,-8888,-8888,-8888,-8888,-8888,-8888,-8888,-8888,-8888,-8888,-8888,-8888,-8888,-8888,-8888,-8888,-8888,-8888,-8888,-8888,-8888,-8888
694,"SLE","Sierra Leone",51.3107600379131,51.3107600379131,51.3107600379131,51.3107600379131,51.3107600379131,51.3107600379131,51.3107600379131,51.3107600379131,51.3107600379131,51.3107600379131,51.3107600379131,51.3107600379131,51.3107600379131,51.3107600379131,51.3107600379131,51.3107600379131,29.2049638123758,21.7469334045439,0,0,0,0,0,0,0,0,0,0
702,"SGP","Singapore",48.0639195098221,48.0639195098221,48.0639195098221,48.0639195098221,48.0639195098221,48.0639195098221,48.0639195098221,48.0639195098221,48.0639195098221,48.0639195098221,48.0639195098221,48.0639195098221,48.0639195098221,48.0639195098221,48.0639195098221,48.0639195098221,53.5178523468446,31.5746614858806,55.5469097724668,30.1511533760693,9.27843453407358,0,0,0,0,0,0,0
534,"SXM","Sint Maarten",-8888,-8888,-8888,-8888,-8888,-8888,-8888,-8888,-8888,-8888,-8888,-8888,-8888,-8888,-8888,-8888,-8888,-8888,-8888,-8888,-8888,-8888,-8888,-8888,-8888,-8888,-8888,-8888
703,"SVK","Slovakia",8.60556111849166,8.60556111849166,8.60556111849166,8.60556111849166,8.60556111849166,8.60556111849166,8.60556111849166,8.60556111849166,8.60556111849166,8.60556111849166,8.60556111849166,8.60556111849166,8.60556111849166,8.60556111849166,8.60556111849166,8.60556111849166,19.31025697739,37.8324729641016,69.7488537207265,76.7773047293104,73.5548144337099,68.8850258543508,66.4970394620712,66.4970394620712,66.4970394620712,66.4970394620712,66.4970394620712,66.4970394620712
705,"SVN","Slovenia",21.3520316727586,21.3520316727586,21.3520316727586,21.3520316727586,21.3520316727586,21.3520316727586,21.3520316727586,21.3520316727586,21.3520316727586,21.3520316727586,21.3520316727586,21.3520316727586,21.3520316727586,21.3520316727586,21.3520316727586,21.3520316727586,33.8398003662472,53.1528510977227,83.028416289053,63.7401763903981,66.9324984120882,49.739198958148,27.8489970118096,27.8489970118096,27.8489970118096,27.8489970118096,27.8489970118096,27.8489970118096
90,"SLB","Solomon Islands",23.9598504600124,23.9598504600124,23.9598504600124,23.9598504600124,23.9598504600124,23.9598504600124,23.9598504600124,23.9598504600124,23.9598504600124,23.9598504600124,23.9598504600124,23.9598504600124,23.9598504600124,23.9598504600124,23.9598504600124,23.9598504600124,35.8205258425594,32.7564062516331,41.4222516686272,36.7421150038854,26.2851831827701,20.1720172551346,14.9271005457149,14.9271005457149,14.9271005457149,14.9271005457149,14.9271005457149,14.9271005457149
706,"SOM","Somalia",75.0574042237334,75.0574042237334,75.0574042237334,75.0574042237334,75.0574042237334,75.0574042237334,75.0574042237334,75.0574042237334,75.0574042237334,75.0574042237334,75.0574042237334,75.0574042237334,75.0574042237334,75.0574042237334,75.0574042237334,75.0574042237334,72.2740865218976,46.0911182937974,22.2036379810663,9.57606854489039,22.7909323994652,50.5170135672007,38.7373108151582,38.7373108151582,38.7373108151582,38.7373108151582,38.7373108151582,38.7373108151582
710,"ZAF","South Africa",69.9153920252372,69.9153920252372,69.9153920252372,69.9153920252372,69.9153920252372,69.9153920252372,69.9153920252372,69.9153920252372,69.9153920252372,69.9153920252372,69.9153920252372,69.9153920252372,69.9153920252372,69.9153920252372,69.9153920252372,69.9153920252372,71.0043886789583,73.2016408363896,64.7796158193696,57.8952982759847,45.2538062992271,32.861927494492,27.3263000150392,27.3263000150392,27.3263000150392,27.3263000150392,27.3263000150392,27.3263000150392
410,"KOR","South Korea",17.7846823325937,17.7846823325937,17.7846823325937,17.7846823325937,17.7846823325937,17.7846823325937,17.7846823325937,17.7846823325937,17.7846823325937,17.7846823325937,17.7846823325937,17.7846823325937,17.7846823325937,17.7846823325937,17.7846823325937,17.7846823325937,24.3683181680346,31.1577623696426,55.7232450288396,54.369395632831,55.1777818611571,49.6898513755375,53.1265704317322,53.1265704317322,53.1265704317322,53.1265704317322,53.1265704317322,53.1265704317322
728,"SSD","South Sudan",51.412680408507,51.412680408507,51.412680408507,51.412680408507,51.412680408507,51.412680408507,51.412680408507,51.412680408507,51.412680408507,51.412680408507,51.412680408507,51.412680408507,51.412680408507,51.412680408507,51.412680408507,51.412680408507,52.5549093952421,50.4662688942566,73.6469330924472,71.0487093932836,87.0583334520088,93.3225961781955,85.188162916893,85.188162916893,85.188162916893,85.188162916893,85.188162916893,85.188162916893
724,"ESP","Spain",44.359420658452,44.359420658452,44.359420658452,44.359420658452,44.359420658452,44.359420658452,44.359420658452,44.359420658452,44.359420658452,44.359420658452,44.359420658452,44.359420658452,44.359420658452,44.359420658452,44.359420658452,44.359420658452,57.2363421494106,52.1128580815976,61.2016251257487,51.3271920570253,50.2343222339118,34.3066016438535,25.601261330953,25.601261330953,25.601261330953,25.601261330953,25.601261330953,25.601261330953
144,"LKA","Sri Lanka",23.1388643816597,23.1388643816597,23.1388643816597,23.1388643816597,23.1388643816597,23.1388643816597,23.1388643816597,23.1388643816597,23.1388643816597,23.1388643816597,23.1388643816597,23.1388643816597,23.1388643816597,23.1388643816597,23.1388643816597,23.1388643816597,16.4875446712723,15.0862523880334,32.3399940518503,29.610396398777,49.2878653904443,42.1282883673496,38.8886244291134,38.8886244291134,38.8886244291134,38.8886244291134,38.8886244291134,38.8886244291134
275,"PSE","State of Palestine",-8888,-8888,-8888,-8888,-8888,-8888,-8888,-8888,-8888,-8888,-8888,-8888,-8888,-8888,-8888,-8888,-8888,-8888,-8888,-8888,-8888,-8888,-8888,-8888,-8888,-8888,-8888,-8888
729,"SDN","Sudan",42.887438281276,42.887438281276,42.887438281276,42.887438281276,42.887438281276,42.887438281276,42.887438281276,42.887438281276,42.887438281276,42.887438281276,42.887438281276,42.887438281276,42.887438281276,42.887438281276,42.887438281276,42.887438281276,27.9453766758569,21.156688430126,16.6683429090442,7.65403636015273,54.9224214148525,97.959018289226,100,100,100,100,100,100
740,"SUR","Suriname",39.9639525331456,39.9639525331456,39.9639525331456,39.9639525331456,39.9639525331456,39.9639525331456,39.9639525331456,39.9639525331456,39.9639525331456,39.9639525331456,39.9639525331456,39.9639525331456,39.9639525331456,39.9639525331456,39.9639525331456,39.9639525331456,41.0162533818444,22.4673623622951,17.7182146647888,4.80132642535202,12.4098563469656,18.2934390809715,27.5289662852586,27.5289662852586,27.5289662852586,27.5289662852586,27.5289662852586,27.5289662852586
752,"SWE","Sweden",41.9855254081798,41.9855254081798,41.9855254081798,41.9855254081798,41.9855254081798,41.9855254081798,41.9855254081798,41.9855254081798,41.9855254081798,41.9855254081798,41.9855254081798,41.9855254081798,41.9855254081798,41.9855254081798,41.9855254081798,41.9855254081798,48.4968373422839,50.1624252583383,69.3750440658405,66.6873946704226,64.2019229725173,57.5427899927125,56.5645992559366,56.5645992559366,56.5645992559366,56.5645992559366,56.5645992559366,56.5645992559366
756,"CHE","Switzerland",32.3898897052884,32.3898897052884,32.3898897052884,32.3898897052884,32.3898897052884,32.3898897052884,32.3898897052884,32.3898897052884,32.3898897052884,32.3898897052884,32.3898897052884,32.3898897052884,32.3898897052884,32.3898897052884,32.3898897052884,32.3898897052884,37.1498669984639,53.6768926552886,93.2738170778754,84.1578656640339,92.9086473795514,86.8912619326083,74.8906434335247,74.8906434335247,74.8906434335247,74.8906434335247,74.8906434335247,74.8906434335247
760,"SYR","Syria",-8888,-8888,-8888,-8888,-8888,-8888,-8888,-8888,-8888,-8888,-8888,-8888,-8888,-8888,-8888,-8888,-8888,-8888,-8888,-8888,-8888,-8888,-8888,-8888,-8888,-8888,-8888,-8888
158,"TWN","Taiwan",13.8679880633336,13.8679880633336,13.8679880633336,13.8679880633336,13.8679880633336,13.8679880633336,13.8679880633336,13.8679880633336,13.8679880633336,13.8679880633336,13.8679880633336,13.8679880633336,13.8679880633336,13.8679880633336,13.8679880633336,13.8679880633336,29.8027258281693,49.1270472682402,69.7091583119585,78.4990381169152,93.345486753528,80.9376182532772,76.5941627557286,76.5941627557286,76.5941627557286,76.5941627557286,76.5941627557286,76.5941627557286
762,"TJK","Tajikistan",82.9513613295887,82.9513613295887,82.9513613295887,82.9513613295887,82.9513613295887,82.9513613295887,82.9513613295887,82.9513613295887,82.9513613295887,82.9513613295887,82.9513613295887,82.9513613295887,82.9513613295887,82.9513613295887,82.9513613295887,82.9513613295887,74.7557030478112,61.522860691769,64.4759505189997,87.8497833987239,89.2727088369735,97.5966268521343,100,100,100,100,100,100
834,"TZA","Tanzania",32.2058886234392,32.2058886234392,32.2058886234392,32.2058886234392,32.2058886234392,32.2058886234392,32.2058886234392,32.2058886234392,32.2058886234392,32.2058886234392,32.2058886234392,32.2058886234392,32.2058886234392,32.2058886234392,32.2058886234392,32.2058886234392,36.6883750668385,36.6882676260683,33.4827096894947,39.1388624688472,52.0398785970475,57.8896041029527,56.7107811733964,56.7107811733964,56.7107811733964,56.7107811733964,56.7107811733964,56.7107811733964
764,"THA","Thailand",29.0285836700405,29.0285836700405,29.0285836700405,29.0285836700405,29.0285836700405,29.0285836700405,29.0285836700405,29.0285836700405,29.0285836700405,29.0285836700405,29.0285836700405,29.0285836700405,29.0285836700405,29.0285836700405,29.0285836700405,29.0285836700405,43.4492100207096,46.3293615905125,52.3202795665452,44.5138429119697,44.2115366845186,35.794744198412,30.1508861299185,30.1508861299185,30.1508861299185,30.1508861299185,30.1508861299185,30.1508861299185
626,"TLS","Timor-Leste",56.9143151503082,56.9143151503082,56.9143151503082,56.9143151503082,56.9143151503082,56.9143151503082,56.9143151503082,56.9143151503082,56.9143151503082,56.9143151503082,56.9143151503082,56.9143151503082,56.9143151503082,56.9143151503082,56.9143151503082,56.9143151503082,66.7648764198931,54.7748181799559,79.9666686177632,61.1773153688916,66.1350777021969,51.2177458308869,40.4703231071156,40.4703231071156,40.4703231071156,40.4703231071156,40.4703231071156,40.4703231071156
768,"TGO","Togo",75.245320430611,75.245320430611,75.245320430611,75.245320430611,75.245320430611,75.245320430611,75.245320430611,75.245320430611,75.245320430611,75.245320430611,75.245320430611,75.245320430611,75.245320430611,75.245320430611,75.245320430611,75.245320430611,81.2115132455627,79.6755957372722,62.8409290872919,44.0225744339903,50.2192749667075,46.4409981424247,21.0341485281222,21.0341485281222,21.0341485281222,21.0341485281222,21.0341485281222,21.0341485281222
776,"TON","Tonga",-8888,-8888,-8888,-8888,-8888,-8888,-8888,-8888,-8888,-8888,-8888,-8888,-8888,-8888,-8888,-8888,-8888,-8888,-8888,-8888,-8888,-8888,-8888,-8888,-8888,-8888,-8888,-8888
780,"TTO","Trinidad and Tobago",32.0119093036159,32.0119093036159,32.0119093036159,32.0119093036159,32.0119093036159,32.0119093036159,32.0119093036159,32.0119093036159,32.0119093036159,32.0119093036159,32.0119093036159,32.0119093036159,32.0119093036159,32.0119093036159,32.0119093036159,32.0119093036159,45.0874896726227,58.5918814693287,75.0162397698352,77.0567246542886,84.0870887447568,72.358440509798,77.210666904257,77.210666904257,77.210666904257,77.210666904257,77.210666904257,77.210666904257
788,"TUN","Tunisia",34.834431934751,34.834431934751,34.834431934751,34.834431934751,34.834431934751,34.834431934751,34.834431934751,34.834431934751,34.834431934751,34.834431934751,34.834431934751,34.834431934751,34.834431934751,34.834431934751,34.834431934751,34.834431934751,27.1353075752903,34.1977666452787,0.0112963773971728,0,0,8.57287074702143,0,0,0,0,0,0
792,"TUR","Turkey",62.6680408605694,62.6680408605694,62.6680408605694,62.6680408605694,62.6680408605694,62.6680408605694,62.6680408605694,62.6680408605694,62.6680408605694,62.6680408605694,62.6680408605694,62.6680408605694,62.6680408605694,62.6680408605694,62.6680408605694,62.6680408605694,63.7925817463077,59.7393011000765,65.4606555237907,61.7249761687305,61.4779637607523,57.0565866502432,48.604354555026,48.604354555026,48.604354555026,48.604354555026,48.604354555026,48.604354555026
795,"TKM","Turkmenistan",100,100,100,100,100,100,100,100,100,100,100,100,100,100,100,100,100,100,88.9836988791056,100,100,100,100,100,100,100,100,100
796,"TCA","Turks and Caicos Islands",-8888,-8888,-8888,-8888,-8888,-8888,-8888,-8888,-8888,-8888,-8888,-8888,-8888,-8888,-8888,-8888,-8888,-8888,-8888,-8888,-8888,-8888,-8888,-8888,-8888,-8888,-8888,-8888
798,"TUV","Tuvalu",-8888,-8888,-8888,-8888,-8888,-8888,-8888,-8888,-8888,-8888,-8888,-8888,-8888,-8888,-8888,-8888,-8888,-8888,-8888,-8888,-8888,-8888,-8888,-8888,-8888,-8888,-8888,-8888
800,"UGA","Uganda",35.0231784839643,35.0231784839643,35.0231784839643,35.0231784839643,35.0231784839643,35.0231784839643,35.0231784839643,35.0231784839643,35.0231784839643,35.0231784839643,35.0231784839643,35.0231784839643,35.0231784839643,35.0231784839643,35.0231784839643,35.0231784839643,14.117465424897,30.5589513596776,36.2981991425128,36.2702119081566,33.9668173447597,31.8294945957777,16.8278382053635,16.8278382053635,16.8278382053635,16.8278382053635,16.8278382053635,16.8278382053635
804,"UKR","Ukraine",41.5805404162768,41.5805404162768,41.5805404162768,41.5805404162768,41.5805404162768,41.5805404162768,41.5805404162768,41.5805404162768,41.5805404162768,41.5805404162768,41.5805404162768,41.5805404162768,41.5805404162768,41.5805404162768,41.5805404162768,41.5805404162768,43.9697735308135,51.4852498138,61.3658195629948,61.9024717811929,67.7804436849433,58.131830774057,46.7224775872277,46.7224775872277,46.7224775872277,46.7224775872277,46.7224775872277,46.7224775872277
784,"ARE","United Arab Emirates",0,0,0,0,0,0,0,0,0,0,0,0,0,0,0,0,21.0836777486646,11.9356755904172,63.5156150454387,58.6883747464979,77.7217689229402,100,100,100,100,100,100,100
826,"GBR","United Kingdom",28.603604542967,28.603604542967,28.603604542967,28.603604542967,28.603604542967,28.603604542967,28.603604542967,28.603604542967,28.603604542967,28.603604542967,28.603604542967,28.603604542967,28.603604542967,28.603604542967,28.603604542967,28.603604542967,12.8662726101353,0,43.8062727450507,36.1513727721223,56.2013967236977,56.5788286555785,55.3016725172028,55.3016725172028,55.3016725172028,55.3016725172028,55.3016725172028,55.3016725172028
840,"USA","United States of America",66.3191521703591,66.3191521703591,66.3191521703591,66.3191521703591,66.3191521703591,66.3191521703591,66.3191521703591,66.3191521703591,66.3191521703591,66.3191521703591,66.3191521703591,66.3191521703591,66.3191521703591,66.3191521703591,66.3191521703591,66.3191521703591,71.3556443692541,71.8117408075353,76.8002897159767,73.5599387954936,68.1357254250764,60.1572516965773,50.6983905520561,50.6983905520561,50.6983905520561,50.6983905520561,50.6983905520561,50.6983905520561
858,"URY","Uruguay",33.3759254389165,33.3759254389165,33.3759254389165,33.3759254389165,33.3759254389165,33.3759254389165,33.3759254389165,33.3759254389165,33.3759254389165,33.3759254389165,33.3759254389165,33.3759254389165,33.3759254389165,33.3759254389165,33.3759254389165,33.3759254389165,33.5710999457019,38.1474663666184,41.5799968863164,34.4718049529096,38.9346098429755,26.2298174541494,15.6010366684528,15.6010366684528,15.6010366684528,15.6010366684528,15.6010366684528,15.6010366684528
860,"UZB","Uzbekistan",100,100,100,100,100,100,100,100,100,100,100,100,100,100,100,100,82.8873437389674,55.7084917319021,49.2833533013524,43.0970354028628,54.3926627629668,52.0643880055113,56.0357758417383,56.0357758417383,56.0357758417383,56.0357758417383,56.0357758417383,56.0357758417383
548,"VUT","Vanuatu",30.8478576355389,30.8478576355389,30.8478576355389,30.8478576355389,30.8478576355389,30.8478576355389,30.8478576355389,30.8478576355389,30.8478576355389,30.8478576355389,30.8478576355389,30.8478576355389,30.8478576355389,30.8478576355389,30.8478576355389,30.8478576355389,26.2980883125289,54.9114873437052,19.4060297484464,5.22687353575439,0,0,24.2874015865884,24.2874015865884,24.2874015865884,24.2874015865884,24.2874015865884,24.2874015865884
862,"VEN","Venezuela",56.0529574081359,56.0529574081359,56.0529574081359,56.0529574081359,56.0529574081359,56.0529574081359,56.0529574081359,56.0529574081359,56.0529574081359,56.0529574081359,56.0529574081359,56.0529574081359,56.0529574081359,56.0529574081359,56.0529574081359,56.0529574081359,58.2005713094565,57.737030672706,64.3574829017073,62.7097015502344,70.9520273668186,60.009382309235,51.1869848206507,51.1869848206507,51.1869848206507,51.1869848206507,51.1869848206507,51.1869848206507
704,"VNM","Viet Nam",18.7609991664126,18.7609991664126,18.7609991664126,18.7609991664126,18.7609991664126,18.7609991664126,18.7609991664126,18.7609991664126,18.7609991664126,18.7609991664126,18.7609991664126,18.7609991664126,18.7609991664126,18.7609991664126,18.7609991664126,18.7609991664126,21.1871689784397,18.2842384672704,26.8204355330236,19.4511104117643,12.5318410836799,7.217477392541,12.4866323499503,12.4866323499503,12.4866323499503,12.4866323499503,12.4866323499503,12.4866323499503
876,"WLF","Wallis and Futuna Islands",-8888,-8888,-8888,-8888,-8888,-8888,-8888,-8888,-8888,-8888,-8888,-8888,-8888,-8888,-8888,-8888,-8888,-8888,-8888,-8888,-8888,-8888,-8888,-8888,-8888,-8888,-8888,-8888
732,"ESH","Western Sahara",-8888,-8888,-8888,-8888,-8888,-8888,-8888,-8888,-8888,-8888,-8888,-8888,-8888,-8888,-8888,-8888,-8888,-8888,-8888,-8888,-8888,-8888,-8888,-8888,-8888,-8888,-8888,-8888
887,"YEM","Yemen",-8888,-8888,-8888,-8888,-8888,-8888,-8888,-8888,-8888,-8888,-8888,-8888,-8888,-8888,-8888,-8888,-8888,-8888,-8888,-8888,-8888,-8888,-8888,-8888,-8888,-8888,-8888,-8888
894,"ZMB","Zambia",7.91312607552852,7.91312607552852,7.91312607552852,7.91312607552852,7.91312607552852,7.91312607552852,7.91312607552852,7.91312607552852,7.91312607552852,7.91312607552852,7.91312607552852,7.91312607552852,7.91312607552852,7.91312607552852,7.91312607552852,7.91312607552852,27.679241558366,27.1425264471394,31.1220620006998,36.580879689838,37.8480618379546,40.2215968557143,39.1022902135596,39.1022902135596,39.1022902135596,39.1022902135596,39.1022902135596,39.1022902135596
716,"ZWE","Zimbabwe",41.3862009709596,41.3862009709596,41.3862009709596,41.3862009709596,41.3862009709596,41.3862009709596,41.3862009709596,41.3862009709596,41.3862009709596,41.3862009709596,41.3862009709596,41.3862009709596,41.3862009709596,41.3862009709596,41.3862009709596,41.3862009709596,59.5701641344821,61.8259086838552,72.0857492312042,76.9908404830749,76.5255624275898,78.0002055505983,57.3553204319909,57.3553204319909,57.3553204319909,57.3553204319909,57.3553204319909,57.3553204319909
