"code","iso","country","MPA.ind.1995","MPA.ind.1996","MPA.ind.1997","MPA.ind.1998","MPA.ind.1999","MPA.ind.2000","MPA.ind.2001","MPA.ind.2002","MPA.ind.2003","MPA.ind.2004","MPA.ind.2005","MPA.ind.2006","MPA.ind.2007","MPA.ind.2008","MPA.ind.2009","MPA.ind.2010","MPA.ind.2011","MPA.ind.2012","MPA.ind.2013","MPA.ind.2014","MPA.ind.2015","MPA.ind.2016","MPA.ind.2017","MPA.ind.2018","MPA.ind.2019","MPA.ind.2020","MPA.ind.2021","MPA.ind.2022"
4,"AFG","Afghanistan",-7777,-7777,-7777,-7777,-7777,-7777,-7777,-7777,-7777,-7777,-7777,-7777,-7777,-7777,-7777,-7777,-7777,-7777,-7777,-7777,-7777,-7777,-7777,-7777,-7777,-7777,-7777,-7777
8,"ALB","Albania",0,0,0,0,0,0,0,0,0,4.49218749327206,4.49218749327206,4.49218749327206,4.68191791133886,4.68191791133886,4.68191791133886,4.68191791133886,14.683471897854,14.6834718978976,14.6834718978976,14.6834718978976,14.6834718978976,14.6834718978976,14.6834718978976,14.6834718978976,14.6834718978976,14.6834718978976,14.6834718978976,14.6834718978976
12,"DZA","Algeria",0,0,0,0,0,0,0,0,0,0.198219504854248,0.198219504854248,0.198219504854248,0.198219504854248,0.198219504854248,0.198219504854248,0.198219504854248,0.198219504854248,0.202083186055033,0.202083186055033,0.202083186055033,0.202083186055033,0.202083186055033,0.202083186055033,0.202083186055033,0.202083186055033,0.202083186055033,0.202083186055033,0.202083186055033
20,"AND","Andorra",-7777,-7777,-7777,-7777,-7777,-7777,-7777,-7777,-7777,-7777,-7777,-7777,-7777,-7777,-7777,-7777,-7777,-7777,-7777,-7777,-7777,-7777,-7777,-7777,-7777,-7777,-7777,-7777
24,"AGO","Angola",0.00280801898474517,0.00280801898474517,0.00280801898474517,0.00280801898474517,0.00280801898474517,0.00280801898474517,0.00280801898474517,0.00280801898474517,0.00280801898474517,0.00280801898474517,0.00280801898474517,0.00280801898474517,0.00280801898474517,0.00280801898474517,0.00280801898474517,0.00280801898474517,0.00280801898474517,0.00280801898474517,0.00280801898474517,0.00280801898474517,0.00280801898474517,0.00280801898474517,0.00280801898474517,0.00280801898474517,0.00280801898474517,0.00280801898474517,0.00280801898474517,0.00280801898474517
660,"AIA","Anguilla",0.585134750215439,0.585134750215439,0.585134750215439,0.585134750215439,0.585134750215439,0.585134750215439,0.585134750215439,0.585134750215439,0.585134750215439,0.585134750215439,0.585134750215439,0.585134750215439,0.585134750215439,0.780137037634095,0.780137037634095,0.780137037634095,0.780137037634095,0.780137037634095,0.780137037634095,0.780137037634095,0.780137037634095,0.780137037634095,0.780137037634095,0.780137037634095,0.780137037634095,0.780137037634095,0.780137037634095,0.780137037634095
28,"ATG","Antigua and Barbuda",0.165146228663767,0.165146228663767,0.165146228663767,0.165146228663767,0.165146228663767,0.309941219223554,0.309941219223554,0.309941219223554,0.309941219223554,0.309941219223554,0.309941219223554,1.39311534699472,1.39311534699472,1.39311534699472,1.39311534703589,1.39311534703589,1.39311534703589,1.39311534703589,1.39311534703589,1.39311534703589,2.59558961055897,2.59558961055897,2.59558961055897,2.59558961055897,2.59558961055897,2.59558961055897,2.59558961055897,2.59558961055897
32,"ARG","Argentina",0.304716785114945,0.304716785114945,0.304716784502848,0.304821370435209,1.20574991568025,1.20895933945022,1.20895933938143,2.42539910551814,2.45623985482776,2.4562398548287,2.4562398548287,2.61398542637574,2.61398542637313,2.61398542637313,2.61433988287627,2.6143398828771,2.61433988287627,2.61678108308589,3.40248601877283,3.40248601734572,3.40248601734394,3.41992016973541,3.41992016973541,3.41992016973541,32.3644020862705,42.9505407875021,42.9505407875021,42.9505407875021
51,"ARM","Armenia",-7777,-7777,-7777,-7777,-7777,-7777,-7777,-7777,-7777,-7777,-7777,-7777,-7777,-7777,-7777,-7777,-7777,-7777,-7777,-7777,-7777,-7777,-7777,-7777,-7777,-7777,-7777,-7777
533,"ABW","Aruba",0,0,0,0,0,0,0,0,0,0,0,0,0,0,0,0,0,0,0,0,0,0,0,0,0,0,0,0
36,"AUS","Australia",0.198051097198884,0.201349674830464,0.34005580670196,0.415173937929315,0.671248944814237,0.733467095823276,0.823371868864903,0.857614240085937,3.37495601998616,3.3759306074193,41.758674442867,42.2219042262468,42.962352084285,43.4780920999483,43.5238137285212,47.0175620876242,47.0570867190403,47.3480228229161,89.8850385035963,89.8853803936678,89.9032263212261,89.9034654004668,91.7601513000924,92.6686462088036,100,100,100,100
40,"AUT","Austria",-7777,-7777,-7777,-7777,-7777,-7777,-7777,-7777,-7777,-7777,-7777,-7777,-7777,-7777,-7777,-7777,-7777,-7777,-7777,-7777,-7777,-7777,-7777,-7777,-7777,-7777,-7777,-7777
31,"AZE","Azerbaijan",-7777,-7777,-7777,-7777,-7777,-7777,-7777,-7777,-7777,-7777,-7777,-7777,-7777,-7777,-7777,-7777,-7777,-7777,-7777,-7777,-7777,-7777,-7777,-7777,-7777,-7777,-7777,-7777
44,"BHS","Bahamas",1.1132324358421,1.1132324358421,1.1132324358421,1.11323243583905,1.11323243583905,1.11323243583905,1.11323243583905,1.11323243583905,1.32611316838446,1.32611316838446,1.32611316838446,1.32611316838446,1.32611316838446,1.32611316838446,1.65480685863104,1.85853393652198,1.86976132198983,1.86976132198983,1.86976132198983,1.86976132198983,1.86976132198983,71.2821751120124,71.2821751120124,71.2821751120124,71.2821751120124,71.2821751120124,71.2821751120124,71.2821751120124
48,"BHR","Bahrain",0,0,0,4.46799213840944,4.46799213840944,4.46799213840944,4.46799213840944,4.46799213840944,4.79690660127539,8.6062171909528,8.6062171909528,8.6062171909528,9.31503178399818,10.3486621989697,10.3486621989697,10.3486621989697,10.3486621989697,10.3486621989697,10.3486621989697,10.3486621989697,10.3486621989697,10.3486621989697,10.3486621989697,10.3486621989697,10.3486621989697,10.3486621989697,10.3486621989697,10.3486621989697
50,"BGD","Bangladesh",0,0,0,0,0,0,14.5036864440755,14.5036864440755,14.5036864440755,14.5036864440755,14.5036864440755,14.5036864440755,14.5036864440755,14.5036864440755,14.5036864440755,14.5036864440755,14.5036864440755,14.5036864440755,14.5578923421638,14.5578923421638,29.8799187184791,29.8799187184791,29.8799187184791,29.8799187184791,29.8799187184791,29.8799187184791,29.8799187184791,29.8799187184791
52,"BRB","Barbados",0.0584235087813743,0.0584235087813743,0.0584235087813743,0.0584235087813743,0.0584235087813743,0.0584235087813743,0.0584235087813743,0.0584235087813743,0.0584235087813743,0.0584235087813743,0.0584235087813743,0.0601959042271171,0.0601959042271171,0.0601959042271171,0.0601959042271171,0.0601959042271171,0.0601959042271171,0.0601959042271171,0.0601959042271171,0.0601959042271171,0.0601959042271171,0.0601959042271171,0.0601959042271171,0.0601959042271171,0.0601959042271171,0.0601959042271171,0.0601959042271171,0.0601959042271171
112,"BLR","Belarus",-7777,-7777,-7777,-7777,-7777,-7777,-7777,-7777,-7777,-7777,-7777,-7777,-7777,-7777,-7777,-7777,-7777,-7777,-7777,-7777,-7777,-7777,-7777,-7777,-7777,-7777,-7777,-7777
56,"BEL","Belgium",15.1448274588623,15.1448274588623,15.1448274588623,15.1465082711497,15.1465082711497,15.1465082711497,15.1465082711497,15.1465082711497,15.1465082711497,15.1465082710977,15.1465082710977,99.0142830478981,99.0142830478981,99.0142830478981,99.0142830478981,99.0142830478981,99.0142830478981,99.0142830478981,100,100,100,100,100,100,100,100,100,100
84,"BLZ","Belize",22.0231333179915,22.0231333179915,43.333752738521,43.333752738521,65.1482611175464,65.1482611175464,79.6782251933908,79.6782251934111,80.6023824030179,82.1855100707822,82.1855100707822,82.1855100707822,82.1855100707822,82.1855100707822,82.1855100707822,82.1855100707822,82.1855259723915,82.1855259723915,100,100,100,100,100,100,100,100,100,100
204,"BEN","Benin",0,0,0,0,0,0,0,0,0,0,0,0,0,0,0,0,0,0,0,0,0,0,0,0,0,0,0,0
60,"BMU","Bermuda",0,0,0,0,0,0,0,0,0,0,1.79613995870243e-06,1.79613995870243e-06,1.79613995870243e-06,1.79613995870243e-06,1.79613995870243e-06,1.79613995870243e-06,1.79613995870243e-06,1.79613995870243e-06,1.79613995870243e-06,1.79613995870243e-06,1.79613995870243e-06,1.79613995870243e-06,1.79613995870243e-06,1.79613995870243e-06,1.79613995870243e-06,1.79613995870243e-06,1.79613995870243e-06,1.79613995870243e-06
64,"BTN","Bhutan",-7777,-7777,-7777,-7777,-7777,-7777,-7777,-7777,-7777,-7777,-7777,-7777,-7777,-7777,-7777,-7777,-7777,-7777,-7777,-7777,-7777,-7777,-7777,-7777,-7777,-7777,-7777,-7777
68,"BOL","Bolivia",-7777,-7777,-7777,-7777,-7777,-7777,-7777,-7777,-7777,-7777,-7777,-7777,-7777,-7777,-7777,-7777,-7777,-7777,-7777,-7777,-7777,-7777,-7777,-7777,-7777,-7777,-7777,-7777
70,"BIH","Bosnia and Herzegovina",-7777,-7777,-7777,-7777,-7777,-7777,-7777,-7777,-7777,-7777,-7777,-7777,-7777,-7777,-7777,-7777,-7777,-7777,-7777,-7777,-7777,-7777,-7777,-7777,-7777,-7777,-7777,-7777
72,"BWA","Botswana",-7777,-7777,-7777,-7777,-7777,-7777,-7777,-7777,-7777,-7777,-7777,-7777,-7777,-7777,-7777,-7777,-7777,-7777,-7777,-7777,-7777,-7777,-7777,-7777,-7777,-7777,-7777,-7777
76,"BRA","Brazil",2.84851393813987,2.84851393685101,2.84857949539547,4.07467344091293,4.13314416966697,4.43798973253422,5.48202820673982,5.89670902913391,5.89672476749784,6.65171949249599,6.67623856266684,6.67623856266697,6.90560910380568,6.90705085732253,9.95977834960489,10.0393246196885,10.4166841607312,10.4166841607678,10.4166841607677,11.1128747114641,11.3286580103046,11.3286613015992,11.5111910864515,11.511191086455,100,100,100,100
92,"VGB","British Virgin Islands",0.0315649506397872,0.0316221233033999,0.0316221233033999,0.0316221233033999,0.0316221233033999,0.0316221233033999,0.0316221233033999,0.0316221233033999,0.0316221233033999,0.0316221233033999,0.0316221233033999,0.0316221233033999,0.0316221233033999,0.0316221233033999,0.0316221233033999,0.0316221233033999,0.0316221233033999,0.0316221233033999,0.0316221233033999,0.0316221233033999,0.0316221233033999,0.0316221233033999,0.0316221233033999,0.0316221233033999,0.0316221233033999,0.0316221233033999,0.0316221233033999,0.0316221233033999
96,"BRN","Brunei Darussalam",1.18335031042063,1.18335031042063,1.18335031042063,1.18335031042063,1.18335031042063,1.18335031042063,1.18335031042063,1.18335031042063,1.18335031042063,1.18335031042063,1.18335031042063,1.18335031042063,1.18335031042063,1.18335031042063,1.18335031042063,1.18335031042063,1.18335031042063,1.18335031042063,1.18335031042063,1.18335031042063,1.18335031042063,1.18335031042063,1.18335031042063,1.18335031042063,1.18335031042063,1.18335031042063,1.18335031042063,1.18335031042063
100,"BGR","Bulgaria",0.0222689799131391,0.0222689825547448,0.0222689825547448,0.0222689825547448,0.0222689825547448,0.0222689825547448,0.0222689825547448,0.180066372200348,0.191503808150047,0.191511419921276,0.191511419921276,0.191511419921276,0.191511419921276,0.191511418309863,26.268423923067,26.268423923067,26.268423923067,26.268423923067,26.268423923067,26.268423923067,26.268423923067,42.397335165754,43.3021262745553,55.8169327412087,55.8169327412087,55.8169327411607,55.8169327412087,55.8169327412087
854,"BFA","Burkina Faso",-7777,-7777,-7777,-7777,-7777,-7777,-7777,-7777,-7777,-7777,-7777,-7777,-7777,-7777,-7777,-7777,-7777,-7777,-7777,-7777,-7777,-7777,-7777,-7777,-7777,-7777,-7777,-7777
108,"BDI","Burundi",-7777,-7777,-7777,-7777,-7777,-7777,-7777,-7777,-7777,-7777,-7777,-7777,-7777,-7777,-7777,-7777,-7777,-7777,-7777,-7777,-7777,-7777,-7777,-7777,-7777,-7777,-7777,-7777
132,"CPV","Cabo Verde",0,0,0,0,0,0,0,0,0,0,0,0,0,0,0,0,0,0,0,0,0,0,0,0,0,0,0,0
116,"KHM","Cambodia",0,0,0,0,0,0,0,0,0,0,0,0,0,0,0,0,0,0,0,0,0,0,0,0,9.60287140572852,9.60287140572852,9.60287140572852,9.60287140572852
120,"CMR","Cameroon",0,0,0,0,0,0,0,0,0,0,0,0,0,0,0,0,0,0,0,0,0,0,0,0,0,0,0,0
124,"CAN","Canada",0.419198798025862,0.670539329495361,0.676859610287853,0.678624948476911,0.984140795675363,0.984140795689349,1.01089408163164,1.01949141483266,1.0194914148355,1.04903822116053,1.46073403981524,1.77691301957232,1.78778401067946,1.78778401067364,2.89286681383588,2.91438230704151,4.48025408795158,4.49547542477977,4.49547542477581,4.60691225302078,4.60693408779009,4.63659424802094,5.0437015220404,6.22202866408741,8.22311715449315,65.4228309670833,65.4228309671278,65.4228309671278
136,"CYM","Cayman Islands",0.564410014473176,0.564410014473176,0.564410014473176,0.564410014473176,0.564410014473176,0.564410014473176,0.564410014473176,0.564410014473176,0.615211512409509,0.66344745182942,0.663447451835651,0.663447451835651,0.663447451835651,0.712228343022351,0.712228343022351,0.712228343022351,0.712228343028576,0.712228343028576,0.712228343028576,0.712228343028576,0.712228343022351,0.712228343022351,0.712228343022351,0.712228343022351,0.712228343022351,0.712228343022351,0.712228343022351,0.712228343022351
140,"CAF","Central African Republic",-7777,-7777,-7777,-7777,-7777,-7777,-7777,-7777,-7777,-7777,-7777,-7777,-7777,-7777,-7777,-7777,-7777,-7777,-7777,-7777,-7777,-7777,-7777,-7777,-7777,-7777,-7777,-7777
148,"TCD","Chad",-7777,-7777,-7777,-7777,-7777,-7777,-7777,-7777,-7777,-7777,-7777,-7777,-7777,-7777,-7777,-7777,-7777,-7777,-7777,-7777,-7777,-7777,-7777,-7777,-7777,-7777,-7777,-7777
152,"CHL","Chile",0.0010700342288141,0.0010700342288141,0.040009824089437,0.0409388953653269,0.0409388953653269,0.0409388953653269,0.0409824467616516,0.0409824467616516,0.0409824467616516,0.0448900782668533,0.371363650442071,0.397341516463654,0.408895410111287,0.40921951644205,0.40921951644205,0.40921951644205,41.3976212324947,41.3976212324947,41.3976212324947,41.3976212324947,41.3976212324947,41.4585456046915,100,100,100,100,100,100
156,"CHN","China",0.0197276645364131,0.0197276645364131,0.0197276645364131,0.0197276645364131,0.0197276645364131,0.0197276645368126,0.0197276645368126,0.0197276645368126,1.3175128992196,1.3175128992196,1.3175128992196,1.3175128992196,1.3175128992196,1.3175128992196,1.35372896078661,1.35372896078661,1.35372896078661,1.35372896078661,1.35372896078661,1.35372896078661,1.35372896078661,1.61213724804825,1.61213724804825,1.61213724804825,1.61213724804825,1.61213724804825,1.61213724804825,1.61213724804825
170,"COL","Colombia",2.3385904196201,36.7313076269876,36.7313076269876,36.7313076269876,37.5701122164576,37.5701122164576,37.5723272847056,37.5723272846994,37.5723272846994,37.5701122164516,37.6465078722858,77.995122666116,77.995122666116,77.995122666116,77.995122666116,77.995122666116,78.584110353856,78.5846093973081,78.5846093973081,80.7552973376306,81.6343259353779,81.6343259353668,81.6343259353668,100,100,100,100,100
174,"COM","Comoros",0,0,0,0,0,0,0,0,0,0,0,0,0.000213798940686042,0.000213798940686042,0.000213798940686042,0.000213798940686042,0.679261886643954,0.679261886643954,0.679261886643954,0.679261886643954,0.679261886643954,0.679261886643954,0.679261886643954,0.679261886643954,0.679261886643954,0.679261886643954,0.679261886643954,0.679261886643954
184,"COK","Cook Islands",0,0,0,0,0,0,0,0,0,0,0,0,0,0,0,0,0,0,0,0,0,0,0,100,100,100,100,100
188,"CRI","Costa Rica",6.5279542425455,6.76894789262484,6.76894789262484,6.76894789262484,6.87195368425546,6.87195368487641,6.87195368487641,6.87195368487641,6.87195368487641,6.87195368487641,6.87195368487641,6.87195368487641,7.20341979099114,7.20341979099114,7.20341979099114,7.20341979099114,7.20341979099114,23.1537942937223,23.1537942937223,23.1537942937223,23.1537942937223,23.1537942937223,23.1537942937223,23.1537942937223,23.165031041921,23.165031041921,24.2525038262425,24.2525038262425
384,"CIV","Cote d'Ivoire",0.00476332079366648,0.00476332079366648,0.00476332079366648,0.00476332079366648,0.00476332079366648,0.00476332079366648,0.00476332079366648,0.00476332079366648,0.00476332079366648,0.00476332079366648,0.00476332079366648,0.957313198014235,0.957313198014235,0.957313198014235,0.957313198014235,0.957313198014235,0.957313198014235,0.957313198014235,0.957313198014235,0.957313198014235,0.957313198014235,0.957313198014235,0.957313198014235,0.957313198014235,0.957313198014235,0.957313198014235,0.957313198014235,0.957313198014235
191,"HRV","Croatia",2.47581445615062,2.47581445615062,2.47581445615062,2.47581445615062,2.47581445615062,2.47581445615062,2.47581445615062,2.47581445615062,2.47581445615062,2.47581445615062,2.47581445615062,2.47581445615062,2.47581445613619,2.47581445613619,2.47581445615062,2.47581445615062,2.47581445615062,2.47581445613619,2.47581445613619,5.12565866910566,79.3549406927052,79.3549406927052,79.354940691634,79.3549406916374,79.3549406916374,79.3549389601373,79.3549389602204,79.3549389602204
192,"CUB","Cuba",0,0,0,0,0,0,0,2.58049215776211,2.58049215776211,2.58049215776211,2.58049215776211,2.58049215776211,2.58049215776211,2.58049215776211,3.39387753909664,3.39387753909664,9.97960394258465,9.97960394258465,15.1378322535825,15.1378322535825,15.1378322535825,15.1378322535825,15.1378322535825,15.1378322535825,15.1378322535825,15.1378322535825,15.1378322535825,15.1378322535825
531,"CUW","Curacao",-7777,-7777,-7777,-7777,-7777,-7777,-7777,-7777,-7777,-7777,-7777,-7777,-7777,-7777,-7777,-7777,-7777,-7777,-7777,-7777,-7777,-7777,-7777,-7777,-7777,-7777,-7777,-7777
196,"CYP","Cyprus",84.6756727826503,84.6756727826503,84.6756727826503,84.6756727826503,84.6756727826503,84.6756727826503,84.6756727826503,84.6756727826503,84.6756727826503,84.6756727826503,84.6756727826503,84.8843484796221,84.8843484796221,84.8843484796221,84.9225682662152,84.9225682662152,84.9225682662152,84.9225682662152,84.9225682662152,84.9225682662152,84.9225682668415,84.9225682668415,85.0148240626833,85.1867596919696,85.1867596919696,85.1867596919696,85.1867596919696,85.1867596919696
203,"CZE","Czech Republic",-7777,-7777,-7777,-7777,-7777,-7777,-7777,-7777,-7777,-7777,-7777,-7777,-7777,-7777,-7777,-7777,-7777,-7777,-7777,-7777,-7777,-7777,-7777,-7777,-7777,-7777,-7777,-7777
180,"COD","Dem. Rep. Congo",-7777,-7777,-7777,-7777,-7777,-7777,-7777,-7777,-7777,-7777,-7777,-7777,-7777,-7777,-7777,-7777,-7777,-7777,-7777,-7777,-7777,-7777,-7777,-7777,-7777,-7777,-7777,-7777
208,"DNK","Denmark",68.1340905073518,68.1340905073518,68.1340905073631,68.1340905073631,68.1340905072986,68.1340905072878,68.1340905072555,68.1340905073428,68.2376707677447,85.1844474710374,100,100,100,100,100,100,100,100,100,100,100,100,100,100,100,100,100,100
262,"DJI","Djibouti",0,0,0,0,0,0,0,0,1.77296741947386,1.77296741947386,1.77296741947386,1.77296741947386,1.77296741947386,1.77296741947386,1.77296741947386,1.77296741947386,1.77296741947386,1.77296741947386,1.77296741947386,1.77296741947386,1.77296741947386,1.77296741947386,1.77296741947386,1.77296741947386,1.77296741947386,1.77296741947386,1.77296741947386,1.77296741947386
212,"DMA","Dominica",0.197866720023221,0.197866720023221,0.197866720023221,0.197866720023221,0.370091499867552,0.370091499867552,0.370091499867552,0.370091499867552,0.370091499867552,0.370091499867552,0.370091499867552,0.370091499867552,0.370091499867552,0.370091499867552,0.370091499867552,0.370091499867552,0.370091499867552,0.370091499867552,0.370091499867552,0.370091499867552,0.370091499867552,0.370091499867552,0.370091499867552,0.370091499867552,0.370091499867552,0.370091499867552,0.370091499867552,0.370091499867552
214,"DOM","Dominican Republic",0.0261282346896381,0.0261282346896381,0.0261282346896381,0.0261282346896381,0.0261282346896381,0.0261282346896381,0.0261282346896381,0.0261282346896381,0.0261282346896381,0.0261282346896381,92.5884548175307,92.5884548175307,92.5884548175307,92.5884548175307,92.5884548175307,100,100,100,100,100,100,100,100,100,100,100,100,100
218,"ECU","Ecuador",0,0,0,0,100,100,100,100,100,100,100,100,100,100,100,100,100,100,100,100,100,100,100,100,100,100,100,100
818,"EGY","Egypt",2.687592600017,2.687592600017,2.687592600017,2.687592600017,2.687592600017,2.687592600017,2.687592600017,2.687592600017,2.687592600017,2.687592600017,2.687592600017,2.687592600017,9.00010193726196,9.00010193726196,9.00010193726196,9.00010193726196,10.2555405721981,10.2555405721981,10.2555405721981,10.2555405721981,10.2555405721981,10.2555405721981,10.2555405721981,10.2555405721981,10.2555405721981,10.2555405721981,10.2555405721981,10.2555405721981
222,"SLV","El Salvador",0,0,0,0,0,0,0,0,0,0,0,0,0,2.17626166349814,2.17626166349814,2.17626166349814,2.17626166349814,2.17626166349814,2.17626166349814,2.17626166349814,2.17626166349814,2.17626166349814,2.17626166349814,2.17703925598072,2.17703925598072,4.21700860939404,4.21700860939404,4.21700860939404
226,"GNQ","Equatorial Guinea",0,0,0,0,0,0,1.94412501861702,1.94412501861702,1.94412501861702,1.94412501861702,1.94412501861702,1.94412501861702,1.94412501861702,1.94412501861702,1.94412501861702,1.94412501861702,1.94412501861702,1.94412501861702,1.94412501861702,1.94412501861702,1.94412501861702,1.94412501861702,1.94412501861702,1.94412501861702,1.94412501861702,1.94412501861702,1.94412501861702,1.94412501861702
232,"ERI","Eritrea",0,0,0,0,0,0,0,0,0,0,0,0,0,0,0,0,0,0,0,0,0,0,0,0,0,0,0,0
233,"EST","Estonia",0,0,0,3.76952824683004,3.76952824683004,8.0672538701554,8.0672538701554,8.0672538701554,8.0672538701554,8.15204219674529,100,100,100,100,100,100,100,100,100,100,100,100,100,100,100,100,100,100
748,"SWZ","Eswatini",-7777,-7777,-7777,-7777,-7777,-7777,-7777,-7777,-7777,-7777,-7777,-7777,-7777,-7777,-7777,-7777,-7777,-7777,-7777,-7777,-7777,-7777,-7777,-7777,-7777,-7777,-7777,-7777
231,"ETH","Ethiopia",-7777,-7777,-7777,-7777,-7777,-7777,-7777,-7777,-7777,-7777,-7777,-7777,-7777,-7777,-7777,-7777,-7777,-7777,-7777,-7777,-7777,-7777,-7777,-7777,-7777,-7777,-7777,-7777
234,"FRO","Faeroe Islands",0,0,0,0,0,0,0,0,0,0,0,0,0,0,0,0,0,0,0,0,0,0,0,0,0,0,0,0
238,"FLK","Falkland Islands",0,0,0,0,0,0,0,0,0,0,0,0,0,0,0,0,0,0,0,0,0,0,0,0,0,0,0,0
242,"FJI","Fiji",0.328978178434785,0.328978178434785,0.328978178434785,0.399135113058057,0.399135113058057,0.40601845095131,0.675202789475235,1.8854978713017,2.0150906129127,5.3104012861344,8.28380257839278,8.4918493940902,9.20436949328326,9.49011622598219,9.49011622598219,9.49011622598219,9.49011622598219,9.49011622598219,9.49011622598219,9.49011622598219,9.49011622598219,9.49011622598219,9.49011622598219,9.49011622598219,9.49530418067142,9.49530418067142,9.49530418067142,9.49530418067142
246,"FIN","Finland",19.3700089093296,19.4184581199546,27.3574749891199,27.3980089867278,87.4478718249778,87.4540095975315,87.4555683990867,88.0737829545725,88.0866849660901,88.3699255134009,88.5539402379279,91.0114652979307,91.1665330651173,91.195104701807,91.2392633693009,91.2824519904952,91.3028922168403,99.3435813366434,99.408456702924,99.4328988730948,99.6116898671963,100,100,100,100,100,100,100
250,"FRA","France",20.7870809603554,20.787354221917,20.787354221917,20.787354221917,20.8128240802987,21.0285682774609,21.0285697118661,21.0308604599641,21.0308670448863,21.0308794013599,21.0308823016016,21.5787692494437,100,100,100,100,100,100,100,100,100,100,100,100,100,100,100,100
258,"PYF","French Polynesia",0.0208918412704964,0.0208918412704964,0.0208918412704964,0.0208918412704964,0.0208918412704964,0.0208918412704964,0.0208918412704964,0.0208918412704964,0.0208918412704964,0.0208918412704964,0.0208918412704964,0.0208918412704964,0.0208918412704964,0.0208918412704964,0.0235495265879911,0.0235495265879911,0.0235495265879911,0.0235495265879911,0.0235495265879911,0.0235495265879911,0.0235495265879911,0.0235495265879911,0.0235495264013339,0.0235495264013339,0.0235495264013339,0.0235495264013339,0.0235495264013339,0.0235495264013339
266,"GAB","Gabon",0,0,0,0,0,0,0,0,4.06693341569459,4.06693341569459,4.06693341569459,4.06693341569459,4.06693341569459,4.06693341569459,4.06693341569459,4.06693341569459,4.06693341569459,4.06693341569459,4.06693341569459,4.06693341569459,4.06693341569459,4.06693341569459,4.06693341569459,100,100,100,100,100
270,"GMB","Gambia",0,0,0,0,0,0,0,0,0,0,0,0,0,0,0,0,0,0,0,0,0,0,0,0,0,0,0,0
268,"GEO","Georgia",0,0,0,0,0,0,0,0,0,0,0,0,0,0,0,0,0,0,0,0,0,0,0,0,0,0,0,0
276,"DEU","Germany",100,100,100,100,100,100,100,100,100,100,100,100,100,100,100,100,100,100,100,100,100,100,100,100,100,100,100,100
288,"GHA","Ghana",1.13473240906391,1.13473240906391,1.13473240906391,1.13473240906391,1.13473240906391,1.13473240906391,1.13473240906391,1.13473240906391,1.13473240906391,1.13473240906391,1.13473240906391,1.13473240906391,1.13473240906391,1.13473240906391,1.13473240906391,1.13473240906391,1.13473240906391,1.13473240906391,1.13473240906391,1.13473240906391,1.13473240906391,1.13473240906391,1.13473240906391,1.13473240906391,1.13473240906391,1.13473240906391,1.13473240906391,1.13473240906391
300,"GRC","Greece",26.0686116056637,26.0686116069556,26.0686116056562,26.6516024756351,26.6516026468092,26.6516026468069,26.6516026465687,30.7450159337792,33.0368995175717,33.0369369604509,33.0369369598516,33.0369369598558,33.0369369593404,33.0369369593269,33.036936962185,33.0369369621488,33.7297249657448,40.4402062006611,40.4764532121459,40.4764532121459,40.4764532121459,40.4764532121459,40.4764532121459,40.4764532121459,40.4764532121459,40.4764532121459,40.4764532121459,40.4764532121459
304,"GRL","Greenland",0.0520505364362575,0.0520505364362575,0.0520505364362575,0.0520505364362575,0.0520505364362575,0.0520505364362575,0.0520505364362575,0.0520505364362575,0.0520505364362575,0.0520505364362575,0.0520505364362575,0.0520505364362575,0.0520505364362575,0.0520505364362575,0.056663057089331,0.056663057089331,0.056663057089331,0.056663057089331,0.056663057089331,0.056663057089331,0.056663057089331,0.056663057089331,0.056663057089331,0.056663057089331,0.056663057089331,0.056663057089331,0.056663057089331,0.056663057089331
308,"GRD","Grenada",0,0,0,0,0,0.157516634178147,0.157516634178147,0.157516634178147,0.157516634178147,0.157516634178147,0.157516634178147,0.157516634178147,0.157516634178147,0.157516634178147,0.157516634178147,0.388784189466603,0.388784189466603,0.388784189466603,0.388784189466603,0.388784189466603,0.388784189466603,0.388784189466603,0.388784189466603,0.388784189466603,1.15674915385612,1.15674915385612,1.15674915385612,1.15674915385612
320,"GTM","Guatemala",0,0,0,0,0,0,0,0,0,0,0,0,0,0.1521387382289,0.1521387382289,0.1521387382289,0.1521387382289,0.1521387382289,0.1521387382289,0.1521387382289,0.1521387382289,0.1521387382289,0.1521387382289,0.1521387382289,0.1521387382289,0.1521387382289,0.1521387382289,0.1521387382289
831,"GGY","Guernsey",0,0,0,0,0,0,0,0,0,0,0,2.06305079099683,2.52588962230868,2.52588962230868,2.52588962230868,2.52588962230868,2.52588962230868,2.52588962230868,2.52588962230868,2.52588962230868,2.52588962230868,5.0880207439823,5.0880207439823,5.0880207439823,5.0880207439823,5.0880207439823,5.0880207439823,5.0880207439823
324,"GIN","Guinea",0.0227041021970034,0.0227041021970034,0.0227041021970034,0.0227041021970034,0.0227041021970034,0.0227041021970034,0.0227041021970034,0.0227041021970034,0.022704102182719,0.022704102182719,0.022704102182719,0.022704102182719,0.022704102182719,0.0227041021822711,0.0227041021822711,0.0227041021822711,0.0227041021822711,0.0227041021822711,0.0227041021822711,0.0227041021822711,0.0227041021822711,0.0227041021822711,0.0227041021822711,0.0227041021822711,0.0227041021822711,0.0227041021822711,0.0227041021822711,0.0227041021822711
624,"GNB","Guinea-Bissau",0,0,0,0,0,0,2.7571810681971,2.7571810681971,2.7571810681971,2.7571810681971,2.7571810681971,2.7571810681971,2.7571810681971,2.7571810681971,2.7571810681971,2.7571810681971,2.7571810681971,2.7571810681971,2.7571810681971,2.7571810681971,53.0724347182702,53.0724347182702,53.0724347182702,53.0724347182702,53.0724347182702,53.0724347182702,53.0724347182702,53.0724347182702
328,"GUY","Guyana",0,0,0,0,0,0,0,0,0,0,0,0,0,0,0,0,0,0,0,0,0,0,0,0,0,0,0,0
332,"HTI","Haiti",0,0,0,0,0,0,0,0,0,0,0,0,0,0,0,0,0,0,0,6.28209103446221,6.28209103446221,6.28209103446221,6.28209103446221,6.85122617500856,6.85122617500856,6.85122617500856,6.85122617500856,6.85122617500856
336,"VAT","Holy See",-8888,-8888,-8888,-8888,-8888,-8888,-8888,-8888,-8888,-8888,-8888,-8888,-8888,-8888,-8888,-8888,-8888,-8888,-8888,-8888,-8888,-8888,-8888,-8888,-8888,-8888,-8888,-8888
340,"HND","Honduras",2.41669333435083,2.41669333435083,2.41669333435083,2.41669333435083,2.41669333435083,3.08745857861204,3.08745857861204,3.08745857861204,3.08745857861204,8.87282006098811,8.87282006098811,8.87282006096911,8.87282006096911,8.87282006096911,8.87282006096911,8.87282006096911,39.5285848542456,39.5285848542456,39.5285848542456,39.7351277230698,39.7351277230698,39.7351277230698,39.7351277230698,43.8308946823481,43.8308946823481,43.8308946823481,43.8308946823481,43.8308946823481
344,"HKG","Hong Kong",-8888,-8888,-8888,-8888,-8888,-8888,-8888,-8888,-8888,-8888,-8888,-8888,-8888,-8888,-8888,-8888,-8888,-8888,-8888,-8888,-8888,-8888,-8888,-8888,-8888,-8888,-8888,-8888
348,"HUN","Hungary",-7777,-7777,-7777,-7777,-7777,-7777,-7777,-7777,-7777,-7777,-7777,-7777,-7777,-7777,-7777,-7777,-7777,-7777,-7777,-7777,-7777,-7777,-7777,-7777,-7777,-7777,-7777,-7777
352,"ISL","Iceland",3.39968753116801,3.4019077919548,3.40202505156106,3.40202505156106,3.40202505156106,3.40202505156106,3.40202505156106,3.40217421476076,3.40217421476076,3.40217421476076,3.40217421476076,3.40217421476076,3.48143267354404,3.48268344090197,3.57938716799328,3.58446061237099,3.58446061237099,3.58446061237099,3.60240882896565,3.6024088289124,3.97991642228813,3.97991642228813,3.97991642228813,3.97991642228813,3.97991642228813,3.98224499059152,3.98224499059152,3.98224499059152
356,"IND","India",0,0,0,0,0,0,0,0,0.290359644194616,0.290359644194616,0.290359644194616,0.290359645372465,0.290359645372465,0.290359645372465,0.290359645372465,0.290359645372465,0.290359645372465,0.290359645372465,0.290359645372465,0.290359645372465,0.290359645372465,0.290359645372465,0.290359645372465,0.290359645372465,0.290359645372465,0.290359645372465,0.290359645372465,0.290359645372465
360,"IDN","Indonesia",8.48523887211553,8.48523887211553,8.48550315380854,8.48550315380851,8.48550315380839,8.48630714690505,8.48630714690486,8.49673926150586,8.60603684699441,8.81794223215133,8.91011206812539,8.95790197088161,9.06321218505408,11.7934287839051,12.7907097915285,21.232662071848,21.352625804621,21.5184777359342,22.0814699433144,22.9989060779861,25.896777342403,26.4054970763671,26.9149411071965,27.9891500937627,29.6256628719552,29.6256628719552,29.6256628719552,29.6256628719552
364,"IRN","Iran",0,0,0,0,0,1.02235583238708,1.02235583238708,1.12104456613603,1.16453341165631,1.16453341165631,1.16453341165631,1.16453341165631,1.16453341165631,1.16453341165631,1.16453341165631,1.16453341165631,1.16453341165631,1.16453341165631,1.16453341165631,1.16453341165631,1.16453341165631,1.16453341165631,1.16453341165631,1.16453341165631,1.16453341165631,1.16453341165631,1.16453341165631,1.16453341165631
368,"IRQ","Iraq",-7777,-7777,-7777,-7777,-7777,-7777,-7777,-7777,-7777,-7777,-7777,-7777,-7777,-7777,-7777,-7777,-7777,-7777,-7777,-7777,-7777,-7777,-7777,-7777,-7777,-7777,-7777,-7777
372,"IRL","Ireland",4.12306562846825,4.44502458291003,4.49824317581286,4.49824317581286,4.50680298979524,4.50680298979524,4.50680298979524,4.50680298979524,4.51206080054408,4.51206080054966,4.78017904394877,4.78871462678915,4.79192760189134,4.797284901302,4.80129227874178,11.3046433738256,11.3074432713051,11.3777969090886,11.3777969090886,11.3777969090886,11.3777969090886,11.3777969090886,17.3207127619224,18.1609573378296,18.4514844818885,21.3339579775886,21.3344668829828,21.3344668829828
833,"IMN","Isle of Man",-7777,-7777,-7777,-7777,-7777,-7777,-7777,-7777,-7777,-7777,-7777,-7777,-7777,-7777,-7777,-7777,-7777,-7777,-7777,-7777,-7777,-7777,-7777,-7777,-7777,-7777,-7777,-7777
376,"ISR","Israel",0.0120800255216711,0.0120800255216711,0.0120800255216711,0.0120800255216711,0.0120800255216711,0.0120800255216711,0.0120800255216711,0.0120800255216711,0.195302721871014,0.195302721871014,0.195302721871014,0.195302721871014,0.195302721871014,0.195302721871014,0.261440428105402,0.305874935975998,0.305874935975998,0.305874935975998,0.305874935975998,0.305874935975998,0.305874935975998,0.305874935975998,0.305874935975998,0.305874935975998,0.305874935975998,0.305874935975998,0.305874935975998,0.305874935975998
380,"ITA","Italy",17.4062022022052,17.4069975454001,17.7007732197701,18.4123546639076,20.562593640883,50.1886272119689,50.2144231159363,50.214423115937,50.472434572067,50.4724345720714,50.9371160704725,58.1329325267961,62.3156454784712,62.4455779460827,62.4455779460827,62.6947825678974,62.694782567896,62.6947825678968,62.6947825678974,62.6947825678975,62.694782567887,62.822156976339,62.9314971218333,63.7666435927205,64.7044437695849,66.099587353504,66.6757971773516,66.6757971773516
388,"JAM","Jamaica",0.0470285175434243,0.0470285175434243,0.510693461729159,0.510693461729159,1.36128696969539,1.36128696969539,1.36128696969539,1.36128696969539,1.36128696969539,1.36128696969539,1.36128696969539,1.41087292849138,1.41087292849138,1.41087292849138,1.41087292849138,1.5221590791594,1.52497911235206,1.52497911235206,1.52497911235206,1.52497911235206,1.52497911235206,1.52497911235206,1.52497911235206,1.52497911235206,1.52497911235206,1.52497911235206,1.52497911235206,1.52497911235206
392,"JPN","Japan",62.9738980655388,62.9738980655388,62.9738980655377,62.9766991306047,62.976862684914,62.9768626849134,62.9768626849134,62.9768626849134,62.9802176424671,63.0797695498201,63.0797695498276,63.1071175803073,63.1076183380801,63.1076183256851,63.1081818124635,63.1096865056753,63.1139088353968,63.1139229048998,63.1743145574041,70.9663170214216,71.5618422804735,71.5733776776124,71.5819345702202,71.582619919515,71.5892403301927,71.5892403302468,100,100
832,"JEY","Jersey",0,0,0,0,0,0,13.7003590073795,13.7003590073795,13.7003590073795,13.7003590073795,13.7003590073795,81.9682788486673,81.9682788486673,81.9682788486673,81.9682788486673,81.9682788486673,81.9682788486673,81.9682788486673,81.9682788486673,81.9682788486673,81.9682788486673,81.9682788486673,81.9682788486673,81.9682788486673,81.9682788486673,81.9682788486673,81.9682788486673,81.9682788486673
400,"JOR","Jordan",-7777,-7777,-7777,-7777,-7777,-7777,-7777,-7777,-7777,-7777,-7777,-7777,-7777,-7777,-7777,-7777,-7777,-7777,-7777,-7777,-7777,-7777,-7777,-7777,-7777,-7777,-7777,-7777
398,"KAZ","Kazakhstan",-7777,-7777,-7777,-7777,-7777,-7777,-7777,-7777,-7777,-7777,-7777,-7777,-7777,-7777,-7777,-7777,-7777,-7777,-7777,-7777,-7777,-7777,-7777,-7777,-7777,-7777,-7777,-7777
404,"KEN","Kenya",2.49040681421967,3.1693363366612,3.1693363366612,3.1693363366612,3.1693363366612,3.1693363366612,3.1693363366612,3.1693363366612,3.1693363366612,3.1693363366612,3.18889471094702,3.19019580890396,3.19019580890396,3.19019580890396,3.19019580890396,3.2071104146523,3.2071104146523,3.22292924065664,3.68221893616863,3.68221893616863,3.68221893616863,3.68221893616863,3.68221893616863,3.68221893616863,3.68221893616863,3.68221893616863,3.68221893616863,3.68221893616863
296,"KIR","Kiribati",0.0471684033297179,0.0471684033297179,0.0471684033297179,0.0471684033297179,0.0471684033297179,0.158932283387558,0.158932283387558,0.158932283387558,0.158932283387558,0.158932283387558,0.158932283387558,0.158932283387558,100,100,100,100,100,100,100,100,100,100,100,100,100,100,100,100
689,"XKX","Kosovo",-7777,-7777,-7777,-7777,-7777,-7777,-7777,-7777,-7777,-7777,-7777,-7777,-7777,-7777,-7777,-7777,-7777,-7777,-7777,-7777,-7777,-7777,-7777,-7777,-7777,-7777,-7777,-7777
414,"KWT","Kuwait",0,0,0,0,0,0,0,0,0,0,0,0,0,0,0,0,0,0,0,0,0,0,1.18429581317824,1.18429581317824,1.18429581317824,1.18429581317824,1.18429581317824,1.18429581317824
417,"KGZ","Kyrgyzstan",-7777,-7777,-7777,-7777,-7777,-7777,-7777,-7777,-7777,-7777,-7777,-7777,-7777,-7777,-7777,-7777,-7777,-7777,-7777,-7777,-7777,-7777,-7777,-7777,-7777,-7777,-7777,-7777
418,"LAO","Laos",-7777,-7777,-7777,-7777,-7777,-7777,-7777,-7777,-7777,-7777,-7777,-7777,-7777,-7777,-7777,-7777,-7777,-7777,-7777,-7777,-7777,-7777,-7777,-7777,-7777,-7777,-7777,-7777
428,"LVA","Latvia",0.00744678764703672,0.00744678764703672,0.00744678764703672,0.00744678764703672,0.00744678764703672,0.00744678764703672,0.00744678764703672,0.00821265968795069,13.9415593889501,13.9415593889501,13.9415593889501,13.9415593889501,13.9415593889501,13.9415593889501,74.6554536568809,74.6554536568809,100,100,100,100,100,100,100,100,100,100,100,100
422,"LBN","Lebanon",0.192349323491118,0.192349323491118,0.192349323491118,0.192349323491118,2.02374904662325,2.02374904662325,2.02374904662325,2.02374904662325,2.02374904662325,2.02374904662325,2.02374904662325,2.02374904662325,2.02374904662325,2.02374904662325,2.02374904662325,2.02374904662325,2.02374904662325,2.02374904662325,2.02374904662325,2.02374904662325,2.02374904662325,2.02374904662325,2.02374904662325,2.02374904662325,2.02374904662325,2.02374904662325,2.15479750513272,2.15479750513272
426,"LSO","Lesotho",-7777,-7777,-7777,-7777,-7777,-7777,-7777,-7777,-7777,-7777,-7777,-7777,-7777,-7777,-7777,-7777,-7777,-7777,-7777,-7777,-7777,-7777,-7777,-7777,-7777,-7777,-7777,-7777
430,"LBR","Liberia",0,0,0,0,0,0,0,0,0,0.750137905957296,0.750137905957296,0.750137905957296,0.991268825112992,0.991268825112992,0.991268825112992,0.991268825112992,0.991268825112992,0.991268825112992,0.991268825112992,0.991268825112992,0.991268825112992,0.991268825112992,0.991268825112992,0.991268825112992,0.991268825112992,0.991268825112992,0.991268825112992,0.991268825112992
434,"LBY","Libya",6.23672009540911,6.23672009540911,6.23672009540911,6.23672009540911,6.23672009540911,6.23672009540911,6.23672009540911,6.23672009540911,6.23672009540911,6.23672009540911,6.23672009540911,6.23672009540911,6.23672009540911,6.23672009540911,6.23672009540911,6.23672009540911,6.23672009540911,6.23672009540911,6.23672009540911,6.23672009540911,6.23672009540911,6.23672009540911,6.23672009540911,6.23672009540911,6.23672009540911,6.23672009540911,6.23672009540911,6.23672009540911
438,"LIE","Liechtenstein",-7777,-7777,-7777,-7777,-7777,-7777,-7777,-7777,-7777,-7777,-7777,-7777,-7777,-7777,-7777,-7777,-7777,-7777,-7777,-7777,-7777,-7777,-7777,-7777,-7777,-7777,-7777,-7777
440,"LTU","Lithuania",100,100,100,100,100,100,100,100,100,100,100,100,100,100,100,100,100,100,100,100,100,100,100,100,100,100,100,100
442,"LUX","Luxembourg",-7777,-7777,-7777,-7777,-7777,-7777,-7777,-7777,-7777,-7777,-7777,-7777,-7777,-7777,-7777,-7777,-7777,-7777,-7777,-7777,-7777,-7777,-7777,-7777,-7777,-7777,-7777,-7777
446,"MAC","Macao",-8888,-8888,-8888,-8888,-8888,-8888,-8888,-8888,-8888,-8888,-8888,-8888,-8888,-8888,-8888,-8888,-8888,-8888,-8888,-8888,-8888,-8888,-8888,-8888,-8888,-8888,-8888,-8888
450,"MDG","Madagascar",0.0680555794144423,0.0680555794144423,0.0680555794144423,0.0680555794144423,0.0680555794144423,0.0680555794144423,0.0680555794144423,0.0680555794144423,0.0680555794144423,0.0680555794144423,0.0680555794144423,0.0680555794144423,0.929279313816982,0.929279313816982,1.4246927732099,2.05768671393066,3.16201972821968,4.23951885907696,4.24181906658454,4.24181906658454,4.24181906658454,4.24181906658454,4.24181906658454,7.84384070383356,7.84384070383356,7.84384070383356,7.84384070383356,7.84384070383356
454,"MWI","Malawi",-7777,-7777,-7777,-7777,-7777,-7777,-7777,-7777,-7777,-7777,-7777,-7777,-7777,-7777,-7777,-7777,-7777,-7777,-7777,-7777,-7777,-7777,-7777,-7777,-7777,-7777,-7777,-7777
458,"MYS","Malaysia",4.45756367689325,4.45756367689325,4.45756367689325,4.45756367689325,4.69484483082658,5.14345213295872,5.17157790560544,6.06095192389428,6.09654494381805,6.13296860366279,6.8093804854537,6.84257637371313,6.84259084772241,10.2120513645538,10.9764256126957,10.9764256126957,10.9764256126995,10.9764256126995,10.9764256126995,10.9835823547504,10.9845339566626,11.3135820312991,27.6794647394365,27.6794647394365,27.6794647394365,27.6794647394365,27.6794647394365,27.6794647394365
462,"MDV","Maldives",0,0.110858770555736,0.110858770555736,0.110858770555736,0.110858770555736,0.286093509911819,0.286093509911819,0.286093509911819,0.286093509911819,0.286093509911819,0.293204031540921,0.293204031540921,0.313085255191553,0.313085255191553,0.313085255191553,0.400420387922276,0.400420387922276,0.510900576003977,0.512652253826451,0.512652253826451,0.512652253826451,0.512652253826451,0.512652253826451,0.512652253826451,0.531171820920438,0.619870607501922,0.664357409471555,0.664357409471555
466,"MLI","Mali",-7777,-7777,-7777,-7777,-7777,-7777,-7777,-7777,-7777,-7777,-7777,-7777,-7777,-7777,-7777,-7777,-7777,-7777,-7777,-7777,-7777,-7777,-7777,-7777,-7777,-7777,-7777,-7777
470,"MLT","Malta",30.6986401328945,30.6986401328945,30.6986401328945,30.6986401328945,30.6986401328945,30.6986401328945,30.6986401328945,30.6986661910025,30.6990982228833,30.6990982228803,30.6990982228898,30.9404160361732,30.9404160361988,30.9741412931104,30.9743796907058,30.9743796907056,34.1643635008996,34.1643635008317,34.1647482473221,34.1647482473221,34.1647482473221,34.1647482473221,78.1107433296312,78.1110315185158,78.1119337901378,78.1125998875762,78.1125998875762,78.1125998875762
584,"MHL","Marshall Islands",0.0712826684131435,0.0712826684131435,0.0712826684131435,0.0712826684131435,0.0712826684131435,0.0712826684131435,0.0712826684131435,0.0712826684131435,1.88154948691373,1.88154948691373,1.90094982884656,1.90094982884656,2.37205033031818,2.37205033031818,2.37205033031818,2.37205033031818,2.38023830836546,2.38023830836546,2.38099233603712,2.38130297545324,2.38130297545324,2.38130297545324,2.38130297545324,2.38130297545324,2.38130297545324,2.38130297545324,2.38130297545324,2.38130297545324
478,"MRT","Mauritania",0.0124773482100205,0.0124773482100205,0.0124773482100205,0.0124773482100205,0.0124773482100205,0.0124773482100205,0.100707652509226,0.100707652509226,0.100707652509226,0.100707652509226,0.100707652509226,0.100707652509226,0.100707652509226,0.100707652509226,0.100707652509226,0.100707657321646,0.100707657321646,0.100707657321646,0.100707657321646,0.100707657321646,0.100707657321646,0.100707657321646,0.100707657321646,0.100707657321646,0.100707657321646,0.100707657321646,0.100707657321646,0.100707657321646
480,"MUS","Mauritius",0.000480426234307001,0.000480426234307001,0.000480426234307001,0.000857558414203171,0.000857558414203171,0.000857558414203171,0.00422532276948902,0.00422532276347216,0.00422532276347216,0.00422532276347216,0.00422532276347216,0.00422532276347216,0.00422532276347216,0.00422532276347216,0.00422532276347216,0.00422532276347216,0.00422532276347216,0.00422532276347216,0.00422532276347216,0.00422532276347216,0.00422532276347216,0.00422532276347216,0.00422532276347216,0.00422532276347216,0.00422532276347216,0.00422532276347216,0.00422532276347216,0.00422532276347216
484,"MEX","Mexico",7.84943613352008e-06,7.84943613352008e-06,0.664768872626797,0.664768872626797,0.81370953446922,1.38409766830329,5.12886705502581,5.12886705502581,5.22810433360939,5.22810437175595,7.34097661040062,9.2820928621727,9.28209286217059,10.510636063101,10.6112664924449,11.7872891863429,11.7872891863429,11.7872891863429,11.8714830948639,11.8714831318767,11.8714831318055,11.8714831318765,100,100,100,100,100,100
583,"FSM","Micronesia",0.138238196308405,0.138238196308405,0.138238196308405,0.138238196308405,0.138238196308405,0.138238196308405,0.138238196308405,0.138238196308405,0.138238196308405,0.138238196308405,0.138238196308405,0.138238196308405,0.138238196308405,0.138238196308405,0.138238196308405,0.138238196308405,0.138238196308405,0.138238196308405,0.138238196308405,0.138238196308405,0.138238196308405,0.138238196308405,0.138238196308405,0.138238196308405,0.138238196308405,0.138238196308405,0.138238196308405,0.138238196308405
498,"MDA","Moldova",-7777,-7777,-7777,-7777,-7777,-7777,-7777,-7777,-7777,-7777,-7777,-7777,-7777,-7777,-7777,-7777,-7777,-7777,-7777,-7777,-7777,-7777,-7777,-7777,-7777,-7777,-7777,-7777
492,"MCO","Monaco",0.0347485379766475,0.0347485379766475,0.0347485379766475,0.586376806064926,0.586376806064926,0.586376806064926,0.586376806064926,0.586376806064926,0.586376806064926,0.586376806064926,0.586376806064926,0.586376806064926,0.586376806064926,0.586376806064926,0.586376806064926,0.586376806064926,0.586376806064926,0.586376806064926,0.586376806064926,0.586376806064926,0.586376806064926,0.586376806064926,0.586376806064926,0.586376806064926,0.586376806064926,0.586376806064926,0.586376806064926,0.586376806064926
496,"MNG","Mongolia",-7777,-7777,-7777,-7777,-7777,-7777,-7777,-7777,-7777,-7777,-7777,-7777,-7777,-7777,-7777,-7777,-7777,-7777,-7777,-7777,-7777,-7777,-7777,-7777,-7777,-7777,-7777,-7777
499,"MNE","Montenegro",0.609669377049118,0.609669377049118,0.609669425077193,0.609669425077193,0.609669425077193,0.609669425077193,0.609669425077193,0.609669425077193,0.609669425077193,0.609669425077193,0.609669425077193,0.609669425077193,0.609359575157467,0.609359575157467,0.609359575157467,0.609359575157467,0.609359575157467,0.609359575157467,0.609359575157467,0.609359575157467,0.609359575157467,0.609359575157467,0.609359575157467,0.609359575157467,0.609359575157467,0.609359575157467,0.609359575157467,0.609359575157467
504,"MAR","Morocco",0,0,0,0,0,0,0,0,0,0,0,0.194439085395753,0.194439085395753,0.194439085395753,0.194439085395753,0.194439085395753,0.194439085395753,0.194439085395753,0.194439085395753,0.194439085395753,2.27445559001055,2.27445559001055,2.27445559001055,2.27445559001055,2.27445559001055,2.27764445649243,2.27764445649243,2.27764445649243
508,"MOZ","Mozambique",2.16393194394363,2.16393194394363,2.16393194394363,2.16393194394363,2.16393194394363,2.16393194394363,2.16393194394363,2.16393194394363,2.16393194394363,2.16393194394363,2.16393194394363,2.16393194394363,2.16393194394363,2.16393194394363,2.16393194394363,3.38597302533556,3.38597302533556,3.38597302533556,3.38597302533556,3.38597302533556,3.38597302533556,3.38597302533556,3.38597302533556,3.38597302533556,3.38597302533556,3.38597302533556,3.38597302533556,3.38597302533556
104,"MMR","Myanmar",0,0,3.58663218169227,3.58663218169227,3.58663218169227,3.58663218169227,3.58663218169227,3.58663218169227,3.58663218169227,3.58663218169227,3.58663218169227,3.58663218169227,3.58663218169227,3.58663218169227,3.58663218169227,3.58663218169227,3.58663218169227,3.58663218169227,3.58663218169227,3.58663218169227,3.58663218169227,3.58663218169227,3.58663218169227,3.58663218169227,3.58663218169227,3.58663218169227,3.58663218169227,3.58663218169227
516,"NAM","Namibia",0,0,0,0,0,0,0,0,0,0,0,0,0,0,0,16.7561212629289,16.7561212629289,16.7561212629289,16.7561212629289,16.7561212629289,16.7561212629289,16.7561212629289,16.7561212629289,16.7561212629289,16.7561212629289,16.7561212629289,16.7561212629289,16.7561212629289
520,"NRU","Nauru",0,0,0,0,0,0,0,0,0,0,0,0,0,0,0,0,0,0,0,0,0,0,0,0,0,0,0,0
524,"NPL","Nepal",-7777,-7777,-7777,-7777,-7777,-7777,-7777,-7777,-7777,-7777,-7777,-7777,-7777,-7777,-7777,-7777,-7777,-7777,-7777,-7777,-7777,-7777,-7777,-7777,-7777,-7777,-7777,-7777
528,"NLD","Netherlands",58.4744933942619,60.2908888019527,60.550487315183,60.5504873151612,60.5504873151298,60.550487315183,89.3794583272165,89.3794583271333,89.3794583272957,89.3794583274242,89.3794583273913,89.3794583274663,89.3794583273658,89.3794583273658,89.3794756266891,100,100,100,100,100,100,100,100,100,100,100,100,100
540,"NCL","New Caledonia",0.426151854559796,0.426151854559796,0.426151854559796,0.426151854559796,0.429801904467014,0.429801904467014,1.13589897107211,1.13589897107211,1.13589897107211,1.13589897107211,1.13589897107211,1.13589897107211,1.13589897107211,1.13589897107211,14.1497179669356,18.6737402578259,18.6737402578259,18.6737402578259,18.6737402578259,20.3983000653915,100,100,100,100,100,100,100,100
554,"NZL","New Zealand",1.81059337167945,1.81253208323958,1.81253208323958,1.81341763973259,1.81341763973259,1.81945404892993,1.81945404892993,21.004547819069,21.004547819069,22.1444623374775,22.1468490038608,22.148985860084,22.1560806943493,100,100,100,100,100,100,100,100,100,100,100,100,100,100,100
558,"NIC","Nicaragua",1.649267630555,1.649267630555,1.96606116895948,1.96606116895948,1.96606116895948,1.96606116895948,1.96606116895948,1.96606116895948,1.96606116895948,1.96606116895948,1.96606116895948,1.96606116895948,1.96606116895948,1.96606116895948,1.96606116895948,1.96606116895948,8.78808373182297,8.78808373182297,8.78808373182297,8.78808373182297,8.78808373182297,8.78808373182297,8.78808373182297,8.78808373182297,8.78808373182297,8.78808373182297,8.78808373182297,8.78808373182297
562,"NER","Niger",-7777,-7777,-7777,-7777,-7777,-7777,-7777,-7777,-7777,-7777,-7777,-7777,-7777,-7777,-7777,-7777,-7777,-7777,-7777,-7777,-7777,-7777,-7777,-7777,-7777,-7777,-7777,-7777
566,"NGA","Nigeria",0,0,0,0,0,0,0,0,0,0,0,0,0,0,0,0,0,0,0,0,0,0,0,0,0,0,0,0
570,"NIU","Niue",0,0,0,0,0,0,0,0,0,0,0,0,0,0,0,0,0,0,0,0,0,0,0,0,0,0,100,100
408,"PRK","North Korea",0.232306318474655,0.232306318474655,0.232306318474655,0.232306318474655,0.232306318474655,0.232306318474655,0.232306318474655,0.232306318474655,0.232306318474655,0.232306318474655,0.232306318474655,0.232306318474655,0.232306318474655,0.232306318474655,0.232306318474655,0.232306318474655,0.232306318474655,0.232306318474655,0.232306318474655,0.232306318474655,0.232306318474655,0.232306318474655,0.232306318474655,0.232306318474655,0.232306318474655,0.232306318474655,0.232306318474655,0.232306318474655
807,"MKD","North Macedonia",-7777,-7777,-7777,-7777,-7777,-7777,-7777,-7777,-7777,-7777,-7777,-7777,-7777,-7777,-7777,-7777,-7777,-7777,-7777,-7777,-7777,-7777,-7777,-7777,-7777,-7777,-7777,-7777
578,"NOR","Norway",1.63449780270227,1.63791070797905,1.63791074377479,1.63791096905796,1.63791096904404,1.63791096905796,1.63922292011189,1.63922292009797,1.80214524708022,1.80808251000808,1.81963417052721,2.76276351055257,2.76276351052274,2.76276872303571,2.76313824024686,40.2583435138152,40.9495234816077,40.9495234816453,43.2800921592644,43.3683506313401,43.3683506313312,43.3683688502917,43.7595493508453,43.7786720074817,43.778672007507,43.7824503084384,44.0980199580483,44.0980199580483
512,"OMN","Oman",0,0,0.380422479828604,0.380422479828604,0.380422479828604,0.380422479828604,0.380422479828604,0.380422479828604,0.380422479828604,0.380422479828604,0.380422479828604,0.380422479828604,0.380422479828604,0.380422479828604,0.380422479828604,0.380422479828604,0.380422479828604,0.380422479828604,0.380422479828604,0.380422479828604,0.380422479828604,0.380422479828604,0.380422479828604,0.380422479828604,0.380422479828604,0.380422479828604,0.380422479828604,0.380422479828604
586,"PAK","Pakistan",0.000419156512273087,0.000419156512273087,0.000419156512273087,0.000419156512273087,0.000419156512273087,0.000419156512273087,0.000419156512273087,2.08807603969392,6.88531339339575,6.88531339339575,6.88531339339575,6.88531339339575,6.88531339339575,6.88531339339575,6.88531339339575,6.88531339339575,6.88531339339575,6.88531339339575,6.88531339339575,6.88531339339575,6.88531339339575,6.88531339339575,6.88531339339575,6.88531339339575,6.88531339339575,6.88531339339575,6.88531339339575,6.88531339339575
585,"PLW","Palau",100,100,100,100,100,100,100,100,100,100,100,100,100,100,100,100,100,100,100,100,100,100,100,100,100,100,100,100
591,"PAN","Panama",2.08499720728918,2.08499720728918,2.08499720728918,2.08499720728918,2.08499720728918,2.08499720728918,2.08499720728918,2.08499720728918,2.08499720728918,2.08499720728918,8.16029782589585,8.16029782589585,8.16029782589585,8.16029782589585,8.26851206292208,9.52781029553074,9.55512682016294,9.55512682016294,9.55512682016294,9.55512682016294,9.55512682016294,100,100,100,100,100,100,100
598,"PNG","Papua New Guinea",1.15390475235093,1.15390475235093,1.15390475235093,1.15390475235093,1.15390475235093,1.15390475235093,1.15390475235093,1.15390475235093,1.15439652273003,1.15439652273003,1.15439652273003,1.15439652273003,1.15873211180818,1.15873211180818,1.15873211180818,1.15873211180818,1.15873211180818,1.15873211180818,1.15873211180818,1.15873211180818,1.15873211180818,1.15873211180818,1.15873211180818,1.15873211180818,1.15873211180818,1.15873211180818,1.15873211180818,1.15873211180818
600,"PRY","Paraguay",-7777,-7777,-7777,-7777,-7777,-7777,-7777,-7777,-7777,-7777,-7777,-7777,-7777,-7777,-7777,-7777,-7777,-7777,-7777,-7777,-7777,-7777,-7777,-7777,-7777,-7777,-7777,-7777
604,"PER","Peru",0,0,0,0,0,0,0,0,0,0,0,0,0,0,0,1.56915098636712,1.56915097188971,1.59279841482277,1.59279841482277,1.59279844787951,1.59279844787951,1.59279844787951,1.59279841482277,1.59279844787951,1.59279844787951,1.59279844787951,1.59279844787951,1.59279844787951
608,"PHL","Philippines",0.0366666566098591,0.0366666566098591,0.0366666566098591,0.0366666566098591,0.0366666566098591,0.525735356279569,0.525735356279569,1.65036422482043,1.65036422482043,1.65036422482043,1.65036422482043,1.65036422482043,1.65036422482043,1.65036422482043,1.65036422482043,1.65036422482043,3.39815020027887,3.39815020027887,3.41290222189667,3.41359789709252,3.41359789709252,3.41359789709252,3.86078103413242,3.86078103413242,14.5834846480064,14.5834846480064,14.5834846480064,14.5834846480064
616,"POL","Poland",0.00322073968261872,0.00322073968261872,0.00322073968261872,0.00322073968261872,0.00322073968261872,0.00322073968261872,0.00322073968261872,0.00322073968261872,0.00322073968261872,0.00322073968261872,100,100,100,100,100,100,100,100,100,100,100,100,100,100,100,100,100,100
620,"PRT","Portugal",21.8243051599167,21.8243051599167,21.8243051599167,21.8338082159902,21.8338082159902,21.9234229416149,21.9234229416149,21.9234229416149,21.9234229416149,21.9234229416149,21.9307189876984,21.9307189876983,22.5991040761845,24.9203321667603,24.9860911278147,25.0082199988265,25.0082199988265,28.3013221511455,28.3013221511455,28.3013221511475,28.3013221876329,30.0382226553634,43.2825979402551,43.2840233753425,43.2916006870746,43.2916006868883,43.2916006868883,43.2916006868883
634,"QAT","Qatar",0,0,0,0,0,0,0,0,0,0,0,0,0,0,0,0,0,0,0,0,0,0,0,0,0,0,0,0
178,"COG","Republic of Congo",0,0,0,0,0,0,0,0,0,0,0,0,0,0,0,0,0,0,0,0,0,0,0,0,0,0,0,0
642,"ROU","Romania",0,0,0,0,0,0,2.46091252159337,2.46091252159337,2.46091252159337,2.46091252159337,2.46091252159337,2.46091252159337,2.5759897756907,51.5621645079375,51.5621645079375,100,100,100,100,100,100,100,100,100,100,100,100,100
643,"RUS","Russia",0.888045178596526,0.888045178596526,0.888045178596526,0.889522492283587,0.889522492283587,0.889522492281763,0.889522492281763,0.889522492281763,0.889603093559738,0.889603093559738,0.889603093559738,0.889667801819629,0.889667801819629,0.889694294961294,0.889694294961617,0.891036273874466,0.891042840855482,0.891042840857304,0.891042840855482,0.891042840242899,0.89104284024426,0.89104284024426,0.891569200171485,0.909332300845789,0.909332300845789,0.909332300845789,0.909332300845789,0.909332300845789
646,"RWA","Rwanda",-7777,-7777,-7777,-7777,-7777,-7777,-7777,-7777,-7777,-7777,-7777,-7777,-7777,-7777,-7777,-7777,-7777,-7777,-7777,-7777,-7777,-7777,-7777,-7777,-7777,-7777,-7777,-7777
652,"BLM","Saint Barthelemy",0,0,2.6426904015146,2.6426904015146,2.6426904015146,2.6426904015146,2.6426904015146,2.6426904015146,2.6426904015146,2.6426904015146,2.6426904015146,2.6426904015146,2.6426904015146,2.6426904015146,2.6426904015146,2.6426904015146,100,100,100,100,100,100,100,100,100,100,100,100
659,"KNA","Saint Kitts and Nevis",0.00249222249550968,0.00249222249550968,0.00249222249550968,0.00249222249550968,0.00249222249550968,0.00249222249550968,0.00249222249550968,0.00249222249550968,0.00249222249550968,0.00249222249550968,0.00249222249550968,0.00249222249550968,0.00249222249550968,0.00249222249550968,0.00249222249550968,0.00249222249550968,0.00249222249550968,0.00249222249550968,0.00249222249550968,0.00249222249550968,0.00249222249550968,0.00249222249550968,44.1317074194758,44.1317074194758,44.1317074194758,44.1317074194758,44.1317074194758,44.1317074194758
662,"LCA","Saint Lucia",0.0828867809283845,1.14281816175721,1.14281816175721,1.14281816175721,1.70251916098213,1.70251916098213,1.70251916098213,1.70251916098213,1.7573414783116,1.7573414783116,1.7573414783116,1.7573414783116,1.7573414783116,1.75734145100962,1.75734145100962,1.75734145100962,1.75734145100962,1.75734145100962,1.75734145100962,1.75734145100962,1.75734145100962,1.75734145100962,1.75734145100962,1.75734145100962,1.75734145100962,1.75734145100962,1.75734145100962,1.75734145100962
670,"VCT","Saint Vincent and the Grenadines",2.14296011492272,2.14296011492272,2.14296011492272,2.14296011492272,2.14296011492272,2.14296011492272,2.14296011492272,2.14296011492272,2.14296011492272,2.14296011492272,2.14296011492272,2.14296011492272,2.14296011492272,2.14296011492272,2.14296011492272,2.14296011492272,2.14296011492272,2.14296011492272,2.14296011492272,2.14296011492272,2.14296011492272,2.14296011492272,2.14296011492272,2.14296011492272,2.14296011492272,2.14296011492272,2.14296011492272,2.14296011492272
882,"WSM","Samoa",0.450421418354266,0.450421418354266,0.489757461757393,0.590150144517514,0.675456043155377,0.770685993133522,0.777276101445764,0.779012417619684,0.782358043774595,0.786596852002971,0.788099974072045,0.791832928838228,0.800818996373421,0.811426265959301,0.811426265959301,0.811426265959301,0.811426265959301,0.811426265959301,0.811426265959301,0.811426265959301,0.811426265959301,0.811426265959301,0.811426265959301,0.811426265959301,0.811426265959301,0.811426265959301,0.811426265959301,0.811426265959301
674,"SMR","San Marino",-7777,-7777,-7777,-7777,-7777,-7777,-7777,-7777,-7777,-7777,-7777,-7777,-7777,-7777,-7777,-7777,-7777,-7777,-7777,-7777,-7777,-7777,-7777,-7777,-7777,-7777,-7777,-7777
678,"STP","Sao Tome and Principe",0,0,0,0,0,0,0,0,0,0,0,0,0,0,0,0,0,0,0,0,0,0,0,0,0,0,0,0
682,"SAU","Saudi Arabia",20.701473949891,20.701473949891,20.701473949891,20.701473949891,20.701473949891,20.701473949891,20.701473949891,20.701473949891,20.701473949891,20.701473949891,20.701473949891,20.701473949891,20.701473949891,20.701473949891,20.701473949891,20.701473949891,20.701473949891,20.701473949891,20.701473949891,20.701473949891,20.701473949891,20.701473949891,20.701473949891,20.701473949891,20.701473949891,20.701473949891,20.701473949891,20.701473949891
686,"SEN","Senegal",2.74585280997339,2.74585280997339,2.74585280997339,2.74585280997339,2.74585280997339,2.74585280997339,2.74585280997339,2.74585280997339,2.74585280997339,2.74585280997339,7.03235603307531,7.03235603307531,7.03235603307531,7.03235603307531,7.03235603307531,7.03235603307531,7.03235603307531,7.03235603307531,7.03235603307531,7.03235603307531,10.117684715522,10.117684715522,10.117684715522,10.117684715522,10.117684715522,10.117684715522,12.6188126692133,12.6188126692133
688,"SRB","Serbia",-7777,-7777,-7777,-7777,-7777,-7777,-7777,-7777,-7777,-7777,-7777,-7777,-7777,-7777,-7777,-7777,-7777,-7777,-7777,-7777,-7777,-7777,-7777,-7777,-7777,-7777,-7777,-7777
690,"SYC","Seychelles",1.85093933183028,1.85093933183028,1.85093933183028,1.85155877948976,1.85155877948976,1.85155877948976,1.85155877948976,1.85155877948976,1.85155877948976,1.85155877948976,1.85155877948964,1.85155877948964,1.85155877948964,1.85155877948964,1.85155877948964,1.85155877948964,1.85233328952138,1.85233328952138,1.85233328952138,1.85233328952138,1.85233328952138,1.85233328952138,1.85233328952138,1.85233328952138,1.85233328952138,1.85233328952138,100,100
694,"SLE","Sierra Leone",0,0,0,0,0,0,0,0,0,0,0,0,0,0,0,0,0,0,5.68355039971398,5.68355039971398,5.68355039971398,5.68355039971398,5.68355039971398,5.68355039971398,5.68355039971398,5.68355039971398,5.68355039971398,5.68355039971398
702,"SGP","Singapore",0,0,0,0,0,0,0,0,0,0,0,0,0,0,0,0,0,0,0,0,0,0,0,0,0,0,0,0
534,"SXM","Sint Maarten",0,0,0,35.7776801232779,35.7776801232779,35.7776801232779,35.7776801232779,35.7776801232779,35.7776801232779,35.7776801232779,35.7776801232779,35.7776801232779,35.7776801232779,35.7776801232779,35.7776801232779,35.7776801232779,35.7776801232779,35.7776801232779,35.7776801232779,35.7776801232779,35.7776801232779,35.7776801232779,35.7776801232779,35.7776801232779,35.7776801232779,35.7776801232779,35.7776801232779,35.7776801232779
703,"SVK","Slovakia",-7777,-7777,-7777,-7777,-7777,-7777,-7777,-7777,-7777,-7777,-7777,-7777,-7777,-7777,-7777,-7777,-7777,-7777,-7777,-7777,-7777,-7777,-7777,-7777,-7777,-7777,-7777,-7777
705,"SVN","Slovenia",-7777,-7777,-7777,-7777,-7777,-7777,-7777,-7777,-7777,-7777,-7777,-7777,-7777,-7777,-7777,-7777,-7777,-7777,-7777,-7777,-7777,-7777,-7777,-7777,-7777,-7777,-7777,-7777
90,"SLB","Solomon Islands",0.121357221214915,0.214845213271937,0.214845213271937,0.214845213271937,0.22918370445422,0.22918370445422,0.22918370445422,0.22918370445422,0.22918370445422,0.229200541179274,0.230091910357753,0.231037632974804,0.233457864387847,0.68553263198254,0.766411345751065,0.766411345751065,0.766411345751065,0.766411345751065,0.766411345751065,0.766411345751065,0.766411345751065,0.766411345751065,0.766411345751065,0.766411345751065,0.766411345751065,0.766411345751065,0.766411345751065,0.766411345751065
706,"SOM","Somalia",0,0,0,0,0,0,0,0,0,0,0,0,0,0,0,0,0,0,0,0,0,0,0,0,0,0,0,0
710,"ZAF","South Africa",0.531352913159553,0.531352913159553,0.531352913159553,0.531352913159553,0.531352913159553,0.531352913159553,1.26163159738821,1.33372250453482,1.33372250453482,1.33372250453482,2.74660304592257,2.74660304592257,2.74660304592257,2.74660304592257,2.7666177246792,2.7666177246792,2.7666177246792,2.9252932633892,2.9252932633892,100,100,100,100,100,100,100,100,100
410,"KOR","South Korea",11.8367774093284,11.8367774093262,11.8367774093284,11.8662794595601,11.8662794595601,11.9437425720111,12.9988945320151,12.9988961557533,13.0241996593198,13.4621563895638,13.6346902178217,13.6347813541661,13.6451813601937,13.7940098911341,14.3891523139765,14.4034086216392,14.4479127315095,14.4637157628383,14.6249572917662,14.644537331746,14.7259129738301,14.7262105396136,14.9278089893941,14.9483396371763,17.2275076559651,17.2323897804088,17.2327273657795,17.2327273657795
728,"SSD","South Sudan",-7777,-7777,-7777,-7777,-7777,-7777,-7777,-7777,-7777,-7777,-7777,-7777,-7777,-7777,-7777,-7777,-7777,-7777,-7777,-7777,-7777,-7777,-7777,-7777,-7777,-7777,-7777,-7777
724,"ESP","Spain",45.9043122339508,46.041677104915,46.0503267181565,46.0666379637012,46.0690618052175,46.0734235790706,46.0734259012763,46.2509088194888,46.2986390085209,46.6670221463835,46.7613500025072,46.762391224088,47.3709266428127,47.4160033612121,49.7810647685465,49.8178264223101,49.8890508416729,51.554535598654,51.7879358237999,51.7883417362323,81.0304783571217,81.1370662057132,82.7132875422353,82.7132875421831,100,100,100,100
144,"LKA","Sri Lanka",0.578844594006999,0.578844594006999,0.578844594006999,0.578844594006999,0.578844594006999,0.578844594006999,0.578844594006999,0.579368286877567,0.583565872596196,0.587811969233381,0.587811969233381,0.587811969233381,0.587811969233381,0.587811969233381,0.587811969233381,0.587811969233381,0.733315162294956,0.733315162294956,0.733315162294956,0.733315162294956,0.733315162294956,0.733315162294956,0.733315162294956,0.733315162294956,0.733315162294956,0.733315162294956,0.733315162294956,0.733315162294956
275,"PSE","State of Palestine",0,0,0,0,0,0,0,0,0,0,0,0,0,0,0,0,0,0,0,0,0,0,0,0,0,0,0,0
729,"SDN","Sudan",0.14461299280368,0.14461299280368,0.14461299280368,0.14461299280368,0.14461299280368,0.14461299280368,0.14461299280368,0.14461299280368,0.14461299280368,0.14461299280368,0.14461299280368,0.14461299280368,0.14461299280368,0.14461299280368,0.14461299280368,100,100,100,100,100,100,100,100,100,100,100,100,100
740,"SUR","Suriname",0,0,0,0,0,0,0,0,0,0,0,0,0,0,0,0,0,0,0,0,0,0,0,0,0,0,0,0
752,"SWE","Sweden",10.8617171645569,11.7059605856434,16.9661938111393,18.1378479968434,19.3249958389626,19.479409542501,20.7123872147282,20.834759881111,21.7855859935054,21.934257524403,23.218063991503,29.5652634321548,34.6970466610561,36.2446859889233,54.9400437956661,55.0669283596612,55.1905963269847,60.8464732967943,68.7684047867941,69.0614830562931,71.7222448506977,71.8663508549779,100,100,100,100,100,100
756,"CHE","Switzerland",-7777,-7777,-7777,-7777,-7777,-7777,-7777,-7777,-7777,-7777,-7777,-7777,-7777,-7777,-7777,-7777,-7777,-7777,-7777,-7777,-7777,-7777,-7777,-7777,-7777,-7777,-7777,-7777
760,"SYR","Syria",0,0,1.15902959736659,1.15902959736659,1.15902960600817,2.36242528196157,2.36242528196157,2.36242528196157,2.36242528196157,2.36242528196157,2.36242528196157,2.36242528196157,2.36242528196157,2.36242528196157,2.36242528196157,2.36242528196157,2.36242528196157,2.36242528196157,2.36242528196157,2.36242528196157,2.36242528196157,2.36242528196157,2.36242528196157,2.36242528196157,2.36242528196157,2.36242528196157,2.36242528196157,2.36242528196157
158,"TWN","Taiwan",0,1.73492741465725e-05,1.73492793120201e-05,1.73492793120201e-05,1.73492793120201e-05,1.73492793120201e-05,1.73492793120201e-05,0.0325263309057399,0.0380615482287879,0.0380615482287879,0.0380615482287879,0.0380615482287879,0.0380615482287879,8.38684375804541,8.38684375804541,8.3868437582563,8.3868437582563,8.3868437582563,8.3868437582563,8.3868437582563,8.39395616578499,8.39395616578499,8.39395616578499,8.39395616578499,8.39395616578499,8.39395616578499,8.39395616578499,8.39395616578499
762,"TJK","Tajikistan",-7777,-7777,-7777,-7777,-7777,-7777,-7777,-7777,-7777,-7777,-7777,-7777,-7777,-7777,-7777,-7777,-7777,-7777,-7777,-7777,-7777,-7777,-7777,-7777,-7777,-7777,-7777,-7777
834,"TZA","Tanzania",3.52195680283242,3.52195680283242,3.52195680283242,5.46941399399631,5.46941399399631,5.46941399399631,9.54803717750157,9.54803717750157,9.54803717750157,9.54803717750157,9.54803717750157,9.54803717750157,9.54803717750157,9.54803717750157,9.54803717750157,9.54803717750157,9.55058969616701,9.55058969616701,9.55058969616701,9.55058969616701,9.55058969616701,9.55058969616701,9.55058969616701,9.55058969616701,9.55058969616701,9.55058969616701,9.55058969616701,9.55058969616701
764,"THA","Thailand",13.0475067443283,13.0475067443283,13.0475067443283,13.0475067443283,13.2636690915081,14.421894765261,14.421894765261,14.4412768654475,15.5714355194314,15.5714355194314,15.5714355194314,15.5714355194314,15.5714355194314,15.5714355194314,15.5807683275652,15.6518483281653,15.6518483281653,15.7266928846264,15.7266928846264,15.7375662880945,15.7375662880945,26.2105747233258,34.5113341103568,41.7820866015916,43.7956440436898,43.7956440436898,43.7956440436898,44.55022155764
626,"TLS","Timor-Leste",0,0,0,0,0,0,0,0,0,0,0,0,0,0,7.25010594222891,7.25010594222891,7.25010594222891,7.25010594222891,7.25010594222891,7.25010594222891,7.25010594222891,7.25010594222891,7.26691225560954,7.26691225560954,7.26691225560954,7.26691225560954,7.26691225560954,7.26691225560954
768,"TGO","Togo",0,0,0,0,0,0,0,0,0,0,0,0,0,0,0,0,0,0,0,0,0,0,0,0,0,0,0,0
776,"TON","Tonga",0.377478349160295,0.377478349160295,0.377478349160295,0.377478349160295,0.377478349160295,0.377478349160295,0.377478349160295,0.377478349160295,0.377478349160295,0.377478349160295,0.377478349160295,0.377478349160295,0.449430063860617,0.466028142245922,0.515533417771697,0.515533417771697,0.515533417771697,0.515533417771697,0.515533417771697,0.515533417771697,0.515533417771697,0.515533417771697,0.515533417771697,0.515533417771697,0.515533417771697,0.515533417771697,0.515533417771697,0.515533417771697
780,"TTO","Trinidad and Tobago",0,0,0,0,0,0,0,0,0,0,0,0.419385978770322,0.419385978770322,0.419385978770322,0.419385978770322,0.419385978770322,0.419385978770322,0.419385978770322,0.419385978770322,0.419385978770322,0.419385978770322,0.419385978770322,0.419385978770322,0.419385978770322,0.419385978770322,0.419385978770322,0.419385978770322,0.419385978770322
788,"TUN","Tunisia",3.60831041953831,3.60831041953831,3.60831041953831,3.60831041953831,3.60831041953831,3.60831041953831,3.60831041953831,4.43155410604449,4.43155410604449,4.43155410604449,4.43155410604449,4.43155410604449,4.43155410604449,6.1827122442829,6.1827122442829,6.1827122442829,6.1827122442829,6.1827122442829,9.88587231109222,9.88587231109222,9.88587231109222,9.88587231109222,9.88587231109222,9.88587231109222,9.88587231109222,9.88587231109222,9.88587231109222,9.88587231109222
792,"TUR","Turkey",0,0,0,0,0,0,0,0,0,0,0,0,0,0,0,0,0,0,0,0,0,0,0,0,0,0,0,0
795,"TKM","Turkmenistan",-7777,-7777,-7777,-7777,-7777,-7777,-7777,-7777,-7777,-7777,-7777,-7777,-7777,-7777,-7777,-7777,-7777,-7777,-7777,-7777,-7777,-7777,-7777,-7777,-7777,-7777,-7777,-7777
796,"TCA","Turks and Caicos Islands",0.681249928408421,0.681249928408421,0.681249928408421,0.681249928408421,0.681249928408421,0.681249928408421,0.681249928408421,0.681249928408421,0.681249928408421,0.681249928408421,0.681249928408421,0.681249928408421,0.681249928408421,0.681249928408421,0.681249928408421,0.681249928408421,0.681249928408421,0.681249928408421,0.681249928408421,0.681249928408421,0.681249928408421,0.681249928408421,0.681249928408421,0.681249928408421,0.681249928408421,0.681249928408421,0.681249928408421,0.681249928408421
798,"TUV","Tuvalu",0,0,0.0517455084262651,0.0517455084262651,0.0517455084262651,0.0517455084262651,0.0517455084262651,0.0517455084262651,0.0517455084262651,0.0517455084262651,0.0517455084262651,0.0517455084262651,0.0517455084262651,0.0517455084262651,0.0517455084262651,0.0517455084262651,0.0517455084262651,0.0517455084262651,0.0517455084262651,0.0517455084262651,0.0517455084262651,0.0517455084262651,0.0517455084262651,0.0517455084262651,0.0517455084262651,0.0517455084262651,0.0517455084262651,0.0517455084262651
800,"UGA","Uganda",-7777,-7777,-7777,-7777,-7777,-7777,-7777,-7777,-7777,-7777,-7777,-7777,-7777,-7777,-7777,-7777,-7777,-7777,-7777,-7777,-7777,-7777,-7777,-7777,-7777,-7777,-7777,-7777
804,"UKR","Ukraine",59.2409881988374,69.25479376834,69.255057616486,69.2558307760309,69.2558307761219,69.2558307761219,69.2558307761219,69.2558307761219,69.2558307761219,69.2558307761219,69.3017462573705,69.3017462575827,69.3017462579908,69.3017462579908,69.3017462579908,69.3017462579908,69.3017462579908,69.3017462579908,69.3017462579908,69.301746257583,69.301746257583,69.301746257583,69.301746257991,69.301746257991,69.301746257991,69.301746257991,69.301746257991,69.301746257991
784,"ARE","United Arab Emirates",0,0.0501910610228749,0.0501910610228749,0.0501910610228749,0.0501910610228749,0.0501910610228749,0.0501910610228749,65.9123901809299,65.9123901809299,65.9123901809299,65.9123901809299,100,100,100,100,100,100,100,100,100,100,100,100,100,100,100,100,100
826,"GBR","United Kingdom",0.618040569951806,0.622967641136275,0.632807029855191,0.636291113899955,0.663703555266323,0.669278914547614,0.680217374913021,0.684743092179685,0.687482562813853,0.690122553685079,0.734702288745311,2.88005295326344,2.88006263144721,2.88006263144765,4.26223522070078,4.26224868184729,4.26224994787434,11.7967066543064,100,100,100,100,100,100,100,100,100,100
840,"USA","United States of America",10.1662820522869,10.1662820522955,10.1662821576949,10.168979719194,10.1876907518339,10.1881879616841,10.1943389882227,10.3825947290708,10.3826480084473,10.3949225036837,10.3950915891986,10.3952416133425,100,100,100,100,100,100,100,100,100,100,100,100,100,100,100,100
858,"URY","Uruguay",0,0,0,0,0,0,0,0,0,0,0,0,0,0,0,1.07346306660476,1.07346306660476,1.45286565399061,1.45286565399061,1.45286565399061,3.00761197979536,3.00761197979536,3.00761197979536,3.26133937139829,3.26133937139829,3.26133937139829,3.26133937139829,3.26133937139829
860,"UZB","Uzbekistan",-7777,-7777,-7777,-7777,-7777,-7777,-7777,-7777,-7777,-7777,-7777,-7777,-7777,-7777,-7777,-7777,-7777,-7777,-7777,-7777,-7777,-7777,-7777,-7777,-7777,-7777,-7777,-7777
548,"VUT","Vanuatu",0.0518632020234986,0.0528242061775361,0.0528242061775361,0.0528242061775361,0.0528242061775361,0.0528242061775361,0.0528242061775361,0.0585964110051548,0.0585964110051548,0.0585964110051548,0.0585964110051548,0.0585964110051548,0.0585964110051548,0.0585964110051548,0.0585964110051548,0.0585964110051548,0.0585964110051548,0.0585964110051548,0.0585964110051548,0.0585964110051548,0.0585964110051548,0.0585964110051548,0.0585964110051548,0.0585964110051548,0.0585964110051548,0.0585964110051548,0.0585964110051548,0.0585964110051548
862,"VEN","Venezuela",10.9226452706559,10.9226452706559,10.9226452706559,10.9226452706559,10.9226452706559,11.3792498593685,11.3792498593685,11.3792498593685,11.3792498593685,11.3792498593685,11.3792498593685,11.3792498593685,11.3792498593685,11.3792498593685,11.3792498593685,11.3792498593685,11.3792498593685,11.3792498593685,11.3792498593685,11.3792498593685,11.3792498593685,11.3792498593685,11.3792498593685,11.3792498593685,11.3792498593685,11.3792498593685,11.3792498593685,11.3792498593685
704,"VNM","Viet Nam",0.643974721894969,0.643974721916454,0.643974721916454,0.643974721894969,0.643974721894969,0.793591852345292,0.793591852345292,0.793591852345292,3.51190913668781,3.51190913693977,3.51190913693977,3.51190913623095,3.51190913623095,3.51190913693977,3.51190913693977,3.51190913623095,3.51190913623095,3.51190913693977,3.51190913693977,3.7901572627194,3.79015726208218,3.7901572627194,3.7901572627194,3.7901572627194,3.7901572627194,3.7901572627194,3.7901572627194,3.7901572627194
876,"WLF","Wallis and Futuna Islands",0,0,0,0,0,0,0,0,0,0,0,0,0,0,0,0,0,0,0,0,0,0,0,0,0,0,0,0
732,"ESH","Western Sahara",0,0,0,0,0,0,0,0,0,0,0,1.65949149578518,1.65949149578518,1.65949149578518,1.65949149578518,1.65949149578518,1.65949149578518,1.65949149578518,1.65949149578518,1.65949149578518,1.65949149578518,1.65949149578518,1.65949149578518,1.65949149578518,1.65949149578518,1.65949149578518,1.65949149578518,1.65949149578518
887,"YEM","Yemen",0,0,2.46849844606327,2.46849844606327,2.46849844606327,2.46849844606327,2.46849844606327,2.46849844606327,2.46849844606327,2.46849844606327,2.46849844606327,2.46849844606327,2.46849844606327,2.47568508337953,2.47568508337953,2.47568508337953,2.47568508337953,2.47568508337953,2.47568508337953,2.47568508337953,2.47568508337953,2.47568508337953,2.47568508337953,2.47568508337953,2.47568508337953,2.47568508337953,2.47568508337953,2.47568508337953
894,"ZMB","Zambia",-7777,-7777,-7777,-7777,-7777,-7777,-7777,-7777,-7777,-7777,-7777,-7777,-7777,-7777,-7777,-7777,-7777,-7777,-7777,-7777,-7777,-7777,-7777,-7777,-7777,-7777,-7777,-7777
716,"ZWE","Zimbabwe",-7777,-7777,-7777,-7777,-7777,-7777,-7777,-7777,-7777,-7777,-7777,-7777,-7777,-7777,-7777,-7777,-7777,-7777,-7777,-7777,-7777,-7777,-7777,-7777,-7777,-7777,-7777,-7777
