"code","iso","country","OZD.ind.1995","OZD.ind.1996","OZD.ind.1997","OZD.ind.1998","OZD.ind.1999","OZD.ind.2000","OZD.ind.2001","OZD.ind.2002","OZD.ind.2003","OZD.ind.2004","OZD.ind.2005","OZD.ind.2006","OZD.ind.2007","OZD.ind.2008","OZD.ind.2009","OZD.ind.2010","OZD.ind.2011","OZD.ind.2012","OZD.ind.2013","OZD.ind.2014","OZD.ind.2015","OZD.ind.2016","OZD.ind.2017","OZD.ind.2018","OZD.ind.2019","OZD.ind.2020","OZD.ind.2021","OZD.ind.2022"
4,"AFG","Afghanistan",13.6401704909287,13.753869535779,13.5709736956979,13.0809269081496,11.9510526006324,11.5630837922216,12.5681978184488,13.9950102295648,13.5033051696928,13.8027922400848,14.1802583647487,15.1807959091174,12.9821106234116,12.330367917293,14.0224795201578,16.5950338790998,17.8637422403608,17.5849517766922,17.4035291369303,18.6881660814145,17.9280321640226,16.9639619878479,15.8458595532881,18.1614688636575,18.4251929604982,18.4251929604982,18.4251929604982,18.4251929604982
8,"ALB","Albania",29.8861303530517,31.8575837238188,32.1744447097492,34.9531118664243,38.1072041014323,41.9220442912826,43.1724662620624,40.3107608953696,38.0509443107581,37.7577624384422,39.6832423626836,42.4293463521975,43.5814766412592,45.2045485511473,47.2905714760506,51.02224144834,51.9313239342044,51.8885524404476,51.942656848636,52.3839131729694,55.8915266582099,57.9026096031484,60.1997461447692,61.5348687490355,63.7379615489162,63.7379615489162,63.7379615489162,63.7379615489162
12,"DZA","Algeria",32.1734688118615,33.1637197934608,33.6666044080359,35.0505162743709,31.3164901416219,30.9577017834564,31.4227436009596,33.1814248992678,33.8501406931141,33.8416285372899,36.2617050526309,36.8721624718527,37.2514380041192,37.3595719408516,36.0378766754792,35.5820610407253,35.6144439781187,36.8373035399509,35.7154769180976,35.4279851331649,35.4262750579338,36.8038568196207,37.0112604305683,35.7448535366357,35.5744294402878,35.5744294402878,35.5744294402878,35.5744294402878
20,"AND","Andorra",33.7736087827443,34.4881685536255,36.05608607456,37.2457069930357,36.6256609110003,36.0866415248979,36.6245629191637,35.4124733979685,36.0484158707627,35.3967194552916,35.3625646497312,35.1756467897235,36.6392469363045,37.5276200456621,37.1929178933788,36.8128837795075,36.8685050388214,36.9269411032525,36.7625935961011,37.3265335304041,38.3212655185489,40.1314154336984,41.3618150150064,39.8736220442134,40.3454973118281,40.3454973118281,40.3454973118281,40.3454973118281
24,"AGO","Angola",23.3404346575515,24.9273709602339,24.8564587665424,24.8005607382892,24.4035282948292,29.2562941775558,30.6160022726047,33.2258960972543,30.837092519179,25.8237036715612,22.1502115283133,19.5001876480863,22.1084080212084,25.3578369433446,27.9168499858487,28.8411800376366,29.667288949818,31.5811090813375,32.2554107392709,33.3973032897733,35.0182512297486,35.0676762677971,35.1650384998199,36.175775349322,36.8043738163385,36.8043738163385,36.8043738163385,36.8043738163385
660,"AIA","Anguilla",-8888,-8888,-8888,-8888,-8888,-8888,-8888,-8888,-8888,-8888,-8888,-8888,-8888,-8888,-8888,-8888,-8888,-8888,-8888,-8888,-8888,-8888,-8888,-8888,-8888,-8888,-8888,-8888
28,"ATG","Antigua and Barbuda",77.5895579437949,79.8240484531291,78.7840410903328,85.0770144837006,88.2045337222305,99.9969364185819,91.3986109375515,94.5894108815683,94.6704025568508,100,100,100,100,100,100,100,100,100,100,100,100,100,100,100,100,100,100,100
32,"ARG","Argentina",55.6434592774148,55.8262951623394,57.2699611305303,55.3392974994505,55.51630259285,57.1584026210748,58.0942231200307,57.353579464631,57.1426075794926,57.19604757586,54.1667620299278,53.194703718452,52.1136807250852,55.9055077301727,55.8457787017385,55.6473140694844,53.5672608764025,51.4198273604847,53.3172062242511,54.3911875879471,56.7931616381544,52.7904913651798,56.1719991967181,52.1456809417346,51.7871787555477,51.7871787555477,51.7871787555477,51.7871787555477
51,"ARM","Armenia",23.9997834247892,25.4104958519487,27.5723075094791,28.7314163583816,28.0718951722697,28.3052980125477,30.17229133124,30.1997188431741,30.3791115150212,30.5059309946678,30.5646495699015,29.5911662334805,27.8942239842606,27.7301171466749,28.7198024398832,30.5269450390504,29.5347944507519,29.1843887028109,28.8744420689086,29.2848024503585,29.1664776473107,28.779239182663,28.7150022701713,28.3625960171992,28.0823279212625,28.0823279212625,28.0823279212625,28.0823279212625
533,"ABW","Aruba",-8888,-8888,-8888,-8888,-8888,-8888,-8888,-8888,-8888,-8888,-8888,-8888,-8888,-8888,-8888,-8888,-8888,-8888,-8888,-8888,-8888,-8888,-8888,-8888,-8888,-8888,-8888,-8888
36,"AUS","Australia",81.0445791784666,80.1696704819238,79.1090459739164,79.3034014887173,80.0389973200141,81.6154326109716,76.786100043748,77.4953140828995,78.6462389960777,85.1861221663552,84.7745006415439,83.8269778324734,84.2903383769074,85.7155437165322,89.9406878006537,91.1476859252934,91.2339023265042,86.694089174521,83.7730828433025,83.1690654151169,82.9910902906426,81.3880625036667,87.9372412182108,79.4804322342331,78.0582229330703,78.0582229330703,78.0582229330703,78.0582229330703
40,"AUT","Austria",45.4666591436324,46.4341824197386,45.9565663871697,45.8413720617119,44.4101167239229,44.199369382733,42.8357814714116,39.9327794627692,39.4344944577558,40.1906650463893,42.9859028210521,42.7209703413259,43.3830221719248,44.7759527012301,45.959344683074,45.881924580789,45.6227420969511,44.7719902669969,44.5540963562902,43.7968446422394,44.2317980396969,44.4829477342675,45.909894374685,44.8449807254208,44.9442670669513,44.9442670669513,44.9442670669513,44.9442670669513
31,"AZE","Azerbaijan",27.7895531402948,29.6817622654908,31.4113188360999,32.8553221773736,33.5350963716046,35.4580048660182,38.8362234950001,39.8825113296422,40.6492878083324,41.0597941467668,42.685175341107,42.2237744010274,41.2427926477694,39.4403108809234,40.1055646592695,41.9074590108124,40.3113011228634,39.0615826510299,37.5635496687327,37.2461597560826,36.9701613532279,35.4250303070583,35.5524725768913,35.6255895388695,35.4642640295129,35.4642640295129,35.4642640295129,35.4642640295129
44,"BHS","Bahamas",64.640068357733,61.858064195014,59.1802777757984,56.7897070904663,55.7885779661174,59.1727016784792,61.1133715975123,63.4141989371157,62.8522036351499,61.7446049842292,60.6324219690309,59.7760262332328,60.9404467924443,62.9436212283965,61.9225390717481,60.9259584583264,60.5035558539942,62.3259031727443,62.6085547625469,66.3774506320651,67.9391803119225,70.4179450796526,69.5740395209164,69.0503911455037,70.4444335415837,70.4444335415837,70.4444335415837,70.4444335415837
48,"BHR","Bahrain",14.7623168824929,14.2939195189964,14.4161575875385,13.5073880953107,12.6295748827727,15.0745332052464,18.8827627814438,16.9353227275689,13.3521641967862,14.0343455298848,14.655179922339,15.8026830634395,14.0218039959518,14.3147035780894,17.9538352486103,21.7684720001868,24.013682505157,23.8310899876353,25.2787461299424,27.1299205835738,26.2621283954303,25.0813516528386,24.1214861126636,25.2139670062097,24.9730289537394,24.9730289537394,24.9730289537394,24.9730289537394
50,"BGD","Bangladesh",5.41163100354088,5.61401099468374,5.33341132848069,5.39325069689872,5.1939662471702,5.91843879709927,6.95826335638252,7.6531141464104,6.50759970574497,6.7019366265534,6.68070817691174,6.80893033436371,6.0431638864535,6.67759583056015,8.76790795546665,8.74303868273205,9.36221477614828,9.52706830565775,10.2358921714472,11.0320158336636,12.2209971150831,12.0007587481199,11.233992422335,10.4425925914396,10.3492442038512,10.3492442038512,10.3492442038512,10.3492442038512
52,"BRB","Barbados",92.0664572751954,99.1047519817566,98.6790332508556,100,100,100,100,100,100,100,100,100,100,100,100,100,100,100,100,100,100,100,100,100,100,100,100,100
112,"BLR","Belarus",31.1549751237556,31.7024243134056,34.7274141580217,36.0802521065055,36.2502538503469,35.9481823151857,35.5039600555825,36.2079295470218,38.4806863345976,40.785404271861,42.0194491013133,44.7261879185465,47.704490689513,50.7451636827345,52.1126726120801,53.3855141352019,52.4390364540823,55.6992162849983,57.8924803900224,59.9724250093629,59.1989456069746,61.7611124969732,65.4455055454909,61.7766669838063,62.108484197473,62.108484197473,62.108484197473,62.108484197473
56,"BEL","Belgium",40.8650618488734,42.6571857344942,44.1722731302703,43.3427752165971,45.7814727434416,45.3495603092416,48.5538511602677,40.5635464839831,40.4221528130871,40.3561208403151,43.0474185147438,45.7455628437266,46.6530398371412,49.3665869414312,48.754515168115,49.1975321469965,50.9537551087315,49.2809200381625,47.3044099024499,46.4609538521724,48.3501365961461,50.4961648573899,52.0350949472898,48.8338181645084,48.5976271353201,48.5976271353201,48.5976271353201,48.5976271353201
84,"BLZ","Belize",49.4041318997665,49.9008847589775,50.7711978865007,47.4614763181293,42.6307597565068,42.8941480617983,42.5301518097635,44.7877666149298,43.7104942707432,48.2974762185273,50.5198229946357,50.0923103252339,52.2888459758747,55.397878731286,57.3468929820372,54.8295023918163,52.9779336830661,48.4699598428702,50.6230567486768,52.3653763094864,55.888392303391,54.2216690004206,54.6427472227236,51.9006989611095,51.6479643226752,51.6479643226752,51.6479643226752,51.6479643226752
204,"BEN","Benin",39.0357982927834,38.6234844160087,38.0346119222339,38.0980800131985,39.02781773257,42.4128115898125,43.7702239168912,48.1150518056974,49.1375048070032,48.5622530142246,42.7101499799785,36.080587674365,35.5201100687036,38.0898814324505,41.6911998722818,38.531078115534,35.3507348501014,33.2438569817726,31.3427334107099,31.0586295755935,30.201851404995,33.0047152489436,33.3039862970141,29.8659434159658,29.0883989440303,29.0883989440303,29.0883989440303,29.0883989440303
60,"BMU","Bermuda",42.0813284114335,41.8356448117147,41.3405086084208,41.1630915336565,42.4530039550861,44.0365564849757,44.6316444234017,44.9597633926174,46.3423973808889,48.3808668294888,48.7432373733501,49.1804353404468,49.3191016692432,50.7066782285785,50.1579421768771,52.1056981347146,52.5800927200464,55.9615711891342,56.7167737126761,57.2238240291971,55.3950478621883,54.6039615700893,54.3381142909337,57.6057496043834,58.3544875549154,58.3544875549154,58.3544875549154,58.3544875549154
64,"BTN","Bhutan",2.45235557744279,2.53387080233212,2.25447268859286,2.10916931185621,1.82658769967674,2.45695751415364,4.36019545616742,5.0494337920949,4.17532528488218,3.19663669088884,3.44690859656525,3.02318623921487,1.11702815909595,0.666621580232629,1.88598269232116,3.24955450660775,2.47934556031088,1.33055966040493,1.77291564197456,3.77238107612114,4.28391690788746,2.54742450665897,1.24060901872164,2.84521813615567,2.92642120603993,2.92642120603993,2.92642120603993,2.92642120603993
68,"BOL","Bolivia",51.8488425496446,55.5936976557743,61.7680521287232,61.0391102327899,61.1185617987252,64.6877290463484,67.3960815389818,65.374759954314,63.2604944929544,60.3592095204343,56.516423862264,54.5273882379755,54.7310622965925,63.3615650154363,64.1863188430979,60.9404699173063,51.8161781501082,47.0700851316069,53.0236265716948,54.3719773060335,53.8817580793535,46.0272099291459,46.0297994323467,44.0479636187364,42.3919927451424,42.3919927451424,42.3919927451424,42.3919927451424
70,"BIH","Bosnia and Herzegovina",27.4139117090992,29.8818151104216,30.564109673505,33.3480916696397,35.1339350880963,37.1636083862558,37.4563460909174,35.0743771177033,35.217052039708,35.822053167009,38.5008432553692,39.2868976275698,39.9554799283052,41.8146739658994,43.1022513506564,42.868150742374,41.4422718414131,40.425218337067,40.2377426562999,40.6633456233116,43.6320316543955,44.7036310351343,46.7600222363466,43.5077162165563,43.5278558625717,43.5278558625717,43.5278558625717,43.5278558625717
72,"BWA","Botswana",36.1843605225819,35.4967033029449,34.8404216514753,34.3508536030981,32.7633675047305,35.1712069338981,35.4583451333194,39.4112456337065,39.4618061597088,32.2737503522762,27.6754085294807,22.6989922878669,25.0242074214017,28.2976844445517,32.8410239432104,34.8342178344134,33.5429953642583,31.7337995915434,31.8560646461431,34.204042531861,36.9887295115728,34.5037660236711,32.3340167838971,33.5998190636075,33.6420789679391,33.6420789679391,33.6420789679391,33.6420789679391
76,"BRA","Brazil",45.6665274483191,45.4735886328754,45.8966753801288,44.8233380131289,45.6574797188797,48.2484473823917,46.919715807301,46.1241435136178,46.7129862228039,51.693256426751,53.6310602792689,51.7540823259675,52.6803003776997,55.8578129745666,56.9138270173051,54.3639342507111,49.6637317927652,48.2090678946131,47.2572156008454,47.5913874275424,47.9663094171757,46.4185009444152,48.2459067988857,42.6705962283566,41.2305942017619,41.2305942017619,41.2305942017619,41.2305942017619
92,"VGB","British Virgin Islands",-8888,-8888,-8888,-8888,-8888,-8888,-8888,-8888,-8888,-8888,-8888,-8888,-8888,-8888,-8888,-8888,-8888,-8888,-8888,-8888,-8888,-8888,-8888,-8888,-8888,-8888,-8888,-8888
96,"BRN","Brunei Darussalam",69.8762024936499,59.2080874885048,41.6905528813614,41.0536971810022,55.0304972939739,78.7863029050327,71.5362009129147,72.0490187498436,62.4180175317622,68.5239903980633,59.7547851581512,59.8323106431341,61.8031939058968,65.9754759558671,69.8901429909442,70.8732388096065,69.7713116215221,68.1817095350318,67.2511976607476,65.945815377988,65.6133505693351,68.4032736146118,88.9733025384457,69.4082345723299,68.8030744186233,68.8030744186233,68.8030744186233,68.8030744186233
100,"BGR","Bulgaria",27.3592919088439,29.6902016073943,30.8688204343882,36.7068865369912,43.3076070463716,51.9960606904733,50.9371954463278,41.4874625245926,37.707572534193,38.7147233732672,44.193819554569,43.0046769751374,41.3617967592418,40.0217855758213,41.0542790448403,42.3348555866841,42.7529267688441,42.0416519000946,41.2751693239071,42.5804557972389,45.0265327772328,47.6616236678061,48.7608466199669,47.5465881899396,48.5884973713311,48.5884973713311,48.5884973713311,48.5884973713311
854,"BFA","Burkina Faso",53.1334583632456,52.2724388120047,50.741626369224,50.7493154376973,51.6415250942559,56.7492948766366,60.1934307199639,64.481922137792,61.7928292534291,58.3399578814776,53.5015402753665,49.086856470278,49.4997608027616,53.6177973265945,57.3839813304117,54.127986732678,50.9354280480494,49.1192255500974,45.6261150540834,43.762943285493,42.2650028245315,45.0869320211076,45.9315127485086,40.8861271319585,39.9635723741451,39.9635723741451,39.9635723741451,39.9635723741451
108,"BDI","Burundi",41.4943137098449,41.136991312212,39.608275252966,43.9435755636497,40.3065179482778,47.6439651493988,48.101501064682,55.6351053428074,55.9493494322302,45.6640619787398,37.8853447270359,31.3920445324322,35.7811439966597,42.52348198801,45.5581839235278,41.0382923572775,36.7619162725843,34.5337944204519,31.8960152703558,31.8487920436376,31.5196596505505,33.3322237314324,32.4773692375729,27.4754695279427,26.0484392143308,26.0484392143308,26.0484392143308,26.0484392143308
132,"CPV","Cabo Verde",61.6959979531765,63.4528853990711,61.9632702198967,63.359089823604,60.490533545571,64.9108849184547,68.7665802511238,70.7610962789485,68.2763240254435,68.3956189088501,72.5426527093763,72.9185530444581,72.379005689431,74.3664253862383,71.8101766967222,66.2189210598965,62.5607435037669,63.08434870291,58.5352197515315,57.422809913617,57.3499272303443,63.4507328647721,70.7424282531732,54.9811607608839,54.0242409474119,54.0242409474119,54.0242409474119,54.0242409474119
116,"KHM","Cambodia",56.6602388242281,57.3540933014209,53.1610057373518,56.7728578358738,57.9439540276943,66.8623823873715,59.2331765783847,55.9691914736732,47.1441349402057,46.423339670768,48.1678741276531,46.7944542172725,45.9683344351517,44.3823193544343,47.6620363372824,42.0796277525795,36.2184253931826,33.5532515939368,36.1807425288838,40.4411489293905,40.8909276179036,43.5469627025955,46.6463481407853,40.1794003408721,39.9384032057718,39.9384032057718,39.9384032057718,39.9384032057718
120,"CMR","Cameroon",35.4397399604546,37.3858356447986,38.6309715752359,40.2777352976109,41.5694334387754,47.1324050911589,49.6850919668356,52.4814638373152,50.0463813872578,46.1203219239861,39.2911241565264,33.6150939399686,34.1852127174923,39.2973194257513,43.7255351907241,42.375387550912,39.6709994093029,39.0538012704215,36.7439822697037,35.9239899149198,34.3439693107874,35.423128386682,35.0770168446698,32.6301376330466,31.7379419821952,31.7379419821952,31.7379419821952,31.7379419821952
124,"CAN","Canada",50.8818239009425,51.5774570264347,49.7741679089865,47.6623324125379,48.6813018031521,48.905710350826,49.7310327105439,47.3425442190088,50.0393168733314,50.5213594165798,51.6172055472614,51.0611808458991,51.9969377866363,53.6856807272662,54.3600839955463,55.50660890898,53.8393105869725,54.119779562547,54.1677635633979,54.6041651775402,55.2968758231375,56.3112886370151,59.9089066024643,56.330570976952,56.2767370501375,56.2767370501375,56.2767370501375,56.2767370501375
136,"CYM","Cayman Islands",-8888,-8888,-8888,-8888,-8888,-8888,-8888,-8888,-8888,-8888,-8888,-8888,-8888,-8888,-8888,-8888,-8888,-8888,-8888,-8888,-8888,-8888,-8888,-8888,-8888,-8888,-8888,-8888
140,"CAF","Central African Republic",10.3992620706425,10.8286009409098,11.6533728195619,14.4474455628107,15.6161489930586,20.3852501884992,23.1300003482811,25.2249756708932,22.6737265088897,21.1706788763848,15.4726886815226,12.0018480339128,11.184940009261,14.9963045549285,17.8576696425637,18.2220275968278,18.0850592557821,19.5863806865029,18.943805313168,19.8914623089172,17.115803063281,14.7101487480815,11.4422925361489,14.2577790564932,13.8071175267436,13.8071175267436,13.8071175267436,13.8071175267436
148,"TCD","Chad",37.7588177114525,37.4678003067325,36.4373448759238,37.5794845335214,38.1868735161257,43.9974001211972,45.933236140768,47.4998394228068,44.179013523582,39.7133250504945,35.1409346841397,30.9138763501388,30.7336262135153,34.7613711367014,37.6173175332944,38.0537130955366,35.888024269533,36.0782750212882,33.6837540027434,32.9429843379005,32.2363660347948,33.1907285379027,32.7202219176328,31.0782367003369,30.4992425353949,30.4992425353949,30.4992425353949,30.4992425353949
152,"CHL","Chile",53.8909004776054,55.3045673808797,55.9776477719438,53.870986417809,52.5107420492823,53.4548156257712,52.2039747266445,52.6248062794318,53.3277294032308,55.3273756134114,56.6915823079922,56.8912430414709,56.7738256855822,58.4759332773449,60.1809277657979,61.5760850919097,62.2552764242632,65.6622944559887,67.6033403420172,66.9515043641191,65.157307372738,62.674936669298,65.720807259343,65.7424627844347,65.8181554021471,65.8181554021471,65.8181554021471,65.8181554021471
156,"CHN","China",0,0,0,0,0,0.766243852694075,1.27382488585982,2.08573493534745,2.01343650753948,1.57506701326324,2.33102762748447,2.45362385586701,3.16830083079429,3.21258609991122,5.32860498454153,6.65757728904093,9.05324535951792,12.2312238457062,15.8429500024528,18.3053118912113,18.2779542801776,16.8846086456535,16.7973226688809,21.1002884448181,22.0552707601399,22.0552707601399,22.0552707601399,22.0552707601399
170,"COL","Colombia",54.7377985325845,54.2841510933201,55.4923405554963,56.4470736741418,56.2531259503303,59.5106272786154,54.4578910103406,52.5656268868081,52.5905497751793,59.9334228344139,65.4738235579177,65.3243591542159,67.112992170541,68.3827483874873,71.3282445734269,72.4600098409993,69.8455056800676,62.7976495854138,64.1786035014394,66.1622869290522,70.6998751756448,69.539225402635,77.8734420776331,66.8455615410136,66.2311966574994,66.2311966574994,66.2311966574994,66.2311966574994
174,"COM","Comoros",95.9333969614198,98.3360298680579,97.982129561165,95.1398070391664,88.1704628024277,100,100,100,100,100,91.8979153598255,78.2741263017748,78.7828448007125,86.1322959007522,96.9183768765738,92.1647348188435,81.8911942956651,75.4418787433408,67.6148013248281,67.9899350953049,67.4822594959147,80.0538000081308,94.3691226423052,66.590341403335,63.6603065634426,63.6603065634426,63.6603065634426,63.6603065634426
184,"COK","Cook Islands",46.7588626131556,48.153589176856,44.7393233679424,42.6234205418564,42.9793848001529,46.8544450818983,49.0528696214909,49.0206409016676,51.0076619725629,52.330239108059,53.2650599260397,51.2243933067593,53.0406730676595,54.0349853081153,56.7146347667185,58.0104967841316,59.6132383604701,61.1949238167625,58.1607808856829,59.4403599633512,59.2852889211907,62.3885131645292,68.9623032320638,62.6775652712794,63.0633895132882,63.0633895132882,63.0633895132882,63.0633895132882
188,"CRI","Costa Rica",57.3011086437699,56.8243771964134,55.5845895509774,54.6879146631744,52.0597987460601,54.2151690330844,49.6825219758733,52.4508846623099,51.503687950347,59.3459039948873,65.3390281260973,66.0711180890563,69.3155937567142,70.6062752615352,76.8494777794658,72.469800757855,68.7618622398632,62.1978031860203,65.2282072541903,67.6942384122183,71.6692306652753,68.9806930463516,75.2642891553289,65.491234858894,64.6263312849983,64.6263312849983,64.6263312849983,64.6263312849983
384,"CIV","Cote d'Ivoire",55.8303536797476,55.1793591537798,54.0313077440129,53.1384748956997,55.6886493098852,64.8145281220682,66.4281816124729,73.0255099311906,73.1606373442279,68.9390362035509,58.8721715992881,48.3299222343909,49.5979418791188,55.9503477562437,63.3472067439427,57.9080875693599,51.7666079990534,46.860845617991,43.4243708528358,42.0259718962967,41.342769929516,46.4370313867825,49.525225127803,40.0791176166992,38.7322347375574,38.7322347375574,38.7322347375574,38.7322347375574
191,"HRV","Croatia",39.4476033159517,40.7465703728601,40.3436327924163,41.2829448820224,40.5035768601688,42.195344726952,42.4473207793262,40.161405252529,39.2197919169231,39.2115446153449,41.3442202163211,41.4833846659357,40.7296519744973,40.910656346016,41.4534144478973,41.8704049506781,40.4996238624914,39.674692501692,40.2317464409333,40.4073404865658,40.9298982417501,41.6669381554788,42.6572155050146,41.6255907013229,41.6435200822343,41.6435200822343,41.6435200822343,41.6435200822343
192,"CUB","Cuba",59.3039525716947,56.2165467376333,52.959140698267,49.8010206909744,47.4973287246873,50.0409928671393,51.939099836302,53.8910464582525,52.6644476843586,51.5642872931462,51.0820159479507,51.2140643445605,51.9186630524046,53.1390040362144,53.3951042411052,51.9832398614838,51.6245679779685,51.8339575361803,51.4682303855852,55.7116265306831,56.3649927117222,59.3166277003433,59.9888870306866,57.9292763684195,59.7377148231256,59.7377148231256,59.7377148231256,59.7377148231256
531,"CUW","Curacao",-8888,-8888,-8888,-8888,-8888,-8888,-8888,-8888,-8888,-8888,-8888,-8888,-8888,-8888,-8888,-8888,-8888,-8888,-8888,-8888,-8888,-8888,-8888,-8888,-8888,-8888,-8888,-8888
196,"CYP","Cyprus",26.6253602525107,28.0459872481048,29.0907796478421,31.374817861197,32.1691955508327,31.7718818183086,31.3543526283152,31.2038312163562,32.5082035933546,32.8053699905835,34.8015074572908,34.685662450133,36.5953506460608,35.629975023718,37.2724005709829,35.9776213885936,37.0899579110851,36.2043677260591,35.799098911864,35.7591916255778,35.4084636460227,36.673796370675,37.314434496072,36.6220472244861,36.5418853669417,36.5418853669417,36.5418853669417,36.5418853669417
203,"CZE","Czech Republic",45.3966315064188,48.0622924191471,49.0557032429887,49.2697652317771,48.2688632245441,48.7560492640007,47.4753196964805,44.486990247308,42.8192887613267,43.0092056137285,44.2644528393411,44.5791357467944,45.0814092901414,46.3646401659442,46.9290378123778,46.892543623756,45.7115242730329,44.1994730967573,43.0058529059853,42.0291425710941,41.8212957785951,42.5582121602752,44.1315472358654,42.9232723059875,43.4138713320569,43.4138713320569,43.4138713320569,43.4138713320569
180,"COD","Dem. Rep. Congo",30.8054519503915,31.6425786209501,31.9198401031598,34.1091964147294,34.4466634472009,41.7183064153085,42.1291088325359,48.1770876755682,45.2788082541922,37.294794530905,27.5402492631309,22.0421064276642,24.1296768631719,29.1760092198506,32.6729507073658,30.6998173439118,28.1873095246621,26.0700001116994,24.9291889103522,24.9712770535424,27.3789941821414,28.0050399489549,28.0654706677309,24.3738704969014,23.4901607920573,23.4901607920573,23.4901607920573,23.4901607920573
208,"DNK","Denmark",35.3829942852535,34.6692465683284,35.1774961211244,34.3410567113708,35.9903288959296,38.3139938421693,40.7265305097332,38.5948417537328,38.1250557117614,40.2778759077874,40.9558698441031,41.6028915648786,40.1262687765883,42.4753987581463,42.1955730217986,42.8303109366112,42.7253262672561,40.7764004722946,40.234814849666,41.0603304598258,43.299189507524,46.2927230707172,48.5267966550445,45.3858363506494,45.8451236801937,45.8451236801937,45.8451236801937,45.8451236801937
262,"DJI","Djibouti",52.5422439453757,55.004615941359,54.5341364505509,53.9399949880415,49.5755648699942,52.9185950904781,55.1901157647435,58.8674325807145,57.8291494202203,55.6472853042401,53.197635806354,48.4741015379035,47.4224120328074,51.1836914753547,55.4502954918851,53.5412943820967,49.6052856211843,48.2301885945234,46.4767119518125,46.6280373745978,44.9514344254989,45.5079562631765,45.2053787558929,42.0031908306967,40.7461102779288,40.7461102779288,40.7461102779288,40.7461102779288
212,"DMA","Dominica",69.0833639189238,71.497261269818,70.1307533300583,72.639084177756,72.8018034105783,79.1099477682917,73.6477444042541,73.9068288872499,73.849807969244,86.8967100842615,97.8822267414397,96.4458088342653,88.6957235308819,84.4809425276624,83.5569734216949,93.9265014478331,100,100,96.2683186619356,99.8931433942187,100,100,100,100,100,100,100,100
214,"DOM","Dominican Republic",60.4133108829655,59.4450323304381,59.7198422008664,60.5579997432245,59.3819257583944,61.4854133472432,57.2026941116278,56.1417456417013,53.8763670036851,59.8834079314867,64.0360227511419,63.8306451551253,62.3779679313756,62.3253065364466,63.5494393414542,62.5975003888658,59.3797626521598,58.5723926247826,59.8014243913909,64.3107923338272,65.9447884276593,65.5883353660689,69.3037091774018,66.0050894510072,67.0655528161368,67.0655528161368,67.0655528161368,67.0655528161368
218,"ECU","Ecuador",76.6737362061474,75.9434145333036,77.9497209528636,77.8766423958852,77.5880929702192,83.3028659810896,76.6819769503886,75.534897358908,71.3367605471263,77.8149195141174,77.6056528371035,75.4704981562105,77.6808572779653,83.0293012752811,86.9890792302441,84.5953141860675,76.8062085484128,70.6048711203883,73.4554519338517,76.2343459885314,78.6544858611295,74.5577225083176,80.3809602897226,70.6692294561547,69.8438414319734,69.8438414319734,69.8438414319734,69.8438414319734
818,"EGY","Egypt",24.5451905451702,25.3520852310985,24.7217265521978,25.4321225722851,25.0403663840043,26.8267666519789,24.90780466501,23.356695589247,22.6113829629211,23.1472176683001,24.6326124175195,23.1798062980129,23.2569355259372,23.4811247403355,24.1227165858309,24.6156210045925,23.8012339451109,24.9252476313551,25.4124764762482,26.9377926671748,25.3210068733904,25.493038995238,25.4432053697398,26.4320133968372,26.802376264012,26.802376264012,26.802376264012,26.802376264012
222,"SLV","El Salvador",41.9986708203914,43.17578080952,45.4287966744635,44.0040503526019,43.7948875370551,47.180079350561,44.0924835152931,45.4180779014313,42.5711728155191,48.6384531233262,54.1336802860396,53.4736398927794,56.249692705338,57.7115026913754,62.2565314164498,60.7315199823758,57.6541623990845,52.65340754252,51.6609253715115,51.8917799276179,56.2861019841167,57.6076192638729,58.3708572249621,53.3194350813347,52.6695342411992,52.6695342411992,52.6695342411992,52.6695342411992
226,"GNQ","Equatorial Guinea",56.5641252549028,58.7317568949701,60.9098853624673,62.1223811461755,61.1251867494279,70.1944446776217,77.962278069326,83.0622384306539,76.2762215725082,69.6147481663228,60.7048216292251,53.312638425575,54.7951810883048,63.4752317190092,66.7933047305847,61.4205818691999,55.4089456563139,53.8730512653523,49.2108646540693,46.6779151705094,44.297897949758,48.768534537274,52.8028319278501,41.2928218467324,39.252917241642,39.252917241642,39.252917241642,39.252917241642
232,"ERI","Eritrea",33.5502858725006,35.0979771045197,34.6434768682804,34.4442544536667,32.1203880222141,33.7959792081275,35.5291177623721,37.0735738485122,36.4311627191589,36.302846907478,35.1109301153021,32.4409381244068,30.018307410437,30.7811498685974,34.0478972499326,35.5677085477574,35.4188059729331,35.2400047989743,35.0798764681798,34.6787304809498,32.8355150686298,32.185347858486,32.3625454727668,32.9188973197717,32.827508013496,32.827508013496,32.827508013496,32.827508013496
233,"EST","Estonia",64.8599975985313,65.3093024462998,66.7267532145515,67.9204142150704,72.2480824215773,68.841598470228,66.0120641781153,63.7781427999377,65.3365113922315,67.0025672823989,65.9354387258894,66.4037303403923,67.12882345969,72.4047408950681,70.2052041965437,69.1435013560375,67.2108291217693,68.3551543106718,70.2585185301475,71.1356098434862,72.8632081014535,75.8865137067066,79.2194839716855,75.5127576254736,76.2355569640457,76.2355569640457,76.2355569640457,76.2355569640457
748,"SWZ","Eswatini",49.5270511784967,50.3871181390937,50.4448134159442,49.3008378784057,47.4892230594916,52.1463206151021,52.6174723428186,56.9744307107002,52.4841032447817,40.3863161600838,33.391698350518,26.7280532471502,31.3135106522962,35.4680742550111,42.6587903942132,48.5176811968591,38.3508673377422,32.0242013246469,24.6215629190449,34.1519136292297,40.282115609811,44.1638069672989,39.5149108168199,35.4990141813524,34.827622230327,34.827622230327,34.827622230327,34.827622230327
231,"ETH","Ethiopia",36.780175785891,40.0687006219685,40.1314027346652,40.3285404815352,39.1688356051342,44.9073362507381,48.3341716140013,51.766329479315,50.3706709717502,48.3539084260683,43.9373205354805,38.536061893753,38.0011678910925,42.2233231379939,48.4618229289075,48.2361237964823,45.0634902941091,43.2200974530799,41.8935470488409,41.6762668232105,39.7352641081343,39.7180497375711,39.5046557027655,37.0296477942725,35.8841532892532,35.8841532892532,35.8841532892532,35.8841532892532
234,"FRO","Faeroe Islands",-8888,-8888,-8888,-8888,-8888,-8888,-8888,-8888,-8888,-8888,-8888,-8888,-8888,-8888,-8888,-8888,-8888,-8888,-8888,-8888,-8888,-8888,-8888,-8888,-8888,-8888,-8888,-8888
238,"FLK","Falkland Islands",-8888,-8888,-8888,-8888,-8888,-8888,-8888,-8888,-8888,-8888,-8888,-8888,-8888,-8888,-8888,-8888,-8888,-8888,-8888,-8888,-8888,-8888,-8888,-8888,-8888,-8888,-8888,-8888
242,"FJI","Fiji",81.5213584952018,82.506177382045,81.5006994177329,84.1558043601456,87.0582880747134,97.59550572555,100,99.4435970687516,94.7067336868562,89.4711852339505,89.1529204794854,82.7313340168465,83.6641807716733,82.6888247303672,84.6732729778915,88.4743460304885,89.4694756196778,87.007077028593,82.3542732478033,80.0839568606523,82.1382927301021,80.174388639315,99.8734564116153,79.0773442959787,78.14943173301,78.14943173301,78.14943173301,78.14943173301
246,"FIN","Finland",61.6332288414004,60.3978639479282,59.0106216214753,58.7504861478741,59.2120163908738,59.7286421003901,59.9393807811424,59.0894588179883,58.852170998363,60.5604399823938,59.8128619975038,62.3544745875845,63.8040154509767,67.2568174097743,66.2757527740294,65.9242386935711,66.5285198080978,65.2736660675617,66.002869274214,67.8420324788709,72.0098162407847,77.8327339951653,84.1083508532079,77.9641190746117,79.5800950974249,79.5800950974249,79.5800950974249,79.5800950974249
250,"FRA","France",48.1608444486692,48.3318377831341,49.4319970045888,49.8879011007239,53.0042505157087,55.035530220681,56.9189118512817,52.1329476540171,52.4754041534167,53.23465373746,55.9373597529699,57.5292792124305,58.8146563495115,60.4463238956856,59.6047105798545,59.2620787929642,59.9485799480339,59.8527369271433,59.3232038100526,58.5399926564247,59.5148606341901,61.7216440054025,63.675761136724,61.4031081171866,61.4703461352579,61.4703461352579,61.4703461352579,61.4703461352579
258,"PYF","French Polynesia",-8888,-8888,-8888,-8888,-8888,-8888,-8888,-8888,-8888,-8888,-8888,-8888,-8888,-8888,-8888,-8888,-8888,-8888,-8888,-8888,-8888,-8888,-8888,-8888,-8888,-8888,-8888,-8888
266,"GAB","Gabon",76.8204167197222,80.7349253073662,81.9171235236458,83.4043840859096,80.776517841062,93.5634516664779,100,100,97.2183719295183,83.1985335703066,71.6432759060056,63.0198300640388,63.4753102243822,71.980945234672,76.0211188464974,73.8414240550348,68.6814804656297,66.3322103923853,61.7532418481981,58.4459789999446,58.0116146802352,62.0424325844086,68.8566207377047,54.707180911362,52.5791761600378,52.5791761600378,52.5791761600378,52.5791761600378
270,"GMB","Gambia",52.4130321403091,52.7510562137983,50.2603087808115,47.6898290379354,45.7896571622758,51.3151960476609,55.2574038574069,57.858647544888,55.7803703843724,51.3531434272289,47.3388898477168,43.0220599372477,43.2872409572822,48.2889545385317,49.0999331944238,46.3742127124609,45.3906025821348,45.2556248414071,41.0712081167763,38.9312276227786,38.5435596700044,41.4566198471946,42.6268565921815,36.7088680318313,35.622755242784,35.622755242784,35.622755242784,35.622755242784
268,"GEO","Georgia",54.1831530780132,56.6906286066368,56.9396234078845,55.7762441658961,54.0303259006506,51.8181351878922,51.8155344159086,47.361058580369,45.3872260764696,43.2674890027542,44.1324831845734,42.3706105658952,40.4620304336851,39.7300162271132,40.1975498518498,42.5078209297339,41.5155881600272,41.1753308643601,40.5929193068128,41.9264590323653,42.4324624153562,40.7333138382545,40.6769651250686,40.3170437997586,40.0233000968309,40.0233000968309,40.0233000968309,40.0233000968309
276,"DEU","Germany",46.494566022657,47.8687328608387,49.5259384425573,48.8496176296701,50.2638552077763,50.6272360917168,51.940062916906,46.7790927365274,46.5672626576994,47.0936037281189,49.7716566516789,50.0365693568464,49.3473028522292,50.8979626641346,50.0825946475534,50.4338523971878,50.2918287955079,50.078369168225,49.5083129205239,47.8848925144571,47.1110004204013,47.5413134797664,49.9070862675206,49.0792837182977,49.3162281224331,49.3162281224331,49.3162281224331,49.3162281224331
288,"GHA","Ghana",51.7555168944828,50.6415683396384,49.3408639642938,48.9086538949175,50.6507964476607,57.064831999546,57.581910653763,63.0101772184354,62.8556494588954,58.8210508112233,49.4382072134943,40.4548974584705,40.9002532393114,45.3636786491744,51.0690657580664,46.6431450744797,41.9022462904706,38.3998475330743,36.0426837549981,34.9981293473391,34.1101093535227,37.1433937806123,38.0984516151049,32.4677779871841,31.3751114496174,31.3751114496174,31.3751114496174,31.3751114496174
300,"GRC","Greece",43.4230061923487,45.1039756488909,42.65179613089,42.7167616675712,41.884059119758,43.4404399546154,42.0664511643438,39.0919445304361,40.1809364403226,41.4955201387439,44.1350340198866,41.3270646103679,38.3390768184007,38.0229938185006,37.783567662629,38.754586882431,39.073388410294,39.3600606363786,40.3787685864156,42.782005824817,44.1607304345961,45.7230228451468,45.9628892179132,45.9631208635216,46.176735906375,46.176735906375,46.176735906375,46.176735906375
304,"GRL","Greenland",21.1442146628784,21.9713425074408,22.457628504346,25.3792332977836,28.3377619283564,30.2921223762334,28.9851547920229,25.4662368574176,24.4818879077012,27.6036175059332,28.2750138751196,30.8514852341653,30.5974880819767,30.460716515065,28.3375011850381,28.3309455369441,29.267143017304,29.4274625843337,29.4602665250733,30.7636833260429,35.4278421297875,39.1684747435204,44.2600872612751,39.1005586034393,40.4012602485608,40.4012602485608,40.4012602485608,40.4012602485608
308,"GRD","Grenada",64.8102291928197,65.2989952396351,65.1637015199868,65.7679878094829,63.2859176846996,66.8180421078529,61.1641799506541,61.8311279153849,60.2253442813959,70.1334292871015,78.7137488714128,76.7810338419274,76.0014041635943,74.2471969534438,78.7734720134895,79.1297191063266,78.1407581543484,79.180810454547,77.4822901388529,78.7448250658969,81.2004602394777,84.5172698801959,100,83.4309138081241,84.3143059773622,84.3143059773622,84.3143059773622,84.3143059773622
320,"GTM","Guatemala",47.7276459474466,51.9392738595929,48.5618289226304,46.9133959373502,42.4583439454595,50.7630515724843,51.3388377955693,56.1914192870013,56.2360308178224,57.1965284297431,61.4648861116672,58.4393954967728,63.7016244556198,64.2037957983941,68.0459065404168,63.8602636681322,63.0338474326312,54.8597112280416,57.7614940626522,59.4776520382785,66.5062758119137,66.3500002926976,69.4492735318881,62.8745587220595,62.765037868182,62.765037868182,62.765037868182,62.765037868182
831,"GGY","Guernsey",-8888,-8888,-8888,-8888,-8888,-8888,-8888,-8888,-8888,-8888,-8888,-8888,-8888,-8888,-8888,-8888,-8888,-8888,-8888,-8888,-8888,-8888,-8888,-8888,-8888,-8888,-8888,-8888
324,"GIN","Guinea",52.0931452275008,50.1418416490765,46.7414923933858,43.5564366770078,44.6177904589131,52.5895101867363,55.0232080150972,58.8892354115824,54.6333924874596,51.1649024115882,43.1735067586529,37.254928805239,37.0069065770696,42.1228523787324,46.7342267899444,43.5793128637306,39.9015684276683,37.5920237959208,35.3853223818244,34.6648710049244,34.8962836624507,36.8347256419199,37.3621713354972,32.8366019804558,32.1791484454907,32.1791484454907,32.1791484454907,32.1791484454907
624,"GNB","Guinea-Bissau",48.1198915939765,46.9062797852715,44.5343610266477,41.7640708440259,42.3563819548482,50.0715570954328,54.3145068326684,57.1301950075027,53.3239424844982,48.0583607014444,40.2641789574113,33.9102442230354,33.8276200845772,39.8551655479363,43.5960304957071,41.5070880755704,38.5475940215631,38.3293762525646,35.007268993242,33.4068231052115,32.525422148684,35.3767490997699,36.8508815783644,32.1520544962841,31.3274490217846,31.3274490217846,31.3274490217846,31.3274490217846
328,"GUY","Guyana",100,100,100,100,100,100,96.1950683898372,96.3643071364784,96.6725844522655,100,100,100,100,100,100,100,100,97.4368479834507,97.8462477084626,99.338045628446,100,100,100,100,100,100,100,100
332,"HTI","Haiti",29.5895030665328,29.6689531633024,30.4444143192761,31.2571977263787,29.7992779627067,31.382188010685,27.5344853812851,26.9546748966288,25.2785225872771,31.7755323020102,36.6674503996393,36.6797351532694,36.1706419279665,36.3597489456235,39.6623254662076,38.1356884859264,35.223791020634,33.5620692071344,34.5246800972073,38.145318055911,40.3421141383266,41.1285483797722,42.0124607542277,39.3000526305081,39.6521486578782,39.6521486578782,39.6521486578782,39.6521486578782
336,"VAT","Holy See",-8888,-8888,-8888,-8888,-8888,-8888,-8888,-8888,-8888,-8888,-8888,-8888,-8888,-8888,-8888,-8888,-8888,-8888,-8888,-8888,-8888,-8888,-8888,-8888,-8888,-8888,-8888,-8888
340,"HND","Honduras",36.5234353625186,35.5036257568785,38.5966168070127,37.5755530873817,34.4487694470147,36.0695198537289,33.1402069454439,34.1620783818453,32.5661506913178,38.0294516168522,42.0465856452382,41.3036037060322,42.9662894421396,44.4766490350314,48.0669717726642,45.2348582218558,40.8933632812223,31.7588284320223,33.731237705431,36.2333905070085,42.2135363353653,41.4541059768207,43.7187478150874,38.2707778834685,38.0697347154263,38.0697347154263,38.0697347154263,38.0697347154263
344,"HKG","Hong Kong",-8888,-8888,-8888,-8888,-8888,-8888,-8888,-8888,-8888,-8888,-8888,-8888,-8888,-8888,-8888,-8888,-8888,-8888,-8888,-8888,-8888,-8888,-8888,-8888,-8888,-8888,-8888,-8888
348,"HUN","Hungary",27.1410734072497,29.4764606789445,29.9578333399819,30.6046637586045,31.0280739535174,34.5261515600063,34.7564785629625,32.3232533328709,31.1867509873807,31.759464467531,33.4385844289337,31.4981485815057,30.5115164605765,29.625252950091,31.0878530419765,31.5282795818647,32.1249944143616,30.0420686849076,30.3700059458202,30.9242870132628,33.1368076603319,34.2334523528638,35.1528584310969,34.444004892718,35.8064168238337,35.8064168238337,35.8064168238337,35.8064168238337
352,"ISL","Iceland",65.7557169439441,68.1544627598975,68.413290943037,69.930521086575,67.4714504378316,64.7997601635571,62.6799777461907,60.4561072059551,61.2166273562879,64.2676419460736,65.6230078806032,66.4582482048171,63.7251904242605,63.1378261688622,61.4904623098159,60.9822529653778,61.3400775210568,60.0225375157223,60.3507909645571,61.8011470934787,65.2759991822566,67.0674154867454,71.5763304159589,65.0869902644894,65.8158958463455,65.8158958463455,65.8158958463455,65.8158958463455
356,"IND","India",0.55095342233102,0.429876945410911,0,0,0,0,0,0,0,0.469933587757666,0.0412548656635181,0,0,0,0.106155111864325,1.1507081835891,0.396425048986274,0,0,0,0,0,0,0,0,0,0,0
360,"IDN","Indonesia",53.5383270279394,49.7307674364039,45.993163716194,44.9034471548174,52.0779138348443,55.9684910876238,57.4797771689112,60.4365407152967,54.0333329843727,52.8627603109061,41.5604178191314,39.0616955717114,38.5261640530085,41.5696200972458,46.8587450580588,43.2463571664632,38.9334872621483,36.3397171480235,33.6623424885845,33.7608078206947,34.9779322707527,40.6310017554119,49.3714026643461,36.9744696848238,36.309479280947,36.309479280947,36.309479280947,36.309479280947
364,"IRN","Iran",32.629705366281,33.0973230885086,33.3054610669901,33.3081837196035,32.6202852149951,32.5278689261803,33.3853228054631,33.9611428253983,33.5292085972143,33.6207176038186,33.6633986113523,33.5705396775388,31.7148759055103,31.2672212985222,32.8964585049513,34.7241994860392,34.8187422902793,33.5631317552689,32.5466200954031,32.3409658007164,31.6548539832827,30.9082647374521,30.9619177021501,31.6444879120525,31.5856324501802,31.5856324501802,31.5856324501802,31.5856324501802
368,"IRQ","Iraq",37.997034089096,38.5161156749786,38.4400600813179,38.6059878001162,38.0442938424831,38.1657822476192,39.1217181925572,39.3879243239746,38.8709859580647,39.4320587753026,40.1511471710001,40.4020369971239,38.4169501682793,37.676988149853,39.0982838029982,41.1484433972541,42.0303809256179,42.3311109331131,42.5174639308169,43.3803473383709,43.4445071028562,42.783843223747,42.345219700249,43.1399070788442,42.678159877584,42.678159877584,42.678159877584,42.678159877584
372,"IRL","Ireland",43.4290026177749,44.7180417640725,47.6015822627409,44.9176839066392,44.3205163388781,45.2769775292828,47.8896470467445,48.6645239965083,50.4381090413174,53.5400667471049,55.5516101529027,56.6850405649808,55.352164603327,58.0188567268788,58.3864775514973,63.1782720915722,62.2035561325057,61.4410577864803,61.8116843153265,74.0297310109768,77.8458507257848,80.5983228310213,77.4123109529688,81.3566741056054,83.954524381346,83.954524381346,83.954524381346,83.954524381346
833,"IMN","Isle of Man",-8888,-8888,-8888,-8888,-8888,-8888,-8888,-8888,-8888,-8888,-8888,-8888,-8888,-8888,-8888,-8888,-8888,-8888,-8888,-8888,-8888,-8888,-8888,-8888,-8888,-8888,-8888,-8888
376,"ISR","Israel",34.5639266490061,36.9895185547497,37.7625971363947,38.6830816134222,38.1147562255629,39.5893052795637,38.8932526583793,38.2138468042193,36.9525465071731,38.2157061833179,39.1299951368463,39.51614437781,38.9888335587652,39.2941330979714,39.907788548681,40.312427161118,40.1506093361577,40.7363028875201,41.207008516139,42.2894285165392,42.5594917813063,43.3334153755636,43.3133498787795,43.5442094585804,43.9714197096809,43.9714197096809,43.9714197096809,43.9714197096809
380,"ITA","Italy",36.3574503344915,37.6603353189553,36.9012895966022,37.4616695572866,39.1632194370946,42.684928908521,44.8811964291811,43.0297336839774,42.6714133197579,42.7582499737621,43.8030291137318,43.9740871850184,45.5602003879096,47.3388665612924,48.3710703345077,47.5459398898943,46.910645670185,45.774315664483,45.5223619172269,45.2577940222435,45.729332572936,46.2430551267667,47.0097061481216,44.4341018670588,43.873935919108,43.873935919108,43.873935919108,43.873935919108
388,"JAM","Jamaica",44.0233791326128,43.1336765684586,42.0413916454798,41.0870759508785,38.2357812866067,40.6623832280937,37.0149716780691,36.9505562370356,35.7668467594238,41.7739017238932,46.8752191266787,47.5565699585807,45.4852079221646,44.7148211714925,47.6842124375657,51.6207522594082,47.2129395754524,48.5233919676841,49.4354643122303,52.0614747802181,53.8122345897702,54.1533962882489,54.1010917254417,52.4664061498272,52.6424386685359,52.6424386685359,52.6424386685359,52.6424386685359
392,"JPN","Japan",58.3301910604091,60.1536626319693,60.4945912226825,59.7702069614957,58.2285029983734,57.1718770167803,57.2614518730333,57.6937106936568,57.1652205267656,56.7111470809838,56.7304387718874,57.0967930017586,57.0783326479434,56.7706261341344,57.7254397026639,59.8176442249445,61.4253634864921,61.9011280484536,60.2815671347635,59.9259728975431,60.9880392343787,62.7372785470554,63.8817937488788,63.6103362762647,63.7910243954137,63.7910243954137,63.7910243954137,63.7910243954137
832,"JEY","Jersey",-8888,-8888,-8888,-8888,-8888,-8888,-8888,-8888,-8888,-8888,-8888,-8888,-8888,-8888,-8888,-8888,-8888,-8888,-8888,-8888,-8888,-8888,-8888,-8888,-8888,-8888,-8888,-8888
400,"JOR","Jordan",27.3279972328596,28.2538385588825,28.4415087805785,29.0738635380174,29.1278141787701,30.6804905612629,30.1089515414628,30.3249177162249,29.8520958660179,31.3652664368999,32.2039469277925,33.4355569000041,33.3723755011025,34.1816638462791,35.7563679639716,37.4845943990423,38.4358447516448,39.4468634811077,40.9971544097426,42.2327969427337,42.8002696745991,42.573894875987,42.2499872513504,42.8722516496059,43.0281617574906,43.0281617574906,43.0281617574906,43.0281617574906
398,"KAZ","Kazakhstan",17.7094753423522,18.2924871767717,19.0046072776791,20.6114823233966,21.450374398329,21.5867023191477,23.2061454506944,24.7926954517342,24.6531771802757,25.4193106036981,26.0103714825047,28.3996066928243,26.849004713719,27.2381249210455,26.8884766170184,28.0456406000052,25.5055103976547,24.8416145314947,25.4047185582943,27.6299925657851,25.0333322849307,21.6582997523479,17.8430267696286,22.5290273879392,23.8507778063081,23.8507778063081,23.8507778063081,23.8507778063081
404,"KEN","Kenya",74.0912180171555,74.8372362404917,74.128183616871,74.8134559977389,71.8484755417442,79.6801226455941,81.5468104861621,89.6656129661854,89.0474677147594,80.1874823735198,69.5374134231442,57.6924142811592,58.5778525390347,65.0530291630533,68.6206632142761,65.1454874350535,58.0788122109668,56.5001403973713,50.0078578187696,49.0515832687048,46.5819121344272,51.713993518452,54.4654469739108,43.9046634919372,41.7740490928088,41.7740490928088,41.7740490928088,41.7740490928088
296,"KIR","Kiribati",40.0913471813616,38.9650838211086,37.5630802769553,38.0972746696363,41.0106013173318,47.1055464295623,47.9639601141357,52.5299382917769,49.2837646368456,46.6283039317923,38.1513721665564,32.9991891112384,33.9485164583785,38.5945287389502,42.4977093718756,39.2861893083609,34.8367136820738,32.4819426899181,29.6142135985278,28.9067870370942,28.7915280622993,32.1354629433969,34.9297978464158,27.3383086903327,26.0812728708362,26.0812728708362,26.0812728708362,26.0812728708362
689,"XKX","Kosovo",-8888,-8888,-8888,-8888,-8888,-8888,-8888,-8888,-8888,-8888,-8888,-8888,-8888,-8888,-8888,-8888,-8888,-8888,-8888,-8888,-8888,-8888,-8888,-8888,-8888,-8888,-8888,-8888
414,"KWT","Kuwait",45.3407470779933,46.0347685351274,44.9641845278038,46.3330905244651,44.6402248901466,44.9217030305831,47.5564128231267,46.6965493492043,46.7470985140718,46.3110071707633,46.9168824973721,47.084111826232,44.9819358891786,42.7200431190533,44.8448186952542,48.46360752781,49.8430440877448,48.620201162024,48.1570177198422,48.5401227900694,48.0336336439508,46.8018101415177,46.0066327631098,47.2443499237348,46.9310288047428,46.9310288047428,46.9310288047428,46.9310288047428
417,"KGZ","Kyrgyzstan",1.65659247272237,2.91858456050973,3.82057094760316,4.561616052877,4.85232644385745,3.98049331256868,6.06837782406836,6.64869402779422,6.14134695685921,6.99447986375229,8.02349119566756,9.37245384964716,7.26468457015483,8.17337343902329,11.7731022671039,16.0433915280313,18.0146228137056,18.5329884824411,19.9936681000933,22.5958228724221,21.5324999515606,20.4521786801107,18.4122092458115,21.1387734939939,20.7413157117764,20.7413157117764,20.7413157117764,20.7413157117764
418,"LAO","Laos",33.7406613039115,32.4887420899317,28.568242954785,28.7760759315559,33.3011876990651,42.6158422132903,43.0825538753044,38.3734831325483,30.1570033150138,29.1659545380167,31.1855913024877,34.2998410404173,32.6033123673427,31.4725692971058,32.2419459330087,28.8037795788033,25.74459353664,24.02091437428,25.5098094051552,28.1984384336367,27.3940806047974,30.5825777612548,31.1087108250062,28.3084232968735,28.0125298197804,28.0125298197804,28.0125298197804,28.0125298197804
428,"LVA","Latvia",56.2271620867966,58.7728167477505,63.3538818856117,65.8388585039776,69.5725206517024,67.3028541636867,66.3007096368494,66.8734249560642,68.0610776120491,69.9470155502039,70.0983022661945,70.8093594682621,69.1962064740515,69.9119331997238,69.9143104082197,69.891610151086,66.2279244857594,64.5908641215819,63.89873718498,67.530121491528,68.1722661704436,73.9714383059735,77.8850443358023,73.2408009304727,73.8270054374536,73.8270054374536,73.8270054374536,73.8270054374536
422,"LBN","Lebanon",34.0466241664544,35.3218488616008,35.65239561498,36.6449649794965,36.8434177588433,37.5373318512281,36.8663041438845,36.6663767719306,34.779726791132,35.4937571736671,36.7486982656803,38.3748625267592,37.0242557885981,34.8215041663705,34.8351673466951,35.4092529363642,36.6936777077522,37.1899182202941,37.6519535453451,38.5060644832976,38.8003540798151,38.9863004887542,38.9790783670855,40.4976511716686,41.3154086887504,41.3154086887504,41.3154086887504,41.3154086887504
426,"LSO","Lesotho",34.485536276634,36.3177359772685,36.4789725987505,34.9787424398756,32.9206674736477,35.6980991009384,36.1394997068178,38.5027754106413,34.6300198654257,26.3347664124302,20.1683699030716,15.8312216133857,18.084883725462,21.7932734522331,25.8204063850576,29.1752279458801,24.5037839308236,21.9928447111423,17.559456628657,21.978697669504,24.247322716931,23.7682316446373,21.4774356872609,20.9645769434761,20.5831656809776,20.5831656809776,20.5831656809776,20.5831656809776
430,"LBR","Liberia",79.647551769656,76.149412399217,72.8279161187257,67.4038830573767,69.5884785178045,81.8072496452771,85.2452148299329,91.2588602316482,87.3176694369043,85.8525724593344,76.7737218561505,64.3940099781753,61.824537029846,67.9317351356578,76.2475225905046,69.959714781007,58.9996538989379,52.2176510983598,48.8165347896692,49.1152141222083,49.6180952603615,58.6299185953323,66.9118311231924,50.3254847107766,48.5873828976182,48.5873828976182,48.5873828976182,48.5873828976182
434,"LBY","Libya",42.3764061721419,43.7226840585042,42.2658270855583,41.912767403761,39.0935922360623,39.7521617932947,40.0053619774866,40.8932873215374,42.771913090096,43.6633427203019,46.0463443390624,43.8940402577478,43.1853965701244,43.9251511320632,44.4872977652045,42.6753425649264,40.0153504838494,39.6980109328442,38.3374948163677,38.1933109710403,37.7788209135955,39.6367281371423,40.1988202172947,36.426092191993,35.7563179892607,35.7563179892607,35.7563179892607,35.7563179892607
438,"LIE","Liechtenstein",-8888,-8888,-8888,-8888,-8888,-8888,-8888,-8888,-8888,-8888,-8888,-8888,-8888,-8888,-8888,-8888,-8888,-8888,-8888,-8888,-8888,-8888,-8888,-8888,-8888,-8888,-8888,-8888
440,"LTU","Lithuania",44.2011237559243,46.3475647251481,54.3835721367656,57.3188352723021,59.0314802438537,54.9651247806548,51.5886143480463,50.8377439695078,51.8157116033737,55.3725286636772,54.6800976833329,56.8233407010801,56.3231911701385,61.5153286137451,61.7729148527941,62.7473580341448,60.996207589626,61.5104026192854,62.0505005327472,65.2438950346136,65.6355266090218,71.3303226831413,78.3646497635586,73.2769417738827,74.5989146900909,74.5989146900909,74.5989146900909,74.5989146900909
442,"LUX","Luxembourg",45.8087158810682,45.6571891866681,46.5839913354336,45.2340381776316,48.4306539492164,47.4358115163223,49.7839679991712,42.4897406611483,42.8163177146926,42.4461108790487,44.9936838048418,47.5712545036746,48.8670588982824,51.6707927162013,49.3365305851249,48.0120575065013,48.6296014685926,49.3481474709012,50.1301346325746,49.1298193017671,51.004381896284,51.9033392510677,53.9096124428626,51.4425567028243,51.2167433070284,51.2167433070284,51.2167433070284,51.2167433070284
446,"MAC","Macao",-8888,-8888,-8888,-8888,-8888,-8888,-8888,-8888,-8888,-8888,-8888,-8888,-8888,-8888,-8888,-8888,-8888,-8888,-8888,-8888,-8888,-8888,-8888,-8888,-8888,-8888,-8888,-8888
450,"MDG","Madagascar",82.1844657078502,83.0123166135059,83.0862350169076,81.906801076999,79.0508726528375,87.2700918236628,89.6134187645905,98.8730020093172,98.5887717795928,88.6140234713237,73.0899023324929,57.0101692522968,58.1549316716714,67.3903144759131,77.0412943462441,71.5787115187526,60.0079995356821,53.4721703386727,47.965940760638,50.1523423221292,51.1444340256526,58.2630358120845,63.7503111000811,46.2988948723665,44.1758777302996,44.1758777302996,44.1758777302996,44.1758777302996
454,"MWI","Malawi",65.7341276345915,65.5334211640768,61.886571697299,61.3260099319966,59.2136734419009,65.7840742196607,65.6486204828444,71.2441176095605,73.2882062298199,62.7929334733983,51.007769963206,39.4270685724968,39.7199528024973,44.4539706911156,52.408599396389,53.6037347699683,49.8982814667422,48.0088097732758,46.4531643233909,49.5954610847732,50.7808876650456,49.5252326550838,47.1658853442946,46.7968001363381,46.2794523562593,46.2794523562593,46.2794523562593,46.2794523562593
458,"MYS","Malaysia",47.8040209132211,42.1457153624499,39.1301359672084,38.2476795672384,45.3004554703462,50.418505321041,50.7912597839976,51.2871174806452,44.8959878206158,43.3324887088072,39.8615956377322,42.4701395576301,46.4316424432742,51.9844233782021,57.3311155570277,53.8971762303945,49.532611248832,46.2127320586914,45.0178395861947,43.169742361037,43.9758231951852,49.0782441621005,57.8916264838926,44.364439533136,42.7022746374479,42.7022746374479,42.7022746374479,42.7022746374479
462,"MDV","Maldives",31.8014614099292,30.7065055560127,30.3467972957791,33.5063873132717,31.726949010562,33.8339004360138,31.9209560773401,36.0577421084301,34.1322732877052,36.1099432079799,36.3476176224304,37.0393637014827,34.8799210428596,36.8738912430566,41.6061258596297,39.5158900149222,35.1357705197209,31.8047484562903,31.2664465002821,32.9641515596566,30.0521545374588,31.1398725163768,29.4490682394757,27.6324196115182,26.344557691808,26.344557691808,26.344557691808,26.344557691808
466,"MLI","Mali",49.2585085776712,49.1559681012345,46.7741604483023,46.2872406465367,46.5610195280532,52.9040651859173,56.4331634298345,60.336982441296,56.5197091139431,52.1772779238878,45.244238174566,40.7345570913521,40.9572956376079,47.1535180785676,51.9073061742939,48.3629907461544,44.0291853129025,41.4607612450613,37.9410840385066,35.8110438021881,35.3428799405728,37.3379536647687,39.5319896484637,32.1545926508403,30.8118982540107,30.8118982540107,30.8118982540107,30.8118982540107
470,"MLT","Malta",32.1669198170117,33.3385945343534,32.4058803150051,33.1040920191274,32.7496680922264,35.2458007016605,36.8687456401605,36.7314570352661,37.6537788343967,39.0486200987926,43.0478297775051,44.806500450745,46.7337648905977,48.1329920848824,48.7034875304703,46.9623430671348,45.3414976379256,44.949572959656,44.005954266093,44.5323794195521,46.4623076189395,47.8468087875313,49.0882994727964,45.6025008290697,45.2280706301559,45.2280706301559,45.2280706301559,45.2280706301559
584,"MHL","Marshall Islands",100,100,100,100,100,100,100,100,100,100,100,100,100,100,99.1842979268042,100,100,100,100,100,100,100,100,100,100,100,100,100
478,"MRT","Mauritania",62.3459641092414,63.0510986942697,61.6243186547282,60.5317100928723,60.1537122323044,64.8974255279871,68.9776766839801,72.0772178714663,69.9621050525754,68.586354067376,64.7635788624509,60.2330392503952,60.928305563315,66.5444950246122,70.1247804339371,65.6552794256689,60.5774242897423,56.7811305180579,52.8951991310666,52.2212971241479,52.856576368832,58.1800672358873,63.3881947978059,52.0085734429972,50.6919256912638,50.6919256912638,50.6919256912638,50.6919256912638
480,"MUS","Mauritius",94.4797984752138,96.6375092674712,97.7374100678948,98.1684232077534,99.1348954470661,100,100,100,100,100,100,100,96.7522264135544,100,100,100,100,100,100,100,100,100,100,100,100,100,100,100
484,"MEX","Mexico",21.3772736646097,23.223506082504,23.6274034673728,22.9200074145805,22.4707805087001,25.973662006512,27.7762058877944,29.26268750674,30.3579152463164,31.159227848121,31.1324904773982,30.3333302309017,32.2128405819454,32.7846330706871,33.9803495253827,33.7514285933791,35.27997043923,33.7861039247647,34.9934596219886,35.741890041045,38.7641335255656,38.8754967213248,38.917758575568,38.719671698943,38.8343869099233,38.8343869099233,38.8343869099233,38.8343869099233
583,"FSM","Micronesia",94.8471280038703,69.7941608223061,68.8168184867211,70.4128490910769,98.8129290616692,100,100,100,100,100,100,93.6374615938474,85.9528673753761,83.0716535574268,82.2888419782368,96.3102011192893,100,100,100,93.7352532535151,100,100,100,100,100,100,100,100
498,"MDA","Moldova",19.1536983556775,22.4889477026403,25.1441034364014,27.916987135296,28.3451817723703,31.7400814658991,31.7610299182774,27.5474049605642,27.4425195082942,27.7993194670946,33.042631658145,32.0840766623109,35.6332515936132,35.2145809071032,38.7425538869982,40.2922573692839,43.4018501664235,44.3455212223407,45.4634458908758,48.5267903115223,50.1928693039033,53.6982649650466,57.5226961565379,55.6456701824323,56.6880652833069,56.6880652833069,56.6880652833069,56.6880652833069
492,"MCO","Monaco",41.2620151626539,40.9730693245344,40.4111588202245,42.3137093495261,44.9921834288429,48.5650454646451,50.4284762553979,46.5407916490939,43.3344884414402,38.579957255538,38.8092377631251,39.2395068381226,41.1494232770282,40.808147490331,40.6120211420186,39.7199983401329,40.7556494294668,41.5433644031152,43.4986124769444,43.5921641790345,45.8094922299533,44.9313367915047,46.2341641911382,47.0004672616665,47.8151321628569,47.8151321628569,47.8151321628569,47.8151321628569
496,"MNG","Mongolia",25.0949226246977,24.9220675323611,24.7158695586935,24.5945622137224,23.4377665301958,23.859009416786,24.8322818598971,26.6914830908523,27.7592962176917,28.6317210728284,29.7659017690266,30.7405519324881,32.2366824820979,33.1248506717419,32.8872317958936,33.4338775028313,34.6461616640155,39.3132185976377,43.2872300104109,44.4251277404821,42.620685398196,40.6099375111895,41.2072986027499,44.2534022067886,44.8237001955326,44.8237001955326,44.8237001955326,44.8237001955326
499,"MNE","Montenegro",53.5534782976995,54.6145670636248,53.7173806088353,54.7974196563941,57.2923713375155,60.302489834711,60.2287892394227,56.6585959641707,55.5899261813206,55.5385662679299,56.9510792153401,56.5657523081507,57.1678278347999,57.5981367820469,58.982768563005,60.4122448951996,60.5901534062173,58.2099486799347,56.5319023571522,55.6443316008513,57.9290031873147,58.3932631416906,59.6754471303382,58.2179976433038,58.5727632480522,58.5727632480522,58.5727632480522,58.5727632480522
504,"MAR","Morocco",46.6734472932954,46.8603278215436,45.2260525320063,45.3959545424824,42.1899748916267,42.0408551748408,43.352032518522,44.3135520222533,42.9473831771215,41.7179302966377,41.1882087800229,39.3908675225087,38.8907346277648,39.9401988404238,39.7634182478413,39.2526193854334,37.7914858009154,36.5210414953784,33.1438440878728,32.8487766354494,33.7283632745142,34.9951983723145,35.1951203433029,32.6396236193318,32.1597458774132,32.1597458774132,32.1597458774132,32.1597458774132
508,"MOZ","Mozambique",78.2110397274031,77.9873436056004,75.0587135586628,74.6091857743584,72.4541980934367,78.8691847535151,78.6404304612193,84.9718902472883,85.7456632668683,74.1351921626341,60.2830382536134,47.4459790386444,48.3358265415872,53.8988177569448,63.3168375621328,64.3088866295292,57.9795361563137,52.9914291049327,48.7516361125153,53.48795557425,55.9215944886711,56.3543892896767,54.9123837187989,50.9669183415536,50.1310585737213,50.1310585737213,50.1310585737213,50.1310585737213
104,"MMR","Myanmar",19.0429552203141,18.8253391706608,18.7244830511133,18.2904254614282,18.912975883651,21.6236533848121,23.62313071796,22.6824673964839,20.1655180233281,19.559868554322,20.5601847928896,18.3191738328051,15.8717392659156,15.7897454812598,20.1149688855747,20.2796158176271,16.9601703096897,14.2531836075786,13.4296421744232,16.517532436694,18.5241416500809,21.5605471954434,22.981051323624,19.7262090266431,19.8768182622083,19.8768182622083,19.8768182622083,19.8768182622083
516,"NAM","Namibia",29.6082842912063,30.0622594123634,28.748761647481,27.5409716392617,25.9525088542237,30.3436904727468,31.757594670843,34.9646398361659,33.0490588944122,26.9910911278209,22.0430462476985,17.958592677162,19.7475136509188,23.2002163936818,26.8192619869304,28.4286882101692,28.7109240522266,29.2145946458985,28.9438826918273,29.2443942854084,30.9140280597861,28.418755639404,26.9133773914855,28.3179888112074,28.4167810444992,28.4167810444992,28.4167810444992,28.4167810444992
520,"NRU","Nauru",100,92.7821964587706,99.2728614028247,100,100,100,100,100,100,100,100,92.18113434159,91.9205454094943,95.7844377900952,93.4080417043282,100,100,100,100,100,100,100,100,100,100,100,100,100
524,"NPL","Nepal",0,0,0,0,0,0,0,0,0,0,0,0,0,0,0,0,0,0,0,0,0,0,0,0,0,0,0,0
528,"NLD","Netherlands",43.1665451607339,45.6344663941415,49.7085081425944,47.3659543911841,48.307184194961,46.66291137515,49.0995894858294,42.3425613489785,41.6644677683769,43.4573930708801,47.0415544167325,50.1371351060792,51.0238047971844,54.131567612821,54.3295247295746,55.1907148488744,56.3591197323527,53.8030596555596,50.9700567398467,49.446793538865,50.3686907848943,52.5832149884699,54.7741656462876,50.8793708543929,50.4705337438783,50.4705337438783,50.4705337438783,50.4705337438783
540,"NCL","New Caledonia",-8888,-8888,-8888,-8888,-8888,-8888,-8888,-8888,-8888,-8888,-8888,-8888,-8888,-8888,-8888,-8888,-8888,-8888,-8888,-8888,-8888,-8888,-8888,-8888,-8888,-8888,-8888,-8888
554,"NZL","New Zealand",78.6037303328389,82.7197796136164,79.1601556886947,78.4578243806279,81.7016149809052,91.3350434201661,95.8857452092396,93.7875205084486,90.5289546907468,86.2793209272236,85.4965299266332,81.0386162040446,83.5421468978888,86.4599625732054,82.1570915964325,79.9182114491069,74.8544134019116,78.2543419299623,79.0308890829175,78.8903126494988,78.0422546037809,76.3069595418903,86.6977052229822,72.5690009073168,71.3163311616972,71.3163311616972,71.3163311616972,71.3163311616972
558,"NIC","Nicaragua",56.7040267834194,56.6789539354343,61.3784693195091,61.0077006130813,56.9881855299003,58.3393514650537,54.2964745433549,54.1876129330272,51.6893183100109,56.2684286326007,57.0858782384368,57.0893417266922,56.5182686918385,59.8600790644211,62.6161665090154,59.9304160070735,54.0314998046854,47.6447714102392,51.9603784614876,55.7643366768423,60.5134813701132,57.0393212719523,61.2953552772932,54.7270474070326,54.5411272395935,54.5411272395935,54.5411272395935,54.5411272395935
562,"NER","Niger",39.5456120353234,40.7400035129745,40.7876634158953,41.3478463827955,41.4246066595155,45.4159492674145,48.0167246580865,50.3923772389797,48.1075428254159,45.4212165697355,41.9246051260532,38.5760309632556,37.950861345461,40.6906905748336,42.906067056686,41.5380286234959,39.7580257825765,38.0470451216262,34.8363302749027,33.3332305602184,32.79105447031,34.4462055155481,35.0127295441555,31.2236602279687,30.5694420355704,30.5694420355704,30.5694420355704,30.5694420355704
566,"NGA","Nigeria",39.1110973262786,39.5826022629944,39.6156892693329,39.5991118612171,39.4070740400849,42.2512818929745,43.8752192021236,46.364711237865,45.5986086555236,43.7240497632245,40.0210836205111,35.794840397364,35.903338765197,37.8916886035477,39.9004093165768,38.2485990432506,37.1219881731322,36.7338571746614,34.9079253484925,34.8725207736856,34.1481587732063,35.3341045814588,34.985912458888,33.6129516041953,33.1244658730789,33.1244658730789,33.1244658730789,33.1244658730789
570,"NIU","Niue",39.3963957415323,39.8403253378276,35.8044293570677,33.1643397697978,33.3363919748666,37.4303694528663,39.8331724148957,40.528889654746,42.1938793441629,43.0160222721413,43.2528758539646,40.734916357909,41.5430253280344,41.995254825221,44.7165209908596,46.1374881904525,47.9594742862986,49.5484034339093,46.619343736457,47.6968386298065,47.6429615519506,50.8479757436386,57.3411518490115,51.0449867540189,51.2949700520872,51.2949700520872,51.2949700520872,51.2949700520872
408,"PRK","North Korea",3.53940844533949,2.80469835457636,1.13994835383933,0,0,1.73385743565991,4.30016668656873,6.16852637364117,5.67255385579077,4.90542957161041,5.11139892895345,4.78823447715251,4.56428130887801,3.1242871058254,3.19619567915363,2.9946185369778,3.33604819751191,4.02326703192384,3.17519944151734,3.24492742455543,2.29383816161966,3.09607216021753,3.6495227361717,3.16974327228317,3.1648049110531,3.1648049110531,3.1648049110531,3.1648049110531
807,"MKD","North Macedonia",27.7789051064402,29.6897499333217,30.2772639897883,33.1429982484854,35.7975677318842,39.7260159158634,38.9897338078849,33.445188223217,29.1565945566674,28.2871590046082,29.2650839278855,31.1088108514552,30.1544913834955,31.9419175074783,34.8574365747408,39.4338563548448,44.9460784289246,45.4978082581451,46.6166524954775,45.2098040884385,47.8925500528097,49.3193865949175,50.7288741449464,54.8523849882587,56.8959519828846,56.8959519828846,56.8959519828846,56.8959519828846
578,"NOR","Norway",51.5529506990198,50.3181214217009,50.5605939600562,50.0658153568804,50.6623591348158,49.6088951963946,49.0416034558646,47.2573784950092,46.0944049353823,48.0360718751163,48.7010129747539,51.2616057919996,50.9615950575805,53.9683788162439,53.6890132958588,53.3275466103233,52.1076892885838,50.5991379235172,51.5260526495625,53.4232899729462,57.5907497539289,60.8113475604471,66.4099280676222,61.0249969788477,62.2363769204711,62.2363769204711,62.2363769204711,62.2363769204711
512,"OMN","Oman",29.8974389192395,30.5473488548758,30.8917641438047,29.8697503392205,28.1372222489949,27.0109056272586,29.4533308760525,31.1778726038338,31.4364723323822,32.1740125008171,31.7828256016906,31.8293421116952,27.6594441071914,25.9347899959434,27.211898567947,30.4405603971497,32.0669660729466,31.7216322740196,31.2060869196476,31.8042259136532,30.8658595369746,30.4706863412238,30.7483967902055,34.0073067671986,34.9616062703317,34.9616062703317,34.9616062703317,34.9616062703317
586,"PAK","Pakistan",3.7751070490765,3.89352097618202,3.53639939215061,2.79847629937976,1.25224858695069,1.32373939738918,2.13552743447408,3.23397991512644,2.41286176693816,2.62160274191605,2.49041758215832,3.02296588457412,1.72314090556178,1.49504635331218,2.46943851414215,3.80303814961408,3.7849512445184,3.42483151085757,2.71618295333865,3.22780563629267,2.65817067953725,1.68844583290789,1.17198720105435,2.09832103289749,2.14306657228092,2.14306657228092,2.14306657228092,2.14306657228092
585,"PLW","Palau",89.7567196454864,70.3038404303002,68.5786400011245,71.149282943332,95.8589001115457,100,100,100,90.9251550735164,94.2975649159346,93.286956018685,84.6867588971838,83.9926411425421,78.2802745064763,80.6576670656368,87.5013112211572,95.0531920371928,94.1486401693783,82.6576722080296,75.1402303448358,84.4853158694349,92.0746030109164,100,95.8850394908095,98.2007539546487,98.2007539546487,98.2007539546487,98.2007539546487
591,"PAN","Panama",53.0226629288325,52.9364095879455,51.5438093589256,50.9116223465278,50.4373472937229,55.6428105840638,50.4138051860507,50.8762684494166,49.4861231154614,58.4023829771485,66.9523939901634,67.578689764012,70.0309845069335,70.5984147010313,76.4766048929954,75.6220703419594,69.7138478556341,63.5781376961565,64.3464587149847,66.9755843001661,71.1195874632094,71.4339557589843,76.8357600511581,67.1329533985328,66.457259802202,66.457259802202,66.457259802202,66.457259802202
598,"PNG","Papua New Guinea",90.0060941045915,72.9931810847129,73.5324652020863,75.3297326430962,96.1962807770149,100,100,100,98.5625455185697,98.150760255828,96.961066635775,87.0781731924938,84.3814102137726,82.404505087342,85.3115210243533,92.4175540964087,98.0361815380436,100,99.0559468823838,88.2373844827665,92.5967766456229,91.6337716122657,100,99.6535147027639,100,100,100,100
600,"PRY","Paraguay",65.3053898314693,64.1609801669646,68.0262759691317,63.4867149391295,67.6128284429033,68.0782994844309,76.4664433573766,70.4136662608044,71.0783456187853,66.6650439225302,64.6090294664997,62.7046885977579,62.2215732062695,67.4554844706507,67.1594376187012,65.9308238557059,59.054760870529,54.4179378885075,54.8085218187699,57.3427544618588,58.6001393895005,52.3990354937171,52.5446131672003,50.437967327986,49.7713737583627,49.7713737583627,49.7713737583627,49.7713737583627
604,"PER","Peru",93.0742588150652,95.4181675973265,95.7251581548233,94.3715793791523,92.4992549799329,95.460479387188,90.1692153836466,88.7416166834382,85.6220770369262,90.3827102911791,88.7816181931683,86.3513328961386,89.4586699643426,97.3351244341865,97.2490860629018,92.6435703432958,82.7116034925565,76.7439623779064,81.1459223172821,85.1410139465001,88.5137224596262,83.1656972880727,87.1562567928599,78.5901278170171,77.0882617547278,77.0882617547278,77.0882617547278,77.0882617547278
608,"PHL","Philippines",65.6761396014115,66.6688599573882,67.1886753399245,71.151478091186,71.3158350817969,70.4899113417298,65.6336393028545,67.5414800270197,64.2721509278102,64.5142191839271,65.5670191228332,63.1754770513421,63.3053989296836,57.8464435689554,59.6970522438193,58.9992034139053,62.2227646412463,63.9104664716182,62.2450885841786,63.2888328765604,66.9585261032631,75.6230789745282,94.9073393231176,77.4679987824834,79.6595414965307,79.6595414965307,79.6595414965307,79.6595414965307
616,"POL","Poland",41.0015163545721,43.3107648446032,44.7027412120286,44.5101141118006,42.7502940985813,43.4712302366884,43.621690671116,42.420826206073,42.2926835383551,43.1669834485948,44.00021615664,44.1949031045939,44.5546412894384,46.9021387907879,48.7670080902271,50.3888356904623,50.3177085552664,48.1895093750123,47.9945468363673,48.3323163487027,49.5979524456069,51.9845824470168,54.5033860180185,51.6002774619345,51.7556543279766,51.7556543279766,51.7556543279766,51.7556543279766
620,"PRT","Portugal",54.0358567460138,55.4080528781895,53.880410303386,57.5345696849533,55.4287334218588,50.1994064847511,49.2574515636546,46.6523233835571,45.3207950083562,42.5739251798928,40.8149191427123,40.4628902037146,43.0214117870593,45.3441668953849,45.7171505584962,46.8192726783434,48.3121302139302,47.8813954107256,48.0093335800281,49.3564558908186,53.0975476984684,54.9798974253953,55.1910864017042,54.2661653733957,54.7431951373718,54.7431951373718,54.7431951373718,54.7431951373718
634,"QAT","Qatar",31.1830190374195,27.7544685314507,25.9067283103246,25.0000704735532,24.8475830302523,25.7564787468006,27.337078726254,27.7900537258632,27.1645790247464,28.5602431128389,28.9242567663878,29.2165921826445,26.7940910322884,26.5996423369765,28.4522529347144,30.9049402078603,32.0972045628529,31.323707141757,30.801778114501,30.5776790698586,29.2755406434925,28.6295093896068,28.4902531196843,30.1642730851612,30.5585940949491,30.5585940949491,30.5585940949491,30.5585940949491
178,"COG","Republic of Congo",46.3269466451055,50.1151066593751,50.8963402266536,52.2207481715621,51.6522278979142,63.2192796010104,62.904107174266,71.1199605047959,65.7185462622993,52.494567010715,38.5599440729973,31.7616728604028,35.1359326458471,41.454933303844,46.9670286032615,43.0270935111143,41.445428248256,39.1437026140168,37.6152570337312,36.5447398100925,38.259190106278,38.6723805094173,38.6860347879549,33.7997338629025,32.2798224173568,32.2798224173568,32.2798224173568,32.2798224173568
642,"ROU","Romania",25.0147291318304,27.1423501456189,28.2210698975625,31.9818497733472,34.020211941784,39.3934895739488,38.3159237645964,32.9412991037907,32.1323304851655,33.7741627493471,39.8060535393117,39.6219591721537,41.4793743044546,41.1775547108589,45.2663313107197,48.6557156729693,52.2162411761518,50.9097766514454,51.541578062222,54.7705130050387,59.1006372735229,60.7088564548398,60.2474914455943,63.9504376495506,66.75435753834,66.75435753834,66.75435753834,66.75435753834
643,"RUS","Russia",31.7468515950939,33.5882839581859,34.9955852882119,36.1486916458252,33.5740041533298,33.6922441349896,35.1176712739022,37.226933914461,38.1887562492135,39.4647563708509,39.6213951931601,43.0258750072324,44.9582661486008,45.304476070139,44.403030657632,44.9308080092748,45.8707112935161,50.1371269494653,52.7008671197619,54.7356258424879,53.8706953770613,53.7003696549253,56.7151265949525,58.5382880343563,59.632886271486,59.632886271486,59.632886271486,59.632886271486
646,"RWA","Rwanda",39.1210433457924,39.1366816892018,38.1838533711364,43.0069475128571,41.2267205827564,49.4564920663734,50.9126179389526,59.3103127489617,60.3241857940078,51.2106478361139,43.7100949337244,36.7665603821959,41.2519484193887,48.1211795091076,51.1622003281923,46.1298886499769,41.5139652634825,39.3840753962736,36.2999199659717,35.7335426678647,34.108107773685,36.0630346351344,34.8331831672871,29.9321663172982,28.2680909550276,28.2680909550276,28.2680909550276,28.2680909550276
652,"BLM","Saint Barthelemy",-8888,-8888,-8888,-8888,-8888,-8888,-8888,-8888,-8888,-8888,-8888,-8888,-8888,-8888,-8888,-8888,-8888,-8888,-8888,-8888,-8888,-8888,-8888,-8888,-8888,-8888,-8888,-8888
659,"KNA","Saint Kitts and Nevis",65.2095999701892,64.8688791815991,63.9000673209555,69.6659257737038,72.9529188109479,85.1481407750365,76.0904976259127,77.8707823907336,78.5845325391675,100,100,100,100,100,100,100,100,100,100,100,100,100,100,100,100,100,100,100
662,"LCA","Saint Lucia",64.7540644818525,67.6255997596714,67.5189729421549,67.8157601825675,66.723290123969,73.2219510094459,67.4979628155461,68.942728796587,67.6101801221881,79.5986360147205,86.1796254423392,88.5931556576952,86.0392776916885,84.7620250307157,85.7890967825845,95.5312820736217,97.7025692195122,95.7488469946068,95.4345223757561,95.2973146109303,100,100,100,100,100,100,100,100
670,"VCT","Saint Vincent and the Grenadines",81.6562160690239,83.8732099003672,81.769861892365,84.1636711497529,82.3081359207714,87.6976444820613,83.0050539197764,85.6139737996324,84.7583832937176,94.6924001958005,100,100,100,97.6223453149192,99.8383302353516,100,100,100,100,100,100,100,100,100,100,100,100,100
882,"WSM","Samoa",32.6330927922006,35.0639484786684,30.1165909551713,28.8839171016969,29.4343815515937,32.7831808800332,35.4743379259421,36.1734157312868,37.8851999601859,38.4599982811361,39.1189939567084,36.4892664442514,37.3316858211805,37.5058521392718,39.7567311876052,41.0432634512999,42.9877110608763,43.9955065914978,40.8421253104298,42.0900601647846,41.9514112574827,44.7138669608389,51.4666813997408,44.8945433571388,45.9749656002821,45.9749656002821,45.9749656002821,45.9749656002821
674,"SMR","San Marino",45.0494318201321,45.7009642766501,45.8032220889257,46.6204325153827,49.730050624013,52.6662128789085,56.3053962369728,52.2686198009896,52.4994330022539,49.5982147916156,51.7576534350214,50.6082496150273,51.796503570304,51.0014929019748,51.937665384393,50.4129493433131,49.3995069167336,47.8059468155349,47.4048580362071,47.5232179644825,49.5898831321641,49.9694763619581,51.02033041976,48.5458902238269,48.6407309803502,48.6407309803502,48.6407309803502,48.6407309803502
678,"STP","Sao Tome and Principe",49.7775901173379,49.3189467845959,48.3771841009513,47.2040773609576,43.9222773080738,53.0443697376214,58.6196060978079,62.4444311629615,55.3122864427186,47.5899070767329,41.4382287040073,35.7634539326338,36.0169791959673,43.4293749570129,43.8496050586706,40.6829948927277,37.2482126890256,37.6151528037213,33.7037126342414,30.6345433302916,29.1516041294346,33.2976787350928,36.4248645481779,28.959706107934,27.8013579648432,27.8013579648432,27.8013579648432,27.8013579648432
682,"SAU","Saudi Arabia",26.8494529788973,27.0542385339605,26.7650265189859,26.3221928162881,24.9467812062439,24.6624560233939,26.1223619271611,27.2722596968969,27.0536543321525,28.2151650191933,28.7843427129509,28.9493614736468,27.0612879573713,27.0205134220696,28.9733362515048,30.3757955791874,30.6250191448568,30.2413716194765,30.1998709271527,30.5420744437363,30.5301901661494,29.7674375002469,29.6065300017755,30.8792205704387,31.0894759368595,31.0894759368595,31.0894759368595,31.0894759368595
686,"SEN","Senegal",56.3940425061487,56.7968499677666,55.200979854323,54.0362495408762,52.6165303188633,57.9345973376061,59.6577096756247,62.1759440660661,60.0284931052363,57.0794966132146,54.09574826097,50.4270756076907,50.445429843424,55.0277718314204,55.4248243148787,52.4563184768658,49.2126579035549,48.773898255196,44.7282305742598,42.8121415470723,42.41262586797,46.3574822246124,49.4125998005854,41.8145155613705,40.6977613111533,40.6977613111533,40.6977613111533,40.6977613111533
688,"SRB","Serbia",28.7379504170322,29.6439675483426,28.8124830615392,32.0904925349154,34.8035602965017,37.775266293287,37.5645314100708,33.5723351869659,32.2822917586656,33.2369371281453,35.7665185275487,35.5936140061981,34.6605392434965,33.4808425987831,36.4340668860115,39.381038134004,44.4138823018577,43.2294351617933,44.6671231258756,46.0774914045832,49.3732333114465,51.0775112924876,51.8442873172513,54.8654163098765,56.6539326533133,56.6539326533133,56.6539326533133,56.6539326533133
690,"SYC","Seychelles",97.7961882115156,95.8382458042419,100,98.4041724244933,98.7622695253234,100,100,100,100,100,93.0461512538299,78.0840414227121,80.4191554728199,88.921715586912,98.5184058871523,97.6527313263238,86.2068844402925,81.328701718777,70.6143431960689,72.946382925106,73.2464397938705,86.2663714206393,98.2577992720905,71.2160821001434,66.0910270489932,66.0910270489932,66.0910270489932,66.0910270489932
694,"SLE","Sierra Leone",55.4644767240689,53.6674119576872,51.7091140515289,47.8245571675413,49.5567650303393,58.0220991174915,60.1758022838751,62.942496399093,57.7615132680603,57.6849213671856,52.8777212253649,45.9194711702308,42.7727128040155,46.124645917249,51.4132127482831,49.0376991889186,43.4741997261184,40.0137491228163,37.5428795495716,37.6766116863291,38.4778108444492,44.9510870715937,48.7585767482248,39.9725778520195,39.4034545782287,39.4034545782287,39.4034545782287,39.4034545782287
702,"SGP","Singapore",58.1707524590174,47.2026280495944,45.9269641354386,45.368465286345,64.5824366601186,69.2538529837219,71.119435152414,71.6476145531318,66.8362309352815,66.0148405675188,57.282216029034,61.369383356054,65.0740295416859,75.1500952493838,80.7665907086498,75.5663805690383,69.5026932281755,62.4957749789289,59.5330293793283,58.2303201355593,61.4214689307253,68.9370686131704,82.553085702098,62.1923965644756,60.8856283557393,60.8856283557393,60.8856283557393,60.8856283557393
534,"SXM","Sint Maarten",-8888,-8888,-8888,-8888,-8888,-8888,-8888,-8888,-8888,-8888,-8888,-8888,-8888,-8888,-8888,-8888,-8888,-8888,-8888,-8888,-8888,-8888,-8888,-8888,-8888,-8888,-8888,-8888
703,"SVK","Slovakia",45.8580159309487,48.0450906979717,49.0330576327474,47.3708766905656,46.7713394205875,47.966489057451,48.2960202890858,45.1087623474862,43.3331958591171,43.175625431756,44.1033472514588,43.4612733529721,43.7880512514786,44.1004353783466,45.8525640779097,46.1232153615651,46.7797629697968,45.0120379412091,46.3041073469385,47.5101360514559,49.9111627873335,51.2990941155572,52.2528230980839,52.0592981753177,52.7917768534396,52.7917768534396,52.7917768534396,52.7917768534396
705,"SVN","Slovenia",32.7611841845265,34.5881987067694,35.6427546920786,37.3943051165772,36.6818862967779,38.6114812101861,39.0185466811583,38.3228832704378,38.9473976242261,40.0697953831613,44.0143911420296,44.4947339266209,46.6586717941976,49.1163932848949,50.6356959317626,50.2686168715683,49.1970174789629,48.9562856670642,49.69402798225,50.9098814519531,50.896844571802,50.6246350714282,51.265181217217,48.9884897495775,48.5376460724085,48.5376460724085,48.5376460724085,48.5376460724085
90,"SLB","Solomon Islands",93.1228099297842,90.3554262389228,91.3294468608632,91.6632191856293,99.0540362476429,100,100,100,100,100,100,89.3158528238778,85.3608485288623,84.7158397737232,85.4914405190745,93.6525383051263,100,100,100,97.9593826742821,99.0443117023739,95.7730881333823,100,100,100,100,100,100
706,"SOM","Somalia",65.7927325568423,68.4058723160628,66.1859974181305,63.9514764887785,58.6281471417709,62.1031414582194,65.9180787152223,68.8080294894363,69.1000276965236,67.7973476662772,64.3916942674307,54.8230902476628,52.7222937249279,58.5111998110805,66.2311473508752,62.9491175823352,56.4450636343687,53.2938915295314,49.0368236958652,48.0814526315713,44.6836956085331,48.1987714467797,50.3102348475468,40.5400439083587,38.2791060489056,38.2791060489056,38.2791060489056,38.2791060489056
710,"ZAF","South Africa",48.1987354226111,47.1767791313336,44.8107176228139,43.9815433554994,42.9039573041756,45.1286374749459,46.5542680552648,50.3248170579047,48.7513377990106,41.5237090521825,36.4390914246626,31.7917693605049,35.2728199672219,38.9145368489599,43.6669190805927,45.3119287493585,42.6993709164995,40.186961332064,37.5422489977252,41.3748281611597,43.5047319524489,42.3063680906251,40.4827700812546,40.8615271242401,41.0915185769241,41.0915185769241,41.0915185769241,41.0915185769241
410,"KOR","South Korea",39.4697196077246,39.1767640044885,37.3959172571232,36.9834585407258,37.2615281150538,41.9365951008998,49.0269168054493,55.6597734941149,55.1928194173451,53.0413624799268,53.2806218315474,53.6586999065362,53.0198261134411,50.4941178061571,50.4889104700038,51.3613456130858,51.7389114042456,50.3567852829003,48.6370656075423,48.4659877246641,47.5885204481838,47.4450772341977,46.7964163757386,45.5737711078038,44.3965858772976,44.3965858772976,44.3965858772976,44.3965858772976
728,"SSD","South Sudan",30.8799436485178,32.065551438616,32.3249761037776,33.0904478306227,34.1826937807214,40.212004761334,42.4543226557918,44.2263941449038,41.6970683496489,39.4783740342033,36.4869212390502,32.739746147999,32.4679079118992,34.4696405909269,37.374040841685,38.8951855760882,38.6540108659951,39.5451124337628,37.3335983659721,38.1726611077755,36.9381748105387,39.5976570551567,39.0952458918583,38.8743484070524,38.9281738362955,38.9281738362955,38.9281738362955,38.9281738362955
724,"ESP","Spain",37.4384943955545,37.8205731898767,37.9461942959532,39.2772177927633,38.9470733902287,39.8338610211616,39.9096763807536,36.755714893632,35.6573217682264,35.1914535344731,36.3541911165617,37.8390075169755,39.4156223969647,40.720456765464,40.8006282090415,40.7405058537805,40.6542044328924,40.4688602088784,40.6579120876343,40.1973525376934,40.460924507722,41.3741243729439,42.111210815098,40.4834786761601,40.2416808029773,40.2416808029773,40.2416808029773,40.2416808029773
144,"LKA","Sri Lanka",69.8305098633944,68.0320532191815,65.7364605713506,67.7898517509127,62.7910576786649,65.1969319409948,64.3855211275879,69.0343041712148,64.8666775117404,66.6923455721908,63.441094061125,64.0789860521101,59.6354392865385,63.9956077814313,72.5346399815791,67.1540389296647,59.1917506300266,52.0086820868653,51.7944068692588,55.1116147738833,50.6997366747895,53.3044258507907,51.7830243067511,48.4629150353505,46.877135053035,46.877135053035,46.877135053035,46.877135053035
275,"PSE","State of Palestine",28.0961709599077,29.6838348259246,30.0985900682707,31.1773902591468,31.2429785266063,32.6251281341073,31.6581791086412,31.364691233249,30.3566077191384,31.986225528154,33.6368845411702,34.1945638271938,33.9073388450456,34.3238791561205,34.6511025089635,34.9520892513768,34.6560655054556,36.0404440804546,36.7938454398145,36.6628781592226,36.5464258953851,37.3152986601891,37.2190858325988,37.3672629127219,37.5244019725127,37.5244019725127,37.5244019725127,37.5244019725127
729,"SDN","Sudan",40.0338287731644,41.2545716961478,40.7170960071846,40.8427242306771,38.9620396129241,42.0764812601731,42.9926712009019,44.729204722413,43.7519773205824,42.2483640112912,39.5372310234017,35.8043178306251,35.415646556472,38.0983553308102,40.7321561843195,40.1812089197484,38.2952511613806,37.6909145802735,36.1164855349302,35.5506095939182,34.6465125423924,35.2846968106668,35.6967140845288,33.4566600089495,32.8225374559503,32.8225374559503,32.8225374559503,32.8225374559503
740,"SUR","Suriname",100,100,100,100,100,100,95.6151359619858,95.6893159332501,95.7022173394251,100,100,100,100,100,100,100,100,95.6720913863734,97.4182826910168,98.1368400285851,100,100,100,100,100,100,100,100
752,"SWE","Sweden",59.0844931872633,57.8243487353256,58.3858828131347,59.3238351152483,61.177534106339,60.3031404356202,59.1508424155071,56.48418219004,55.3886271436268,56.830944396661,56.8982961029188,58.5994162839901,58.32681813743,61.1390919858725,60.9191551217443,60.7242300785008,60.1955675175737,57.7338326106847,58.230857149389,59.6137769187293,63.6397359826081,67.8542112883589,72.2273250546802,67.2936863778311,68.4700254123191,68.4700254123191,68.4700254123191,68.4700254123191
756,"CHE","Switzerland",42.9247965654017,42.8592117869732,42.2724170330226,42.6642017475521,43.327172744778,45.0204222164656,45.9628132157068,42.7657334199754,42.4852386835253,43.0667710244346,45.6753863620669,47.0340105238824,47.9046058894414,49.1683915874416,48.8000843844372,48.4243716379859,48.977920847964,48.3376120812609,48.0986225452249,47.3564370447579,48.5874485364164,49.4066833859871,50.9712078255927,49.2767473078417,49.3433915938959,49.3433915938959,49.3433915938959,49.3433915938959
760,"SYR","Syria",28.0103995834338,28.9048738918374,29.0010999451272,29.0418941131473,28.9708625791767,29.5786768493879,30.0429186182396,29.9752181497567,29.9934188776496,31.0166006078301,32.0017881508201,32.8406065319616,31.3385099113587,29.4112186034561,30.0237191018508,31.5625345700432,32.0033035504348,31.7304248479258,32.047668326818,32.7859476193758,33.0702070652464,32.4428384733506,31.8897598366115,33.0541397831751,33.3541477548108,33.3541477548108,33.3541477548108,33.3541477548108
158,"TWN","Taiwan",39.2486412985869,38.6407635572134,38.0527217484996,37.9976551854077,36.6526306695524,35.5459120511288,34.6847489751086,34.8465177269438,36.2474140486489,37.4629271138392,38.4555538072733,38.5994053464699,38.612166747808,37.6930382289007,39.2039898259151,39.4162466787706,40.454013162086,40.7311116627073,40.989949818802,42.1485549738065,45.4598639779346,48.4849201835857,49.8005999538979,49.0146670449483,50.2464051440518,50.2464051440518,50.2464051440518,50.2464051440518
762,"TJK","Tajikistan",13.3793456187106,15.0268368243153,16.3171256794729,16.9274836505365,17.1690003971279,17.7381295675757,19.9525939507382,21.3388209987095,21.1536704042192,21.3756291649377,21.2311151992543,21.693301500202,18.2300552203792,17.4996710452851,18.8482283251205,21.0821906197864,22.1750675103805,22.0313390561186,22.3077006020487,23.7149152143494,22.4151564174592,20.9090112949535,19.2712724368529,23.2401399954573,23.9550811507829,23.9550811507829,23.9550811507829,23.9550811507829
834,"TZA","Tanzania",78.2248502715661,78.7194569504901,75.3664590112206,77.5455032743246,73.4305281382089,81.9373186281614,82.8857060204844,90.1543405198237,90.8786853578669,78.4807407033846,68.4622085313665,57.160661572395,60.1162667477574,66.5378684299747,71.2865146511688,68.926700733799,63.9166345553133,62.4169745256903,57.3591769368336,57.2587594119883,56.2458803694041,59.461183380557,60.5729000663146,52.5252331906365,50.8427313250862,50.8427313250862,50.8427313250862,50.8427313250862
764,"THA","Thailand",46.2605755974012,45.9852414914461,45.213654207292,46.7949639664435,48.4209717139284,56.7246997403568,54.5563673515908,52.7823598157679,43.4223319813099,43.2364078362246,43.9991569378947,45.1796119769597,44.5755812448149,44.7631615744225,49.1586450158016,44.546751352042,41.5083533712081,40.5331699753361,42.7160289193594,44.9025115012867,43.6806123769418,46.6505084875356,46.8886140241741,43.3094850828964,42.4418929232502,42.4418929232502,42.4418929232502,42.4418929232502
626,"TLS","Timor-Leste",54.6639469762637,50.9410844634594,52.8449781341755,50.4874285558174,58.3737962659283,62.1724061867345,65.6800942593559,67.2049125142069,60.1248237970964,60.6153145512075,56.7802177706328,56.3930134537659,57.7160621186533,58.5287245493675,62.5425531289449,55.968577676507,47.3994380205884,42.3635515878583,41.0678824975146,43.0803375512925,46.5120377687291,50.8082291148016,67.1205407989234,44.3959438733042,43.1557915568432,43.1557915568432,43.1557915568432,43.1557915568432
768,"TGO","Togo",42.1567805809464,41.2228702450564,40.0980949772868,40.1951792922273,41.9062880121661,46.2086459761128,47.4024140223738,52.097357367151,52.4331138578447,50.676963735038,43.141909964015,36.0196403396315,35.8074129955706,39.1591556367945,43.5487155116543,39.9847740513491,36.7380649327599,34.5304578442407,32.6609327586787,32.1458463281108,30.9196829266207,33.4635405599948,33.6980886400925,29.7174769235928,28.8309330790262,28.8309330790262,28.8309330790262,28.8309330790262
776,"TON","Tonga",45.0834402536578,45.4202478152061,40.952293632616,37.0912514076562,36.1541000602636,39.8930859016485,42.8692210374523,43.032037911034,44.8056270342144,45.7856173853072,47.788459661364,44.7411904594994,45.4010443740682,45.3698733389764,47.3849118849619,48.9547956711371,50.6767846282787,51.6224147166947,48.8700608192937,49.475081312334,49.662101152127,52.4059957497705,59.5072460921467,52.9855505205457,53.5934551687018,53.5934551687018,53.5934551687018,53.5934551687018
780,"TTO","Trinidad and Tobago",78.0545828718023,77.0827562101247,78.1599692096483,78.3012659684166,76.039270177761,83.0482764967306,77.120091079726,78.3161823669744,75.9237024454307,87.2006904106989,94.6758604726025,92.7605125383084,92.0231443763127,91.114552791346,95.3646479247703,95.8589946581847,94.4430093352578,92.4833856212244,92.8403235159359,93.6876131034791,98.1174380545729,100,100,99.7444749743355,100,100,100,100
788,"TUN","Tunisia",35.6945439407503,36.5362099517923,36.4662960773999,36.749658038796,34.8088908321174,35.576115738375,36.1295592820091,37.0211945519346,37.3715959951079,37.2489656442977,39.8849568524875,39.6676484832369,41.380295137227,41.6143840262408,42.105204707519,39.9318841039546,39.7997501575122,39.7490956905784,39.2176841339336,39.3321776484025,39.1226412781667,40.5080634278272,40.310218914316,38.8847862079082,38.8066743093753,38.8066743093753,38.8066743093753,38.8066743093753
792,"TUR","Turkey",19.4465534513038,21.7133458196715,22.1717132669486,23.9533014232953,26.0102404538264,28.6553659891347,27.9172848915974,25.2249279844318,24.7669513723217,25.2582667574178,27.4031001038762,25.7431766969822,24.8866323183744,23.5695363578283,24.2870426353217,25.1202276792414,24.4146852661352,23.7166217059359,23.2907311539547,24.8759479077269,25.6068142927857,26.053588148255,26.0403618249644,27.1245713810588,27.6631868605994,27.6631868605994,27.6631868605994,27.6631868605994
795,"TKM","Turkmenistan",25.075771165688,25.9015998731819,28.0657791674457,30.040386878573,32.0188164059247,34.7880432919774,38.2246882777819,39.687306774998,39.6575608680562,39.9798501867786,39.9281458350233,41.3159893330404,39.6867870224204,40.7169230903059,45.564081617086,50.1290010510688,50.7763161754388,50.1691964041274,49.3144803341226,50.2839295173875,49.560684724278,48.3278466082829,47.6207654978492,48.5153082514273,48.3890165641142,48.3890165641142,48.3890165641142,48.3890165641142
796,"TCA","Turks and Caicos Islands",-8888,-8888,-8888,-8888,-8888,-8888,-8888,-8888,-8888,-8888,-8888,-8888,-8888,-8888,-8888,-8888,-8888,-8888,-8888,-8888,-8888,-8888,-8888,-8888,-8888,-8888,-8888,-8888
798,"TUV","Tuvalu",71.9061800301449,73.0056107848942,71.3953316582709,73.4192463900843,76.7036998728441,89.6156038954769,92.5649400303824,92.2826500219928,86.1534208818885,80.624137026226,78.9478424275332,72.9266414937263,71.5794644208597,71.5451774264534,72.2736760966839,78.2773396724775,79.0543909740549,76.9177454764974,72.3688094644777,69.570005203849,73.1400133760566,71.4634499921085,98.399520356919,71.7658282935287,71.3690285697156,71.3690285697156,71.3690285697156,71.3690285697156
800,"UGA","Uganda",42.9726076050206,43.7244874075035,44.5844374379435,47.6263415009001,47.3983012917664,54.9162254664245,56.8570052548388,67.3430077709666,68.3456777836182,64.1739870003065,54.2081920093014,44.6820404829843,45.4077425320679,52.1401638625557,56.4592871818551,53.7375218012486,47.6935508132241,46.5959122013871,41.4836997063744,40.1850239586307,37.8284066772168,43.1574427313596,44.9490258039286,37.5646064218849,36.0658678508407,36.0658678508407,36.0658678508407,36.0658678508407
804,"UKR","Ukraine",19.1392350822046,21.3939359450919,23.6932353116169,26.342509055682,26.6540457752846,28.2372104256423,29.8974676079176,29.5101818205329,31.3479789302121,32.4698778892906,35.7941143430374,36.5814524351339,38.6887081016718,39.2197669581246,43.1588582966938,45.3240637903364,47.1023462800996,48.7298662965646,50.0037325438828,53.4099464336653,51.206454412178,53.3437446095807,55.0061925514393,53.2372909774286,53.7840897164081,53.7840897164081,53.7840897164081,53.7840897164081
784,"ARE","United Arab Emirates",14.2090630589829,13.8913618767597,13.9579856548967,13.0636601062592,11.8179594096873,9.88650246118819,11.285779573384,12.5139581153177,11.9761272383451,11.5612182335655,11.4505756516176,12.4830882889116,10.1257149800212,9.78186169960108,11.5638781710259,14.8874401651399,16.6375411688225,16.1104534792099,15.748703080228,17.9916371571331,17.6013580805901,17.5407883853547,17.3206507169785,19.8107626142275,20.4396485588034,20.4396485588034,20.4396485588034,20.4396485588034
826,"GBR","United Kingdom",60.9637432442173,63.6087956375642,67.5289925580411,64.779327521374,64.984464886136,62.9316648115844,64.5448176962672,57.8085039645701,57.0403897232043,57.1280963532761,57.052814522705,58.1815659588425,55.9378692681894,60.1818565509682,61.3591280302774,64.4269074857017,66.0214570999506,63.1285380307881,61.9866605190112,60.9779874662246,63.9280858559342,66.8703154908619,74.5054501712715,67.6354299466341,68.3132870786761,68.3132870786761,68.3132870786761,68.3132870786761
840,"USA","United States of America",29.1538053214029,29.1165402000825,28.2664650983475,27.0072042619591,26.4969298358607,27.1677283843342,27.4341533124543,27.4910939034523,28.6145570030385,29.1802999455511,28.7284845635427,27.9724723667176,28.9639655024816,30.5550218537347,31.6768053428786,32.0607382328302,30.6387480677211,31.568337465939,32.7147948640659,34.605219988955,34.9433565910392,35.2307832979384,35.9288519389219,36.2240295392875,36.7070536330293,36.7070536330293,36.7070536330293,36.7070536330293
858,"URY","Uruguay",64.0569952958126,63.6773465688773,63.6247693880968,61.1889859032214,60.9961627238628,63.1301795098777,63.3364951940238,62.1098350513964,61.5406614188044,62.1414915417519,59.3367181412108,58.0490900730293,57.7158232238931,63.1020107412137,63.3495660168341,63.6687339459223,60.0575963988189,58.4685648748044,58.2117917340212,60.2315050349511,63.8257917376683,61.3225900508326,68.7292327326139,59.8791924396063,59.501449273426,59.501449273426,59.501449273426,59.501449273426
860,"UZB","Uzbekistan",19.0592993370931,18.8968035908509,19.7449709667231,20.1547752587918,20.3587627066315,20.3073902147445,22.9013307609641,24.3294587295594,24.4557579202727,25.4440384767331,25.9309558577297,29.2811977767074,28.4409571751327,29.7916697794697,33.2530331322205,36.9727859999503,37.5999252141493,37.2543669105563,36.8475565910043,38.5095226820963,37.4712586773106,36.0498241920836,34.0630104509702,36.6569502841664,36.884848060317,36.884848060317,36.884848060317,36.884848060317
548,"VUT","Vanuatu",59.1067866351362,61.544818563848,63.1098659508576,65.2083005895254,68.7169379274403,79.9332572714262,82.506807099554,80.4855842007654,76.393827350868,70.5624836855886,69.7651166852062,63.9222891869881,64.975276434967,64.0091305538763,64.5921119914188,68.6919182479723,69.1107366533888,65.7380689609593,63.4284939078367,61.9473178322174,64.3300663763541,62.4537058248191,83.1791545259405,62.630985095637,62.66214538839,62.66214538839,62.66214538839,62.66214538839
862,"VEN","Venezuela",54.3520886015416,54.7754609011237,56.2323442902743,54.7368856314206,54.5800446001157,57.6537011826855,53.631012229882,52.2708029958259,50.8508710023918,59.1640429991608,65.3683445362431,64.4421297028271,64.3482985867041,63.5760268925865,66.6020892800807,67.0084935044257,63.9935714076477,59.2536944611364,60.0637000530572,61.6237061111709,64.0716500106539,63.989225333364,67.7297956998752,60.8089191605581,59.1676948387605,59.1676948387605,59.1676948387605,59.1676948387605
704,"VNM","Viet Nam",44.8281099612873,45.6345812076439,43.690340328924,44.6506498834163,45.5080236338856,49.5680863782048,48.0793112798514,44.8049301575723,38.330012668082,37.6112890522601,37.8650457150728,40.0394585628658,38.1524883247189,37.2839584367743,37.9823629666525,35.7515397558709,33.8414186735305,33.9161583799558,37.1222557671214,39.7363116353931,39.5591694992608,40.3237942013389,42.2228524414711,40.7770592245149,41.2894533126402,41.2894533126402,41.2894533126402,41.2894533126402
876,"WLF","Wallis and Futuna Islands",-8888,-8888,-8888,-8888,-8888,-8888,-8888,-8888,-8888,-8888,-8888,-8888,-8888,-8888,-8888,-8888,-8888,-8888,-8888,-8888,-8888,-8888,-8888,-8888,-8888,-8888,-8888,-8888
732,"ESH","Western Sahara",-8888,-8888,-8888,-8888,-8888,-8888,-8888,-8888,-8888,-8888,-8888,-8888,-8888,-8888,-8888,-8888,-8888,-8888,-8888,-8888,-8888,-8888,-8888,-8888,-8888,-8888,-8888,-8888
887,"YEM","Yemen",37.2043759666603,38.8172916799737,38.6311387930702,38.3352683814884,34.7339756604205,35.1443422932292,35.6478009155793,37.5389353950622,36.6583808928306,36.9290996418415,35.8733224388892,34.1077549418302,32.6191641628214,33.7054216438255,36.2579581982258,36.3279386999016,34.6705307710352,33.6083123792846,32.5974045093755,32.6467698510357,31.1667825465005,30.9280531306954,30.3870288042629,29.009963997837,28.3255173131053,28.3255173131053,28.3255173131053,28.3255173131053
894,"ZMB","Zambia",40.9268694742636,39.8261863125875,36.7359992497411,37.2815383158364,36.8511980702947,42.2229036718521,42.4146423999011,45.3987275514383,45.8976933687108,38.5010871087461,31.7872300410763,25.3945887571278,26.549368285776,30.1329768106991,35.1554446717645,36.2281764042384,35.2226647338284,34.8303611796027,35.0010757962185,37.2355297416412,39.0223954196057,36.8586890434657,34.3505490503052,36.2619984184388,36.3652040609269,36.3652040609269,36.3652040609269,36.3652040609269
716,"ZWE","Zimbabwe",59.4817559941281,59.860845716957,59.0696414425072,60.5525887498019,59.2247823617478,63.2267365914988,62.330885375084,65.8996657652452,66.2213916854012,56.1962805800315,47.5918238811848,39.1301905299091,39.6133125660611,42.1811133275651,47.8858435355009,48.8729831734455,46.1266313796782,43.383396231859,42.6094887265524,45.9641442238813,48.4102928862174,46.2118356901922,43.2744880398228,43.8237772540014,43.4721569801791,43.4721569801791,43.4721569801791,43.4721569801791
