"code","iso","country","SHI.ind.1995","SHI.ind.1996","SHI.ind.1997","SHI.ind.1998","SHI.ind.1999","SHI.ind.2000","SHI.ind.2001","SHI.ind.2002","SHI.ind.2003","SHI.ind.2004","SHI.ind.2005","SHI.ind.2006","SHI.ind.2007","SHI.ind.2008","SHI.ind.2009","SHI.ind.2010","SHI.ind.2011","SHI.ind.2012","SHI.ind.2013","SHI.ind.2014","SHI.ind.2015","SHI.ind.2016","SHI.ind.2017","SHI.ind.2018","SHI.ind.2019","SHI.ind.2020","SHI.ind.2021","SHI.ind.2022"
4,"AFG","Afghanistan",100,100,100,100,100,100,100,98.51411589896,97.0282317979197,95.5423476968797,94.7994056463597,94.3536404160476,93.1649331352155,92.2734026745915,91.8276374442794,91.5304606240714,90.7875185735512,90.6389301634473,90.6389301634473,90.7875185735512,90.7875185735512,90.7875185735512,90.7875185735512,90.7875185735512,90.7875185735512,90.7875185735512,90.7875185735512,90.7875185735512
8,"ALB","Albania",100,100,100,100,100,100,100,99.25705794948,97.6225854383358,94.3536404160476,93.7592867756315,91.5304606240714,91.0846953937594,84.9925705794947,83.3580980683506,83.0609212481426,83.0609212481426,82.6151560178306,82.3179791976226,82.1693907875185,82.1693907875185,82.1693907875185,82.1693907875185,82.1693907875185,82.1693907875185,82.1693907875185,82.1693907875185,82.1693907875185
12,"DZA","Algeria",100,100,100,100,100,100,100,99.8514115898959,98.6627043090638,92.5705794947994,91.5304606240714,90.3417533432391,89.8959881129271,87.5185735512629,83.9524517087667,82.6151560178306,82.1693907875185,81.2778603268944,81.1292719167906,80.8320950965824,80.8320950965824,80.8320950965824,80.8320950965824,80.8320950965824,80.8320950965824,80.8320950965824,80.8320950965824,80.8320950965824
20,"AND","Andorra",-8888,-8888,-8888,-8888,-8888,-8888,-8888,-8888,-8888,-8888,-8888,-8888,-8888,-8888,-8888,-8888,-8888,-8888,-8888,-8888,-8888,-8888,-8888,-8888,-8888,-8888,-8888,-8888
24,"AGO","Angola",100,100,100,100,100,100,100,99.1084695393759,98.3655274888559,97.1768202080238,96.7310549777118,96.1367013372956,95.2451708766717,94.6508172362556,93.1649331352155,92.2734026745915,91.3818722139673,90.1931649331353,89.1530460624071,88.4101040118871,88.4101040118871,88.4101040118871,88.4101040118871,88.4101040118871,88.4101040118871,88.4101040118871,88.4101040118871,88.4101040118871
660,"AIA","Anguilla",-8888,-8888,-8888,-8888,-8888,-8888,-8888,-8888,-8888,-8888,-8888,-8888,-8888,-8888,-8888,-8888,-8888,-8888,-8888,-8888,-8888,-8888,-8888,-8888,-8888,-8888,-8888,-8888
28,"ATG","Antigua and Barbuda",-8888,-8888,-8888,-8888,-8888,-8888,-8888,-8888,-8888,-8888,-8888,-8888,-8888,-8888,-8888,-8888,-8888,-8888,-8888,-8888,-8888,-8888,-8888,-8888,-8888,-8888,-8888,-8888
32,"ARG","Argentina",100,100,100,100,100,100,100,98.51411589896,95.9881129271917,93.1649331352155,90.9361069836553,88.8558692421991,86.924219910847,83.5066864784547,81.4264487369985,78.4546805349183,75.6315007429421,72.8083209509659,70.7280832095097,69.5393759286776,69.5393759286776,69.5393759286776,69.5393759286776,69.5393759286776,69.5393759286776,69.5393759286776,69.5393759286776,69.5393759286776
51,"ARM","Armenia",100,100,100,100,100,100,100,99.25705794948,98.8112927191679,98.51411589896,98.0683506686479,98.0683506686479,97.4739970282318,97.1768202080238,96.5824665676077,96.4338781575038,95.9881129271917,94.6508172362556,93.9078751857356,92.4219910846953,92.4219910846953,92.4219910846953,92.4219910846953,92.4219910846953,92.4219910846953,92.4219910846953,92.4219910846953,92.4219910846953
533,"ABW","Aruba",-8888,-8888,-8888,-8888,-8888,-8888,-8888,-8888,-8888,-8888,-8888,-8888,-8888,-8888,-8888,-8888,-8888,-8888,-8888,-8888,-8888,-8888,-8888,-8888,-8888,-8888,-8888,-8888
36,"AUS","Australia",100,100,100,100,100,100,100,98.6627043090638,97.1768202080238,96.4338781575038,96.1367013372956,95.3937592867756,94.3536404160476,93.7592867756315,92.8677563150074,91.8276374442794,90.0445765230312,89.4502228826153,88.261515601783,87.3699851411591,87.3699851411591,87.3699851411591,87.3699851411591,87.3699851411591,87.3699851411591,87.3699851411591,87.3699851411591,87.3699851411591
40,"AUT","Austria",100,100,100,100,100,100,100,97.7711738484397,95.6909361069836,91.3818722139673,91.0846953937594,90.9361069836553,90.6389301634473,89.8959881129271,89.4502228826153,88.4101040118871,87.667161961367,87.0728083209509,86.478454680535,84.8439821693909,84.8439821693909,84.8439821693909,84.8439821693909,84.8439821693909,84.8439821693909,84.8439821693909,84.8439821693909,84.8439821693909
31,"AZE","Azerbaijan",100,100,100,100,100,100,100,99.702823179792,99.5542347696879,99.25705794948,98.959881129272,98.6627043090638,98.6627043090638,98.51411589896,98.2169390787518,98.0683506686479,97.9197622585438,97.6225854383358,97.0282317979197,95.9881129271917,95.9881129271917,95.9881129271917,95.9881129271917,95.9881129271917,95.9881129271917,95.9881129271917,95.9881129271917,95.9881129271917
44,"BHS","Bahamas",100,100,100,100,100,100,100,99.8514115898959,99.8514115898959,99.5542347696879,99.702823179792,99.5542347696879,99.5542347696879,99.5542347696879,99.5542347696879,99.5542347696879,99.5542347696879,99.5542347696879,99.5542347696879,99.4056463595839,99.4056463595839,99.4056463595839,99.4056463595839,99.4056463595839,99.4056463595839,99.4056463595839,99.4056463595839,99.4056463595839
48,"BHR","Bahrain",-8888,-8888,-8888,-8888,-8888,-8888,-8888,-8888,-8888,-8888,-8888,-8888,-8888,-8888,-8888,-8888,-8888,-8888,-8888,-8888,-8888,-8888,-8888,-8888,-8888,-8888,-8888,-8888
50,"BGD","Bangladesh",100,100,100,100,100,100,100,99.702823179792,99.5542347696879,99.1084695393759,98.959881129272,98.8112927191679,98.51411589896,98.2169390787518,97.7711738484397,97.4739970282318,96.5824665676077,95.8395245170876,94.5022288261515,92.7191679049035,92.7191679049035,92.7191679049035,92.7191679049035,92.7191679049035,92.7191679049035,92.7191679049035,92.7191679049035,92.7191679049035
52,"BRB","Barbados",-8888,-8888,-8888,-8888,-8888,-8888,-8888,-8888,-8888,-8888,-8888,-8888,-8888,-8888,-8888,-8888,-8888,-8888,-8888,-8888,-8888,-8888,-8888,-8888,-8888,-8888,-8888,-8888
112,"BLR","Belarus",100,100,100,100,100,100,100,99.1084695393759,98.0683506686479,96.7310549777118,95.9881129271917,95.3937592867756,94.6508172362556,92.8677563150074,91.9762258543833,91.9762258543833,91.9762258543833,91.8276374442794,91.6790490341753,91.3818722139673,91.3818722139673,91.3818722139673,91.3818722139673,91.3818722139673,91.3818722139673,91.3818722139673,91.3818722139673,91.3818722139673
56,"BEL","Belgium",100,100,100,100,100,100,100,92.1248142644874,84.2496285289747,78.4546805349183,78.3060921248144,77.7117384843982,76.6716196136703,76.3744427934621,76.0772659732541,75.482912332838,75.0371471025259,74.5913818722141,74.5913818722141,74.5913818722141,74.5913818722141,74.5913818722141,74.5913818722141,74.5913818722141,74.5913818722141,74.5913818722141,74.5913818722141,74.5913818722141
84,"BLZ","Belize",100,100,100,100,100,100,100,95.5423476968797,93.1649331352155,90.0445765230312,86.3298662704309,84.6953937592868,79.9405646359585,75.7800891530461,71.4710252600297,66.8647845468053,56.0178306092126,50.37147102526,42.6448736998515,36.2555720653788,36.2555720653788,36.2555720653788,36.2555720653788,36.2555720653788,36.2555720653788,36.2555720653788,36.2555720653788,36.2555720653788
204,"BEN","Benin",100,100,100,100,100,100,100,98.8112927191679,97.9197622585438,96.8796433878158,95.9881129271917,95.6909361069836,93.4621099554235,93.0163447251115,91.3818722139673,90.6389301634473,88.261515601783,87.667161961367,87.3699851411591,86.478454680535,86.478454680535,86.478454680535,86.478454680535,86.478454680535,86.478454680535,86.478454680535,86.478454680535,86.478454680535
60,"BMU","Bermuda",-8888,-8888,-8888,-8888,-8888,-8888,-8888,-8888,-8888,-8888,-8888,-8888,-8888,-8888,-8888,-8888,-8888,-8888,-8888,-8888,-8888,-8888,-8888,-8888,-8888,-8888,-8888,-8888
64,"BTN","Bhutan",100,100,100,100,100,100,100,99.8514115898959,99.8514115898959,99.8514115898959,99.702823179792,99.702823179792,99.702823179792,99.702823179792,99.5542347696879,98.8112927191679,98.3655274888559,97.7711738484397,97.4739970282318,96.5824665676077,96.5824665676077,96.5824665676077,96.5824665676077,96.5824665676077,96.5824665676077,96.5824665676077,96.5824665676077,96.5824665676077
68,"BOL","Bolivia",100,100,100,100,100,100,100,98.8112927191679,98.2169390787518,90.6389301634473,89.4502228826153,88.5586924219912,87.667161961367,86.1812778603268,84.6953937592868,82.1693907875185,79.6433878157503,78.0089153046062,76.8202080237741,75.18573551263,75.18573551263,75.18573551263,75.18573551263,75.18573551263,75.18573551263,75.18573551263,75.18573551263,75.18573551263
70,"BIH","Bosnia and Herzegovina",100,100,100,100,100,100,100,99.25705794948,98.8112927191679,96.5824665676077,96.4338781575038,96.1367013372956,95.6909361069836,93.9078751857356,90.3417533432391,90.1931649331353,89.8959881129271,89.7473997028232,89.4502228826153,88.4101040118871,88.4101040118871,88.4101040118871,88.4101040118871,88.4101040118871,88.4101040118871,88.4101040118871,88.4101040118871,88.4101040118871
72,"BWA","Botswana",100,100,100,100,100,100,100,99.4056463595839,98.8112927191679,97.4739970282318,97.3254086181277,97.3254086181277,96.7310549777118,96.5824665676077,96.4338781575038,96.2852897473997,96.2852897473997,96.1367013372956,95.9881129271917,95.9881129271917,95.9881129271917,95.9881129271917,95.9881129271917,95.9881129271917,95.9881129271917,95.9881129271917,95.9881129271917,95.9881129271917
76,"BRA","Brazil",100,100,100,100,100,100,100,95.8395245170876,91.8276374442794,79.6433878157503,76.0772659732541,72.8083209509659,70.1337295690935,67.1619613670135,64.6359583952453,60.921248142645,57.3551263001485,52.6002971768203,49.331352154532,45.7652303120356,45.7652303120356,45.7652303120356,45.7652303120356,45.7652303120356,45.7652303120356,45.7652303120356,45.7652303120356,45.7652303120356
92,"VGB","British Virgin Islands",-8888,-8888,-8888,-8888,-8888,-8888,-8888,-8888,-8888,-8888,-8888,-8888,-8888,-8888,-8888,-8888,-8888,-8888,-8888,-8888,-8888,-8888,-8888,-8888,-8888,-8888,-8888,-8888
96,"BRN","Brunei Darussalam",0,0,0,0,0,0,0,0,0,0,0,0,0,0,0,0,0,0,0,0,0,0,0,0,0,0,0,0
100,"BGR","Bulgaria",100,100,100,100,100,100,100,98.8112927191679,95.2451708766717,93.7592867756315,92.8677563150074,91.9762258543833,89.8959881129271,87.8157503714711,86.478454680535,85.8841010401188,85.4383358098068,85.1411589895988,84.8439821693909,83.6552748885588,83.6552748885588,83.6552748885588,83.6552748885588,83.6552748885588,83.6552748885588,83.6552748885588,83.6552748885588,83.6552748885588
854,"BFA","Burkina Faso",100,100,100,100,100,100,100,96.4338781575038,94.6508172362556,92.1248142644874,91.2332838038632,90.3417533432391,88.8558692421991,88.261515601783,87.5185735512629,87.3699851411591,86.6270430906388,86.3298662704309,86.1812778603268,85.735512630015,85.735512630015,85.735512630015,85.735512630015,85.735512630015,85.735512630015,85.735512630015,85.735512630015,85.735512630015
108,"BDI","Burundi",100,100,100,100,100,100,100,99.5542347696879,99.1084695393759,98.6627043090638,98.0683506686479,98.3655274888559,97.7711738484397,97.6225854383358,97.3254086181277,96.4338781575038,95.9881129271917,94.7994056463597,94.2050520059435,90.7875185735512,90.7875185735512,90.7875185735512,90.7875185735512,90.7875185735512,90.7875185735512,90.7875185735512,90.7875185735512,90.7875185735512
132,"CPV","Cabo Verde",0,0,0,0,0,0,0,0,0,0,0,0,0,0,0,0,0,0,0,0,0,0,0,0,0,0,0,0
116,"KHM","Cambodia",100,100,100,100,100,100,100,92.2734026745915,88.261515601783,79.9405646359585,74.739970282318,70.8766716196138,68.2020802377415,63.4472511144132,59.4353640416047,52.8974739970282,44.4279346210997,38.1872213967311,31.0549777117385,26.8945022288262,26.8945022288262,26.8945022288262,26.8945022288262,26.8945022288262,26.8945022288262,26.8945022288262,26.8945022288262,26.8945022288262
120,"CMR","Cameroon",100,100,100,100,100,100,100,99.4056463595839,98.959881129272,98.2169390787518,97.4739970282318,96.5824665676077,96.1367013372956,95.2451708766717,94.6508172362556,93.0163447251115,91.9762258543833,90.7875185735512,88.8558692421991,85.4383358098068,85.4383358098068,85.4383358098068,85.4383358098068,85.4383358098068,85.4383358098068,85.4383358098068,85.4383358098068,85.4383358098068
124,"CAN","Canada",100,100,100,100,100,100,100,98.959881129272,98.0683506686479,96.4338781575038,95.0965824665676,93.7592867756315,92.2734026745915,91.0846953937594,89.7473997028232,87.964338781575,86.1812778603268,84.2496285289747,82.6151560178306,81.2778603268944,81.2778603268944,81.2778603268944,81.2778603268944,81.2778603268944,81.2778603268944,81.2778603268944,81.2778603268944,81.2778603268944
136,"CYM","Cayman Islands",-8888,-8888,-8888,-8888,-8888,-8888,-8888,-8888,-8888,-8888,-8888,-8888,-8888,-8888,-8888,-8888,-8888,-8888,-8888,-8888,-8888,-8888,-8888,-8888,-8888,-8888,-8888,-8888
140,"CAF","Central African Republic",100,100,100,100,100,100,100,99.8514115898959,99.8514115898959,99.702823179792,99.5542347696879,99.4056463595839,99.25705794948,99.1084695393759,99.1084695393759,98.959881129272,98.8112927191679,98.6627043090638,98.51411589896,98.51411589896,98.51411589896,98.51411589896,98.51411589896,98.51411589896,98.51411589896,98.51411589896,98.51411589896,98.51411589896
148,"TCD","Chad",100,100,100,100,100,100,100,99.5542347696879,98.6627043090638,97.0282317979197,96.8796433878158,96.2852897473997,95.6909361069836,94.7994056463597,93.0163447251115,93.0163447251115,92.5705794947994,92.4219910846953,92.1248142644874,91.3818722139673,91.3818722139673,91.3818722139673,91.3818722139673,91.3818722139673,91.3818722139673,91.3818722139673,91.3818722139673,91.3818722139673
152,"CHL","Chile",100,100,100,100,100,100,100,99.25705794948,98.8112927191679,96.5824665676077,96.2852897473997,95.0965824665676,94.3536404160476,93.4621099554235,92.4219910846953,91.5304606240714,90.6389301634473,89.4502228826153,88.707280832095,88.4101040118871,88.4101040118871,88.4101040118871,88.4101040118871,88.4101040118871,88.4101040118871,88.4101040118871,88.4101040118871,88.4101040118871
156,"CHN","China",100,100,100,100,100,100,100,98.8112927191679,97.9197622585438,96.1367013372956,94.5022288261515,92.4219910846953,89.5988112927191,85.5869242199109,82.9123328380386,80.3863298662706,78.0089153046062,75.482912332838,73.8484398216938,72.3625557206538,72.3625557206538,72.3625557206538,72.3625557206538,72.3625557206538,72.3625557206538,72.3625557206538,72.3625557206538,72.3625557206538
170,"COL","Colombia",100,100,100,100,100,100,100,97.6225854383358,95.9881129271917,91.3818722139673,89.1530460624071,86.7756315007429,84.8439821693909,82.7637444279347,79.9405646359585,77.4145616641903,74.5913818722141,71.4710252600297,70.2823179791976,69.0936106983656,69.0936106983656,69.0936106983656,69.0936106983656,69.0936106983656,69.0936106983656,69.0936106983656,69.0936106983656,69.0936106983656
174,"COM","Comoros",0,0,0,0,0,0,0,0,0,0,0,0,0,0,0,0,0,0,0,0,0,0,0,0,0,0,0,0
184,"COK","Cook Islands",-8888,-8888,-8888,-8888,-8888,-8888,-8888,-8888,-8888,-8888,-8888,-8888,-8888,-8888,-8888,-8888,-8888,-8888,-8888,-8888,-8888,-8888,-8888,-8888,-8888,-8888,-8888,-8888
188,"CRI","Costa Rica",100,100,100,100,100,100,100,98.2169390787518,96.8796433878158,95.2451708766717,93.1649331352155,91.0846953937594,88.8558692421991,85.735512630015,81.4264487369985,80.0891530460624,78.3060921248144,75.6315007429421,74.145616641902,72.9569093610699,72.9569093610699,72.9569093610699,72.9569093610699,72.9569093610699,72.9569093610699,72.9569093610699,72.9569093610699,72.9569093610699
384,"CIV","Cote d'Ivoire",100,100,100,100,100,100,100,97.0282317979197,92.4219910846953,88.5586924219912,84.8439821693909,79.9405646359585,75.6315007429421,68.7964338781576,63.7444279346212,54.0861812778603,47.3997028231797,39.6731054977712,35.9583952451709,32.6894502228826,32.6894502228826,32.6894502228826,32.6894502228826,32.6894502228826,32.6894502228826,32.6894502228826,32.6894502228826,32.6894502228826
191,"HRV","Croatia",100,100,100,100,100,100,100,98.959881129272,97.9197622585438,95.9881129271917,95.6909361069836,95.3937592867756,94.6508172362556,93.1649331352155,90.9361069836553,90.9361069836553,90.9361069836553,90.9361069836553,90.1931649331353,89.0044576523032,89.0044576523032,89.0044576523032,89.0044576523032,89.0044576523032,89.0044576523032,89.0044576523032,89.0044576523032,89.0044576523032
192,"CUB","Cuba",100,100,100,100,100,100,100,99.25705794948,98.959881129272,98.51411589896,97.7711738484397,97.6225854383358,97.9197622585438,97.7711738484397,97.3254086181277,97.1768202080238,96.7310549777118,96.4338781575038,96.1367013372956,95.6909361069836,95.6909361069836,95.6909361069836,95.6909361069836,95.6909361069836,95.6909361069836,95.6909361069836,95.6909361069836,95.6909361069836
531,"CUW","Curacao",-8888,-8888,-8888,-8888,-8888,-8888,-8888,-8888,-8888,-8888,-8888,-8888,-8888,-8888,-8888,-8888,-8888,-8888,-8888,-8888,-8888,-8888,-8888,-8888,-8888,-8888,-8888,-8888
196,"CYP","Cyprus",0,0,0,0,0,0,0,0,0,0,0,0,0,0,0,0,0,0,0,0,0,0,0,0,0,0,0,0
203,"CZE","Czech Republic",100,100,100,100,100,100,100,97.6225854383358,94.2050520059435,89.8959881129271,89.7473997028232,89.7473997028232,89.3016344725112,88.5586924219912,88.4101040118871,88.1129271916791,87.8157503714711,87.5185735512629,87.5185735512629,87.0728083209509,87.0728083209509,87.0728083209509,87.0728083209509,87.0728083209509,87.0728083209509,87.0728083209509,87.0728083209509,87.0728083209509
180,"COD","Dem. Rep. Congo",100,100,100,100,100,100,100,99.1084695393759,98.3655274888559,96.8796433878158,95.6909361069836,94.5022288261515,93.1649331352155,92.1248142644874,90.9361069836553,88.707280832095,87.3699851411591,85.735512630015,82.7637444279347,78.1575037147103,78.1575037147103,78.1575037147103,78.1575037147103,78.1575037147103,78.1575037147103,78.1575037147103,78.1575037147103,78.1575037147103
208,"DNK","Denmark",100,100,100,100,100,100,100,98.2169390787518,96.7310549777118,95.3937592867756,94.9479940564635,94.6508172362556,94.5022288261515,94.2050520059435,94.0564635958394,93.9078751857356,93.9078751857356,93.9078751857356,93.7592867756315,93.4621099554235,93.4621099554235,93.4621099554235,93.4621099554235,93.4621099554235,93.4621099554235,93.4621099554235,93.4621099554235,93.4621099554235
262,"DJI","Djibouti",100,100,100,100,100,100,100,93.1649331352155,93.1649331352155,94.2050520059435,93.9078751857356,93.1649331352155,92.8677563150074,92.2734026745915,91.8276374442794,91.5304606240714,91.5304606240714,91.5304606240714,90.7875185735512,90.9361069836553,90.9361069836553,90.9361069836553,90.9361069836553,90.9361069836553,90.9361069836553,90.9361069836553,90.9361069836553,90.9361069836553
212,"DMA","Dominica",-8888,-8888,-8888,-8888,-8888,-8888,-8888,-8888,-8888,-8888,-8888,-8888,-8888,-8888,-8888,-8888,-8888,-8888,-8888,-8888,-8888,-8888,-8888,-8888,-8888,-8888,-8888,-8888
214,"DOM","Dominican Republic",100,100,100,100,100,100,100,98.8112927191679,97.7711738484397,95.6909361069836,92.1248142644874,91.5304606240714,86.6270430906388,82.9123328380386,80.6835066864785,78.4546805349183,77.1173848439821,74.44279346211,69.2421991084697,64.7845468053491,64.7845468053491,64.7845468053491,64.7845468053491,64.7845468053491,64.7845468053491,64.7845468053491,64.7845468053491,64.7845468053491
218,"ECU","Ecuador",100,100,100,100,100,100,100,98.959881129272,98.0683506686479,94.3536404160476,92.7191679049035,91.0846953937594,88.261515601783,86.0326894502229,84.1010401188708,82.7637444279347,80.9806835066865,76.2258543833582,74.2942050520059,74.44279346211,74.44279346211,74.44279346211,74.44279346211,74.44279346211,74.44279346211,74.44279346211,74.44279346211,74.44279346211
818,"EGY","Egypt",100,100,100,100,100,100,100,99.702823179792,99.702823179792,99.25705794948,99.1084695393759,98.959881129272,98.6627043090638,98.2169390787518,98.0683506686479,97.9197622585438,97.7711738484397,97.4739970282318,97.3254086181277,97.0282317979197,97.0282317979197,97.0282317979197,97.0282317979197,97.0282317979197,97.0282317979197,97.0282317979197,97.0282317979197,97.0282317979197
222,"SLV","El Salvador",100,100,100,100,100,100,100,98.6627043090638,97.9197622585438,96.5824665676077,95.0965824665676,93.4621099554235,92.4219910846953,91.2332838038632,89.5988112927191,88.5586924219912,87.221396731055,86.1812778603268,85.1411589895988,84.2496285289747,84.2496285289747,84.2496285289747,84.2496285289747,84.2496285289747,84.2496285289747,84.2496285289747,84.2496285289747,84.2496285289747
226,"GNQ","Equatorial Guinea",100,100,100,100,100,100,100,99.25705794948,98.959881129272,96.5824665676077,96.2852897473997,95.0965824665676,93.6106983655274,92.5705794947994,92.1248142644874,87.3699851411591,85.8841010401188,85.5869242199109,84.1010401188708,82.1693907875185,82.1693907875185,82.1693907875185,82.1693907875185,82.1693907875185,82.1693907875185,82.1693907875185,82.1693907875185,82.1693907875185
232,"ERI","Eritrea",100,100,100,100,100,100,100,99.8514115898959,99.702823179792,98.959881129272,99.1084695393759,98.959881129272,98.959881129272,98.8112927191679,98.6627043090638,98.6627043090638,98.6627043090638,98.6627043090638,98.51411589896,97.3254086181277,97.3254086181277,97.3254086181277,97.3254086181277,97.3254086181277,97.3254086181277,97.3254086181277,97.3254086181277,97.3254086181277
233,"EST","Estonia",100,100,100,100,100,100,100,98.6627043090638,98.0683506686479,94.6508172362556,93.4621099554235,92.4219910846953,90.6389301634473,88.8558692421991,87.5185735512629,84.3982169390788,81.8722139673106,80.5349182763744,79.3462109955424,78.3060921248144,78.3060921248144,78.3060921248144,78.3060921248144,78.3060921248144,78.3060921248144,78.3060921248144,78.3060921248144,78.3060921248144
748,"SWZ","Eswatini",100,100,100,100,100,100,100,92.5705794947994,85.4383358098068,79.6433878157503,79.9405646359585,80.6835066864785,79.7919762258544,79.1976225854383,78.1575037147103,78.1575037147103,77.5631500742941,77.4145616641903,76.9687964338782,76.3744427934621,76.3744427934621,76.3744427934621,76.3744427934621,76.3744427934621,76.3744427934621,76.3744427934621,76.3744427934621,76.3744427934621
231,"ETH","Ethiopia",100,100,100,100,100,100,100,99.702823179792,99.4056463595839,98.2169390787518,98.0683506686479,97.7711738484397,97.4739970282318,97.1768202080238,97.1768202080238,97.0282317979197,96.8796433878158,96.7310549777118,96.4338781575038,95.5423476968797,95.5423476968797,95.5423476968797,95.5423476968797,95.5423476968797,95.5423476968797,95.5423476968797,95.5423476968797,95.5423476968797
234,"FRO","Faeroe Islands",0,0,0,0,0,0,0,0,0,0,0,0,0,0,0,0,0,0,0,0,0,0,0,0,0,0,0,0
238,"FLK","Falkland Islands",100,100,100,100,100,100,100,99.25705794948,98.959881129272,96.7310549777118,96.7310549777118,96.8796433878158,96.4338781575038,95.6909361069836,94.5022288261515,94.5022288261515,94.3536404160476,93.6106983655274,93.6106983655274,93.4621099554235,93.4621099554235,93.4621099554235,93.4621099554235,93.4621099554235,93.4621099554235,93.4621099554235,93.4621099554235,93.4621099554235
242,"FJI","Fiji",100,100,100,100,100,100,100,99.702823179792,99.25705794948,98.2169390787518,97.6225854383358,97.0282317979197,96.4338781575038,95.6909361069836,94.9479940564635,94.0564635958394,93.9078751857356,93.6106983655274,92.7191679049035,88.707280832095,88.707280832095,88.707280832095,88.707280832095,88.707280832095,88.707280832095,88.707280832095,88.707280832095,88.707280832095
246,"FIN","Finland",100,100,100,100,100,100,100,97.1768202080238,95.0965824665676,87.964338781575,85.8841010401188,83.8038632986626,80.0891530460624,75.92867756315,72.3625557206538,71.1738484398217,69.6879643387815,67.9049034175335,65.9732540861812,61.8127786032691,61.8127786032691,61.8127786032691,61.8127786032691,61.8127786032691,61.8127786032691,61.8127786032691,61.8127786032691,61.8127786032691
250,"FRA","France",100,100,100,100,100,100,100,98.2169390787518,96.1367013372956,93.6106983655274,93.3135215453194,92.8677563150074,92.5705794947994,91.9762258543833,91.5304606240714,90.6389301634473,90.1931649331353,89.8959881129271,89.4502228826153,88.707280832095,88.707280832095,88.707280832095,88.707280832095,88.707280832095,88.707280832095,88.707280832095,88.707280832095,88.707280832095
258,"PYF","French Polynesia",0,0,0,0,0,0,0,0,0,0,0,0,0,0,0,0,0,0,0,0,0,0,0,0,0,0,0,0
266,"GAB","Gabon",100,100,100,100,100,100,100,99.4056463595839,99.1084695393759,98.6627043090638,98.51411589896,98.3655274888559,98.3655274888559,98.2169390787518,98.0683506686479,98.0683506686479,97.9197622585438,97.6225854383358,97.0282317979197,96.5824665676077,96.5824665676077,96.5824665676077,96.5824665676077,96.5824665676077,96.5824665676077,96.5824665676077,96.5824665676077,96.5824665676077
270,"GMB","Gambia",100,100,100,100,100,100,100,99.1084695393759,98.0683506686479,94.9479940564635,94.6508172362556,93.7592867756315,92.5705794947994,91.9762258543833,91.8276374442794,91.9762258543833,92.2734026745915,92.2734026745915,91.8276374442794,90.1931649331353,90.1931649331353,90.1931649331353,90.1931649331353,90.1931649331353,90.1931649331353,90.1931649331353,90.1931649331353,90.1931649331353
268,"GEO","Georgia",100,100,100,100,100,100,100,99.5542347696879,99.4056463595839,98.959881129272,98.6627043090638,98.51411589896,97.9197622585438,97.3254086181277,97.0282317979197,96.8796433878158,96.5824665676077,96.2852897473997,95.9881129271917,95.3937592867756,95.3937592867756,95.3937592867756,95.3937592867756,95.3937592867756,95.3937592867756,95.3937592867756,95.3937592867756,95.3937592867756
276,"DEU","Germany",100,100,100,100,100,100,100,96.2852897473997,92.5705794947994,88.4101040118871,88.261515601783,87.964338781575,87.667161961367,87.0728083209509,86.7756315007429,86.6270430906388,86.478454680535,86.1812778603268,86.1812778603268,86.1812778603268,86.1812778603268,86.1812778603268,86.1812778603268,86.1812778603268,86.1812778603268,86.1812778603268,86.1812778603268,86.1812778603268
288,"GHA","Ghana",100,100,100,100,100,100,100,98.6627043090638,96.1367013372956,93.7592867756315,92.2734026745915,91.0846953937594,90.0445765230312,89.5988112927191,88.8558692421991,87.964338781575,86.478454680535,85.735512630015,85.2897473997029,84.5468053491827,84.5468053491827,84.5468053491827,84.5468053491827,84.5468053491827,84.5468053491827,84.5468053491827,84.5468053491827,84.5468053491827
300,"GRC","Greece",100,100,100,100,100,100,100,99.702823179792,97.6225854383358,97.3254086181277,96.8796433878158,95.8395245170876,95.2451708766717,92.2734026745915,91.0846953937594,90.7875185735512,90.4903417533432,90.3417533432391,90.1931649331353,89.7473997028232,89.7473997028232,89.7473997028232,89.7473997028232,89.7473997028232,89.7473997028232,89.7473997028232,89.7473997028232,89.7473997028232
304,"GRL","Greenland",100,100,100,100,100,100,100,100,100,100,100,100,100,100,100,100,100,100,100,100,100,100,100,100,100,100,100,100
308,"GRD","Grenada",-8888,-8888,-8888,-8888,-8888,-8888,-8888,-8888,-8888,-8888,-8888,-8888,-8888,-8888,-8888,-8888,-8888,-8888,-8888,-8888,-8888,-8888,-8888,-8888,-8888,-8888,-8888,-8888
320,"GTM","Guatemala",100,100,100,100,100,100,100,94.6508172362556,88.4101040118871,79.1976225854383,71.6196136701338,64.4873699851412,52.1545319465082,43.3878157503715,32.6894502228826,25.55720653789,19.3164933135215,4.90341753343236,0,0,0,0,0,0,0,0,0,0
831,"GGY","Guernsey",-8888,-8888,-8888,-8888,-8888,-8888,-8888,-8888,-8888,-8888,-8888,-8888,-8888,-8888,-8888,-8888,-8888,-8888,-8888,-8888,-8888,-8888,-8888,-8888,-8888,-8888,-8888,-8888
324,"GIN","Guinea",100,100,100,100,100,100,100,98.959881129272,98.959881129272,98.3655274888559,97.7711738484397,97.0282317979197,95.8395245170876,94.9479940564635,93.7592867756315,92.4219910846953,91.2332838038632,90.3417533432391,85.8841010401188,83.2095096582467,83.2095096582467,83.2095096582467,83.2095096582467,83.2095096582467,83.2095096582467,83.2095096582467,83.2095096582467,83.2095096582467
624,"GNB","Guinea-Bissau",100,100,100,100,100,100,100,99.1084695393759,98.959881129272,97.6225854383358,96.1367013372956,95.2451708766717,92.1248142644874,89.7473997028232,85.5869242199109,82.9123328380386,77.7117384843982,75.92867756315,71.1738484398217,69.5393759286776,69.5393759286776,69.5393759286776,69.5393759286776,69.5393759286776,69.5393759286776,69.5393759286776,69.5393759286776,69.5393759286776
328,"GUY","Guyana",100,100,100,100,100,100,100,99.8514115898959,99.702823179792,95.9881129271917,95.9881129271917,95.9881129271917,95.9881129271917,95.8395245170876,95.5423476968797,95.3937592867756,95.2451708766717,94.9479940564635,94.7994056463597,94.5022288261515,94.5022288261515,94.5022288261515,94.5022288261515,94.5022288261515,94.5022288261515,94.5022288261515,94.5022288261515,94.5022288261515
332,"HTI","Haiti",100,100,100,100,100,100,100,96.2852897473997,91.5304606240714,87.221396731055,84.5468053491827,81.4264487369985,79.7919762258544,75.6315007429421,72.8083209509659,68.3506686478456,63.4472511144132,57.8008915304606,53.6404160475482,44.4279346210997,44.4279346210997,44.4279346210997,44.4279346210997,44.4279346210997,44.4279346210997,44.4279346210997,44.4279346210997,44.4279346210997
336,"VAT","Holy See",-8888,-8888,-8888,-8888,-8888,-8888,-8888,-8888,-8888,-8888,-8888,-8888,-8888,-8888,-8888,-8888,-8888,-8888,-8888,-8888,-8888,-8888,-8888,-8888,-8888,-8888,-8888,-8888
340,"HND","Honduras",100,100,100,100,100,100,100,95.8395245170876,92.5705794947994,88.5586924219912,83.5066864784547,78.9004457652303,71.9167904903418,66.8647845468053,59.1381872213968,52.4517087667162,44.1307578008915,38.7815750371471,31.5007429420506,24.6656760772661,24.6656760772661,24.6656760772661,24.6656760772661,24.6656760772661,24.6656760772661,24.6656760772661,24.6656760772661,24.6656760772661
344,"HKG","Hong Kong",0,0,0,0,0,0,0,0,0,0,0,0,0,0,0,0,0,0,0,0,0,0,0,0,0,0,0,0
348,"HUN","Hungary",100,100,100,100,100,100,100,97.1768202080238,93.7592867756315,89.5988112927191,89.5988112927191,89.4502228826153,89.4502228826153,88.8558692421991,88.707280832095,88.707280832095,88.8558692421991,88.8558692421991,88.8558692421991,88.5586924219912,88.5586924219912,88.5586924219912,88.5586924219912,88.5586924219912,88.5586924219912,88.5586924219912,88.5586924219912,88.5586924219912
352,"ISL","Iceland",100,100,100,100,100,100,100,100,100,100,100,100,100,100,100,100,100,100,100,100,100,100,100,100,100,100,100,100
356,"IND","India",100,100,100,100,100,100,100,99.25705794948,98.51411589896,98.0683506686479,97.3254086181277,96.4338781575038,95.5423476968797,94.3536404160476,93.1649331352155,92.1248142644874,90.7875185735512,89.4502228826153,87.8157503714711,86.0326894502229,86.0326894502229,86.0326894502229,86.0326894502229,86.0326894502229,86.0326894502229,86.0326894502229,86.0326894502229,86.0326894502229
360,"IDN","Indonesia",100,100,100,100,100,100,100,97.3254086181277,95.2451708766717,91.6790490341753,88.4101040118871,83.9524517087667,79.6433878157503,75.3343239227341,70.4309063893017,66.5676077265973,61.9613670133729,55.5720653789005,51.7087667161962,47.1025260029718,47.1025260029718,47.1025260029718,47.1025260029718,47.1025260029718,47.1025260029718,47.1025260029718,47.1025260029718,47.1025260029718
364,"IRN","Iran",100,100,100,100,100,100,100,99.5542347696879,99.1084695393759,98.3655274888559,98.2169390787518,98.0683506686479,97.9197622585438,97.7711738484397,97.4739970282318,97.3254086181277,96.8796433878158,96.4338781575038,96.2852897473997,95.8395245170876,95.8395245170876,95.8395245170876,95.8395245170876,95.8395245170876,95.8395245170876,95.8395245170876,95.8395245170876,95.8395245170876
368,"IRQ","Iraq",100,100,100,100,100,100,100,99.8514115898959,99.5542347696879,99.702823179792,99.5542347696879,99.5542347696879,99.4056463595839,99.25705794948,99.25705794948,99.1084695393759,98.959881129272,98.8112927191679,98.3655274888559,98.0683506686479,98.0683506686479,98.0683506686479,98.0683506686479,98.0683506686479,98.0683506686479,98.0683506686479,98.0683506686479,98.0683506686479
372,"IRL","Ireland",100,100,100,100,100,100,100,99.1084695393759,97.9197622585438,96.8796433878158,96.8796433878158,97.0282317979197,97.0282317979197,96.8796433878158,96.7310549777118,96.7310549777118,96.7310549777118,96.7310549777118,97.0282317979197,96.8796433878158,96.8796433878158,96.8796433878158,96.8796433878158,96.8796433878158,96.8796433878158,96.8796433878158,96.8796433878158,96.8796433878158
833,"IMN","Isle of Man",-8888,-8888,-8888,-8888,-8888,-8888,-8888,-8888,-8888,-8888,-8888,-8888,-8888,-8888,-8888,-8888,-8888,-8888,-8888,-8888,-8888,-8888,-8888,-8888,-8888,-8888,-8888,-8888
376,"ISR","Israel",100,100,100,100,100,100,100,97.4739970282318,95.6909361069836,94.0564635958394,92.5705794947994,89.7473997028232,88.261515601783,86.3298662704309,85.2897473997029,83.8038632986626,82.7637444279347,81.8722139673106,78.9004457652303,76.9687964338782,76.9687964338782,76.9687964338782,76.9687964338782,76.9687964338782,76.9687964338782,76.9687964338782,76.9687964338782,76.9687964338782
380,"ITA","Italy",100,100,100,100,100,100,100,98.51411589896,97.4739970282318,96.1367013372956,95.2451708766717,94.5022288261515,93.6106983655274,92.5705794947994,91.9762258543833,91.5304606240714,91.0846953937594,90.6389301634473,90.0445765230312,89.1530460624071,89.1530460624071,89.1530460624071,89.1530460624071,89.1530460624071,89.1530460624071,89.1530460624071,89.1530460624071,89.1530460624071
388,"JAM","Jamaica",100,100,100,100,100,100,100,98.3655274888559,98.8112927191679,96.1367013372956,88.261515601783,85.735512630015,83.8038632986626,80.5349182763744,76.9687964338782,71.9167904903418,69.8365527488856,65.5274888558694,62.5557206537891,53.7890044576523,53.7890044576523,53.7890044576523,53.7890044576523,53.7890044576523,53.7890044576523,53.7890044576523,53.7890044576523,53.7890044576523
392,"JPN","Japan",100,100,100,100,100,100,100,99.1084695393759,98.2169390787518,97.1768202080238,94.9479940564635,93.4621099554235,89.8959881129271,87.221396731055,83.8038632986626,80.3863298662706,77.5631500742941,74.739970282318,71.7682020802377,68.7964338781576,68.7964338781576,68.7964338781576,68.7964338781576,68.7964338781576,68.7964338781576,68.7964338781576,68.7964338781576,68.7964338781576
832,"JEY","Jersey",-8888,-8888,-8888,-8888,-8888,-8888,-8888,-8888,-8888,-8888,-8888,-8888,-8888,-8888,-8888,-8888,-8888,-8888,-8888,-8888,-8888,-8888,-8888,-8888,-8888,-8888,-8888,-8888
400,"JOR","Jordan",100,100,100,100,100,100,100,99.5542347696879,99.4056463595839,99.1084695393759,98.51411589896,97.9197622585438,96.7310549777118,96.4338781575038,96.1367013372956,95.3937592867756,95.0965824665676,94.5022288261515,93.1649331352155,92.1248142644874,92.1248142644874,92.1248142644874,92.1248142644874,92.1248142644874,92.1248142644874,92.1248142644874,92.1248142644874,92.1248142644874
398,"KAZ","Kazakhstan",100,100,100,100,100,100,100,99.4056463595839,99.1084695393759,98.959881129272,98.959881129272,98.8112927191679,98.51411589896,98.3655274888559,97.9197622585438,97.6225854383358,97.4739970282318,97.3254086181277,97.3254086181277,97.1768202080238,97.1768202080238,97.1768202080238,97.1768202080238,97.1768202080238,97.1768202080238,97.1768202080238,97.1768202080238,97.1768202080238
404,"KEN","Kenya",100,100,100,100,100,100,100,98.8112927191679,98.0683506686479,97.0282317979197,96.2852897473997,94.9479940564635,93.6106983655274,92.4219910846953,91.8276374442794,90.6389301634473,89.7473997028232,88.707280832095,87.8157503714711,85.4383358098068,85.4383358098068,85.4383358098068,85.4383358098068,85.4383358098068,85.4383358098068,85.4383358098068,85.4383358098068,85.4383358098068
296,"KIR","Kiribati",-8888,-8888,-8888,-8888,-8888,-8888,-8888,-8888,-8888,-8888,-8888,-8888,-8888,-8888,-8888,-8888,-8888,-8888,-8888,-8888,-8888,-8888,-8888,-8888,-8888,-8888,-8888,-8888
689,"XKX","Kosovo",-8888,-8888,-8888,-8888,-8888,-8888,-8888,-8888,-8888,-8888,-8888,-8888,-8888,-8888,-8888,-8888,-8888,-8888,-8888,-8888,-8888,-8888,-8888,-8888,-8888,-8888,-8888,-8888
414,"KWT","Kuwait",100,100,100,100,100,100,100,98.0683506686479,97.3254086181277,97.0282317979197,95.9881129271917,95.0965824665676,94.3536404160476,93.9078751857356,93.6106983655274,93.1649331352155,92.8677563150074,92.5705794947994,92.1248142644874,91.6790490341753,91.6790490341753,91.6790490341753,91.6790490341753,91.6790490341753,91.6790490341753,91.6790490341753,91.6790490341753,91.6790490341753
417,"KGZ","Kyrgyzstan",100,100,100,100,100,100,100,98.51411589896,97.6225854383358,96.7310549777118,96.4338781575038,95.8395245170876,94.6508172362556,93.6106983655274,93.4621099554235,93.3135215453194,93.6106983655274,93.3135215453194,93.6106983655274,93.4621099554235,93.4621099554235,93.4621099554235,93.4621099554235,93.4621099554235,93.4621099554235,93.4621099554235,93.4621099554235,93.4621099554235
418,"LAO","Laos",100,100,100,100,100,100,100,93.4621099554235,88.1129271916791,85.8841010401188,80.5349182763744,74.5913818722141,67.3105497771174,60.921248142645,50.8172362555721,41.0104011887073,34.3239227340268,27.0430906389303,16.3447251114414,6.98365527488854,6.98365527488854,6.98365527488854,6.98365527488854,6.98365527488854,6.98365527488854,6.98365527488854,6.98365527488854,6.98365527488854
428,"LVA","Latvia",100,100,100,100,100,100,100,99.1084695393759,97.6225854383358,94.0564635958394,92.7191679049035,90.6389301634473,88.261515601783,85.4383358098068,83.9524517087667,81.2778603268944,77.8603268945023,76.5230312035662,75.92867756315,76.0772659732541,76.0772659732541,76.0772659732541,76.0772659732541,76.0772659732541,76.0772659732541,76.0772659732541,76.0772659732541,76.0772659732541
422,"LBN","Lebanon",100,100,100,100,100,100,100,99.5542347696879,98.3655274888559,98.3655274888559,96.8796433878158,94.9479940564635,94.0564635958394,91.0846953937594,90.7875185735512,90.0445765230312,89.4502228826153,89.0044576523032,87.8157503714711,84.6953937592868,84.6953937592868,84.6953937592868,84.6953937592868,84.6953937592868,84.6953937592868,84.6953937592868,84.6953937592868,84.6953937592868
426,"LSO","Lesotho",100,100,100,100,100,100,100,99.25705794948,98.2169390787518,97.6225854383358,97.7711738484397,97.7711738484397,97.7711738484397,97.6225854383358,97.1768202080238,97.0282317979197,97.1768202080238,97.1768202080238,96.4338781575038,94.3536404160476,94.3536404160476,94.3536404160476,94.3536404160476,94.3536404160476,94.3536404160476,94.3536404160476,94.3536404160476,94.3536404160476
430,"LBR","Liberia",100,100,100,100,100,100,100,92.7191679049035,90.4903417533432,65.0817236255573,64.1901931649332,63.893016344725,61.8127786032691,60.921248142645,58.8410104011888,54.0861812778603,52.0059435364041,50.2228826151561,46.6567607726597,42.3476968796435,42.3476968796435,42.3476968796435,42.3476968796435,42.3476968796435,42.3476968796435,42.3476968796435,42.3476968796435,42.3476968796435
434,"LBY","Libya",100,100,100,100,100,100,100,99.4056463595839,99.25705794948,99.25705794948,99.25705794948,98.8112927191679,98.51411589896,98.3655274888559,98.3655274888559,98.0683506686479,97.9197622585438,98.2169390787518,97.6225854383358,97.7711738484397,97.7711738484397,97.7711738484397,97.7711738484397,97.7711738484397,97.7711738484397,97.7711738484397,97.7711738484397,97.7711738484397
438,"LIE","Liechtenstein",-8888,-8888,-8888,-8888,-8888,-8888,-8888,-8888,-8888,-8888,-8888,-8888,-8888,-8888,-8888,-8888,-8888,-8888,-8888,-8888,-8888,-8888,-8888,-8888,-8888,-8888,-8888,-8888
440,"LTU","Lithuania",100,100,100,100,100,100,100,99.4056463595839,98.959881129272,97.7711738484397,96.8796433878158,96.4338781575038,95.9881129271917,95.2451708766717,94.3536404160476,94.0564635958394,93.3135215453194,93.0163447251115,92.5705794947994,90.7875185735512,90.7875185735512,90.7875185735512,90.7875185735512,90.7875185735512,90.7875185735512,90.7875185735512,90.7875185735512,90.7875185735512
442,"LUX","Luxembourg",0,0,0,0,0,0,0,0,0,0,0,0,0,0,0,0,0,0,0,0,0,0,0,0,0,0,0,0
446,"MAC","Macao",-8888,-8888,-8888,-8888,-8888,-8888,-8888,-8888,-8888,-8888,-8888,-8888,-8888,-8888,-8888,-8888,-8888,-8888,-8888,-8888,-8888,-8888,-8888,-8888,-8888,-8888,-8888,-8888
450,"MDG","Madagascar",100,100,100,100,100,100,100,94.3536404160476,90.7875185735512,86.3298662704309,82.1693907875185,80.5349182763744,70.8766716196138,65.6760772659732,57.2065378900447,52.3031203566123,38.9301634472512,31.5007429420506,14.7102526002973,0,0,0,0,0,0,0,0,0
454,"MWI","Malawi",100,100,100,100,100,100,100,98.959881129272,98.0683506686479,97.1768202080238,96.8796433878158,96.8796433878158,96.4338781575038,95.8395245170876,95.5423476968797,95.2451708766717,94.7994056463597,94.2050520059435,93.4621099554235,92.8677563150074,92.8677563150074,92.8677563150074,92.8677563150074,92.8677563150074,92.8677563150074,92.8677563150074,92.8677563150074,92.8677563150074
458,"MYS","Malaysia",100,100,100,100,100,100,100,96.8796433878158,94.9479940564635,90.3417533432391,83.3580980683506,76.5230312035662,67.4591381872215,58.3952451708767,44.5765230312035,31.6493313521547,19.1679049034176,0.59435364041614,0,0,0,0,0,0,0,0,0,0
462,"MDV","Maldives",-8888,-8888,-8888,-8888,-8888,-8888,-8888,-8888,-8888,-8888,-8888,-8888,-8888,-8888,-8888,-8888,-8888,-8888,-8888,-8888,-8888,-8888,-8888,-8888,-8888,-8888,-8888,-8888
466,"MLI","Mali",100,100,100,100,100,100,100,99.25705794948,99.1084695393759,98.51411589896,98.51411589896,98.51411589896,98.2169390787518,98.0683506686479,97.9197622585438,97.7711738484397,97.4739970282318,97.3254086181277,97.1768202080238,97.0282317979197,97.0282317979197,97.0282317979197,97.0282317979197,97.0282317979197,97.0282317979197,97.0282317979197,97.0282317979197,97.0282317979197
470,"MLT","Malta",-8888,-8888,-8888,-8888,-8888,-8888,-8888,-8888,-8888,-8888,-8888,-8888,-8888,-8888,-8888,-8888,-8888,-8888,-8888,-8888,-8888,-8888,-8888,-8888,-8888,-8888,-8888,-8888
584,"MHL","Marshall Islands",-8888,-8888,-8888,-8888,-8888,-8888,-8888,-8888,-8888,-8888,-8888,-8888,-8888,-8888,-8888,-8888,-8888,-8888,-8888,-8888,-8888,-8888,-8888,-8888,-8888,-8888,-8888,-8888
478,"MRT","Mauritania",100,100,100,100,100,100,100,99.8514115898959,99.702823179792,99.25705794948,99.1084695393759,98.51411589896,98.51411589896,98.2169390787518,97.7711738484397,95.3937592867756,94.3536404160476,94.5022288261515,94.3536404160476,94.5022288261515,94.5022288261515,94.5022288261515,94.5022288261515,94.5022288261515,94.5022288261515,94.5022288261515,94.5022288261515,94.5022288261515
480,"MUS","Mauritius",0,0,0,0,0,0,0,0,0,0,0,0,0,0,0,0,0,0,0,0,0,0,0,0,0,0,0,0
484,"MEX","Mexico",100,100,100,100,100,100,100,97.9197622585438,95.9881129271917,93.7592867756315,91.5304606240714,89.3016344725112,86.7756315007429,84.2496285289747,80.9806835066865,78.7518573551262,76.0772659732541,73.1054977711738,69.8365527488856,67.9049034175335,67.9049034175335,67.9049034175335,67.9049034175335,67.9049034175335,67.9049034175335,67.9049034175335,67.9049034175335,67.9049034175335
583,"FSM","Micronesia",-8888,-8888,-8888,-8888,-8888,-8888,-8888,-8888,-8888,-8888,-8888,-8888,-8888,-8888,-8888,-8888,-8888,-8888,-8888,-8888,-8888,-8888,-8888,-8888,-8888,-8888,-8888,-8888
498,"MDA","Moldova",100,100,100,100,100,100,100,94.0564635958394,87.8157503714711,81.4264487369985,81.4264487369985,81.2778603268944,81.2778603268944,80.6835066864785,80.6835066864785,80.6835066864785,80.6835066864785,80.6835066864785,80.6835066864785,80.6835066864785,80.6835066864785,80.6835066864785,80.6835066864785,80.6835066864785,80.6835066864785,80.6835066864785,80.6835066864785,80.6835066864785
492,"MCO","Monaco",-8888,-8888,-8888,-8888,-8888,-8888,-8888,-8888,-8888,-8888,-8888,-8888,-8888,-8888,-8888,-8888,-8888,-8888,-8888,-8888,-8888,-8888,-8888,-8888,-8888,-8888,-8888,-8888
496,"MNG","Mongolia",100,100,100,100,100,100,100,99.8514115898959,99.5542347696879,98.3655274888559,98.2169390787518,98.0683506686479,97.7711738484397,97.1768202080238,96.8796433878158,96.2852897473997,95.5423476968797,94.5022288261515,94.2050520059435,93.9078751857356,93.9078751857356,93.9078751857356,93.9078751857356,93.9078751857356,93.9078751857356,93.9078751857356,93.9078751857356,93.9078751857356
499,"MNE","Montenegro",100,100,100,100,100,100,100,99.4056463595839,98.3655274888559,94.5022288261515,94.2050520059435,93.4621099554235,92.5705794947994,87.221396731055,82.3179791976226,81.4264487369985,79.6433878157503,78.6032689450224,77.5631500742941,75.92867756315,75.92867756315,75.92867756315,75.92867756315,75.92867756315,75.92867756315,75.92867756315,75.92867756315,75.92867756315
504,"MAR","Morocco",100,100,100,100,100,100,100,97.7711738484397,96.8796433878158,92.8677563150074,92.1248142644874,91.2332838038632,87.667161961367,84.8439821693909,82.9123328380386,82.4665676077265,82.0208023774147,81.7236255572065,81.4264487369985,80.8320950965824,80.8320950965824,80.8320950965824,80.8320950965824,80.8320950965824,80.8320950965824,80.8320950965824,80.8320950965824,80.8320950965824
508,"MOZ","Mozambique",100,100,100,100,100,100,100,97.6225854383358,97.0282317979197,95.9881129271917,95.6909361069836,95.5423476968797,95.0965824665676,93.6106983655274,93.0163447251115,92.4219910846953,91.8276374442794,91.2332838038632,91.0846953937594,91.0846953937594,91.0846953937594,91.0846953937594,91.0846953937594,91.0846953937594,91.0846953937594,91.0846953937594,91.0846953937594,91.0846953937594
104,"MMR","Myanmar",100,100,100,100,100,100,100,96.1367013372956,95.0965824665676,92.7191679049035,91.3818722139673,89.7473997028232,87.8157503714711,86.0326894502229,82.6151560178306,80.5349182763744,79.1976225854383,76.2258543833582,71.9167904903418,68.0534918276374,68.0534918276374,68.0534918276374,68.0534918276374,68.0534918276374,68.0534918276374,68.0534918276374,68.0534918276374,68.0534918276374
516,"NAM","Namibia",100,100,100,100,100,100,100,99.1084695393759,98.51411589896,95.6909361069836,95.2451708766717,93.9078751857356,93.4621099554235,92.2734026745915,90.1931649331353,88.8558692421991,86.924219910847,86.7756315007429,86.6270430906388,86.478454680535,86.478454680535,86.478454680535,86.478454680535,86.478454680535,86.478454680535,86.478454680535,86.478454680535,86.478454680535
520,"NRU","Nauru",-8888,-8888,-8888,-8888,-8888,-8888,-8888,-8888,-8888,-8888,-8888,-8888,-8888,-8888,-8888,-8888,-8888,-8888,-8888,-8888,-8888,-8888,-8888,-8888,-8888,-8888,-8888,-8888
524,"NPL","Nepal",100,100,100,100,100,100,100,99.702823179792,99.4056463595839,99.25705794948,99.4056463595839,99.25705794948,98.959881129272,98.8112927191679,98.6627043090638,98.51411589896,98.3655274888559,98.0683506686479,97.9197622585438,97.4739970282318,97.4739970282318,97.4739970282318,97.4739970282318,97.4739970282318,97.4739970282318,97.4739970282318,97.4739970282318,97.4739970282318
528,"NLD","Netherlands",100,100,100,100,100,100,100,91.0846953937594,85.1411589895988,80.3863298662706,79.9405646359585,79.7919762258544,79.6433878157503,79.0490341753344,78.9004457652303,78.9004457652303,78.6032689450224,78.4546805349183,78.4546805349183,78.1575037147103,78.1575037147103,78.1575037147103,78.1575037147103,78.1575037147103,78.1575037147103,78.1575037147103,78.1575037147103,78.1575037147103
540,"NCL","New Caledonia",100,100,100,100,100,100,100,98.8112927191679,99.1084695393759,98.6627043090638,98.2169390787518,97.7711738484397,97.3254086181277,97.1768202080238,97.0282317979197,96.8796433878158,96.4338781575038,95.8395245170876,95.5423476968797,94.5022288261515,94.5022288261515,94.5022288261515,94.5022288261515,94.5022288261515,94.5022288261515,94.5022288261515,94.5022288261515,94.5022288261515
554,"NZL","New Zealand",100,100,100,100,100,100,100,99.5542347696879,98.51411589896,97.9197622585438,97.7711738484397,97.3254086181277,96.5824665676077,95.5423476968797,93.3135215453194,90.6389301634473,88.707280832095,85.8841010401188,83.0609212481426,81.2778603268944,81.2778603268944,81.2778603268944,81.2778603268944,81.2778603268944,81.2778603268944,81.2778603268944,81.2778603268944,81.2778603268944
558,"NIC","Nicaragua",100,100,100,100,100,100,100,91.3818722139673,84.1010401188708,80.6835066864785,67.6077265973253,62.2585438335809,47.8454680534918,40.7132243684994,27.1916790490341,0,0,0,0,0,0,0,0,0,0,0,0,0
562,"NER","Niger",100,100,100,100,100,100,100,99.25705794948,99.4056463595839,98.959881129272,98.0683506686479,96.7310549777118,94.0564635958394,92.1248142644874,90.6389301634473,89.4502228826153,89.4502228826153,89.4502228826153,89.5988112927191,89.8959881129271,89.8959881129271,89.8959881129271,89.8959881129271,89.8959881129271,89.8959881129271,89.8959881129271,89.8959881129271,89.8959881129271
566,"NGA","Nigeria",100,100,100,100,100,100,100,98.51411589896,97.0282317979197,95.3937592867756,94.3536404160476,93.0163447251115,91.6790490341753,90.0445765230312,88.707280832095,87.8157503714711,87.221396731055,86.0326894502229,85.1411589895988,83.9524517087667,83.9524517087667,83.9524517087667,83.9524517087667,83.9524517087667,83.9524517087667,83.9524517087667,83.9524517087667,83.9524517087667
570,"NIU","Niue",-8888,-8888,-8888,-8888,-8888,-8888,-8888,-8888,-8888,-8888,-8888,-8888,-8888,-8888,-8888,-8888,-8888,-8888,-8888,-8888,-8888,-8888,-8888,-8888,-8888,-8888,-8888,-8888
408,"PRK","North Korea",100,100,100,100,100,100,100,99.702823179792,99.5542347696879,98.959881129272,98.51411589896,98.3655274888559,97.7711738484397,96.8796433878158,96.2852897473997,95.3937592867756,94.6508172362556,93.6106983655274,93.3135215453194,92.2734026745915,92.2734026745915,92.2734026745915,92.2734026745915,92.2734026745915,92.2734026745915,92.2734026745915,92.2734026745915,92.2734026745915
807,"MKD","North Macedonia",100,100,100,100,100,100,100,99.25705794948,94.7994056463597,91.6790490341753,89.7473997028232,87.667161961367,85.5869242199109,82.6151560178306,79.1976225854383,78.9004457652303,78.1575037147103,77.8603268945023,77.4145616641903,76.5230312035662,76.5230312035662,76.5230312035662,76.5230312035662,76.5230312035662,76.5230312035662,76.5230312035662,76.5230312035662,76.5230312035662
578,"NOR","Norway",100,100,100,100,100,100,100,99.4056463595839,99.1084695393759,98.959881129272,98.51411589896,97.9197622585438,97.3254086181277,96.1367013372956,94.0564635958394,94.5022288261515,94.5022288261515,94.2050520059435,93.7592867756315,92.7191679049035,92.7191679049035,92.7191679049035,92.7191679049035,92.7191679049035,92.7191679049035,92.7191679049035,92.7191679049035,92.7191679049035
512,"OMN","Oman",100,100,100,100,100,100,100,100,100,99.8514115898959,99.8514115898959,99.8514115898959,99.8514115898959,99.8514115898959,99.702823179792,99.702823179792,99.702823179792,99.702823179792,99.5542347696879,99.4056463595839,99.4056463595839,99.4056463595839,99.4056463595839,99.4056463595839,99.4056463595839,99.4056463595839,99.4056463595839,99.4056463595839
586,"PAK","Pakistan",100,100,100,100,100,100,100,98.8112927191679,97.4739970282318,94.5022288261515,93.1649331352155,92.4219910846953,88.707280832095,87.964338781575,87.3699851411591,87.221396731055,86.6270430906388,86.478454680535,86.0326894502229,85.735512630015,85.735512630015,85.735512630015,85.735512630015,85.735512630015,85.735512630015,85.735512630015,85.735512630015,85.735512630015
585,"PLW","Palau",-8888,-8888,-8888,-8888,-8888,-8888,-8888,-8888,-8888,-8888,-8888,-8888,-8888,-8888,-8888,-8888,-8888,-8888,-8888,-8888,-8888,-8888,-8888,-8888,-8888,-8888,-8888,-8888
591,"PAN","Panama",100,100,100,100,100,100,100,98.8112927191679,98.0683506686479,96.2852897473997,95.0965824665676,93.0163447251115,91.6790490341753,89.3016344725112,86.924219910847,85.735512630015,83.9524517087667,82.1693907875185,80.9806835066865,80.3863298662706,80.3863298662706,80.3863298662706,80.3863298662706,80.3863298662706,80.3863298662706,80.3863298662706,80.3863298662706,80.3863298662706
598,"PNG","Papua New Guinea",100,100,100,100,100,100,100,99.8514115898959,99.8514115898959,99.702823179792,99.5542347696879,99.4056463595839,99.25705794948,98.8112927191679,98.3655274888559,97.7711738484397,97.1768202080238,96.2852897473997,95.6909361069836,94.6508172362556,94.6508172362556,94.6508172362556,94.6508172362556,94.6508172362556,94.6508172362556,94.6508172362556,94.6508172362556,94.6508172362556
600,"PRY","Paraguay",100,100,100,100,100,100,100,91.0846953937594,79.0490341753344,68.9450222882615,59.4353640416047,53.4918276374444,40.4160475482912,31.5007429420506,21.9910846953938,9.95542347696882,0.742942050520017,0,0,0,0,0,0,0,0,0,0,0
604,"PER","Peru",100,100,100,100,100,100,100,98.0683506686479,97.1768202080238,93.6106983655274,91.9762258543833,90.9361069836553,89.5988112927191,88.5586924219912,86.3298662704309,84.6953937592868,83.0609212481426,79.3462109955424,76.9687964338782,74.888558692422,74.888558692422,74.888558692422,74.888558692422,74.888558692422,74.888558692422,74.888558692422,74.888558692422,74.888558692422
608,"PHL","Philippines",100,100,100,100,100,100,100,98.2169390787518,96.2852897473997,93.9078751857356,90.3417533432391,85.1411589895988,80.8320950965824,78.3060921248144,74.145616641902,65.3789004457653,61.367013372957,55.5720653789005,49.0341753343238,42.9420505200594,42.9420505200594,42.9420505200594,42.9420505200594,42.9420505200594,42.9420505200594,42.9420505200594,42.9420505200594,42.9420505200594
616,"POL","Poland",100,100,100,100,100,100,100,98.3655274888559,96.4338781575038,94.0564635958394,93.9078751857356,93.9078751857356,93.7592867756315,93.3135215453194,93.1649331352155,93.0163447251115,93.0163447251115,92.8677563150074,92.8677563150074,92.5705794947994,92.5705794947994,92.5705794947994,92.5705794947994,92.5705794947994,92.5705794947994,92.5705794947994,92.5705794947994,92.5705794947994
620,"PRT","Portugal",100,100,100,100,100,100,100,97.6225854383358,95.2451708766717,90.6389301634473,88.5586924219912,86.924219910847,85.2897473997029,83.3580980683506,81.2778603268944,79.7919762258544,78.4546805349183,76.6716196136703,74.888558692422,72.9569093610699,72.9569093610699,72.9569093610699,72.9569093610699,72.9569093610699,72.9569093610699,72.9569093610699,72.9569093610699,72.9569093610699
634,"QAT","Qatar",100,100,100,100,100,100,100,99.702823179792,99.5542347696879,99.5542347696879,99.25705794948,98.959881129272,98.6627043090638,97.0282317979197,96.7310549777118,96.5824665676077,96.2852897473997,78.6032689450224,78.3060921248144,76.6716196136703,76.6716196136703,76.6716196136703,76.6716196136703,76.6716196136703,76.6716196136703,76.6716196136703,76.6716196136703,76.6716196136703
178,"COG","Republic of Congo",100,100,100,100,100,100,100,99.4056463595839,98.959881129272,98.3655274888559,98.0683506686479,97.7711738484397,97.4739970282318,96.5824665676077,96.1367013372956,95.6909361069836,95.2451708766717,94.6508172362556,94.2050520059435,93.3135215453194,93.3135215453194,93.3135215453194,93.3135215453194,93.3135215453194,93.3135215453194,93.3135215453194,93.3135215453194,93.3135215453194
642,"ROU","Romania",100,100,100,100,100,100,100,98.2169390787518,94.9479940564635,91.5304606240714,91.0846953937594,90.4903417533432,89.7473997028232,88.8558692421991,88.261515601783,87.8157503714711,87.221396731055,86.6270430906388,86.0326894502229,84.9925705794947,84.9925705794947,84.9925705794947,84.9925705794947,84.9925705794947,84.9925705794947,84.9925705794947,84.9925705794947,84.9925705794947
643,"RUS","Russia",100,100,100,100,100,100,100,99.25705794948,98.3655274888559,97.3254086181277,96.8796433878158,96.2852897473997,95.3937592867756,94.3536404160476,93.6106983655274,93.1649331352155,92.5705794947994,91.5304606240714,90.4903417533432,89.5988112927191,89.5988112927191,89.5988112927191,89.5988112927191,89.5988112927191,89.5988112927191,89.5988112927191,89.5988112927191,89.5988112927191
646,"RWA","Rwanda",100,100,100,100,100,100,100,99.5542347696879,99.25705794948,98.959881129272,98.8112927191679,98.6627043090638,98.6627043090638,98.51411589896,98.3655274888559,98.2169390787518,98.2169390787518,97.9197622585438,96.5824665676077,94.0564635958394,94.0564635958394,94.0564635958394,94.0564635958394,94.0564635958394,94.0564635958394,94.0564635958394,94.0564635958394,94.0564635958394
652,"BLM","Saint Barthelemy",-8888,-8888,-8888,-8888,-8888,-8888,-8888,-8888,-8888,-8888,-8888,-8888,-8888,-8888,-8888,-8888,-8888,-8888,-8888,-8888,-8888,-8888,-8888,-8888,-8888,-8888,-8888,-8888
659,"KNA","Saint Kitts and Nevis",-8888,-8888,-8888,-8888,-8888,-8888,-8888,-8888,-8888,-8888,-8888,-8888,-8888,-8888,-8888,-8888,-8888,-8888,-8888,-8888,-8888,-8888,-8888,-8888,-8888,-8888,-8888,-8888
662,"LCA","Saint Lucia",-8888,-8888,-8888,-8888,-8888,-8888,-8888,-8888,-8888,-8888,-8888,-8888,-8888,-8888,-8888,-8888,-8888,-8888,-8888,-8888,-8888,-8888,-8888,-8888,-8888,-8888,-8888,-8888
670,"VCT","Saint Vincent and the Grenadines",-8888,-8888,-8888,-8888,-8888,-8888,-8888,-8888,-8888,-8888,-8888,-8888,-8888,-8888,-8888,-8888,-8888,-8888,-8888,-8888,-8888,-8888,-8888,-8888,-8888,-8888,-8888,-8888
882,"WSM","Samoa",0,0,0,0,0,0,0,0,0,0,0,0,0,0,0,0,0,0,0,0,0,0,0,0,0,0,0,0
674,"SMR","San Marino",-8888,-8888,-8888,-8888,-8888,-8888,-8888,-8888,-8888,-8888,-8888,-8888,-8888,-8888,-8888,-8888,-8888,-8888,-8888,-8888,-8888,-8888,-8888,-8888,-8888,-8888,-8888,-8888
678,"STP","Sao Tome and Principe",-8888,-8888,-8888,-8888,-8888,-8888,-8888,-8888,-8888,-8888,-8888,-8888,-8888,-8888,-8888,-8888,-8888,-8888,-8888,-8888,-8888,-8888,-8888,-8888,-8888,-8888,-8888,-8888
682,"SAU","Saudi Arabia",100,100,100,100,100,100,100,99.702823179792,99.5542347696879,98.3655274888559,98.0683506686479,98.2169390787518,97.9197622585438,97.9197622585438,97.9197622585438,97.9197622585438,97.7711738484397,97.7711738484397,97.6225854383358,97.4739970282318,97.4739970282318,97.4739970282318,97.4739970282318,97.4739970282318,97.4739970282318,97.4739970282318,97.4739970282318,97.4739970282318
686,"SEN","Senegal",100,100,100,100,100,100,100,99.5542347696879,99.4056463595839,99.25705794948,98.959881129272,98.8112927191679,98.3655274888559,98.2169390787518,98.0683506686479,97.9197622585438,97.6225854383358,97.4739970282318,97.1768202080238,97.0282317979197,97.0282317979197,97.0282317979197,97.0282317979197,97.0282317979197,97.0282317979197,97.0282317979197,97.0282317979197,97.0282317979197
688,"SRB","Serbia",100,100,100,100,100,100,100,98.6627043090638,96.8796433878158,95.5423476968797,95.0965824665676,93.7592867756315,92.7191679049035,90.3417533432391,89.5988112927191,89.1530460624071,89.0044576523032,88.707280832095,87.964338781575,86.7756315007429,86.7756315007429,86.7756315007429,86.7756315007429,86.7756315007429,86.7756315007429,86.7756315007429,86.7756315007429,86.7756315007429
690,"SYC","Seychelles",-8888,-8888,-8888,-8888,-8888,-8888,-8888,-8888,-8888,-8888,-8888,-8888,-8888,-8888,-8888,-8888,-8888,-8888,-8888,-8888,-8888,-8888,-8888,-8888,-8888,-8888,-8888,-8888
694,"SLE","Sierra Leone",100,100,100,100,100,100,100,97.9197622585438,97.9197622585438,97.0282317979197,96.2852897473997,95.5423476968797,93.7592867756315,92.2734026745915,90.1931649331353,88.4101040118871,86.924219910847,86.1812778603268,82.0208023774147,78.0089153046062,78.0089153046062,78.0089153046062,78.0089153046062,78.0089153046062,78.0089153046062,78.0089153046062,78.0089153046062,78.0089153046062
702,"SGP","Singapore",-8888,-8888,-8888,-8888,-8888,-8888,-8888,-8888,-8888,-8888,-8888,-8888,-8888,-8888,-8888,-8888,-8888,-8888,-8888,-8888,-8888,-8888,-8888,-8888,-8888,-8888,-8888,-8888
534,"SXM","Sint Maarten",-8888,-8888,-8888,-8888,-8888,-8888,-8888,-8888,-8888,-8888,-8888,-8888,-8888,-8888,-8888,-8888,-8888,-8888,-8888,-8888,-8888,-8888,-8888,-8888,-8888,-8888,-8888,-8888
703,"SVK","Slovakia",100,100,100,100,100,100,100,98.2169390787518,95.5423476968797,92.7191679049035,91.5304606240714,90.9361069836553,90.7875185735512,90.0445765230312,89.5988112927191,89.0044576523032,88.261515601783,87.667161961367,87.3699851411591,86.478454680535,86.478454680535,86.478454680535,86.478454680535,86.478454680535,86.478454680535,86.478454680535,86.478454680535,86.478454680535
705,"SVN","Slovenia",100,100,100,100,100,100,100,98.3655274888559,96.8796433878158,94.6508172362556,94.5022288261515,94.3536404160476,94.2050520059435,93.7592867756315,93.1649331352155,90.3417533432391,89.8959881129271,88.261515601783,87.5185735512629,84.1010401188708,84.1010401188708,84.1010401188708,84.1010401188708,84.1010401188708,84.1010401188708,84.1010401188708,84.1010401188708,84.1010401188708
90,"SLB","Solomon Islands",100,100,100,100,100,100,100,99.5542347696879,99.4056463595839,99.1084695393759,97.4739970282318,96.5824665676077,93.3135215453194,89.1530460624071,87.0728083209509,82.9123328380386,76.2258543833582,72.0653789004459,67.3105497771174,62.704309063893,62.704309063893,62.704309063893,62.704309063893,62.704309063893,62.704309063893,62.704309063893,62.704309063893,62.704309063893
706,"SOM","Somalia",100,100,100,100,100,100,100,99.4056463595839,99.1084695393759,98.6627043090638,98.2169390787518,98.0683506686479,97.9197622585438,97.1768202080238,96.5824665676077,96.1367013372956,95.9881129271917,95.8395245170876,95.9881129271917,95.9881129271917,95.9881129271917,95.9881129271917,95.9881129271917,95.9881129271917,95.9881129271917,95.9881129271917,95.9881129271917,95.9881129271917
710,"ZAF","South Africa",100,100,100,100,100,100,100,99.4056463595839,98.6627043090638,97.9197622585438,97.6225854383358,97.4739970282318,97.1768202080238,96.8796433878158,96.4338781575038,96.2852897473997,96.1367013372956,95.8395245170876,95.5423476968797,95.0965824665676,95.0965824665676,95.0965824665676,95.0965824665676,95.0965824665676,95.0965824665676,95.0965824665676,95.0965824665676,95.0965824665676
410,"KOR","South Korea",100,100,100,100,100,100,100,98.2169390787518,94.7994056463597,91.5304606240714,90.9361069836553,90.3417533432391,89.3016344725112,88.5586924219912,86.6270430906388,86.3298662704309,82.1693907875185,80.9806835066865,79.9405646359585,78.7518573551262,78.7518573551262,78.7518573551262,78.7518573551262,78.7518573551262,78.7518573551262,78.7518573551262,78.7518573551262,78.7518573551262
728,"SSD","South Sudan",100,100,100,100,100,100,100,99.5542347696879,99.1084695393759,98.6627043090638,98.51411589896,98.3655274888559,98.0683506686479,97.9197622585438,97.7711738484397,97.7711738484397,97.7711738484397,97.7711738484397,97.6225854383358,97.4739970282318,97.4739970282318,97.4739970282318,97.4739970282318,97.4739970282318,97.4739970282318,97.4739970282318,97.4739970282318,97.4739970282318
724,"ESP","Spain",100,100,100,100,100,100,100,99.25705794948,98.6627043090638,97.0282317979197,96.1367013372956,95.6909361069836,94.9479940564635,94.0564635958394,93.1649331352155,92.7191679049035,92.2734026745915,91.8276374442794,91.2332838038632,90.1931649331353,90.1931649331353,90.1931649331353,90.1931649331353,90.1931649331353,90.1931649331353,90.1931649331353,90.1931649331353,90.1931649331353
144,"LKA","Sri Lanka",100,100,100,100,100,100,100,96.5824665676077,94.9479940564635,93.6106983655274,92.2734026745915,90.1931649331353,91.0846953937594,88.1129271916791,84.3982169390788,82.7637444279347,78.6032689450224,75.92867756315,75.18573551263,72.9569093610699,72.9569093610699,72.9569093610699,72.9569093610699,72.9569093610699,72.9569093610699,72.9569093610699,72.9569093610699,72.9569093610699
275,"PSE","State of Palestine",0,0,0,0,0,0,0,0,0,0,0,0,0,0,0,0,0,0,0,0,0,0,0,0,0,0,0,0
729,"SDN","Sudan",100,100,100,100,100,100,100,98.959881129272,98.3655274888559,97.7711738484397,97.6225854383358,97.4739970282318,97.1768202080238,96.7310549777118,95.9881129271917,95.3937592867756,95.0965824665676,95.0965824665676,95.2451708766717,95.0965824665676,95.0965824665676,95.0965824665676,95.0965824665676,95.0965824665676,95.0965824665676,95.0965824665676,95.0965824665676,95.0965824665676
740,"SUR","Suriname",100,100,100,100,100,100,100,99.8514115898959,99.702823179792,94.6508172362556,94.6508172362556,94.5022288261515,94.5022288261515,94.2050520059435,94.0564635958394,93.7592867756315,93.6106983655274,92.8677563150074,92.4219910846953,91.9762258543833,91.9762258543833,91.9762258543833,91.9762258543833,91.9762258543833,91.9762258543833,91.9762258543833,91.9762258543833,91.9762258543833
752,"SWE","Sweden",100,100,100,100,100,100,100,98.6627043090638,97.6225854383358,95.3937592867756,92.8677563150074,90.4903417533432,88.4101040118871,84.8439821693909,81.5750371471026,78.4546805349183,75.92867756315,73.9970282317979,72.3625557206538,69.9851411589897,69.9851411589897,69.9851411589897,69.9851411589897,69.9851411589897,69.9851411589897,69.9851411589897,69.9851411589897,69.9851411589897
756,"CHE","Switzerland",100,100,100,100,100,100,100,97.4739970282318,94.0564635958394,90.1931649331353,90.1931649331353,90.0445765230312,89.8959881129271,89.4502228826153,89.4502228826153,89.0044576523032,88.8558692421991,88.8558692421991,88.5586924219912,85.8841010401188,85.8841010401188,85.8841010401188,85.8841010401188,85.8841010401188,85.8841010401188,85.8841010401188,85.8841010401188,85.8841010401188
760,"SYR","Syria",100,100,100,100,100,100,100,99.8514115898959,99.4056463595839,98.8112927191679,98.959881129272,98.6627043090638,98.51411589896,98.0683506686479,97.7711738484397,97.4739970282318,97.1768202080238,97.3254086181277,96.4338781575038,95.8395245170876,95.8395245170876,95.8395245170876,95.8395245170876,95.8395245170876,95.8395245170876,95.8395245170876,95.8395245170876,95.8395245170876
158,"TWN","Taiwan",100,100,100,100,100,100,100,99.702823179792,98.959881129272,98.2169390787518,97.3254086181277,95.6909361069836,94.2050520059435,92.1248142644874,84.8439821693909,82.4665676077265,80.3863298662706,76.5230312035662,74.44279346211,69.9851411589897,69.9851411589897,69.9851411589897,69.9851411589897,69.9851411589897,69.9851411589897,69.9851411589897,69.9851411589897,69.9851411589897
762,"TJK","Tajikistan",100,100,100,100,100,100,100,99.5542347696879,99.25705794948,98.51411589896,98.2169390787518,98.0683506686479,97.4739970282318,96.5824665676077,96.1367013372956,95.2451708766717,94.5022288261515,94.5022288261515,94.2050520059435,93.3135215453194,93.3135215453194,93.3135215453194,93.3135215453194,93.3135215453194,93.3135215453194,93.3135215453194,93.3135215453194,93.3135215453194
834,"TZA","Tanzania",100,100,100,100,100,100,100,99.25705794948,98.6627043090638,97.1768202080238,96.1367013372956,95.3937592867756,93.4621099554235,92.2734026745915,91.3818722139673,89.4502228826153,88.4101040118871,87.221396731055,85.735512630015,83.8038632986626,83.8038632986626,83.8038632986626,83.8038632986626,83.8038632986626,83.8038632986626,83.8038632986626,83.8038632986626,83.8038632986626
764,"THA","Thailand",100,100,100,100,100,100,100,95.9881129271917,95.2451708766717,92.1248142644874,90.0445765230312,88.1129271916791,85.8841010401188,84.1010401188708,80.6835066864785,77.7117384843982,76.2258543833582,74.145616641902,71.9167904903418,70.1337295690935,70.1337295690935,70.1337295690935,70.1337295690935,70.1337295690935,70.1337295690935,70.1337295690935,70.1337295690935,70.1337295690935
626,"TLS","Timor-Leste",100,100,100,100,100,100,100,99.5542347696879,99.8514115898959,99.8514115898959,99.8514115898959,99.5542347696879,99.1084695393759,99.1084695393759,99.4056463595839,99.4056463595839,99.1084695393759,98.8112927191679,98.8112927191679,99.4056463595839,99.4056463595839,99.4056463595839,99.4056463595839,99.4056463595839,99.4056463595839,99.4056463595839,99.4056463595839,99.4056463595839
768,"TGO","Togo",100,100,100,100,100,100,100,98.959881129272,98.3655274888559,97.4739970282318,97.1768202080238,96.8796433878158,96.5824665676077,96.2852897473997,95.3937592867756,95.0965824665676,94.0564635958394,93.6106983655274,93.1649331352155,92.4219910846953,92.4219910846953,92.4219910846953,92.4219910846953,92.4219910846953,92.4219910846953,92.4219910846953,92.4219910846953,92.4219910846953
776,"TON","Tonga",-8888,-8888,-8888,-8888,-8888,-8888,-8888,-8888,-8888,-8888,-8888,-8888,-8888,-8888,-8888,-8888,-8888,-8888,-8888,-8888,-8888,-8888,-8888,-8888,-8888,-8888,-8888,-8888
780,"TTO","Trinidad and Tobago",0,0,0,0,0,0,0,0,0,0,0,0,0,0,0,0,0,0,0,0,0,0,0,0,0,0,0,0
788,"TUN","Tunisia",100,100,100,100,100,100,100,99.1084695393759,99.702823179792,95.8395245170876,95.5423476968797,95.2451708766717,95.0965824665676,93.7592867756315,93.0163447251115,93.0163447251115,92.2734026745915,91.6790490341753,91.5304606240714,90.9361069836553,90.9361069836553,90.9361069836553,90.9361069836553,90.9361069836553,90.9361069836553,90.9361069836553,90.9361069836553,90.9361069836553
792,"TUR","Turkey",100,100,100,100,100,100,100,99.1084695393759,98.2169390787518,97.3254086181277,96.5824665676077,95.9881129271917,94.9479940564635,92.1248142644874,90.3417533432391,89.7473997028232,89.1530460624071,89.0044576523032,88.4101040118871,87.0728083209509,87.0728083209509,87.0728083209509,87.0728083209509,87.0728083209509,87.0728083209509,87.0728083209509,87.0728083209509,87.0728083209509
795,"TKM","Turkmenistan",100,100,100,100,100,100,100,99.702823179792,99.1084695393759,98.2169390787518,98.0683506686479,97.9197622585438,97.4739970282318,97.3254086181277,97.1768202080238,97.0282317979197,96.8796433878158,96.7310549777118,96.5824665676077,96.4338781575038,96.4338781575038,96.4338781575038,96.4338781575038,96.4338781575038,96.4338781575038,96.4338781575038,96.4338781575038,96.4338781575038
796,"TCA","Turks and Caicos Islands",0,0,0,0,0,0,0,0,0,0,0,0,0,0,0,0,0,0,0,0,0,0,0,0,0,0,0,0
798,"TUV","Tuvalu",-8888,-8888,-8888,-8888,-8888,-8888,-8888,-8888,-8888,-8888,-8888,-8888,-8888,-8888,-8888,-8888,-8888,-8888,-8888,-8888,-8888,-8888,-8888,-8888,-8888,-8888,-8888,-8888
800,"UGA","Uganda",100,100,100,100,100,100,100,99.1084695393759,98.3655274888559,96.7310549777118,96.4338781575038,95.9881129271917,94.7994056463597,94.0564635958394,93.7592867756315,92.8677563150074,92.1248142644874,91.5304606240714,89.1530460624071,86.924219910847,86.924219910847,86.924219910847,86.924219910847,86.924219910847,86.924219910847,86.924219910847,86.924219910847,86.924219910847
804,"UKR","Ukraine",100,100,100,100,100,100,100,96.7310549777118,92.2734026745915,86.924219910847,86.6270430906388,86.3298662704309,85.8841010401188,85.1411589895988,84.8439821693909,84.6953937592868,84.6953937592868,84.5468053491827,84.3982169390788,84.2496285289747,84.2496285289747,84.2496285289747,84.2496285289747,84.2496285289747,84.2496285289747,84.2496285289747,84.2496285289747,84.2496285289747
784,"ARE","United Arab Emirates",100,100,100,100,100,100,100,100,95.6909361069836,94.2050520059435,93.0163447251115,88.4101040118871,88.4101040118871,86.3298662704309,83.3580980683506,83.3580980683506,83.0609212481426,82.9123328380386,82.7637444279347,81.4264487369985,81.4264487369985,81.4264487369985,81.4264487369985,81.4264487369985,81.4264487369985,81.4264487369985,81.4264487369985,81.4264487369985
826,"GBR","United Kingdom",100,100,100,100,100,100,100,97.7711738484397,95.9881129271917,94.0564635958394,93.7592867756315,93.7592867756315,93.4621099554235,92.5705794947994,92.4219910846953,92.4219910846953,92.4219910846953,92.1248142644874,91.9762258543833,92.1248142644874,92.1248142644874,92.1248142644874,92.1248142644874,92.1248142644874,92.1248142644874,92.1248142644874,92.1248142644874,92.1248142644874
840,"USA","United States of America",100,100,100,100,100,100,100,99.1827637444278,98.4398216939078,97.2511144130758,96.5824665676077,95.5423476968797,93.6849925705795,91.2332838038632,89.8959881129271,88.707280832095,87.667161961367,86.255572065379,84.9182763744428,84.0267459138187,84.0267459138187,84.0267459138187,84.0267459138187,84.0267459138187,84.0267459138187,84.0267459138187,84.0267459138187,84.0267459138187
858,"URY","Uruguay",100,100,100,100,100,100,100,98.6627043090638,96.2852897473997,92.2734026745915,90.1931649331353,89.3016344725112,84.2496285289747,83.8038632986626,82.1693907875185,78.1575037147103,77.8603268945023,75.18573551263,74.2942050520059,72.3625557206538,72.3625557206538,72.3625557206538,72.3625557206538,72.3625557206538,72.3625557206538,72.3625557206538,72.3625557206538,72.3625557206538
860,"UZB","Uzbekistan",100,100,100,100,100,100,100,98.3655274888559,90.6389301634473,89.1530460624071,87.667161961367,86.478454680535,84.3982169390788,83.3580980683506,78.4546805349183,80.2377414561665,78.3060921248144,77.1173848439821,76.2258543833582,75.3343239227341,75.3343239227341,75.3343239227341,75.3343239227341,75.3343239227341,75.3343239227341,75.3343239227341,75.3343239227341,75.3343239227341
548,"VUT","Vanuatu",100,100,100,100,100,100,100,99.8514115898959,99.8514115898959,99.1084695393759,99.1084695393759,99.1084695393759,99.1084695393759,98.959881129272,98.959881129272,98.959881129272,98.959881129272,98.959881129272,98.959881129272,98.959881129272,98.959881129272,98.959881129272,98.959881129272,98.959881129272,98.959881129272,98.959881129272,98.959881129272,98.959881129272
862,"VEN","Venezuela",100,100,100,100,100,100,100,99.4056463595839,97.9197622585438,95.2451708766717,94.6508172362556,94.2050520059435,93.4621099554235,92.8677563150074,92.1248142644874,91.3818722139673,90.9361069836553,90.0445765230312,89.4502228826153,89.1530460624071,89.1530460624071,89.1530460624071,89.1530460624071,89.1530460624071,89.1530460624071,89.1530460624071,89.1530460624071,89.1530460624071
704,"VNM","Viet Nam",100,100,100,100,100,100,100,94.6508172362556,92.7191679049035,89.8959881129271,86.1812778603268,83.8038632986626,81.1292719167906,76.0772659732541,69.9851411589897,62.704309063893,55.2748885586924,48.88558692422,44.8736998514117,39.8216939078753,39.8216939078753,39.8216939078753,39.8216939078753,39.8216939078753,39.8216939078753,39.8216939078753,39.8216939078753,39.8216939078753
876,"WLF","Wallis and Futuna Islands",-8888,-8888,-8888,-8888,-8888,-8888,-8888,-8888,-8888,-8888,-8888,-8888,-8888,-8888,-8888,-8888,-8888,-8888,-8888,-8888,-8888,-8888,-8888,-8888,-8888,-8888,-8888,-8888
732,"ESH","Western Sahara",100,100,100,100,100,100,100,100,100,100,100,100,100,100,100,100,99.8514115898959,99.8514115898959,99.8514115898959,99.8514115898959,99.8514115898959,99.8514115898959,99.8514115898959,99.8514115898959,99.8514115898959,99.8514115898959,99.8514115898959,99.8514115898959
887,"YEM","Yemen",100,100,100,100,100,100,100,99.702823179792,99.4056463595839,99.5542347696879,99.4056463595839,99.4056463595839,99.4056463595839,99.25705794948,99.1084695393759,98.51411589896,98.2169390787518,98.2169390787518,98.0683506686479,87.667161961367,87.667161961367,87.667161961367,87.667161961367,87.667161961367,87.667161961367,87.667161961367,87.667161961367,87.667161961367
894,"ZMB","Zambia",100,100,100,100,100,100,100,99.5542347696879,99.1084695393759,98.3655274888559,97.9197622585438,97.6225854383358,97.1768202080238,96.4338781575038,95.8395245170876,94.7994056463597,94.3536404160476,93.4621099554235,92.7191679049035,91.8276374442794,91.8276374442794,91.8276374442794,91.8276374442794,91.8276374442794,91.8276374442794,91.8276374442794,91.8276374442794,91.8276374442794
716,"ZWE","Zimbabwe",100,100,100,100,100,100,100,97.0282317979197,95.3937592867756,94.6508172362556,94.2050520059435,94.0564635958394,92.1248142644874,91.3818722139673,91.5304606240714,91.5304606240714,91.3818722139673,90.9361069836553,90.9361069836553,91.2332838038632,91.2332838038632,91.2332838038632,91.2332838038632,91.2332838038632,91.2332838038632,91.2332838038632,91.2332838038632,91.2332838038632
