"code","iso","country","SPU.ind.1995","SPU.ind.1996","SPU.ind.1997","SPU.ind.1998","SPU.ind.1999","SPU.ind.2000","SPU.ind.2001","SPU.ind.2002","SPU.ind.2003","SPU.ind.2004","SPU.ind.2005","SPU.ind.2006","SPU.ind.2007","SPU.ind.2008","SPU.ind.2009","SPU.ind.2010","SPU.ind.2011","SPU.ind.2012","SPU.ind.2013","SPU.ind.2014","SPU.ind.2015","SPU.ind.2016","SPU.ind.2017","SPU.ind.2018","SPU.ind.2019","SPU.ind.2020","SPU.ind.2021","SPU.ind.2022"
4,"AFG","Afghanistan",37.3333333333333,37.3333333333333,37.3333333333333,37.3333333333333,37.3333333333333,37.3333333333333,37.3333333333333,37.3333333333333,37.3333333333333,37.3333333333333,37.3333333333333,37.3333333333333,37.3333333333333,37.3333333333333,37.3333333333333,37.3333333333333,37.3333333333333,37.3333333333333,37.3333333333333,37.3333333333333,37.3333333333333,37.3333333333333,37.3333333333333,37.3333333333333,37.3333333333333,37.3333333333333,37.3333333333333,37.3333333333333
8,"ALB","Albania",20.2222222222222,20.2222222222222,20.2222222222222,20.2222222222222,20.2222222222222,20.2222222222222,20.2222222222222,20.2222222222222,20.2222222222222,20.2222222222222,20.2222222222222,20.2222222222222,20.2222222222222,20.2222222222222,20.2222222222222,20.2222222222222,20.2222222222222,20.2222222222222,20.2222222222222,20.2222222222222,20.2222222222222,20.2222222222222,20.2222222222222,20.2222222222222,20.2222222222222,20.2222222222222,20.2222222222222,20.2222222222222
12,"DZA","Algeria",81.7777777777778,81.7777777777778,81.7777777777778,81.7777777777778,81.7777777777778,81.7777777777778,81.7777777777778,81.7777777777778,81.7777777777778,81.7777777777778,81.7777777777778,81.7777777777778,81.7777777777778,81.7777777777778,81.7777777777778,81.7777777777778,81.7777777777778,81.7777777777778,81.7777777777778,81.7777777777778,81.7777777777778,81.7777777777778,81.7777777777778,81.7777777777778,81.7777777777778,81.7777777777778,81.7777777777778,81.7777777777778
20,"AND","Andorra",71.3333333333333,71.3333333333333,71.3333333333333,71.3333333333333,71.3333333333333,71.3333333333333,71.3333333333333,71.3333333333333,71.3333333333333,71.3333333333333,71.3333333333333,71.3333333333333,71.3333333333333,71.3333333333333,71.3333333333333,71.3333333333333,71.3333333333333,71.3333333333333,71.3333333333333,71.3333333333333,71.3333333333333,71.3333333333333,71.3333333333333,71.3333333333333,71.3333333333333,71.3333333333333,71.3333333333333,71.3333333333333
24,"AGO","Angola",20.4444444444444,20.4444444444444,20.4444444444444,20.4444444444444,20.4444444444444,20.4444444444444,20.4444444444444,20.4444444444444,20.4444444444444,20.4444444444444,20.4444444444444,20.4444444444444,20.4444444444444,20.4444444444444,20.4444444444444,20.4444444444444,20.4444444444444,20.4444444444444,20.4444444444444,20.4444444444444,20.4444444444444,20.4444444444444,20.4444444444444,20.4444444444444,20.4444444444444,20.4444444444444,20.4444444444444,20.4444444444444
660,"AIA","Anguilla",-8888,-8888,-8888,-8888,-8888,-8888,-8888,-8888,-8888,-8888,-8888,-8888,-8888,-8888,-8888,-8888,-8888,-8888,-8888,-8888,-8888,-8888,-8888,-8888,-8888,-8888,-8888,-8888
28,"ATG","Antigua and Barbuda",-8888,-8888,-8888,-8888,-8888,-8888,-8888,-8888,-8888,-8888,-8888,-8888,-8888,-8888,-8888,-8888,-8888,-8888,-8888,-8888,-8888,-8888,-8888,-8888,-8888,-8888,-8888,-8888
32,"ARG","Argentina",69.7777777777778,69.7777777777778,69.7777777777778,69.7777777777778,69.7777777777778,69.7777777777778,69.7777777777778,69.7777777777778,69.7777777777778,69.7777777777778,69.7777777777778,69.7777777777778,69.7777777777778,69.7777777777778,69.7777777777778,69.7777777777778,69.7777777777778,69.7777777777778,69.7777777777778,69.7777777777778,69.7777777777778,69.7777777777778,69.7777777777778,69.7777777777778,69.7777777777778,69.7777777777778,69.7777777777778,69.7777777777778
51,"ARM","Armenia",33.3333333333333,33.3333333333333,33.3333333333333,33.3333333333333,33.3333333333333,33.3333333333333,33.3333333333333,33.3333333333333,33.3333333333333,33.3333333333333,33.3333333333333,33.3333333333333,33.3333333333333,33.3333333333333,33.3333333333333,33.3333333333333,33.3333333333333,33.3333333333333,33.3333333333333,33.3333333333333,33.3333333333333,33.3333333333333,33.3333333333333,33.3333333333333,33.3333333333333,33.3333333333333,33.3333333333333,33.3333333333333
533,"ABW","Aruba",-8888,-8888,-8888,-8888,-8888,-8888,-8888,-8888,-8888,-8888,-8888,-8888,-8888,-8888,-8888,-8888,-8888,-8888,-8888,-8888,-8888,-8888,-8888,-8888,-8888,-8888,-8888,-8888
36,"AUS","Australia",86.6666666666667,86.6666666666667,86.6666666666667,86.6666666666667,86.6666666666667,86.6666666666667,86.6666666666667,86.6666666666667,86.6666666666667,86.6666666666667,86.6666666666667,86.6666666666667,86.6666666666667,86.6666666666667,86.6666666666667,86.6666666666667,86.6666666666667,86.6666666666667,86.6666666666667,86.6666666666667,86.6666666666667,86.6666666666667,86.6666666666667,86.6666666666667,86.6666666666667,86.6666666666667,86.6666666666667,86.6666666666667
40,"AUT","Austria",73.1111111111111,73.1111111111111,73.1111111111111,73.1111111111111,73.1111111111111,73.1111111111111,73.1111111111111,73.1111111111111,73.1111111111111,73.1111111111111,73.1111111111111,73.1111111111111,73.1111111111111,73.1111111111111,73.1111111111111,73.1111111111111,73.1111111111111,73.1111111111111,73.1111111111111,73.1111111111111,73.1111111111111,73.1111111111111,73.1111111111111,73.1111111111111,73.1111111111111,73.1111111111111,73.1111111111111,73.1111111111111
31,"AZE","Azerbaijan",38.4444444444444,38.4444444444444,38.4444444444444,38.4444444444444,38.4444444444444,38.4444444444444,38.4444444444444,38.4444444444444,38.4444444444444,38.4444444444444,38.4444444444444,38.4444444444444,38.4444444444444,38.4444444444444,38.4444444444444,38.4444444444444,38.4444444444444,38.4444444444444,38.4444444444444,38.4444444444444,38.4444444444444,38.4444444444444,38.4444444444444,38.4444444444444,38.4444444444444,38.4444444444444,38.4444444444444,38.4444444444444
44,"BHS","Bahamas",-8888,-8888,-8888,-8888,-8888,-8888,-8888,-8888,-8888,-8888,-8888,-8888,-8888,-8888,-8888,-8888,-8888,-8888,-8888,-8888,-8888,-8888,-8888,-8888,-8888,-8888,-8888,-8888
48,"BHR","Bahrain",-8888,-8888,-8888,-8888,-8888,-8888,-8888,-8888,-8888,-8888,-8888,-8888,-8888,-8888,-8888,-8888,-8888,-8888,-8888,-8888,-8888,-8888,-8888,-8888,-8888,-8888,-8888,-8888
50,"BGD","Bangladesh",32.8888888888889,32.8888888888889,32.8888888888889,32.8888888888889,32.8888888888889,32.8888888888889,32.8888888888889,32.8888888888889,32.8888888888889,32.8888888888889,32.8888888888889,32.8888888888889,32.8888888888889,32.8888888888889,32.8888888888889,32.8888888888889,32.8888888888889,32.8888888888889,32.8888888888889,32.8888888888889,32.8888888888889,32.8888888888889,32.8888888888889,32.8888888888889,32.8888888888889,32.8888888888889,32.8888888888889,32.8888888888889
52,"BRB","Barbados",-8888,-8888,-8888,-8888,-8888,-8888,-8888,-8888,-8888,-8888,-8888,-8888,-8888,-8888,-8888,-8888,-8888,-8888,-8888,-8888,-8888,-8888,-8888,-8888,-8888,-8888,-8888,-8888
112,"BLR","Belarus",26.8888888888889,26.8888888888889,26.8888888888889,26.8888888888889,26.8888888888889,26.8888888888889,26.8888888888889,26.8888888888889,26.8888888888889,26.8888888888889,26.8888888888889,26.8888888888889,26.8888888888889,26.8888888888889,26.8888888888889,26.8888888888889,26.8888888888889,26.8888888888889,26.8888888888889,26.8888888888889,26.8888888888889,26.8888888888889,26.8888888888889,26.8888888888889,26.8888888888889,26.8888888888889,26.8888888888889,26.8888888888889
56,"BEL","Belgium",18.8888888888889,18.8888888888889,18.8888888888889,18.8888888888889,18.8888888888889,18.8888888888889,18.8888888888889,18.8888888888889,18.8888888888889,18.8888888888889,18.8888888888889,18.8888888888889,18.8888888888889,18.8888888888889,18.8888888888889,18.8888888888889,18.8888888888889,18.8888888888889,18.8888888888889,18.8888888888889,18.8888888888889,18.8888888888889,18.8888888888889,18.8888888888889,18.8888888888889,18.8888888888889,18.8888888888889,18.8888888888889
84,"BLZ","Belize",23.1111111111111,23.1111111111111,23.1111111111111,23.1111111111111,23.1111111111111,23.1111111111111,23.1111111111111,23.1111111111111,23.1111111111111,23.1111111111111,23.1111111111111,23.1111111111111,23.1111111111111,23.1111111111111,23.1111111111111,23.1111111111111,23.1111111111111,23.1111111111111,23.1111111111111,23.1111111111111,23.1111111111111,23.1111111111111,23.1111111111111,23.1111111111111,23.1111111111111,23.1111111111111,23.1111111111111,23.1111111111111
204,"BEN","Benin",27.7777777777778,27.7777777777778,27.7777777777778,27.7777777777778,27.7777777777778,27.7777777777778,27.7777777777778,27.7777777777778,27.7777777777778,27.7777777777778,27.7777777777778,27.7777777777778,27.7777777777778,27.7777777777778,27.7777777777778,27.7777777777778,27.7777777777778,27.7777777777778,27.7777777777778,27.7777777777778,27.7777777777778,27.7777777777778,27.7777777777778,27.7777777777778,27.7777777777778,27.7777777777778,27.7777777777778,27.7777777777778
60,"BMU","Bermuda",-8888,-8888,-8888,-8888,-8888,-8888,-8888,-8888,-8888,-8888,-8888,-8888,-8888,-8888,-8888,-8888,-8888,-8888,-8888,-8888,-8888,-8888,-8888,-8888,-8888,-8888,-8888,-8888
64,"BTN","Bhutan",24.4444444444444,24.4444444444444,24.4444444444444,24.4444444444444,24.4444444444444,24.4444444444444,24.4444444444444,24.4444444444444,24.4444444444444,24.4444444444444,24.4444444444444,24.4444444444444,24.4444444444444,24.4444444444444,24.4444444444444,24.4444444444444,24.4444444444444,24.4444444444444,24.4444444444444,24.4444444444444,24.4444444444444,24.4444444444444,24.4444444444444,24.4444444444444,24.4444444444444,24.4444444444444,24.4444444444444,24.4444444444444
68,"BOL","Bolivia",63.3333333333333,63.3333333333333,63.3333333333333,63.3333333333333,63.3333333333333,63.3333333333333,63.3333333333333,63.3333333333333,63.3333333333333,63.3333333333333,63.3333333333333,63.3333333333333,63.3333333333333,63.3333333333333,63.3333333333333,63.3333333333333,63.3333333333333,63.3333333333333,63.3333333333333,63.3333333333333,63.3333333333333,63.3333333333333,63.3333333333333,63.3333333333333,63.3333333333333,63.3333333333333,63.3333333333333,63.3333333333333
70,"BIH","Bosnia and Herzegovina",17.5555555555556,17.5555555555556,17.5555555555556,17.5555555555556,17.5555555555556,17.5555555555556,17.5555555555556,17.5555555555556,17.5555555555556,17.5555555555556,17.5555555555556,17.5555555555556,17.5555555555556,17.5555555555556,17.5555555555556,17.5555555555556,17.5555555555556,17.5555555555556,17.5555555555556,17.5555555555556,17.5555555555556,17.5555555555556,17.5555555555556,17.5555555555556,17.5555555555556,17.5555555555556,17.5555555555556,17.5555555555556
72,"BWA","Botswana",16.6666666666667,16.6666666666667,16.6666666666667,16.6666666666667,16.6666666666667,16.6666666666667,16.6666666666667,16.6666666666667,16.6666666666667,16.6666666666667,16.6666666666667,16.6666666666667,16.6666666666667,16.6666666666667,16.6666666666667,16.6666666666667,16.6666666666667,16.6666666666667,16.6666666666667,16.6666666666667,16.6666666666667,16.6666666666667,16.6666666666667,16.6666666666667,16.6666666666667,16.6666666666667,16.6666666666667,16.6666666666667
76,"BRA","Brazil",48,48,48,48,48,48,48,48,48,48,48,48,48,48,48,48,48,48,48,48,48,48,48,48,48,48,48,48
92,"VGB","British Virgin Islands",-8888,-8888,-8888,-8888,-8888,-8888,-8888,-8888,-8888,-8888,-8888,-8888,-8888,-8888,-8888,-8888,-8888,-8888,-8888,-8888,-8888,-8888,-8888,-8888,-8888,-8888,-8888,-8888
96,"BRN","Brunei Darussalam",29.5555555555556,29.5555555555556,29.5555555555556,29.5555555555556,29.5555555555556,29.5555555555556,29.5555555555556,29.5555555555556,29.5555555555556,29.5555555555556,29.5555555555556,29.5555555555556,29.5555555555556,29.5555555555556,29.5555555555556,29.5555555555556,29.5555555555556,29.5555555555556,29.5555555555556,29.5555555555556,29.5555555555556,29.5555555555556,29.5555555555556,29.5555555555556,29.5555555555556,29.5555555555556,29.5555555555556,29.5555555555556
100,"BGR","Bulgaria",48,48,48,48,48,48,48,48,48,48,48,48,48,48,48,48,48,48,48,48,48,48,48,48,48,48,48,48
854,"BFA","Burkina Faso",41.5555555555556,41.5555555555556,41.5555555555556,41.5555555555556,41.5555555555556,41.5555555555556,41.5555555555556,41.5555555555556,41.5555555555556,41.5555555555556,41.5555555555556,41.5555555555556,41.5555555555556,41.5555555555556,41.5555555555556,41.5555555555556,41.5555555555556,41.5555555555556,41.5555555555556,41.5555555555556,41.5555555555556,41.5555555555556,41.5555555555556,41.5555555555556,41.5555555555556,41.5555555555556,41.5555555555556,41.5555555555556
108,"BDI","Burundi",0,0,0,0,0,0,0,0,0,0,0,0,0,0,0,0,0,0,0,0,0,0,0,0,0,0,0,0
132,"CPV","Cabo Verde",-8888,-8888,-8888,-8888,-8888,-8888,-8888,-8888,-8888,-8888,-8888,-8888,-8888,-8888,-8888,-8888,-8888,-8888,-8888,-8888,-8888,-8888,-8888,-8888,-8888,-8888,-8888,-8888
116,"KHM","Cambodia",32.8888888888889,32.8888888888889,32.8888888888889,32.8888888888889,32.8888888888889,32.8888888888889,32.8888888888889,32.8888888888889,32.8888888888889,32.8888888888889,32.8888888888889,32.8888888888889,32.8888888888889,32.8888888888889,32.8888888888889,32.8888888888889,32.8888888888889,32.8888888888889,32.8888888888889,32.8888888888889,32.8888888888889,32.8888888888889,32.8888888888889,32.8888888888889,32.8888888888889,32.8888888888889,32.8888888888889,32.8888888888889
120,"CMR","Cameroon",48,48,48,48,48,48,48,48,48,48,48,48,48,48,48,48,48,48,48,48,48,48,48,48,48,48,48,48
124,"CAN","Canada",16.8888888888889,16.8888888888889,16.8888888888889,16.8888888888889,16.8888888888889,16.8888888888889,16.8888888888889,16.8888888888889,16.8888888888889,16.8888888888889,16.8888888888889,16.8888888888889,16.8888888888889,16.8888888888889,16.8888888888889,16.8888888888889,16.8888888888889,16.8888888888889,16.8888888888889,16.8888888888889,16.8888888888889,16.8888888888889,16.8888888888889,16.8888888888889,16.8888888888889,16.8888888888889,16.8888888888889,16.8888888888889
136,"CYM","Cayman Islands",-8888,-8888,-8888,-8888,-8888,-8888,-8888,-8888,-8888,-8888,-8888,-8888,-8888,-8888,-8888,-8888,-8888,-8888,-8888,-8888,-8888,-8888,-8888,-8888,-8888,-8888,-8888,-8888
140,"CAF","Central African Republic",10,10,10,10,10,10,10,10,10,10,10,10,10,10,10,10,10,10,10,10,10,10,10,10,10,10,10,10
148,"TCD","Chad",18,18,18,18,18,18,18,18,18,18,18,18,18,18,18,18,18,18,18,18,18,18,18,18,18,18,18,18
152,"CHL","Chile",54.6666666666667,54.6666666666667,54.6666666666667,54.6666666666667,54.6666666666667,54.6666666666667,54.6666666666667,54.6666666666667,54.6666666666667,54.6666666666667,54.6666666666667,54.6666666666667,54.6666666666667,54.6666666666667,54.6666666666667,54.6666666666667,54.6666666666667,54.6666666666667,54.6666666666667,54.6666666666667,54.6666666666667,54.6666666666667,54.6666666666667,54.6666666666667,54.6666666666667,54.6666666666667,54.6666666666667,54.6666666666667
156,"CHN","China",35.3333333333333,35.3333333333333,35.3333333333333,35.3333333333333,35.3333333333333,35.3333333333333,35.3333333333333,35.3333333333333,35.3333333333333,35.3333333333333,35.3333333333333,35.3333333333333,35.3333333333333,35.3333333333333,35.3333333333333,35.3333333333333,35.3333333333333,35.3333333333333,35.3333333333333,35.3333333333333,35.3333333333333,35.3333333333333,35.3333333333333,35.3333333333333,35.3333333333333,35.3333333333333,35.3333333333333,35.3333333333333
170,"COL","Colombia",40,40,40,40,40,40,40,40,40,40,40,40,40,40,40,40,40,40,40,40,40,40,40,40,40,40,40,40
174,"COM","Comoros",-8888,-8888,-8888,-8888,-8888,-8888,-8888,-8888,-8888,-8888,-8888,-8888,-8888,-8888,-8888,-8888,-8888,-8888,-8888,-8888,-8888,-8888,-8888,-8888,-8888,-8888,-8888,-8888
184,"COK","Cook Islands",-8888,-8888,-8888,-8888,-8888,-8888,-8888,-8888,-8888,-8888,-8888,-8888,-8888,-8888,-8888,-8888,-8888,-8888,-8888,-8888,-8888,-8888,-8888,-8888,-8888,-8888,-8888,-8888
188,"CRI","Costa Rica",24.2222222222222,24.2222222222222,24.2222222222222,24.2222222222222,24.2222222222222,24.2222222222222,24.2222222222222,24.2222222222222,24.2222222222222,24.2222222222222,24.2222222222222,24.2222222222222,24.2222222222222,24.2222222222222,24.2222222222222,24.2222222222222,24.2222222222222,24.2222222222222,24.2222222222222,24.2222222222222,24.2222222222222,24.2222222222222,24.2222222222222,24.2222222222222,24.2222222222222,24.2222222222222,24.2222222222222,24.2222222222222
384,"CIV","Cote d'Ivoire",7.33333333333333,7.33333333333333,7.33333333333333,7.33333333333333,7.33333333333333,7.33333333333333,7.33333333333333,7.33333333333333,7.33333333333333,7.33333333333333,7.33333333333333,7.33333333333333,7.33333333333333,7.33333333333333,7.33333333333333,7.33333333333333,7.33333333333333,7.33333333333333,7.33333333333333,7.33333333333333,7.33333333333333,7.33333333333333,7.33333333333333,7.33333333333333,7.33333333333333,7.33333333333333,7.33333333333333,7.33333333333333
191,"HRV","Croatia",72.4444444444444,72.4444444444444,72.4444444444444,72.4444444444444,72.4444444444444,72.4444444444444,72.4444444444444,72.4444444444444,72.4444444444444,72.4444444444444,72.4444444444444,72.4444444444444,72.4444444444444,72.4444444444444,72.4444444444444,72.4444444444444,72.4444444444444,72.4444444444444,72.4444444444444,72.4444444444444,72.4444444444444,72.4444444444444,72.4444444444444,72.4444444444444,72.4444444444444,72.4444444444444,72.4444444444444,72.4444444444444
192,"CUB","Cuba",24,24,24,24,24,24,24,24,24,24,24,24,24,24,24,24,24,24,24,24,24,24,24,24,24,24,24,24
531,"CUW","Curacao",-8888,-8888,-8888,-8888,-8888,-8888,-8888,-8888,-8888,-8888,-8888,-8888,-8888,-8888,-8888,-8888,-8888,-8888,-8888,-8888,-8888,-8888,-8888,-8888,-8888,-8888,-8888,-8888
196,"CYP","Cyprus",0,0,0,0,0,0,0,0,0,0,0,0,0,0,0,0,0,0,0,0,0,0,0,0,0,0,0,0
203,"CZE","Czech Republic",16,16,16,16,16,16,16,16,16,16,16,16,16,16,16,16,16,16,16,16,16,16,16,16,16,16,16,16
180,"COD","Dem. Rep. Congo",21.1111111111111,21.1111111111111,21.1111111111111,21.1111111111111,21.1111111111111,21.1111111111111,21.1111111111111,21.1111111111111,21.1111111111111,21.1111111111111,21.1111111111111,21.1111111111111,21.1111111111111,21.1111111111111,21.1111111111111,21.1111111111111,21.1111111111111,21.1111111111111,21.1111111111111,21.1111111111111,21.1111111111111,21.1111111111111,21.1111111111111,21.1111111111111,21.1111111111111,21.1111111111111,21.1111111111111,21.1111111111111
208,"DNK","Denmark",78.4444444444444,78.4444444444444,78.4444444444444,78.4444444444444,78.4444444444444,78.4444444444444,78.4444444444444,78.4444444444444,78.4444444444444,78.4444444444444,78.4444444444444,78.4444444444444,78.4444444444444,78.4444444444444,78.4444444444444,78.4444444444444,78.4444444444444,78.4444444444444,78.4444444444444,78.4444444444444,78.4444444444444,78.4444444444444,78.4444444444444,78.4444444444444,78.4444444444444,78.4444444444444,78.4444444444444,78.4444444444444
262,"DJI","Djibouti",82.2222222222222,82.2222222222222,82.2222222222222,82.2222222222222,82.2222222222222,82.2222222222222,82.2222222222222,82.2222222222222,82.2222222222222,82.2222222222222,82.2222222222222,82.2222222222222,82.2222222222222,82.2222222222222,82.2222222222222,82.2222222222222,82.2222222222222,82.2222222222222,82.2222222222222,82.2222222222222,82.2222222222222,82.2222222222222,82.2222222222222,82.2222222222222,82.2222222222222,82.2222222222222,82.2222222222222,82.2222222222222
212,"DMA","Dominica",-8888,-8888,-8888,-8888,-8888,-8888,-8888,-8888,-8888,-8888,-8888,-8888,-8888,-8888,-8888,-8888,-8888,-8888,-8888,-8888,-8888,-8888,-8888,-8888,-8888,-8888,-8888,-8888
214,"DOM","Dominican Republic",22.4444444444444,22.4444444444444,22.4444444444444,22.4444444444444,22.4444444444444,22.4444444444444,22.4444444444444,22.4444444444444,22.4444444444444,22.4444444444444,22.4444444444444,22.4444444444444,22.4444444444444,22.4444444444444,22.4444444444444,22.4444444444444,22.4444444444444,22.4444444444444,22.4444444444444,22.4444444444444,22.4444444444444,22.4444444444444,22.4444444444444,22.4444444444444,22.4444444444444,22.4444444444444,22.4444444444444,22.4444444444444
218,"ECU","Ecuador",17.1111111111111,17.1111111111111,17.1111111111111,17.1111111111111,17.1111111111111,17.1111111111111,17.1111111111111,17.1111111111111,17.1111111111111,17.1111111111111,17.1111111111111,17.1111111111111,17.1111111111111,17.1111111111111,17.1111111111111,17.1111111111111,17.1111111111111,17.1111111111111,17.1111111111111,17.1111111111111,17.1111111111111,17.1111111111111,17.1111111111111,17.1111111111111,17.1111111111111,17.1111111111111,17.1111111111111,17.1111111111111
818,"EGY","Egypt",24.2222222222222,24.2222222222222,24.2222222222222,24.2222222222222,24.2222222222222,24.2222222222222,24.2222222222222,24.2222222222222,24.2222222222222,24.2222222222222,24.2222222222222,24.2222222222222,24.2222222222222,24.2222222222222,24.2222222222222,24.2222222222222,24.2222222222222,24.2222222222222,24.2222222222222,24.2222222222222,24.2222222222222,24.2222222222222,24.2222222222222,24.2222222222222,24.2222222222222,24.2222222222222,24.2222222222222,24.2222222222222
222,"SLV","El Salvador",17.3333333333333,17.3333333333333,17.3333333333333,17.3333333333333,17.3333333333333,17.3333333333333,17.3333333333333,17.3333333333333,17.3333333333333,17.3333333333333,17.3333333333333,17.3333333333333,17.3333333333333,17.3333333333333,17.3333333333333,17.3333333333333,17.3333333333333,17.3333333333333,17.3333333333333,17.3333333333333,17.3333333333333,17.3333333333333,17.3333333333333,17.3333333333333,17.3333333333333,17.3333333333333,17.3333333333333,17.3333333333333
226,"GNQ","Equatorial Guinea",22.6666666666667,22.6666666666667,22.6666666666667,22.6666666666667,22.6666666666667,22.6666666666667,22.6666666666667,22.6666666666667,22.6666666666667,22.6666666666667,22.6666666666667,22.6666666666667,22.6666666666667,22.6666666666667,22.6666666666667,22.6666666666667,22.6666666666667,22.6666666666667,22.6666666666667,22.6666666666667,22.6666666666667,22.6666666666667,22.6666666666667,22.6666666666667,22.6666666666667,22.6666666666667,22.6666666666667,22.6666666666667
232,"ERI","Eritrea",7.55555555555556,7.55555555555556,7.55555555555556,7.55555555555556,7.55555555555556,7.55555555555556,7.55555555555556,7.55555555555556,7.55555555555556,7.55555555555556,7.55555555555556,7.55555555555556,7.55555555555556,7.55555555555556,7.55555555555556,7.55555555555556,7.55555555555556,7.55555555555556,7.55555555555556,7.55555555555556,7.55555555555556,7.55555555555556,7.55555555555556,7.55555555555556,7.55555555555556,7.55555555555556,7.55555555555556,7.55555555555556
233,"EST","Estonia",71.7777777777778,71.7777777777778,71.7777777777778,71.7777777777778,71.7777777777778,71.7777777777778,71.7777777777778,71.7777777777778,71.7777777777778,71.7777777777778,71.7777777777778,71.7777777777778,71.7777777777778,71.7777777777778,71.7777777777778,71.7777777777778,71.7777777777778,71.7777777777778,71.7777777777778,71.7777777777778,71.7777777777778,71.7777777777778,71.7777777777778,71.7777777777778,71.7777777777778,71.7777777777778,71.7777777777778,71.7777777777778
748,"SWZ","Eswatini",45.3333333333333,45.3333333333333,45.3333333333333,45.3333333333333,45.3333333333333,45.3333333333333,45.3333333333333,45.3333333333333,45.3333333333333,45.3333333333333,45.3333333333333,45.3333333333333,45.3333333333333,45.3333333333333,45.3333333333333,45.3333333333333,45.3333333333333,45.3333333333333,45.3333333333333,45.3333333333333,45.3333333333333,45.3333333333333,45.3333333333333,45.3333333333333,45.3333333333333,45.3333333333333,45.3333333333333,45.3333333333333
231,"ETH","Ethiopia",60.4444444444444,60.4444444444444,60.4444444444444,60.4444444444444,60.4444444444444,60.4444444444444,60.4444444444444,60.4444444444444,60.4444444444444,60.4444444444444,60.4444444444444,60.4444444444444,60.4444444444444,60.4444444444444,60.4444444444444,60.4444444444444,60.4444444444444,60.4444444444444,60.4444444444444,60.4444444444444,60.4444444444444,60.4444444444444,60.4444444444444,60.4444444444444,60.4444444444444,60.4444444444444,60.4444444444444,60.4444444444444
234,"FRO","Faeroe Islands",-8888,-8888,-8888,-8888,-8888,-8888,-8888,-8888,-8888,-8888,-8888,-8888,-8888,-8888,-8888,-8888,-8888,-8888,-8888,-8888,-8888,-8888,-8888,-8888,-8888,-8888,-8888,-8888
238,"FLK","Falkland Islands",-8888,-8888,-8888,-8888,-8888,-8888,-8888,-8888,-8888,-8888,-8888,-8888,-8888,-8888,-8888,-8888,-8888,-8888,-8888,-8888,-8888,-8888,-8888,-8888,-8888,-8888,-8888,-8888
242,"FJI","Fiji",-8888,-8888,-8888,-8888,-8888,-8888,-8888,-8888,-8888,-8888,-8888,-8888,-8888,-8888,-8888,-8888,-8888,-8888,-8888,-8888,-8888,-8888,-8888,-8888,-8888,-8888,-8888,-8888
246,"FIN","Finland",73.1111111111111,73.1111111111111,73.1111111111111,73.1111111111111,73.1111111111111,73.1111111111111,73.1111111111111,73.1111111111111,73.1111111111111,73.1111111111111,73.1111111111111,73.1111111111111,73.1111111111111,73.1111111111111,73.1111111111111,73.1111111111111,73.1111111111111,73.1111111111111,73.1111111111111,73.1111111111111,73.1111111111111,73.1111111111111,73.1111111111111,73.1111111111111,73.1111111111111,73.1111111111111,73.1111111111111,73.1111111111111
250,"FRA","France",33.7777777777778,33.7777777777778,33.7777777777778,33.7777777777778,33.7777777777778,33.7777777777778,33.7777777777778,33.7777777777778,33.7777777777778,33.7777777777778,33.7777777777778,33.7777777777778,33.7777777777778,33.7777777777778,33.7777777777778,33.7777777777778,33.7777777777778,33.7777777777778,33.7777777777778,33.7777777777778,33.7777777777778,33.7777777777778,33.7777777777778,33.7777777777778,33.7777777777778,33.7777777777778,33.7777777777778,33.7777777777778
258,"PYF","French Polynesia",-8888,-8888,-8888,-8888,-8888,-8888,-8888,-8888,-8888,-8888,-8888,-8888,-8888,-8888,-8888,-8888,-8888,-8888,-8888,-8888,-8888,-8888,-8888,-8888,-8888,-8888,-8888,-8888
266,"GAB","Gabon",31.7777777777778,31.7777777777778,31.7777777777778,31.7777777777778,31.7777777777778,31.7777777777778,31.7777777777778,31.7777777777778,31.7777777777778,31.7777777777778,31.7777777777778,31.7777777777778,31.7777777777778,31.7777777777778,31.7777777777778,31.7777777777778,31.7777777777778,31.7777777777778,31.7777777777778,31.7777777777778,31.7777777777778,31.7777777777778,31.7777777777778,31.7777777777778,31.7777777777778,31.7777777777778,31.7777777777778,31.7777777777778
270,"GMB","Gambia",36.6666666666667,36.6666666666667,36.6666666666667,36.6666666666667,36.6666666666667,36.6666666666667,36.6666666666667,36.6666666666667,36.6666666666667,36.6666666666667,36.6666666666667,36.6666666666667,36.6666666666667,36.6666666666667,36.6666666666667,36.6666666666667,36.6666666666667,36.6666666666667,36.6666666666667,36.6666666666667,36.6666666666667,36.6666666666667,36.6666666666667,36.6666666666667,36.6666666666667,36.6666666666667,36.6666666666667,36.6666666666667
268,"GEO","Georgia",27.1111111111111,27.1111111111111,27.1111111111111,27.1111111111111,27.1111111111111,27.1111111111111,27.1111111111111,27.1111111111111,27.1111111111111,27.1111111111111,27.1111111111111,27.1111111111111,27.1111111111111,27.1111111111111,27.1111111111111,27.1111111111111,27.1111111111111,27.1111111111111,27.1111111111111,27.1111111111111,27.1111111111111,27.1111111111111,27.1111111111111,27.1111111111111,27.1111111111111,27.1111111111111,27.1111111111111,27.1111111111111
276,"DEU","Germany",60,60,60,60,60,60,60,60,60,60,60,60,60,60,60,60,60,60,60,60,60,60,60,60,60,60,60,60
288,"GHA","Ghana",3.1111111111111,3.1111111111111,3.1111111111111,3.1111111111111,3.1111111111111,3.1111111111111,3.1111111111111,3.1111111111111,3.1111111111111,3.1111111111111,3.1111111111111,3.1111111111111,3.1111111111111,3.1111111111111,3.1111111111111,3.1111111111111,3.1111111111111,3.1111111111111,3.1111111111111,3.1111111111111,3.1111111111111,3.1111111111111,3.1111111111111,3.1111111111111,3.1111111111111,3.1111111111111,3.1111111111111,3.1111111111111
300,"GRC","Greece",25.1111111111111,25.1111111111111,25.1111111111111,25.1111111111111,25.1111111111111,25.1111111111111,25.1111111111111,25.1111111111111,25.1111111111111,25.1111111111111,25.1111111111111,25.1111111111111,25.1111111111111,25.1111111111111,25.1111111111111,25.1111111111111,25.1111111111111,25.1111111111111,25.1111111111111,25.1111111111111,25.1111111111111,25.1111111111111,25.1111111111111,25.1111111111111,25.1111111111111,25.1111111111111,25.1111111111111,25.1111111111111
304,"GRL","Greenland",-8888,-8888,-8888,-8888,-8888,-8888,-8888,-8888,-8888,-8888,-8888,-8888,-8888,-8888,-8888,-8888,-8888,-8888,-8888,-8888,-8888,-8888,-8888,-8888,-8888,-8888,-8888,-8888
308,"GRD","Grenada",-8888,-8888,-8888,-8888,-8888,-8888,-8888,-8888,-8888,-8888,-8888,-8888,-8888,-8888,-8888,-8888,-8888,-8888,-8888,-8888,-8888,-8888,-8888,-8888,-8888,-8888,-8888,-8888
320,"GTM","Guatemala",18.6666666666667,18.6666666666667,18.6666666666667,18.6666666666667,18.6666666666667,18.6666666666667,18.6666666666667,18.6666666666667,18.6666666666667,18.6666666666667,18.6666666666667,18.6666666666667,18.6666666666667,18.6666666666667,18.6666666666667,18.6666666666667,18.6666666666667,18.6666666666667,18.6666666666667,18.6666666666667,18.6666666666667,18.6666666666667,18.6666666666667,18.6666666666667,18.6666666666667,18.6666666666667,18.6666666666667,18.6666666666667
831,"GGY","Guernsey",-8888,-8888,-8888,-8888,-8888,-8888,-8888,-8888,-8888,-8888,-8888,-8888,-8888,-8888,-8888,-8888,-8888,-8888,-8888,-8888,-8888,-8888,-8888,-8888,-8888,-8888,-8888,-8888
324,"GIN","Guinea",27.3333333333333,27.3333333333333,27.3333333333333,27.3333333333333,27.3333333333333,27.3333333333333,27.3333333333333,27.3333333333333,27.3333333333333,27.3333333333333,27.3333333333333,27.3333333333333,27.3333333333333,27.3333333333333,27.3333333333333,27.3333333333333,27.3333333333333,27.3333333333333,27.3333333333333,27.3333333333333,27.3333333333333,27.3333333333333,27.3333333333333,27.3333333333333,27.3333333333333,27.3333333333333,27.3333333333333,27.3333333333333
624,"GNB","Guinea-Bissau",40.6666666666667,40.6666666666667,40.6666666666667,40.6666666666667,40.6666666666667,40.6666666666667,40.6666666666667,40.6666666666667,40.6666666666667,40.6666666666667,40.6666666666667,40.6666666666667,40.6666666666667,40.6666666666667,40.6666666666667,40.6666666666667,40.6666666666667,40.6666666666667,40.6666666666667,40.6666666666667,40.6666666666667,40.6666666666667,40.6666666666667,40.6666666666667,40.6666666666667,40.6666666666667,40.6666666666667,40.6666666666667
328,"GUY","Guyana",64.8888888888889,64.8888888888889,64.8888888888889,64.8888888888889,64.8888888888889,64.8888888888889,64.8888888888889,64.8888888888889,64.8888888888889,64.8888888888889,64.8888888888889,64.8888888888889,64.8888888888889,64.8888888888889,64.8888888888889,64.8888888888889,64.8888888888889,64.8888888888889,64.8888888888889,64.8888888888889,64.8888888888889,64.8888888888889,64.8888888888889,64.8888888888889,64.8888888888889,64.8888888888889,64.8888888888889,64.8888888888889
332,"HTI","Haiti",0,0,0,0,0,0,0,0,0,0,0,0,0,0,0,0,0,0,0,0,0,0,0,0,0,0,0,0
336,"VAT","Holy See",-8888,-8888,-8888,-8888,-8888,-8888,-8888,-8888,-8888,-8888,-8888,-8888,-8888,-8888,-8888,-8888,-8888,-8888,-8888,-8888,-8888,-8888,-8888,-8888,-8888,-8888,-8888,-8888
340,"HND","Honduras",20.8888888888889,20.8888888888889,20.8888888888889,20.8888888888889,20.8888888888889,20.8888888888889,20.8888888888889,20.8888888888889,20.8888888888889,20.8888888888889,20.8888888888889,20.8888888888889,20.8888888888889,20.8888888888889,20.8888888888889,20.8888888888889,20.8888888888889,20.8888888888889,20.8888888888889,20.8888888888889,20.8888888888889,20.8888888888889,20.8888888888889,20.8888888888889,20.8888888888889,20.8888888888889,20.8888888888889,20.8888888888889
344,"HKG","Hong Kong",-8888,-8888,-8888,-8888,-8888,-8888,-8888,-8888,-8888,-8888,-8888,-8888,-8888,-8888,-8888,-8888,-8888,-8888,-8888,-8888,-8888,-8888,-8888,-8888,-8888,-8888,-8888,-8888
348,"HUN","Hungary",32.8888888888889,32.8888888888889,32.8888888888889,32.8888888888889,32.8888888888889,32.8888888888889,32.8888888888889,32.8888888888889,32.8888888888889,32.8888888888889,32.8888888888889,32.8888888888889,32.8888888888889,32.8888888888889,32.8888888888889,32.8888888888889,32.8888888888889,32.8888888888889,32.8888888888889,32.8888888888889,32.8888888888889,32.8888888888889,32.8888888888889,32.8888888888889,32.8888888888889,32.8888888888889,32.8888888888889,32.8888888888889
352,"ISL","Iceland",-8888,-8888,-8888,-8888,-8888,-8888,-8888,-8888,-8888,-8888,-8888,-8888,-8888,-8888,-8888,-8888,-8888,-8888,-8888,-8888,-8888,-8888,-8888,-8888,-8888,-8888,-8888,-8888
356,"IND","India",45.3333333333333,45.3333333333333,45.3333333333333,45.3333333333333,45.3333333333333,45.3333333333333,45.3333333333333,45.3333333333333,45.3333333333333,45.3333333333333,45.3333333333333,45.3333333333333,45.3333333333333,45.3333333333333,45.3333333333333,45.3333333333333,45.3333333333333,45.3333333333333,45.3333333333333,45.3333333333333,45.3333333333333,45.3333333333333,45.3333333333333,45.3333333333333,45.3333333333333,45.3333333333333,45.3333333333333,45.3333333333333
360,"IDN","Indonesia",21.5555555555556,21.5555555555556,21.5555555555556,21.5555555555556,21.5555555555556,21.5555555555556,21.5555555555556,21.5555555555556,21.5555555555556,21.5555555555556,21.5555555555556,21.5555555555556,21.5555555555556,21.5555555555556,21.5555555555556,21.5555555555556,21.5555555555556,21.5555555555556,21.5555555555556,21.5555555555556,21.5555555555556,21.5555555555556,21.5555555555556,21.5555555555556,21.5555555555556,21.5555555555556,21.5555555555556,21.5555555555556
364,"IRN","Iran",61.5555555555556,61.5555555555556,61.5555555555556,61.5555555555556,61.5555555555556,61.5555555555556,61.5555555555556,61.5555555555556,61.5555555555556,61.5555555555556,61.5555555555556,61.5555555555556,61.5555555555556,61.5555555555556,61.5555555555556,61.5555555555556,61.5555555555556,61.5555555555556,61.5555555555556,61.5555555555556,61.5555555555556,61.5555555555556,61.5555555555556,61.5555555555556,61.5555555555556,61.5555555555556,61.5555555555556,61.5555555555556
368,"IRQ","Iraq",65.3333333333333,65.3333333333333,65.3333333333333,65.3333333333333,65.3333333333333,65.3333333333333,65.3333333333333,65.3333333333333,65.3333333333333,65.3333333333333,65.3333333333333,65.3333333333333,65.3333333333333,65.3333333333333,65.3333333333333,65.3333333333333,65.3333333333333,65.3333333333333,65.3333333333333,65.3333333333333,65.3333333333333,65.3333333333333,65.3333333333333,65.3333333333333,65.3333333333333,65.3333333333333,65.3333333333333,65.3333333333333
372,"IRL","Ireland",50,50,50,50,50,50,50,50,50,50,50,50,50,50,50,50,50,50,50,50,50,50,50,50,50,50,50,50
833,"IMN","Isle of Man",-8888,-8888,-8888,-8888,-8888,-8888,-8888,-8888,-8888,-8888,-8888,-8888,-8888,-8888,-8888,-8888,-8888,-8888,-8888,-8888,-8888,-8888,-8888,-8888,-8888,-8888,-8888,-8888
376,"ISR","Israel",22.6666666666667,22.6666666666667,22.6666666666667,22.6666666666667,22.6666666666667,22.6666666666667,22.6666666666667,22.6666666666667,22.6666666666667,22.6666666666667,22.6666666666667,22.6666666666667,22.6666666666667,22.6666666666667,22.6666666666667,22.6666666666667,22.6666666666667,22.6666666666667,22.6666666666667,22.6666666666667,22.6666666666667,22.6666666666667,22.6666666666667,22.6666666666667,22.6666666666667,22.6666666666667,22.6666666666667,22.6666666666667
380,"ITA","Italy",20.6666666666667,20.6666666666667,20.6666666666667,20.6666666666667,20.6666666666667,20.6666666666667,20.6666666666667,20.6666666666667,20.6666666666667,20.6666666666667,20.6666666666667,20.6666666666667,20.6666666666667,20.6666666666667,20.6666666666667,20.6666666666667,20.6666666666667,20.6666666666667,20.6666666666667,20.6666666666667,20.6666666666667,20.6666666666667,20.6666666666667,20.6666666666667,20.6666666666667,20.6666666666667,20.6666666666667,20.6666666666667
388,"JAM","Jamaica",28.2222222222222,28.2222222222222,28.2222222222222,28.2222222222222,28.2222222222222,28.2222222222222,28.2222222222222,28.2222222222222,28.2222222222222,28.2222222222222,28.2222222222222,28.2222222222222,28.2222222222222,28.2222222222222,28.2222222222222,28.2222222222222,28.2222222222222,28.2222222222222,28.2222222222222,28.2222222222222,28.2222222222222,28.2222222222222,28.2222222222222,28.2222222222222,28.2222222222222,28.2222222222222,28.2222222222222,28.2222222222222
392,"JPN","Japan",10.8888888888889,10.8888888888889,10.8888888888889,10.8888888888889,10.8888888888889,10.8888888888889,10.8888888888889,10.8888888888889,10.8888888888889,10.8888888888889,10.8888888888889,10.8888888888889,10.8888888888889,10.8888888888889,10.8888888888889,10.8888888888889,10.8888888888889,10.8888888888889,10.8888888888889,10.8888888888889,10.8888888888889,10.8888888888889,10.8888888888889,10.8888888888889,10.8888888888889,10.8888888888889,10.8888888888889,10.8888888888889
832,"JEY","Jersey",-8888,-8888,-8888,-8888,-8888,-8888,-8888,-8888,-8888,-8888,-8888,-8888,-8888,-8888,-8888,-8888,-8888,-8888,-8888,-8888,-8888,-8888,-8888,-8888,-8888,-8888,-8888,-8888
400,"JOR","Jordan",72.8888888888889,72.8888888888889,72.8888888888889,72.8888888888889,72.8888888888889,72.8888888888889,72.8888888888889,72.8888888888889,72.8888888888889,72.8888888888889,72.8888888888889,72.8888888888889,72.8888888888889,72.8888888888889,72.8888888888889,72.8888888888889,72.8888888888889,72.8888888888889,72.8888888888889,72.8888888888889,72.8888888888889,72.8888888888889,72.8888888888889,72.8888888888889,72.8888888888889,72.8888888888889,72.8888888888889,72.8888888888889
398,"KAZ","Kazakhstan",75.3333333333333,75.3333333333333,75.3333333333333,75.3333333333333,75.3333333333333,75.3333333333333,75.3333333333333,75.3333333333333,75.3333333333333,75.3333333333333,75.3333333333333,75.3333333333333,75.3333333333333,75.3333333333333,75.3333333333333,75.3333333333333,75.3333333333333,75.3333333333333,75.3333333333333,75.3333333333333,75.3333333333333,75.3333333333333,75.3333333333333,75.3333333333333,75.3333333333333,75.3333333333333,75.3333333333333,75.3333333333333
404,"KEN","Kenya",18.2222222222222,18.2222222222222,18.2222222222222,18.2222222222222,18.2222222222222,18.2222222222222,18.2222222222222,18.2222222222222,18.2222222222222,18.2222222222222,18.2222222222222,18.2222222222222,18.2222222222222,18.2222222222222,18.2222222222222,18.2222222222222,18.2222222222222,18.2222222222222,18.2222222222222,18.2222222222222,18.2222222222222,18.2222222222222,18.2222222222222,18.2222222222222,18.2222222222222,18.2222222222222,18.2222222222222,18.2222222222222
296,"KIR","Kiribati",-8888,-8888,-8888,-8888,-8888,-8888,-8888,-8888,-8888,-8888,-8888,-8888,-8888,-8888,-8888,-8888,-8888,-8888,-8888,-8888,-8888,-8888,-8888,-8888,-8888,-8888,-8888,-8888
689,"XKX","Kosovo",-8888,-8888,-8888,-8888,-8888,-8888,-8888,-8888,-8888,-8888,-8888,-8888,-8888,-8888,-8888,-8888,-8888,-8888,-8888,-8888,-8888,-8888,-8888,-8888,-8888,-8888,-8888,-8888
414,"KWT","Kuwait",34,34,34,34,34,34,34,34,34,34,34,34,34,34,34,34,34,34,34,34,34,34,34,34,34,34,34,34
417,"KGZ","Kyrgyzstan",45.5555555555556,45.5555555555556,45.5555555555556,45.5555555555556,45.5555555555556,45.5555555555556,45.5555555555556,45.5555555555556,45.5555555555556,45.5555555555556,45.5555555555556,45.5555555555556,45.5555555555556,45.5555555555556,45.5555555555556,45.5555555555556,45.5555555555556,45.5555555555556,45.5555555555556,45.5555555555556,45.5555555555556,45.5555555555556,45.5555555555556,45.5555555555556,45.5555555555556,45.5555555555556,45.5555555555556,45.5555555555556
418,"LAO","Laos",29.1111111111111,29.1111111111111,29.1111111111111,29.1111111111111,29.1111111111111,29.1111111111111,29.1111111111111,29.1111111111111,29.1111111111111,29.1111111111111,29.1111111111111,29.1111111111111,29.1111111111111,29.1111111111111,29.1111111111111,29.1111111111111,29.1111111111111,29.1111111111111,29.1111111111111,29.1111111111111,29.1111111111111,29.1111111111111,29.1111111111111,29.1111111111111,29.1111111111111,29.1111111111111,29.1111111111111,29.1111111111111
428,"LVA","Latvia",66,66,66,66,66,66,66,66,66,66,66,66,66,66,66,66,66,66,66,66,66,66,66,66,66,66,66,66
422,"LBN","Lebanon",0.888888888888886,0.888888888888886,0.888888888888886,0.888888888888886,0.888888888888886,0.888888888888886,0.888888888888886,0.888888888888886,0.888888888888886,0.888888888888886,0.888888888888886,0.888888888888886,0.888888888888886,0.888888888888886,0.888888888888886,0.888888888888886,0.888888888888886,0.888888888888886,0.888888888888886,0.888888888888886,0.888888888888886,0.888888888888886,0.888888888888886,0.888888888888886,0.888888888888886,0.888888888888886,0.888888888888886,0.888888888888886
426,"LSO","Lesotho",63.5555555555556,63.5555555555556,63.5555555555556,63.5555555555556,63.5555555555556,63.5555555555556,63.5555555555556,63.5555555555556,63.5555555555556,63.5555555555556,63.5555555555556,63.5555555555556,63.5555555555556,63.5555555555556,63.5555555555556,63.5555555555556,63.5555555555556,63.5555555555556,63.5555555555556,63.5555555555556,63.5555555555556,63.5555555555556,63.5555555555556,63.5555555555556,63.5555555555556,63.5555555555556,63.5555555555556,63.5555555555556
430,"LBR","Liberia",18.6666666666667,18.6666666666667,18.6666666666667,18.6666666666667,18.6666666666667,18.6666666666667,18.6666666666667,18.6666666666667,18.6666666666667,18.6666666666667,18.6666666666667,18.6666666666667,18.6666666666667,18.6666666666667,18.6666666666667,18.6666666666667,18.6666666666667,18.6666666666667,18.6666666666667,18.6666666666667,18.6666666666667,18.6666666666667,18.6666666666667,18.6666666666667,18.6666666666667,18.6666666666667,18.6666666666667,18.6666666666667
434,"LBY","Libya",62,62,62,62,62,62,62,62,62,62,62,62,62,62,62,62,62,62,62,62,62,62,62,62,62,62,62,62
438,"LIE","Liechtenstein",17.1111111111111,17.1111111111111,17.1111111111111,17.1111111111111,17.1111111111111,17.1111111111111,17.1111111111111,17.1111111111111,17.1111111111111,17.1111111111111,17.1111111111111,17.1111111111111,17.1111111111111,17.1111111111111,17.1111111111111,17.1111111111111,17.1111111111111,17.1111111111111,17.1111111111111,17.1111111111111,17.1111111111111,17.1111111111111,17.1111111111111,17.1111111111111,17.1111111111111,17.1111111111111,17.1111111111111,17.1111111111111
440,"LTU","Lithuania",67.1111111111111,67.1111111111111,67.1111111111111,67.1111111111111,67.1111111111111,67.1111111111111,67.1111111111111,67.1111111111111,67.1111111111111,67.1111111111111,67.1111111111111,67.1111111111111,67.1111111111111,67.1111111111111,67.1111111111111,67.1111111111111,67.1111111111111,67.1111111111111,67.1111111111111,67.1111111111111,67.1111111111111,67.1111111111111,67.1111111111111,67.1111111111111,67.1111111111111,67.1111111111111,67.1111111111111,67.1111111111111
442,"LUX","Luxembourg",69.5555555555556,69.5555555555556,69.5555555555556,69.5555555555556,69.5555555555556,69.5555555555556,69.5555555555556,69.5555555555556,69.5555555555556,69.5555555555556,69.5555555555556,69.5555555555556,69.5555555555556,69.5555555555556,69.5555555555556,69.5555555555556,69.5555555555556,69.5555555555556,69.5555555555556,69.5555555555556,69.5555555555556,69.5555555555556,69.5555555555556,69.5555555555556,69.5555555555556,69.5555555555556,69.5555555555556,69.5555555555556
446,"MAC","Macao",-8888,-8888,-8888,-8888,-8888,-8888,-8888,-8888,-8888,-8888,-8888,-8888,-8888,-8888,-8888,-8888,-8888,-8888,-8888,-8888,-8888,-8888,-8888,-8888,-8888,-8888,-8888,-8888
450,"MDG","Madagascar",21.3333333333333,21.3333333333333,21.3333333333333,21.3333333333333,21.3333333333333,21.3333333333333,21.3333333333333,21.3333333333333,21.3333333333333,21.3333333333333,21.3333333333333,21.3333333333333,21.3333333333333,21.3333333333333,21.3333333333333,21.3333333333333,21.3333333333333,21.3333333333333,21.3333333333333,21.3333333333333,21.3333333333333,21.3333333333333,21.3333333333333,21.3333333333333,21.3333333333333,21.3333333333333,21.3333333333333,21.3333333333333
454,"MWI","Malawi",34.4444444444444,34.4444444444444,34.4444444444444,34.4444444444444,34.4444444444444,34.4444444444444,34.4444444444444,34.4444444444444,34.4444444444444,34.4444444444444,34.4444444444444,34.4444444444444,34.4444444444444,34.4444444444444,34.4444444444444,34.4444444444444,34.4444444444444,34.4444444444444,34.4444444444444,34.4444444444444,34.4444444444444,34.4444444444444,34.4444444444444,34.4444444444444,34.4444444444444,34.4444444444444,34.4444444444444,34.4444444444444
458,"MYS","Malaysia",17.5555555555556,17.5555555555556,17.5555555555556,17.5555555555556,17.5555555555556,17.5555555555556,17.5555555555556,17.5555555555556,17.5555555555556,17.5555555555556,17.5555555555556,17.5555555555556,17.5555555555556,17.5555555555556,17.5555555555556,17.5555555555556,17.5555555555556,17.5555555555556,17.5555555555556,17.5555555555556,17.5555555555556,17.5555555555556,17.5555555555556,17.5555555555556,17.5555555555556,17.5555555555556,17.5555555555556,17.5555555555556
462,"MDV","Maldives",-8888,-8888,-8888,-8888,-8888,-8888,-8888,-8888,-8888,-8888,-8888,-8888,-8888,-8888,-8888,-8888,-8888,-8888,-8888,-8888,-8888,-8888,-8888,-8888,-8888,-8888,-8888,-8888
466,"MLI","Mali",18,18,18,18,18,18,18,18,18,18,18,18,18,18,18,18,18,18,18,18,18,18,18,18,18,18,18,18
470,"MLT","Malta",-8888,-8888,-8888,-8888,-8888,-8888,-8888,-8888,-8888,-8888,-8888,-8888,-8888,-8888,-8888,-8888,-8888,-8888,-8888,-8888,-8888,-8888,-8888,-8888,-8888,-8888,-8888,-8888
584,"MHL","Marshall Islands",-8888,-8888,-8888,-8888,-8888,-8888,-8888,-8888,-8888,-8888,-8888,-8888,-8888,-8888,-8888,-8888,-8888,-8888,-8888,-8888,-8888,-8888,-8888,-8888,-8888,-8888,-8888,-8888
478,"MRT","Mauritania",14.6666666666667,14.6666666666667,14.6666666666667,14.6666666666667,14.6666666666667,14.6666666666667,14.6666666666667,14.6666666666667,14.6666666666667,14.6666666666667,14.6666666666667,14.6666666666667,14.6666666666667,14.6666666666667,14.6666666666667,14.6666666666667,14.6666666666667,14.6666666666667,14.6666666666667,14.6666666666667,14.6666666666667,14.6666666666667,14.6666666666667,14.6666666666667,14.6666666666667,14.6666666666667,14.6666666666667,14.6666666666667
480,"MUS","Mauritius",-8888,-8888,-8888,-8888,-8888,-8888,-8888,-8888,-8888,-8888,-8888,-8888,-8888,-8888,-8888,-8888,-8888,-8888,-8888,-8888,-8888,-8888,-8888,-8888,-8888,-8888,-8888,-8888
484,"MEX","Mexico",62.4444444444444,62.4444444444444,62.4444444444444,62.4444444444444,62.4444444444444,62.4444444444444,62.4444444444444,62.4444444444444,62.4444444444444,62.4444444444444,62.4444444444444,62.4444444444444,62.4444444444444,62.4444444444444,62.4444444444444,62.4444444444444,62.4444444444444,62.4444444444444,62.4444444444444,62.4444444444444,62.4444444444444,62.4444444444444,62.4444444444444,62.4444444444444,62.4444444444444,62.4444444444444,62.4444444444444,62.4444444444444
583,"FSM","Micronesia",-8888,-8888,-8888,-8888,-8888,-8888,-8888,-8888,-8888,-8888,-8888,-8888,-8888,-8888,-8888,-8888,-8888,-8888,-8888,-8888,-8888,-8888,-8888,-8888,-8888,-8888,-8888,-8888
498,"MDA","Moldova",21.1111111111111,21.1111111111111,21.1111111111111,21.1111111111111,21.1111111111111,21.1111111111111,21.1111111111111,21.1111111111111,21.1111111111111,21.1111111111111,21.1111111111111,21.1111111111111,21.1111111111111,21.1111111111111,21.1111111111111,21.1111111111111,21.1111111111111,21.1111111111111,21.1111111111111,21.1111111111111,21.1111111111111,21.1111111111111,21.1111111111111,21.1111111111111,21.1111111111111,21.1111111111111,21.1111111111111,21.1111111111111
492,"MCO","Monaco",-8888,-8888,-8888,-8888,-8888,-8888,-8888,-8888,-8888,-8888,-8888,-8888,-8888,-8888,-8888,-8888,-8888,-8888,-8888,-8888,-8888,-8888,-8888,-8888,-8888,-8888,-8888,-8888
496,"MNG","Mongolia",30,30,30,30,30,30,30,30,30,30,30,30,30,30,30,30,30,30,30,30,30,30,30,30,30,30,30,30
499,"MNE","Montenegro",50.2222222222222,50.2222222222222,50.2222222222222,50.2222222222222,50.2222222222222,50.2222222222222,50.2222222222222,50.2222222222222,50.2222222222222,50.2222222222222,50.2222222222222,50.2222222222222,50.2222222222222,50.2222222222222,50.2222222222222,50.2222222222222,50.2222222222222,50.2222222222222,50.2222222222222,50.2222222222222,50.2222222222222,50.2222222222222,50.2222222222222,50.2222222222222,50.2222222222222,50.2222222222222,50.2222222222222,50.2222222222222
504,"MAR","Morocco",59.1111111111111,59.1111111111111,59.1111111111111,59.1111111111111,59.1111111111111,59.1111111111111,59.1111111111111,59.1111111111111,59.1111111111111,59.1111111111111,59.1111111111111,59.1111111111111,59.1111111111111,59.1111111111111,59.1111111111111,59.1111111111111,59.1111111111111,59.1111111111111,59.1111111111111,59.1111111111111,59.1111111111111,59.1111111111111,59.1111111111111,59.1111111111111,59.1111111111111,59.1111111111111,59.1111111111111,59.1111111111111
508,"MOZ","Mozambique",26.4444444444444,26.4444444444444,26.4444444444444,26.4444444444444,26.4444444444444,26.4444444444444,26.4444444444444,26.4444444444444,26.4444444444444,26.4444444444444,26.4444444444444,26.4444444444444,26.4444444444444,26.4444444444444,26.4444444444444,26.4444444444444,26.4444444444444,26.4444444444444,26.4444444444444,26.4444444444444,26.4444444444444,26.4444444444444,26.4444444444444,26.4444444444444,26.4444444444444,26.4444444444444,26.4444444444444,26.4444444444444
104,"MMR","Myanmar",32.2222222222222,32.2222222222222,32.2222222222222,32.2222222222222,32.2222222222222,32.2222222222222,32.2222222222222,32.2222222222222,32.2222222222222,32.2222222222222,32.2222222222222,32.2222222222222,32.2222222222222,32.2222222222222,32.2222222222222,32.2222222222222,32.2222222222222,32.2222222222222,32.2222222222222,32.2222222222222,32.2222222222222,32.2222222222222,32.2222222222222,32.2222222222222,32.2222222222222,32.2222222222222,32.2222222222222,32.2222222222222
516,"NAM","Namibia",18,18,18,18,18,18,18,18,18,18,18,18,18,18,18,18,18,18,18,18,18,18,18,18,18,18,18,18
520,"NRU","Nauru",-8888,-8888,-8888,-8888,-8888,-8888,-8888,-8888,-8888,-8888,-8888,-8888,-8888,-8888,-8888,-8888,-8888,-8888,-8888,-8888,-8888,-8888,-8888,-8888,-8888,-8888,-8888,-8888
524,"NPL","Nepal",8.44444444444444,8.44444444444444,8.44444444444444,8.44444444444444,8.44444444444444,8.44444444444444,8.44444444444444,8.44444444444444,8.44444444444444,8.44444444444444,8.44444444444444,8.44444444444444,8.44444444444444,8.44444444444444,8.44444444444444,8.44444444444444,8.44444444444444,8.44444444444444,8.44444444444444,8.44444444444444,8.44444444444444,8.44444444444444,8.44444444444444,8.44444444444444,8.44444444444444,8.44444444444444,8.44444444444444,8.44444444444444
528,"NLD","Netherlands",18.6666666666667,18.6666666666667,18.6666666666667,18.6666666666667,18.6666666666667,18.6666666666667,18.6666666666667,18.6666666666667,18.6666666666667,18.6666666666667,18.6666666666667,18.6666666666667,18.6666666666667,18.6666666666667,18.6666666666667,18.6666666666667,18.6666666666667,18.6666666666667,18.6666666666667,18.6666666666667,18.6666666666667,18.6666666666667,18.6666666666667,18.6666666666667,18.6666666666667,18.6666666666667,18.6666666666667,18.6666666666667
540,"NCL","New Caledonia",-8888,-8888,-8888,-8888,-8888,-8888,-8888,-8888,-8888,-8888,-8888,-8888,-8888,-8888,-8888,-8888,-8888,-8888,-8888,-8888,-8888,-8888,-8888,-8888,-8888,-8888,-8888,-8888
554,"NZL","New Zealand",72.2222222222222,72.2222222222222,72.2222222222222,72.2222222222222,72.2222222222222,72.2222222222222,72.2222222222222,72.2222222222222,72.2222222222222,72.2222222222222,72.2222222222222,72.2222222222222,72.2222222222222,72.2222222222222,72.2222222222222,72.2222222222222,72.2222222222222,72.2222222222222,72.2222222222222,72.2222222222222,72.2222222222222,72.2222222222222,72.2222222222222,72.2222222222222,72.2222222222222,72.2222222222222,72.2222222222222,72.2222222222222
558,"NIC","Nicaragua",39.7777777777778,39.7777777777778,39.7777777777778,39.7777777777778,39.7777777777778,39.7777777777778,39.7777777777778,39.7777777777778,39.7777777777778,39.7777777777778,39.7777777777778,39.7777777777778,39.7777777777778,39.7777777777778,39.7777777777778,39.7777777777778,39.7777777777778,39.7777777777778,39.7777777777778,39.7777777777778,39.7777777777778,39.7777777777778,39.7777777777778,39.7777777777778,39.7777777777778,39.7777777777778,39.7777777777778,39.7777777777778
562,"NER","Niger",9.55555555555556,9.55555555555556,9.55555555555556,9.55555555555556,9.55555555555556,9.55555555555556,9.55555555555556,9.55555555555556,9.55555555555556,9.55555555555556,9.55555555555556,9.55555555555556,9.55555555555556,9.55555555555556,9.55555555555556,9.55555555555556,9.55555555555556,9.55555555555556,9.55555555555556,9.55555555555556,9.55555555555556,9.55555555555556,9.55555555555556,9.55555555555556,9.55555555555556,9.55555555555556,9.55555555555556,9.55555555555556
566,"NGA","Nigeria",18.2222222222222,18.2222222222222,18.2222222222222,18.2222222222222,18.2222222222222,18.2222222222222,18.2222222222222,18.2222222222222,18.2222222222222,18.2222222222222,18.2222222222222,18.2222222222222,18.2222222222222,18.2222222222222,18.2222222222222,18.2222222222222,18.2222222222222,18.2222222222222,18.2222222222222,18.2222222222222,18.2222222222222,18.2222222222222,18.2222222222222,18.2222222222222,18.2222222222222,18.2222222222222,18.2222222222222,18.2222222222222
570,"NIU","Niue",-8888,-8888,-8888,-8888,-8888,-8888,-8888,-8888,-8888,-8888,-8888,-8888,-8888,-8888,-8888,-8888,-8888,-8888,-8888,-8888,-8888,-8888,-8888,-8888,-8888,-8888,-8888,-8888
408,"PRK","North Korea",10,10,10,10,10,10,10,10,10,10,10,10,10,10,10,10,10,10,10,10,10,10,10,10,10,10,10,10
807,"MKD","North Macedonia",42.8888888888889,42.8888888888889,42.8888888888889,42.8888888888889,42.8888888888889,42.8888888888889,42.8888888888889,42.8888888888889,42.8888888888889,42.8888888888889,42.8888888888889,42.8888888888889,42.8888888888889,42.8888888888889,42.8888888888889,42.8888888888889,42.8888888888889,42.8888888888889,42.8888888888889,42.8888888888889,42.8888888888889,42.8888888888889,42.8888888888889,42.8888888888889,42.8888888888889,42.8888888888889,42.8888888888889,42.8888888888889
578,"NOR","Norway",11.7777777777778,11.7777777777778,11.7777777777778,11.7777777777778,11.7777777777778,11.7777777777778,11.7777777777778,11.7777777777778,11.7777777777778,11.7777777777778,11.7777777777778,11.7777777777778,11.7777777777778,11.7777777777778,11.7777777777778,11.7777777777778,11.7777777777778,11.7777777777778,11.7777777777778,11.7777777777778,11.7777777777778,11.7777777777778,11.7777777777778,11.7777777777778,11.7777777777778,11.7777777777778,11.7777777777778,11.7777777777778
512,"OMN","Oman",84,84,84,84,84,84,84,84,84,84,84,84,84,84,84,84,84,84,84,84,84,84,84,84,84,84,84,84
586,"PAK","Pakistan",22,22,22,22,22,22,22,22,22,22,22,22,22,22,22,22,22,22,22,22,22,22,22,22,22,22,22,22
585,"PLW","Palau",-8888,-8888,-8888,-8888,-8888,-8888,-8888,-8888,-8888,-8888,-8888,-8888,-8888,-8888,-8888,-8888,-8888,-8888,-8888,-8888,-8888,-8888,-8888,-8888,-8888,-8888,-8888,-8888
591,"PAN","Panama",40.8888888888889,40.8888888888889,40.8888888888889,40.8888888888889,40.8888888888889,40.8888888888889,40.8888888888889,40.8888888888889,40.8888888888889,40.8888888888889,40.8888888888889,40.8888888888889,40.8888888888889,40.8888888888889,40.8888888888889,40.8888888888889,40.8888888888889,40.8888888888889,40.8888888888889,40.8888888888889,40.8888888888889,40.8888888888889,40.8888888888889,40.8888888888889,40.8888888888889,40.8888888888889,40.8888888888889,40.8888888888889
598,"PNG","Papua New Guinea",0,0,0,0,0,0,0,0,0,0,0,0,0,0,0,0,0,0,0,0,0,0,0,0,0,0,0,0
600,"PRY","Paraguay",60.8888888888889,60.8888888888889,60.8888888888889,60.8888888888889,60.8888888888889,60.8888888888889,60.8888888888889,60.8888888888889,60.8888888888889,60.8888888888889,60.8888888888889,60.8888888888889,60.8888888888889,60.8888888888889,60.8888888888889,60.8888888888889,60.8888888888889,60.8888888888889,60.8888888888889,60.8888888888889,60.8888888888889,60.8888888888889,60.8888888888889,60.8888888888889,60.8888888888889,60.8888888888889,60.8888888888889,60.8888888888889
604,"PER","Peru",24.2222222222222,24.2222222222222,24.2222222222222,24.2222222222222,24.2222222222222,24.2222222222222,24.2222222222222,24.2222222222222,24.2222222222222,24.2222222222222,24.2222222222222,24.2222222222222,24.2222222222222,24.2222222222222,24.2222222222222,24.2222222222222,24.2222222222222,24.2222222222222,24.2222222222222,24.2222222222222,24.2222222222222,24.2222222222222,24.2222222222222,24.2222222222222,24.2222222222222,24.2222222222222,24.2222222222222,24.2222222222222
608,"PHL","Philippines",15.1111111111111,15.1111111111111,15.1111111111111,15.1111111111111,15.1111111111111,15.1111111111111,15.1111111111111,15.1111111111111,15.1111111111111,15.1111111111111,15.1111111111111,15.1111111111111,15.1111111111111,15.1111111111111,15.1111111111111,15.1111111111111,15.1111111111111,15.1111111111111,15.1111111111111,15.1111111111111,15.1111111111111,15.1111111111111,15.1111111111111,15.1111111111111,15.1111111111111,15.1111111111111,15.1111111111111,15.1111111111111
616,"POL","Poland",28,28,28,28,28,28,28,28,28,28,28,28,28,28,28,28,28,28,28,28,28,28,28,28,28,28,28,28
620,"PRT","Portugal",24.6666666666667,24.6666666666667,24.6666666666667,24.6666666666667,24.6666666666667,24.6666666666667,24.6666666666667,24.6666666666667,24.6666666666667,24.6666666666667,24.6666666666667,24.6666666666667,24.6666666666667,24.6666666666667,24.6666666666667,24.6666666666667,24.6666666666667,24.6666666666667,24.6666666666667,24.6666666666667,24.6666666666667,24.6666666666667,24.6666666666667,24.6666666666667,24.6666666666667,24.6666666666667,24.6666666666667,24.6666666666667
634,"QAT","Qatar",0,0,0,0,0,0,0,0,0,0,0,0,0,0,0,0,0,0,0,0,0,0,0,0,0,0,0,0
178,"COG","Republic of Congo",34.6666666666667,34.6666666666667,34.6666666666667,34.6666666666667,34.6666666666667,34.6666666666667,34.6666666666667,34.6666666666667,34.6666666666667,34.6666666666667,34.6666666666667,34.6666666666667,34.6666666666667,34.6666666666667,34.6666666666667,34.6666666666667,34.6666666666667,34.6666666666667,34.6666666666667,34.6666666666667,34.6666666666667,34.6666666666667,34.6666666666667,34.6666666666667,34.6666666666667,34.6666666666667,34.6666666666667,34.6666666666667
642,"ROU","Romania",41.7777777777778,41.7777777777778,41.7777777777778,41.7777777777778,41.7777777777778,41.7777777777778,41.7777777777778,41.7777777777778,41.7777777777778,41.7777777777778,41.7777777777778,41.7777777777778,41.7777777777778,41.7777777777778,41.7777777777778,41.7777777777778,41.7777777777778,41.7777777777778,41.7777777777778,41.7777777777778,41.7777777777778,41.7777777777778,41.7777777777778,41.7777777777778,41.7777777777778,41.7777777777778,41.7777777777778,41.7777777777778
643,"RUS","Russia",37.3333333333333,37.3333333333333,37.3333333333333,37.3333333333333,37.3333333333333,37.3333333333333,37.3333333333333,37.3333333333333,37.3333333333333,37.3333333333333,37.3333333333333,37.3333333333333,37.3333333333333,37.3333333333333,37.3333333333333,37.3333333333333,37.3333333333333,37.3333333333333,37.3333333333333,37.3333333333333,37.3333333333333,37.3333333333333,37.3333333333333,37.3333333333333,37.3333333333333,37.3333333333333,37.3333333333333,37.3333333333333
646,"RWA","Rwanda",23.5555555555556,23.5555555555556,23.5555555555556,23.5555555555556,23.5555555555556,23.5555555555556,23.5555555555556,23.5555555555556,23.5555555555556,23.5555555555556,23.5555555555556,23.5555555555556,23.5555555555556,23.5555555555556,23.5555555555556,23.5555555555556,23.5555555555556,23.5555555555556,23.5555555555556,23.5555555555556,23.5555555555556,23.5555555555556,23.5555555555556,23.5555555555556,23.5555555555556,23.5555555555556,23.5555555555556,23.5555555555556
652,"BLM","Saint Barthelemy",-8888,-8888,-8888,-8888,-8888,-8888,-8888,-8888,-8888,-8888,-8888,-8888,-8888,-8888,-8888,-8888,-8888,-8888,-8888,-8888,-8888,-8888,-8888,-8888,-8888,-8888,-8888,-8888
659,"KNA","Saint Kitts and Nevis",-8888,-8888,-8888,-8888,-8888,-8888,-8888,-8888,-8888,-8888,-8888,-8888,-8888,-8888,-8888,-8888,-8888,-8888,-8888,-8888,-8888,-8888,-8888,-8888,-8888,-8888,-8888,-8888
662,"LCA","Saint Lucia",-8888,-8888,-8888,-8888,-8888,-8888,-8888,-8888,-8888,-8888,-8888,-8888,-8888,-8888,-8888,-8888,-8888,-8888,-8888,-8888,-8888,-8888,-8888,-8888,-8888,-8888,-8888,-8888
670,"VCT","Saint Vincent and the Grenadines",-8888,-8888,-8888,-8888,-8888,-8888,-8888,-8888,-8888,-8888,-8888,-8888,-8888,-8888,-8888,-8888,-8888,-8888,-8888,-8888,-8888,-8888,-8888,-8888,-8888,-8888,-8888,-8888
882,"WSM","Samoa",-8888,-8888,-8888,-8888,-8888,-8888,-8888,-8888,-8888,-8888,-8888,-8888,-8888,-8888,-8888,-8888,-8888,-8888,-8888,-8888,-8888,-8888,-8888,-8888,-8888,-8888,-8888,-8888
674,"SMR","San Marino",1.33333333333331,1.33333333333331,1.33333333333331,1.33333333333331,1.33333333333331,1.33333333333331,1.33333333333331,1.33333333333331,1.33333333333331,1.33333333333331,1.33333333333331,1.33333333333331,1.33333333333331,1.33333333333331,1.33333333333331,1.33333333333331,1.33333333333331,1.33333333333331,1.33333333333331,1.33333333333331,1.33333333333331,1.33333333333331,1.33333333333331,1.33333333333331,1.33333333333331,1.33333333333331,1.33333333333331,1.33333333333331
678,"STP","Sao Tome and Principe",-8888,-8888,-8888,-8888,-8888,-8888,-8888,-8888,-8888,-8888,-8888,-8888,-8888,-8888,-8888,-8888,-8888,-8888,-8888,-8888,-8888,-8888,-8888,-8888,-8888,-8888,-8888,-8888
682,"SAU","Saudi Arabia",54.4444444444444,54.4444444444444,54.4444444444444,54.4444444444444,54.4444444444444,54.4444444444444,54.4444444444444,54.4444444444444,54.4444444444444,54.4444444444444,54.4444444444444,54.4444444444444,54.4444444444444,54.4444444444444,54.4444444444444,54.4444444444444,54.4444444444444,54.4444444444444,54.4444444444444,54.4444444444444,54.4444444444444,54.4444444444444,54.4444444444444,54.4444444444444,54.4444444444444,54.4444444444444,54.4444444444444,54.4444444444444
686,"SEN","Senegal",41.3333333333333,41.3333333333333,41.3333333333333,41.3333333333333,41.3333333333333,41.3333333333333,41.3333333333333,41.3333333333333,41.3333333333333,41.3333333333333,41.3333333333333,41.3333333333333,41.3333333333333,41.3333333333333,41.3333333333333,41.3333333333333,41.3333333333333,41.3333333333333,41.3333333333333,41.3333333333333,41.3333333333333,41.3333333333333,41.3333333333333,41.3333333333333,41.3333333333333,41.3333333333333,41.3333333333333,41.3333333333333
688,"SRB","Serbia",20.6666666666667,20.6666666666667,20.6666666666667,20.6666666666667,20.6666666666667,20.6666666666667,20.6666666666667,20.6666666666667,20.6666666666667,20.6666666666667,20.6666666666667,20.6666666666667,20.6666666666667,20.6666666666667,20.6666666666667,20.6666666666667,20.6666666666667,20.6666666666667,20.6666666666667,20.6666666666667,20.6666666666667,20.6666666666667,20.6666666666667,20.6666666666667,20.6666666666667,20.6666666666667,20.6666666666667,20.6666666666667
690,"SYC","Seychelles",-8888,-8888,-8888,-8888,-8888,-8888,-8888,-8888,-8888,-8888,-8888,-8888,-8888,-8888,-8888,-8888,-8888,-8888,-8888,-8888,-8888,-8888,-8888,-8888,-8888,-8888,-8888,-8888
694,"SLE","Sierra Leone",23.7777777777778,23.7777777777778,23.7777777777778,23.7777777777778,23.7777777777778,23.7777777777778,23.7777777777778,23.7777777777778,23.7777777777778,23.7777777777778,23.7777777777778,23.7777777777778,23.7777777777778,23.7777777777778,23.7777777777778,23.7777777777778,23.7777777777778,23.7777777777778,23.7777777777778,23.7777777777778,23.7777777777778,23.7777777777778,23.7777777777778,23.7777777777778,23.7777777777778,23.7777777777778,23.7777777777778,23.7777777777778
702,"SGP","Singapore",24.2222222222222,24.2222222222222,24.2222222222222,24.2222222222222,24.2222222222222,24.2222222222222,24.2222222222222,24.2222222222222,24.2222222222222,24.2222222222222,24.2222222222222,24.2222222222222,24.2222222222222,24.2222222222222,24.2222222222222,24.2222222222222,24.2222222222222,24.2222222222222,24.2222222222222,24.2222222222222,24.2222222222222,24.2222222222222,24.2222222222222,24.2222222222222,24.2222222222222,24.2222222222222,24.2222222222222,24.2222222222222
534,"SXM","Sint Maarten",-8888,-8888,-8888,-8888,-8888,-8888,-8888,-8888,-8888,-8888,-8888,-8888,-8888,-8888,-8888,-8888,-8888,-8888,-8888,-8888,-8888,-8888,-8888,-8888,-8888,-8888,-8888,-8888
703,"SVK","Slovakia",67.1111111111111,67.1111111111111,67.1111111111111,67.1111111111111,67.1111111111111,67.1111111111111,67.1111111111111,67.1111111111111,67.1111111111111,67.1111111111111,67.1111111111111,67.1111111111111,67.1111111111111,67.1111111111111,67.1111111111111,67.1111111111111,67.1111111111111,67.1111111111111,67.1111111111111,67.1111111111111,67.1111111111111,67.1111111111111,67.1111111111111,67.1111111111111,67.1111111111111,67.1111111111111,67.1111111111111,67.1111111111111
705,"SVN","Slovenia",62.8888888888889,62.8888888888889,62.8888888888889,62.8888888888889,62.8888888888889,62.8888888888889,62.8888888888889,62.8888888888889,62.8888888888889,62.8888888888889,62.8888888888889,62.8888888888889,62.8888888888889,62.8888888888889,62.8888888888889,62.8888888888889,62.8888888888889,62.8888888888889,62.8888888888889,62.8888888888889,62.8888888888889,62.8888888888889,62.8888888888889,62.8888888888889,62.8888888888889,62.8888888888889,62.8888888888889,62.8888888888889
90,"SLB","Solomon Islands",-8888,-8888,-8888,-8888,-8888,-8888,-8888,-8888,-8888,-8888,-8888,-8888,-8888,-8888,-8888,-8888,-8888,-8888,-8888,-8888,-8888,-8888,-8888,-8888,-8888,-8888,-8888,-8888
706,"SOM","Somalia",66.2222222222222,66.2222222222222,66.2222222222222,66.2222222222222,66.2222222222222,66.2222222222222,66.2222222222222,66.2222222222222,66.2222222222222,66.2222222222222,66.2222222222222,66.2222222222222,66.2222222222222,66.2222222222222,66.2222222222222,66.2222222222222,66.2222222222222,66.2222222222222,66.2222222222222,66.2222222222222,66.2222222222222,66.2222222222222,66.2222222222222,66.2222222222222,66.2222222222222,66.2222222222222,66.2222222222222,66.2222222222222
710,"ZAF","South Africa",67.7777777777778,67.7777777777778,67.7777777777778,67.7777777777778,67.7777777777778,67.7777777777778,67.7777777777778,67.7777777777778,67.7777777777778,67.7777777777778,67.7777777777778,67.7777777777778,67.7777777777778,67.7777777777778,67.7777777777778,67.7777777777778,67.7777777777778,67.7777777777778,67.7777777777778,67.7777777777778,67.7777777777778,67.7777777777778,67.7777777777778,67.7777777777778,67.7777777777778,67.7777777777778,67.7777777777778,67.7777777777778
410,"KOR","South Korea",36.4444444444444,36.4444444444444,36.4444444444444,36.4444444444444,36.4444444444444,36.4444444444444,36.4444444444444,36.4444444444444,36.4444444444444,36.4444444444444,36.4444444444444,36.4444444444444,36.4444444444444,36.4444444444444,36.4444444444444,36.4444444444444,36.4444444444444,36.4444444444444,36.4444444444444,36.4444444444444,36.4444444444444,36.4444444444444,36.4444444444444,36.4444444444444,36.4444444444444,36.4444444444444,36.4444444444444,36.4444444444444
728,"SSD","South Sudan",-8888,-8888,-8888,-8888,-8888,-8888,-8888,-8888,-8888,-8888,-8888,-8888,-8888,-8888,-8888,-8888,-8888,-8888,-8888,-8888,-8888,-8888,-8888,-8888,-8888,-8888,-8888,-8888
724,"ESP","Spain",27.3333333333333,27.3333333333333,27.3333333333333,27.3333333333333,27.3333333333333,27.3333333333333,27.3333333333333,27.3333333333333,27.3333333333333,27.3333333333333,27.3333333333333,27.3333333333333,27.3333333333333,27.3333333333333,27.3333333333333,27.3333333333333,27.3333333333333,27.3333333333333,27.3333333333333,27.3333333333333,27.3333333333333,27.3333333333333,27.3333333333333,27.3333333333333,27.3333333333333,27.3333333333333,27.3333333333333,27.3333333333333
144,"LKA","Sri Lanka",30,30,30,30,30,30,30,30,30,30,30,30,30,30,30,30,30,30,30,30,30,30,30,30,30,30,30,30
275,"PSE","State of Palestine",11.3333333333333,11.3333333333333,11.3333333333333,11.3333333333333,11.3333333333333,11.3333333333333,11.3333333333333,11.3333333333333,11.3333333333333,11.3333333333333,11.3333333333333,11.3333333333333,11.3333333333333,11.3333333333333,11.3333333333333,11.3333333333333,11.3333333333333,11.3333333333333,11.3333333333333,11.3333333333333,11.3333333333333,11.3333333333333,11.3333333333333,11.3333333333333,11.3333333333333,11.3333333333333,11.3333333333333,11.3333333333333
729,"SDN","Sudan",41.5555555555556,41.5555555555556,41.5555555555556,41.5555555555556,41.5555555555556,41.5555555555556,41.5555555555556,41.5555555555556,41.5555555555556,41.5555555555556,41.5555555555556,41.5555555555556,41.5555555555556,41.5555555555556,41.5555555555556,41.5555555555556,41.5555555555556,41.5555555555556,41.5555555555556,41.5555555555556,41.5555555555556,41.5555555555556,41.5555555555556,41.5555555555556,41.5555555555556,41.5555555555556,41.5555555555556,41.5555555555556
740,"SUR","Suriname",24.8888888888889,24.8888888888889,24.8888888888889,24.8888888888889,24.8888888888889,24.8888888888889,24.8888888888889,24.8888888888889,24.8888888888889,24.8888888888889,24.8888888888889,24.8888888888889,24.8888888888889,24.8888888888889,24.8888888888889,24.8888888888889,24.8888888888889,24.8888888888889,24.8888888888889,24.8888888888889,24.8888888888889,24.8888888888889,24.8888888888889,24.8888888888889,24.8888888888889,24.8888888888889,24.8888888888889,24.8888888888889
752,"SWE","Sweden",84.4444444444444,84.4444444444444,84.4444444444444,84.4444444444444,84.4444444444444,84.4444444444444,84.4444444444444,84.4444444444444,84.4444444444444,84.4444444444444,84.4444444444444,84.4444444444444,84.4444444444444,84.4444444444444,84.4444444444444,84.4444444444444,84.4444444444444,84.4444444444444,84.4444444444444,84.4444444444444,84.4444444444444,84.4444444444444,84.4444444444444,84.4444444444444,84.4444444444444,84.4444444444444,84.4444444444444,84.4444444444444
756,"CHE","Switzerland",34.6666666666667,34.6666666666667,34.6666666666667,34.6666666666667,34.6666666666667,34.6666666666667,34.6666666666667,34.6666666666667,34.6666666666667,34.6666666666667,34.6666666666667,34.6666666666667,34.6666666666667,34.6666666666667,34.6666666666667,34.6666666666667,34.6666666666667,34.6666666666667,34.6666666666667,34.6666666666667,34.6666666666667,34.6666666666667,34.6666666666667,34.6666666666667,34.6666666666667,34.6666666666667,34.6666666666667,34.6666666666667
760,"SYR","Syria",48.4444444444444,48.4444444444444,48.4444444444444,48.4444444444444,48.4444444444444,48.4444444444444,48.4444444444444,48.4444444444444,48.4444444444444,48.4444444444444,48.4444444444444,48.4444444444444,48.4444444444444,48.4444444444444,48.4444444444444,48.4444444444444,48.4444444444444,48.4444444444444,48.4444444444444,48.4444444444444,48.4444444444444,48.4444444444444,48.4444444444444,48.4444444444444,48.4444444444444,48.4444444444444,48.4444444444444,48.4444444444444
158,"TWN","Taiwan",14.2222222222222,14.2222222222222,14.2222222222222,14.2222222222222,14.2222222222222,14.2222222222222,14.2222222222222,14.2222222222222,14.2222222222222,14.2222222222222,14.2222222222222,14.2222222222222,14.2222222222222,14.2222222222222,14.2222222222222,14.2222222222222,14.2222222222222,14.2222222222222,14.2222222222222,14.2222222222222,14.2222222222222,14.2222222222222,14.2222222222222,14.2222222222222,14.2222222222222,14.2222222222222,14.2222222222222,14.2222222222222
762,"TJK","Tajikistan",54.6666666666667,54.6666666666667,54.6666666666667,54.6666666666667,54.6666666666667,54.6666666666667,54.6666666666667,54.6666666666667,54.6666666666667,54.6666666666667,54.6666666666667,54.6666666666667,54.6666666666667,54.6666666666667,54.6666666666667,54.6666666666667,54.6666666666667,54.6666666666667,54.6666666666667,54.6666666666667,54.6666666666667,54.6666666666667,54.6666666666667,54.6666666666667,54.6666666666667,54.6666666666667,54.6666666666667,54.6666666666667
834,"TZA","Tanzania",18.2222222222222,18.2222222222222,18.2222222222222,18.2222222222222,18.2222222222222,18.2222222222222,18.2222222222222,18.2222222222222,18.2222222222222,18.2222222222222,18.2222222222222,18.2222222222222,18.2222222222222,18.2222222222222,18.2222222222222,18.2222222222222,18.2222222222222,18.2222222222222,18.2222222222222,18.2222222222222,18.2222222222222,18.2222222222222,18.2222222222222,18.2222222222222,18.2222222222222,18.2222222222222,18.2222222222222,18.2222222222222
764,"THA","Thailand",32.8888888888889,32.8888888888889,32.8888888888889,32.8888888888889,32.8888888888889,32.8888888888889,32.8888888888889,32.8888888888889,32.8888888888889,32.8888888888889,32.8888888888889,32.8888888888889,32.8888888888889,32.8888888888889,32.8888888888889,32.8888888888889,32.8888888888889,32.8888888888889,32.8888888888889,32.8888888888889,32.8888888888889,32.8888888888889,32.8888888888889,32.8888888888889,32.8888888888889,32.8888888888889,32.8888888888889,32.8888888888889
626,"TLS","Timor-Leste",2,2,2,2,2,2,2,2,2,2,2,2,2,2,2,2,2,2,2,2,2,2,2,2,2,2,2,2
768,"TGO","Togo",38.6666666666667,38.6666666666667,38.6666666666667,38.6666666666667,38.6666666666667,38.6666666666667,38.6666666666667,38.6666666666667,38.6666666666667,38.6666666666667,38.6666666666667,38.6666666666667,38.6666666666667,38.6666666666667,38.6666666666667,38.6666666666667,38.6666666666667,38.6666666666667,38.6666666666667,38.6666666666667,38.6666666666667,38.6666666666667,38.6666666666667,38.6666666666667,38.6666666666667,38.6666666666667,38.6666666666667,38.6666666666667
776,"TON","Tonga",-8888,-8888,-8888,-8888,-8888,-8888,-8888,-8888,-8888,-8888,-8888,-8888,-8888,-8888,-8888,-8888,-8888,-8888,-8888,-8888,-8888,-8888,-8888,-8888,-8888,-8888,-8888,-8888
780,"TTO","Trinidad and Tobago",2.88888888888889,2.88888888888889,2.88888888888889,2.88888888888889,2.88888888888889,2.88888888888889,2.88888888888889,2.88888888888889,2.88888888888889,2.88888888888889,2.88888888888889,2.88888888888889,2.88888888888889,2.88888888888889,2.88888888888889,2.88888888888889,2.88888888888889,2.88888888888889,2.88888888888889,2.88888888888889,2.88888888888889,2.88888888888889,2.88888888888889,2.88888888888889,2.88888888888889,2.88888888888889,2.88888888888889,2.88888888888889
788,"TUN","Tunisia",25.3333333333333,25.3333333333333,25.3333333333333,25.3333333333333,25.3333333333333,25.3333333333333,25.3333333333333,25.3333333333333,25.3333333333333,25.3333333333333,25.3333333333333,25.3333333333333,25.3333333333333,25.3333333333333,25.3333333333333,25.3333333333333,25.3333333333333,25.3333333333333,25.3333333333333,25.3333333333333,25.3333333333333,25.3333333333333,25.3333333333333,25.3333333333333,25.3333333333333,25.3333333333333,25.3333333333333,25.3333333333333
792,"TUR","Turkey",20.8888888888889,20.8888888888889,20.8888888888889,20.8888888888889,20.8888888888889,20.8888888888889,20.8888888888889,20.8888888888889,20.8888888888889,20.8888888888889,20.8888888888889,20.8888888888889,20.8888888888889,20.8888888888889,20.8888888888889,20.8888888888889,20.8888888888889,20.8888888888889,20.8888888888889,20.8888888888889,20.8888888888889,20.8888888888889,20.8888888888889,20.8888888888889,20.8888888888889,20.8888888888889,20.8888888888889,20.8888888888889
795,"TKM","Turkmenistan",63.7777777777778,63.7777777777778,63.7777777777778,63.7777777777778,63.7777777777778,63.7777777777778,63.7777777777778,63.7777777777778,63.7777777777778,63.7777777777778,63.7777777777778,63.7777777777778,63.7777777777778,63.7777777777778,63.7777777777778,63.7777777777778,63.7777777777778,63.7777777777778,63.7777777777778,63.7777777777778,63.7777777777778,63.7777777777778,63.7777777777778,63.7777777777778,63.7777777777778,63.7777777777778,63.7777777777778,63.7777777777778
796,"TCA","Turks and Caicos Islands",-8888,-8888,-8888,-8888,-8888,-8888,-8888,-8888,-8888,-8888,-8888,-8888,-8888,-8888,-8888,-8888,-8888,-8888,-8888,-8888,-8888,-8888,-8888,-8888,-8888,-8888,-8888,-8888
798,"TUV","Tuvalu",-8888,-8888,-8888,-8888,-8888,-8888,-8888,-8888,-8888,-8888,-8888,-8888,-8888,-8888,-8888,-8888,-8888,-8888,-8888,-8888,-8888,-8888,-8888,-8888,-8888,-8888,-8888,-8888
800,"UGA","Uganda",4,4,4,4,4,4,4,4,4,4,4,4,4,4,4,4,4,4,4,4,4,4,4,4,4,4,4,4
804,"UKR","Ukraine",10,10,10,10,10,10,10,10,10,10,10,10,10,10,10,10,10,10,10,10,10,10,10,10,10,10,10,10
784,"ARE","United Arab Emirates",21.1111111111111,21.1111111111111,21.1111111111111,21.1111111111111,21.1111111111111,21.1111111111111,21.1111111111111,21.1111111111111,21.1111111111111,21.1111111111111,21.1111111111111,21.1111111111111,21.1111111111111,21.1111111111111,21.1111111111111,21.1111111111111,21.1111111111111,21.1111111111111,21.1111111111111,21.1111111111111,21.1111111111111,21.1111111111111,21.1111111111111,21.1111111111111,21.1111111111111,21.1111111111111,21.1111111111111,21.1111111111111
826,"GBR","United Kingdom",35.7777777777778,35.7777777777778,35.7777777777778,35.7777777777778,35.7777777777778,35.7777777777778,35.7777777777778,35.7777777777778,35.7777777777778,35.7777777777778,35.7777777777778,35.7777777777778,35.7777777777778,35.7777777777778,35.7777777777778,35.7777777777778,35.7777777777778,35.7777777777778,35.7777777777778,35.7777777777778,35.7777777777778,35.7777777777778,35.7777777777778,35.7777777777778,35.7777777777778,35.7777777777778,35.7777777777778,35.7777777777778
840,"USA","United States of America",50.8888888888889,50.8888888888889,50.8888888888889,50.8888888888889,50.8888888888889,50.8888888888889,50.8888888888889,50.8888888888889,50.8888888888889,50.8888888888889,50.8888888888889,50.8888888888889,50.8888888888889,50.8888888888889,50.8888888888889,50.8888888888889,50.8888888888889,50.8888888888889,50.8888888888889,50.8888888888889,50.8888888888889,50.8888888888889,50.8888888888889,50.8888888888889,50.8888888888889,50.8888888888889,50.8888888888889,50.8888888888889
858,"URY","Uruguay",70,70,70,70,70,70,70,70,70,70,70,70,70,70,70,70,70,70,70,70,70,70,70,70,70,70,70,70
860,"UZB","Uzbekistan",46.8888888888889,46.8888888888889,46.8888888888889,46.8888888888889,46.8888888888889,46.8888888888889,46.8888888888889,46.8888888888889,46.8888888888889,46.8888888888889,46.8888888888889,46.8888888888889,46.8888888888889,46.8888888888889,46.8888888888889,46.8888888888889,46.8888888888889,46.8888888888889,46.8888888888889,46.8888888888889,46.8888888888889,46.8888888888889,46.8888888888889,46.8888888888889,46.8888888888889,46.8888888888889,46.8888888888889,46.8888888888889
548,"VUT","Vanuatu",-8888,-8888,-8888,-8888,-8888,-8888,-8888,-8888,-8888,-8888,-8888,-8888,-8888,-8888,-8888,-8888,-8888,-8888,-8888,-8888,-8888,-8888,-8888,-8888,-8888,-8888,-8888,-8888
862,"VEN","Venezuela",64.4444444444444,64.4444444444444,64.4444444444444,64.4444444444444,64.4444444444444,64.4444444444444,64.4444444444444,64.4444444444444,64.4444444444444,64.4444444444444,64.4444444444444,64.4444444444444,64.4444444444444,64.4444444444444,64.4444444444444,64.4444444444444,64.4444444444444,64.4444444444444,64.4444444444444,64.4444444444444,64.4444444444444,64.4444444444444,64.4444444444444,64.4444444444444,64.4444444444444,64.4444444444444,64.4444444444444,64.4444444444444
704,"VNM","Viet Nam",28.8888888888889,28.8888888888889,28.8888888888889,28.8888888888889,28.8888888888889,28.8888888888889,28.8888888888889,28.8888888888889,28.8888888888889,28.8888888888889,28.8888888888889,28.8888888888889,28.8888888888889,28.8888888888889,28.8888888888889,28.8888888888889,28.8888888888889,28.8888888888889,28.8888888888889,28.8888888888889,28.8888888888889,28.8888888888889,28.8888888888889,28.8888888888889,28.8888888888889,28.8888888888889,28.8888888888889,28.8888888888889
876,"WLF","Wallis and Futuna Islands",-8888,-8888,-8888,-8888,-8888,-8888,-8888,-8888,-8888,-8888,-8888,-8888,-8888,-8888,-8888,-8888,-8888,-8888,-8888,-8888,-8888,-8888,-8888,-8888,-8888,-8888,-8888,-8888
732,"ESH","Western Sahara",18.6666666666667,18.6666666666667,18.6666666666667,18.6666666666667,18.6666666666667,18.6666666666667,18.6666666666667,18.6666666666667,18.6666666666667,18.6666666666667,18.6666666666667,18.6666666666667,18.6666666666667,18.6666666666667,18.6666666666667,18.6666666666667,18.6666666666667,18.6666666666667,18.6666666666667,18.6666666666667,18.6666666666667,18.6666666666667,18.6666666666667,18.6666666666667,18.6666666666667,18.6666666666667,18.6666666666667,18.6666666666667
887,"YEM","Yemen",13.1111111111111,13.1111111111111,13.1111111111111,13.1111111111111,13.1111111111111,13.1111111111111,13.1111111111111,13.1111111111111,13.1111111111111,13.1111111111111,13.1111111111111,13.1111111111111,13.1111111111111,13.1111111111111,13.1111111111111,13.1111111111111,13.1111111111111,13.1111111111111,13.1111111111111,13.1111111111111,13.1111111111111,13.1111111111111,13.1111111111111,13.1111111111111,13.1111111111111,13.1111111111111,13.1111111111111,13.1111111111111
894,"ZMB","Zambia",69.7777777777778,69.7777777777778,69.7777777777778,69.7777777777778,69.7777777777778,69.7777777777778,69.7777777777778,69.7777777777778,69.7777777777778,69.7777777777778,69.7777777777778,69.7777777777778,69.7777777777778,69.7777777777778,69.7777777777778,69.7777777777778,69.7777777777778,69.7777777777778,69.7777777777778,69.7777777777778,69.7777777777778,69.7777777777778,69.7777777777778,69.7777777777778,69.7777777777778,69.7777777777778,69.7777777777778,69.7777777777778
716,"ZWE","Zimbabwe",62,62,62,62,62,62,62,62,62,62,62,62,62,62,62,62,62,62,62,62,62,62,62,62,62,62,62,62
