"code","iso","country","TBG.ind.1995","TBG.ind.1996","TBG.ind.1997","TBG.ind.1998","TBG.ind.1999","TBG.ind.2000","TBG.ind.2001","TBG.ind.2002","TBG.ind.2003","TBG.ind.2004","TBG.ind.2005","TBG.ind.2006","TBG.ind.2007","TBG.ind.2008","TBG.ind.2009","TBG.ind.2010","TBG.ind.2011","TBG.ind.2012","TBG.ind.2013","TBG.ind.2014","TBG.ind.2015","TBG.ind.2016","TBG.ind.2017","TBG.ind.2018","TBG.ind.2019","TBG.ind.2020","TBG.ind.2021","TBG.ind.2022"
4,"AFG","Afghanistan",0,0,0,0,0,0,0,0,0,0,0,0,0,0,0,1.14376075223724,1.14376075223745,1.1437607522376,1.14376075223763,1.14376075223759,1.14376075223755,1.14376075223766,24.8804490139622,24.8812585420009,24.8812585420006,35.387877065655,51.5276403581219,51.5276403581223
8,"ALB","Albania",5.45423946565116,7.51285884229671,15.6335605264928,16.4208540125941,16.4208540125945,27.7999979489128,27.7999979489137,27.7999979489136,27.8985987029305,29.3027712354195,33.5957600429844,44.180295594406,55.8154366949105,64.1569654144147,79.0753218980171,79.0753218980171,80.7998745425647,82.5732730983394,88.2849758799959,90.63924767186,90.63924767186,90.6392476718594,90.6392476718594,90.6392476718594,100,100,100,100
12,"DZA","Algeria",1.70238787690235,1.70238787690261,1.70238787690426,1.70238787690539,1.70238787690551,1.7032264683613,1.70322646836055,21.8551043728964,21.8551043728786,27.3842718043913,28.7257927646082,28.7257927646068,28.7180345314232,28.7180345314148,28.7180345314033,28.8996708508194,28.8996708508209,29.0004289189842,29.0004289190033,29.0004289190014,29.0004289190075,29.0004289190124,29.0004289190158,29.0004289190229,29.0004289190249,29.2072722001303,29.2072722001292,29.2072722001313
20,"AND","Andorra",31.6258999797819,31.6258999797819,31.6258999797819,31.6258999797819,31.6258999797819,31.6258999797819,100,100,100,100,100,100,100,100,100,100,100,100,100,100,100,100,100,100,100,100,100,100
24,"AGO","Angola",36.5845978227076,36.5845978226789,36.5845978226656,36.5845978226611,36.5845978226551,36.5845978226507,36.5845978226999,36.5845978227098,36.584597822724,36.5845978227031,36.5845978227234,36.5845978227303,36.5845978227283,36.584597822726,36.5845978226875,36.5845978226841,36.5845978226761,36.5845978815674,36.5845978815523,36.5845978815464,36.5845978815372,36.5845978815376,36.5845978815328,36.5845978815358,36.5845978815364,36.5845978815371,36.5845978815366,36.5845978815369
660,"AIA","Anguilla",0,0,0,0,0,0,0,0,0,0,0,0,0,0,0,0,0,0,0,0,0,0,0,0,0,0,0,0
28,"ATG","Antigua and Barbuda",54.9459356408478,54.9459356408644,54.9459356408785,54.9459356408699,54.9459356408714,54.9459356409206,54.9459356409092,54.9459356409162,54.9459356409394,54.9459356409428,54.9459356409491,84.3002363167053,84.3002363167047,84.3002363167047,84.8388487623806,84.8388487623806,84.83884876238,84.8388487623871,84.8388487623865,84.8388487623865,84.83884876344,84.83884876344,84.8388487634418,84.8388487634441,84.8388487634441,84.8388487634459,84.8388487634459,84.8388487634459
32,"ARG","Argentina",29.7423003196581,30.4217829296406,30.9066773479119,32.3958704986126,32.5176021962969,34.1647274783523,36.2352497669426,43.1181440807328,43.433685713204,50.9152149914248,54.4383942611511,54.7830748403918,55.1726286999141,55.1966506612785,55.3764908276312,55.4505125680506,55.471033081524,55.4941058440892,55.6313543521116,55.6793217271301,55.8040864305135,56.4054669400142,56.4093405875887,56.5855067469816,56.7215340816349,56.7480461077941,56.7480461077935,56.7480461077949
51,"ARM","Armenia",99.9427426074506,99.9427426074506,99.9427426074506,99.9427426074506,99.9427426074506,99.9427426074506,99.9427426074506,99.9983560847435,99.9983560847435,99.9983560847435,99.9983560847435,99.9983560847435,99.9983503053712,99.9983503053712,99.9983503053712,99.9983503053712,99.9983503053712,99.9983503053712,99.9983503053712,99.9983503053712,99.9983503053712,99.9983503053712,99.9983503053712,99.9983503053712,99.9983503053712,99.9983503053712,99.9983503053712,99.9983503053712
533,"ABW","Aruba",2.34329395462478,2.34329395462485,2.34329395462484,2.34329395462482,2.34329395462484,2.34329395462485,52.7550085404918,52.7550085404914,52.7550085404928,52.7550085404918,52.7550085404924,52.7550085404927,52.7550085404925,52.7550085404925,52.7550085404907,52.7550085404906,52.7550085404901,52.7550085404907,52.7550085404896,52.7550085404892,52.7550085404887,52.7550085404886,52.7550085404885,52.7550085404885,52.7550085404885,52.7550085404885,52.7550085404885,52.7550085404885
36,"AUS","Australia",35.7168718414104,35.9549010549748,36.5372797347075,37.1325367444178,37.4726947303486,38.6569378555686,40.5439603744944,40.8144617732378,45.6522278044457,46.2772496766068,48.6488988516783,49.7833123238576,50.9369724700686,53.8093429657849,54.9289294728982,58.5955788851744,60.2668019905647,65.2089641394665,68.8914767135106,72.89863166422,74.4311015089688,76.7537045995053,79.6466518677553,80.8886185299529,81.6572969162929,82.1561976005535,90.4464570144518,90.4464570144524
40,"AUT","Austria",93.0870946877588,93.4350713881894,95.2124622939812,95.8768376949618,97.44649278216,98.1056699027065,98.3046370201759,99.8207198549788,99.9020623135318,99.9184718225512,100,100,100,100,100,100,100,100,100,100,100,100,100,100,100,100,100,100
31,"AZE","Azerbaijan",38.6779990534645,38.6779990534682,38.6779990534784,38.6779990534762,38.6779990534783,38.6779990534765,38.6779990534695,40.8043158942658,40.8043158942619,46.8606761782334,51.5362911252759,51.7632698935065,59.9787626655059,59.9787626655,62.0161162665,62.0618646553618,62.0618646553629,62.0618646553647,62.0618646553641,62.0618646553629,62.0618646553524,62.0618646553512,62.0618646553506,62.0618646553535,62.16330445936,62.1633044593647,62.1633044593641,62.1633044593647
44,"BHS","Bahamas",3.45830495711865,3.45830495709922,3.45830495710465,38.2171209977622,38.2171209977671,38.2171209977702,38.2171209977432,38.2171209977491,46.6439517125661,46.6439517125163,46.6439517125473,46.6439517125596,46.6439517125523,46.6439517125446,46.6439517124605,46.6468911354881,46.6468911354646,46.6468911354935,99.9999855922323,99.9999855922323,99.9999855922323,99.9999855922323,99.9999855922323,99.9999855922323,99.9999855922323,99.9999855922323,99.9999855922323,99.9999855922323
48,"BHR","Bahrain",4.75371906009386,4.75371906009386,4.75371906009386,12.0657802003005,12.0657802003005,12.0657802003005,12.0657802003005,12.0657802003005,12.0657802003005,12.0657800663487,12.0657800663487,12.0657800663487,14.6690146123036,14.6690147802346,14.6690147802346,14.6690147802346,14.6690147802346,14.6690147802346,14.6690147802346,14.6690147802346,14.6690147802346,14.6690147802346,14.6690147802346,14.6690147802346,14.6690147802346,14.6690147802346,14.6690147802346,14.6690147802346
50,"BGD","Bangladesh",88.6265192534341,88.6265192535794,88.6334900193694,88.6334900193459,88.6334900193912,88.6662590082906,88.7186470464547,88.71883842929,88.7188384291406,88.7188384292594,88.7209904749729,88.7223783129047,88.7268276271594,88.7386314970776,88.7386314972724,88.8036405179306,88.9042660365547,88.9061267540824,88.9061267541624,88.90937117737,88.9093711774259,88.9093711774306,88.9093711774482,88.9093711774412,88.9093711774447,88.9093711774429,88.9093711774429,88.9093711774429
52,"BRB","Barbados",2.8058042594201,2.8058042594201,2.8058042594201,2.8058042594201,2.8058042594201,2.8058042594201,2.8058042594201,2.8058042594201,2.8058042594201,2.8058042594201,2.8058042594201,2.8058042594201,2.8058042594201,2.8058042594201,2.8058042594201,2.8058042594201,2.8058042594201,2.8058042594201,2.8058042594201,2.8058042594201,2.8058042594201,2.8058042594201,2.8058042594201,2.8058042594201,2.8058042594201,2.8058042594201,2.8058042594201,2.8058042594201
112,"BLR","Belarus",77.4341342462012,77.5306670332935,77.6911927295341,77.6911927295341,77.6911927295341,77.7283601219812,77.7283601219812,77.8199361648859,77.8335398528859,77.8335398528859,77.8335398528859,77.8416282032106,77.8416282032106,77.8416282032106,77.8416282032106,77.8416282032106,79.0504316349982,79.0504316349982,79.06948186999,80.1240377207353,80.1997039998035,80.2520589568312,80.2520589568312,80.2520589568312,80.2520589568312,80.2520589568312,80.2520589568312,80.2520589568312
56,"BEL","Belgium",20.2963878132092,20.4875604610597,20.6689674396722,21.0721385838943,21.2940034527943,22.1383477065057,23.5011925609315,23.8354616827968,24.2773585420259,41.0785870760355,41.2430800930086,41.4352728787982,41.5242956191175,41.7351643862007,41.7968977917597,42.4856580969835,42.5247521752615,42.5600804785028,42.6074484546967,42.7368389957575,50.8187582076215,53.6208396765453,86.3633701786924,86.4613426096982,86.8216530410829,90.5235208908582,90.7408962942341,90.7612390831559
84,"BLZ","Belize",74.7674612543618,74.7674612542171,82.6373338955365,82.63733389555,87.9408872351382,87.9408872351247,87.9408872353041,92.4626853937053,93.1975179957241,93.1975179955347,93.1975179955829,93.2302193417935,93.2306769152547,93.7978462446994,93.7978462446512,93.7986750068035,94.6794801063118,94.67948010633,96.604431790813,96.6358937594312,96.6358937594235,96.6358937594241,96.6358937594218,96.6358937594235,96.6358937594229,96.6358937594235,96.6358937594235,96.6358937594235
204,"BEN","Benin",98.8360332753806,98.8360332753812,98.8360332753812,98.8360332753812,98.8360332753812,98.8360332753812,100,100,100,100,100,100,100,100,100,100,100,100,100,100,100,100,100,100,100,100,100,100
60,"BMU","Bermuda",9.92154143281265,9.92154143281265,9.92154143281265,9.92154143281265,9.92154143281265,13.3265026221789,13.3265026221789,13.3265026221789,13.3265026221789,13.3265026221789,13.3265026221789,13.3265026221789,13.3265026221789,13.3265026221789,13.3265026221789,13.3265026221789,13.3265026221789,13.3265026221789,13.3265026221789,13.3265026221789,13.3265026221789,13.3265026221789,13.3265026221789,13.3265026221789,13.3265026221789,13.3265026221789,13.3265026221789,13.3265026221789
64,"BTN","Bhutan",97.9521739906494,97.9521739906494,97.9521739906494,97.9521739906494,97.9521739906488,98.4579861501271,98.4579861501265,98.4579861501265,98.4579861501265,98.4579861501271,98.4579861501265,98.4579861501259,98.4673203794365,98.4673203794353,100,100,100,100,100,100,100,100,100,100,100,100,100,100
68,"BOL","Bolivia",42.5425341675453,48.8580283538881,48.9048902459805,85.1586941396106,87.6401503228623,87.6434011765353,90.3233606226147,90.4747493244382,96.56131643078,96.5613164307806,96.5617657587559,96.561765758753,96.6068231916365,96.6537133355941,96.6537133355953,96.6537133355947,96.6537133355935,96.6537133321518,96.6537133321541,96.6537133321541,96.6537133321535,96.6537133321535,96.6537133321547,96.6537133321523,96.6537133321523,96.6537133321512,96.6537133321518,96.6537133321518
70,"BIH","Bosnia and Herzegovina",1.90697585169942,9.22628803370171,9.22628803370147,9.22628803370335,9.22628803370294,9.22628803370318,9.22628803370218,9.22628803370229,9.35568849362876,9.40053097603035,9.40053097602953,9.60138493172223,9.66675992753271,9.93768412724565,24.2616691654803,25.0374724205131,25.0374724205142,25.5872486216201,25.5942637943529,25.5981715692039,25.6342114669448,25.6377097444345,25.6409262834974,26.2198247610182,26.2679596769363,26.4919453266019,32.2198021221249,32.2198021221258
72,"BWA","Botswana",97.3306936501794,97.3306936501788,100,100,100,100,100,100,100,100,100,100,100,100,100,100,100,100,100,100,100,100,100,100,100,100,100,100
76,"BRA","Brazil",50.0653089970366,51.9413651197991,53.6845565654533,58.7663226533941,65.6897723376382,69.6346757195165,71.1751198815494,72.7621945512571,75.3913226706724,75.4937942793718,76.5906586708929,76.90683254876,78.6933119896088,78.9517361486665,79.1533324812223,79.4474697470659,79.5269972431118,79.5330609347,79.5402602122523,79.5419666953776,79.5572905269406,79.59253783564,79.595292087433,79.6015040167724,79.95056344897,79.9506729742694,79.9506729742688,79.9506729742676
92,"VGB","British Virgin Islands",9.76965454628088,12.5403998314802,12.5403998314802,12.5403998314802,13.2693074915115,54.3478326467873,54.3478326467938,54.3478326467914,54.3478326467957,54.7554927368195,54.7554927368249,54.7554927368253,54.7554927368257,54.7554927368358,54.890605365443,54.8906053654429,54.890605365443,54.890605365379,54.8906053653767,54.8906053653766,54.8906053653773,54.8906053653761,54.8906053653759,54.8906053653744,54.8906053653742,54.8906053653751,54.8906053653749,54.8906053653749
96,"BRN","Brunei Darussalam",100,100,100,100,100,100,100,100,100,100,100,100,100,100,100,100,100,100,100,100,100,100,100,100,100,100,100,100
100,"BGR","Bulgaria",21.5979676250061,27.0821087569349,27.1010542865536,27.120841789744,27.1208417897441,27.1294344542464,28.2888840189585,28.8389978147198,86.8864353407141,86.9978062913147,87.0065616316029,87.0805468107953,87.1425509676035,100,100,100,100,100,100,100,100,100,100,100,100,100,100,100
854,"BFA","Burkina Faso",75.1130878915635,75.1130878915635,75.1130878915635,75.1130878915635,75.1130878915635,75.1130878915635,77.2144867245112,79.8004768297859,79.8004768297859,79.8004768297859,79.8004768297859,79.8004768297859,79.8004768297859,80.4197410352071,80.5555866134135,95.3102017730053,95.3102017730053,95.3102017730053,95.3102017730053,95.3102017730053,95.3102017730053,95.3102017730959,95.8183588359024,95.9666612815624,95.9666612815624,95.9798440513347,95.9798440513347,95.9798440513347
108,"BDI","Burundi",33.4515561981831,33.451556198182,33.451556198181,33.451556198181,33.4515561981821,33.4515561981821,35.1933910124883,35.1933910125015,35.9979952042267,35.9979952042271,35.9979952042224,35.9979952042228,35.9979952042228,35.9979952042178,35.9979952042202,35.9979952042211,35.9979952042212,36.0358991603925,36.0358991603956,46.7037673375549,46.7037673375551,46.7037673375558,46.7037673375563,46.7037673375574,46.7037673375582,46.7037673375578,46.7037673375578,46.7037673375577
132,"CPV","Cabo Verde",14.6428440988081,14.6428440988081,14.6428440988081,14.6428440988081,14.6428440988081,14.6428440988081,14.6428440988081,14.6428440988081,14.6428440988081,14.6428440988081,14.6428440988081,16.6283828943901,16.6283828943901,16.6283828943901,16.6283828943901,16.6283828943901,16.6283828943901,16.6283828943901,16.6283828943901,16.8781569453545,16.8781569453545,16.8781569453545,16.8781569453545,16.8781569453545,16.8781569453545,16.8781569453545,16.8781569453545,16.8781569453545
116,"KHM","Cambodia",65.4594061838741,65.4594061839018,66.1003356299312,66.1003356299294,66.1003356299394,66.1003356299424,66.1003356298829,66.1003356298924,66.1003356298435,66.1003356298706,66.1003356298476,66.10033562984,66.1003356298429,66.1003356298423,66.1003356298853,66.1003356298876,66.1003356298976,66.1003356299106,66.1003356299394,66.1003356299482,66.1003356299635,66.1003356299653,100,100,100,100,100,100
120,"CMR","Cameroon",9.80944309170123,9.80944309166865,10.4512762108636,10.4512762108701,10.451276210858,10.4512762108517,17.021822634052,19.1044311757262,19.1044311758028,19.1044311757484,20.7459793467292,26.058184521064,26.0621419806589,31.536081409555,34.0876832514388,34.6500446939404,59.2458435826365,59.2458436716047,64.6195708367406,64.6195708367747,66.2129931899188,67.1470132774035,67.1470132774188,67.1470132774141,68.2776951642476,68.2776951642459,68.2776951642453,68.2776951642459
124,"CAN","Canada",39.110626050955,41.4747064256097,42.857797732108,43.3917968595559,45.4395701645042,47.1712406299008,47.8576648524852,49.513415053859,49.6732252667192,52.5367368518475,53.1752476642533,54.5193835081827,55.2883708475555,56.0881478226781,58.3583613268466,59.8536566975765,60.1385084336976,61.0023878404176,61.8557708801371,63.3349141380941,63.4697222871312,64.8016876699106,65.1445090697494,65.4712819101965,66.6657138370794,67.6578729192953,67.8150147629629,67.8150147629635
136,"CYM","Cayman Islands",57.2537880730479,59.3301162444018,59.3301162443888,66.1058404020218,66.1058404020371,66.1058404020441,66.1058404019553,66.1058404019694,66.1058404019065,66.1058404019476,66.1529183124047,66.1529183123947,66.1529183124,66.1529183124041,66.15291831247,66.1529183124735,66.9016643367147,66.9164479120618,66.955762516273,67.1019996132594,67.1210146722288,67.12101467223,67.1210146722388,67.1210146722412,67.1210146722424,67.1210146722441,67.1210146722441,67.1210146722441
140,"CAF","Central African Republic",97.0181996801218,97.0181996801218,97.0181996801212,97.0181996801212,97.0181996802182,97.0181996802182,97.0181996802182,97.0181996802188,97.0181996802188,97.0181996802188,97.0181996802182,97.0276151612094,97.0276151612094,97.0276151612088,97.0276151612088,97.0276151612094,97.0276151612094,97.0276151652212,97.0276151652212,97.0276151652218,97.0276151652218,97.0276151652218,97.0276151652218,97.0276151652218,97.0276151652218,97.0276151652218,97.0276151652218,97.0276151652218
148,"TCD","Chad",63.3420450436488,63.3420450436541,63.3420450437376,63.3420450437724,63.3420450437706,63.3420450437676,63.3420450437518,77.3933879123677,77.3933879123606,77.3933879123641,77.3933879123677,77.3933879123659,77.3933879123653,77.3933879123512,77.3933879123447,77.3933879123388,77.3933879123388,77.3933877438794,77.3933877438888,77.3933877438818,77.39338774388,77.3933877438812,77.3933877438794,77.3933877438782,77.3933877438747,77.3933877438741,77.3933877438753,77.3933877438765
152,"CHL","Chile",37.8697891902494,40.8443875814613,41.8508484579876,41.8508484579662,41.8567572214478,41.8567572214451,41.8576728725494,41.8576728725486,41.8576728725321,41.8576728725206,41.891061298826,41.953260206467,41.9191391950709,41.9191391950799,41.9191391950751,42.2440810053039,42.599600371657,42.6350556671633,42.6350556671564,42.6647379934411,42.8007092581208,43.382854223121,43.3828542231075,43.4053403637838,44.2484933062833,44.5395322557673,44.6815222931966,44.6815222931948
156,"CHN","China",0.687045919521771,0.687045919521812,0.688342612761588,0.693148498999235,0.693148498999188,0.7424629069359,0.742462906935776,0.742462906935629,3.93012905854326,3.93012905854482,4.23275039551692,4.23275039551761,4.2359837991382,4.23598379913862,4.43133872816662,4.43147521142136,4.43147521142092,5.04002878143677,5.0400287814451,5.57784421815315,5.57784421815404,5.59986236005606,5.59986236005787,5.59986236005762,8.49531609501324,8.49531609501276,8.49531609501412,8.49531609501447
170,"COL","Colombia",59.7113438242688,59.7113438243529,59.7126009413865,59.7257806789718,66.3061567772059,66.3489576383071,66.3507568205635,66.3898823379753,69.3622676195141,69.3683407277853,69.3702397269506,70.8497534359953,71.3112795126835,72.6943250107729,74.0565091509294,76.6316935002182,76.6460354151635,76.7179076992853,76.7859725509671,76.8635350515259,77.1162837111394,77.5197033074824,77.5250214915059,77.5976644569706,79.2345828561982,79.3470375346247,79.3647723980565,79.3647723980559
174,"COM","Comoros",0,4.10245298849361,4.10245298849361,4.10245298849361,4.10245298849361,4.10245298849361,4.10245298849361,4.10245298849361,4.10245298849361,4.10245298849361,4.10245298849361,4.10245298849361,59.9893318507835,59.9893318507835,59.9893318507835,59.9893318507835,100,100,100,100,100,100,100,100,100,100,100,100
184,"COK","Cook Islands",5.21905314708807,5.21905314708807,5.21905314708807,5.21905314708807,5.21905314708807,5.21905314708807,5.21905314708807,5.21905314708807,5.21905314708807,5.21905314708807,5.21905314708807,5.21905314708807,5.21905314708807,5.21905314708807,5.21905314708807,5.21905314708807,5.21905314708807,5.21905314708807,5.21905314708807,5.21905314708807,5.21905314708807,5.21905314708807,5.21905314708807,5.21905314708807,5.21905314708807,5.21905314708807,5.21905314708807,5.21905314708807
188,"CRI","Costa Rica",96.8373886233618,96.9424598645718,96.9424598639588,96.9424598639653,97.0341104641406,97.0341104641576,97.0341104641135,97.7054258248606,97.7054258248435,97.7054258248559,97.7054258248465,97.7054258248429,97.7054258248447,97.7054258248453,97.7054258248665,97.9829964227318,97.9829964227359,97.9829964227359,97.9829964227482,97.9829964227518,97.9829964227671,97.9829964227676,97.9829964227712,97.9829964227723,97.9829964388488,97.9829964388394,98.0905368131365,98.0905368131365
384,"CIV","Cote d'Ivoire",93.4172662056271,93.4172662055418,93.41726620555,93.4172662055635,93.4172662055365,93.4172662055212,93.41726620567,93.4172662056371,93.4172662057306,93.4172662056594,93.4172662057012,98.0621230207482,98.0621230207447,98.0621230207412,98.0621230207065,98.0621230207047,98.0621230206959,98.0621230087759,98.0621230087541,98.0621230087471,98.0621230087371,98.0621230087359,98.0621230087323,98.0621230087335,98.0621230087323,98.0621230087329,98.0621230087329,98.0621230087329
191,"HRV","Croatia",46.5338224214637,47.5269054461394,47.6314237627919,47.6366943979091,48.1754112245662,55.0253650541157,55.0630994936244,55.9638513156518,55.9694982367719,56.205286647086,56.2052866470879,56.2052866471269,58.0203686931198,58.0203686931221,58.0203686931373,58.0203686931362,58.0361253442506,63.0879549393141,63.0879549393112,100,100,100,100,100,100,100,100,100
192,"CUB","Cuba",0,0,0,0,0,0,0,58.4816873489951,62.5511336722365,62.5511336724141,62.5511336723018,62.5511336722588,62.5511336722835,62.5511336723047,63.1012086712541,63.1012086712594,68.3619201773294,68.3619201752059,69.3026539624276,69.3026539624735,69.3026539625512,69.3026539625524,69.3026539625871,69.3026539625924,69.302653962597,69.3026539626035,69.3026539626035,69.3026539626041
531,"CUW","Curacao",11.1347063654456,11.1347063654264,11.1347063654301,11.1347063654332,11.1347063654271,11.1347063654241,11.1347063654584,11.1347063654524,11.1347063654732,11.1347063654572,11.1347063654672,11.1347063654709,11.1347063654685,11.1347063654675,11.1347063654414,11.1347063654402,11.1347063654335,11.1347063654425,11.1347063654257,33.8656230733192,33.8656230733104,33.8656230733094,33.8656230733064,33.8656230733071,39.1430650721745,39.1430650721751,39.143065072175,39.1430650721749
196,"CYP","Cyprus",42.0210173351315,42.0210173351315,42.1016088382701,42.1016088382701,42.1583155446001,42.1583155446001,42.9000459845309,43.8245799274791,43.8245799274791,45.1876634240464,48.0300961598413,59.6229682850523,59.6229682850523,86.9723748034653,98.0446431706594,98.3915164979288,98.3915164979288,100,100,100,100,100,100,100,100,100,100,100
203,"CZE","Czech Republic",85.2426213009829,85.3214610787218,85.3882379328235,85.46136103342,85.6349448940682,86.174041489637,86.2194357854223,86.24905406036,86.2935817017424,86.2941412465906,99.0087290921324,100,100,100,100,100,100,100,100,100,100,100,100,100,100,100,100,100
180,"COD","Dem. Rep. Congo",49.2558652398788,49.2558652398943,49.418621391694,49.4186213916949,49.4186213916995,49.4186213917021,49.4186213916758,49.4186213916727,49.4186213916627,49.4186213916746,49.4186213916666,49.4186213916633,52.6248288434222,59.4721675628441,72.6508678535647,72.6508678535682,72.6508678535712,72.65086799188,72.9054896006206,72.9054896006265,72.9054896006294,72.9054896006312,75.0975545684706,79.7540927323618,79.7540927323635,79.7540927323624,79.7540927323624,79.7540927323618
208,"DNK","Denmark",78.9648102464612,78.9650954278535,79.0591585802724,79.0592017666776,79.0793695969329,79.09563523835,79.1240832689482,79.2057712782065,79.3152024912671,79.3617364212553,79.4855227315659,79.5172941902788,79.5277587287729,79.6857690867241,79.7130146532759,80.2567295783741,80.3075394961929,84.64341490835,84.6568074617882,84.6738935624041,84.6858044181424,84.6858044181424,84.7623435567771,84.7843163813594,84.7843163813594,84.7843163813594,84.7843163813594,84.7843163813594
262,"DJI","Djibouti",0,0,0,0,0,0,0,0,0.448903443799805,0.448903443799805,0.448903443799805,0.448903443799805,0.448903443799805,0.448903443799805,0.448903443799805,0.448903443799805,0.448903443799805,0.448903443799805,0.448903443799805,7.807073053711,7.807073053711,7.807073053711,7.807073053711,7.807073053711,7.807073053711,7.807073053711,7.807073053711,7.807073053711
212,"DMA","Dominica",85.0274644240624,85.0274644240641,85.0274644240718,85.0274644240718,85.0274644240723,85.02746442407,85.0475565751253,85.0475565751306,85.0475565751206,85.0475565751229,85.04755657511,85.0475565751094,85.0475565751082,85.0475565750853,85.0475565750871,85.0475565750871,85.0475565750871,85.0475565752335,85.0475565752388,85.0475565752388,85.0475565752376,85.0475565752406,85.0475565752406,85.0475565752441,85.0475565752447,85.0475565752424,85.047556575243,85.047556575243
214,"DOM","Dominican Republic",52.3656226669717,52.3656226670729,52.365622667055,52.3656226670441,52.3656226670764,52.3656226670946,52.3656226669167,52.3656226669463,54.5224975422719,54.5224975423509,96.4717659152529,96.4717659152518,96.4717659152529,96.4717659152571,96.4717659152694,97.7182431344153,97.7182431344165,98.0775951389947,98.0775951389982,98.4794858675412,98.971888154097,98.9718881540959,98.9755916555729,98.9755916555729,98.9755916555729,98.9755916555729,98.9755916555729,98.9755916555729
218,"ECU","Ecuador",32.9363396096326,32.9363396096778,42.2059567535794,42.2059567535875,42.2082932064736,46.5469473447896,47.7276601696342,53.7369832888491,54.5461918436745,61.8023713824606,72.5343017890735,72.5343017890394,72.5989831877194,72.5989831877276,72.60048119837,72.6004811983847,75.2927585024082,75.3902771847429,76.2286536641688,76.2286536642053,76.8460853969135,76.8460853969176,76.86184676345,77.3918602734312,77.3918602734371,77.3918602734453,77.3918602734447,77.3918602734441
818,"EGY","Egypt",2.34546911815629,7.45191672085229,13.6443004836995,13.6443004837295,17.2886346681364,17.3375993315712,17.3375993315717,17.3375993315447,30.572834218759,31.5826013735439,31.5826013735331,31.582601373531,31.5820255231854,42.4015429816865,42.4015429817012,42.4015429817161,42.4270814156506,42.4270814253786,42.4302208482518,42.4302208482552,42.4302208482539,42.4302208482483,42.4302208482471,42.4302208482459,42.4302208482459,42.4302208482461,42.4302208482452,42.430220848243
222,"SLV","El Salvador",0,0,0,0.161063458902472,0.161063458902419,0.161063458902504,0.161063458902887,0.161063458902996,0.161063458903641,0.161063458903428,0.16106345890368,35.8235458502731,35.8235458502831,36.7432080665204,37.559629051096,37.8880820576424,39.7134323722834,42.4302484418058,42.4382634631081,42.4778194041782,42.9101479943367,43.657849731745,43.9249402465459,44.1002580376302,44.116747583444,44.1681260302188,44.1681260302188,44.1681260302188
226,"GNQ","Equatorial Guinea",30.8063036729731,30.8063036729156,30.8063036729289,30.8063036729384,30.8063036729204,30.8063036729104,100,100,100,100,100,100,100,100,100,100,100,100,100,100,100,100,100,100,100,100,100,100
232,"ERI","Eritrea",0,0,0,0,0,0,0,0,0,0,0,0,0,0,0,0,0,0,0,0,0,0,0,0,0,0,0,0
233,"EST","Estonia",3.68707446140699,3.68707446140699,3.68707446140699,22.5458600304217,22.5458600304217,22.7486643717247,22.7580589121862,22.9524109630849,22.9524109630849,24.8153656716285,78.9608958498353,88.6384030584071,97.8327629920182,100,100,100,100,100,100,100,100,100,100,100,100,100,100,100
748,"SWZ","Eswatini",19.9199270253338,19.9199270253342,19.9199270253336,19.919927025334,19.9199270253327,19.9199270253328,19.9199270253315,19.9199270253328,19.9199270253312,19.9199270253315,19.9199270253282,19.9199270253278,19.9199270253275,19.9199270253261,19.919927025327,19.919927025327,19.9199270253262,19.919927027435,19.9199270274358,20.2055888885479,20.2055888885479,21.2557062079055,21.2557062079075,21.2557062079075,21.2557062079078,21.2557062079077,21.2557062079079,21.2557062079079
231,"ETH","Ethiopia",41.7872006065572,41.7872006065636,41.7872006065584,41.7872006065589,41.9569710365632,41.9569710365636,42.5263022713274,42.5263022712969,42.5263022713063,42.6443135249792,42.6443135249717,43.4975912764883,45.2127631287327,45.7935877071994,45.7935877071984,45.7935877071952,46.9618954262475,60.3027076405976,60.6310330634835,61.5191676447959,61.5191676447947,62.0884985563177,62.2825632211947,64.5961486519859,64.5961486519835,64.5961486519847,64.5961486519859,64.5961486519859
234,"FRO","Faeroe Islands",0,0,0,0,0,0,0,0,0,0,0,0,0,0,0,0,0,0,12.8383344248273,12.8383344248273,12.8383344248273,12.8383344248273,12.8383344248273,12.8383344248273,12.8383344248273,12.8383344248273,12.8383344248273,12.8383344248273
238,"FLK","Falkland Islands",2.62882083150025,2.62882083150025,2.62882083150025,2.62882083150025,2.62882083150025,2.62882083150025,2.62882083150025,3.15238287237765,3.15238287237765,3.15238287237765,3.15238287237765,3.15238287237765,3.15238287237765,3.15238287237765,3.15238287237765,3.15238287237765,3.15238287237765,3.15238287237765,3.15238287237765,3.15238287237765,3.15238287237765,3.15238287237765,3.15238287237765,3.15238287237765,3.15238287237765,3.15238287237765,3.15238287237765,3.15238287237765
242,"FJI","Fiji",6.59136863748782,6.59136863748753,6.59136863748735,6.73679924003929,6.73679924003929,6.73679924003906,6.81373348381547,6.81373348381547,6.81373348381447,6.81373348381441,6.890947234464,6.89094723446388,8.95548720864747,8.95548720864459,8.95548720864335,8.95548720864341,8.95548720864282,8.95548720866688,8.95548720866706,8.95548720866682,8.95548720866788,8.955487208668,8.95548720867012,8.95548720867288,8.95548720867306,8.95548720867465,8.95548720867459,8.95548720867453
246,"FIN","Finland",47.0627171209313,47.1168948980696,47.1755930083727,47.2707306718591,54.7480309807379,54.8043002978102,54.9252601110804,55.0031772604169,55.1329816708395,55.2413095286021,57.6131152290744,58.1923301781248,58.2809002661112,58.3562293836188,58.4739887031129,58.5538018757835,58.6469695892938,58.771363523359,58.8689064334347,58.9802580366818,60.1067474018747,72.1781366324029,72.2524214487806,73.0065603902653,73.0915754899276,73.2383067630365,73.3680863522371,73.3769128407747
250,"FRA","France",70.8444922911606,72.9426631390206,74.9937738560629,75.0573025727847,78.5651622307412,80.1850890073724,80.1981465654435,83.4045409462159,83.4239309510171,83.7680616134659,86.9861409993224,87.3045149289241,89.4765292493194,92.3646368847735,94.4000432108924,99.0490412346353,99.3957020192012,99.9819688961994,99.9819688961994,99.9819688962,99.9819688962,99.9820366045071,99.9820366045071,99.9820366045065,99.9820366045065,99.9820366045065,99.9820366045065,99.9820366045065
258,"PYF","French Polynesia",5.30397967507402,5.30397967507402,5.30397967507402,5.30397967507402,5.30397967507402,5.30397967507402,5.30397967507402,5.30397967507402,5.30397967507402,5.30397967507402,5.30397967507402,5.30397967507402,5.30397967507402,5.30397967507402,10.0629183384048,10.0629183384048,10.0629183384048,10.0629183384048,10.0629183384048,10.0629183384048,10.0629183384048,10.0629183384048,10.0629183384048,10.0629183384048,10.0629183384048,10.0629183384048,10.0629183384048,10.0629183384048
266,"GAB","Gabon",16.2043822973022,16.2043822972041,16.2043822972267,16.2043822972427,18.7125008127711,18.7125008127508,18.7125008129514,18.7125008129218,85.4877347523853,85.4877347523765,85.4877347523782,85.48773475238,85.4877347523788,93.5676519037571,93.5676519038035,94.0898905258129,94.0898905258229,94.0898905808182,94.0898905808453,94.0898905808547,94.0898905808665,94.0898905808688,94.0898905808729,95.2368900172353,95.2368900172377,95.2368900172365,95.2368900172365,95.2368900172365
270,"GMB","Gambia",11.2537304621668,11.2537304621611,13.5689739536071,13.5689739536128,13.5689739536015,13.5689739535955,13.5689739536555,13.5689739536394,13.5689739536784,41.197008447979,41.1970084479668,41.1970084479624,41.1970084479655,42.5511479808294,42.8790417925082,42.8790417925102,42.8790417925196,42.8790418163814,42.8790418164052,42.8790418164133,90.8119208678723,90.8119208678776,90.8119208678935,90.8119208678906,90.8119208678959,90.8119208678935,90.8119208678929,90.8119208678929
268,"GEO","Georgia",9.30579712033894,17.8215729982131,18.3043821862882,18.3726098690194,20.7361933307981,20.7361933307978,20.7361933307992,20.7361933307986,20.7361933307982,32.757522552698,32.7575225526998,32.7575225527006,34.1014047535228,44.6109180587808,44.6109180587758,44.6109180587739,44.6109180587745,46.3404808132929,46.9644085341641,47.0906477388099,53.965345173875,53.9653451738746,54.0102489318753,54.0102489318764,54.0102489318772,54.0488050746411,54.0488050746408,64.9344475436623
276,"DEU","Germany",83.2989417135447,91.2661149520929,95.167010980983,100,100,100,100,100,100,100,100,100,100,100,100,100,100,100,100,100,100,100,100,100,100,100,100,100
288,"GHA","Ghana",82.3258125231494,82.3258125232129,82.3258125231959,82.3258125231853,82.3258125232077,82.3258125232188,82.3258125231035,82.3258125231453,82.3258125230647,82.8326488800712,82.8326488800347,82.8326488800235,82.8326488800318,82.8326488800353,82.8326488801259,82.8326488801312,82.8326488801535,82.8326489923076,82.8326489923665,82.8326489923876,82.8326489924135,82.8326489924176,82.8326489924276,82.8326489924276,82.8326489924318,82.83264899243,82.8326489924294,82.8326489924294
300,"GRC","Greece",55.9626548146709,57.2252530157013,58.1670938115631,68.6516345423706,69.2101233911282,69.4278784736424,70.1567794107318,82.3214150035453,97.7394280460947,99.2516889553606,100,100,100,100,100,100,100,100,100,100,100,100,100,100,100,100,100,100
304,"GRL","Greenland",100,100,100,100,100,100,100,100,100,100,100,100,100,100,100,100,100,100,100,100,100,100,100,100,100,100,100,100
308,"GRD","Grenada",11.4428519888581,11.4428519887895,13.1337443493885,13.1337443494028,13.1337443493781,13.1337443493635,13.1337443494966,13.133744349474,13.1337443495494,13.1337443494849,13.133744349517,13.1337443495313,13.1337443495207,13.1337443495039,13.1337443493968,13.1337443493922,13.1337443493644,13.1337443494862,14.5927943068196,14.5927943067954,14.5927943067605,14.5927943067578,14.5927943067474,14.5927943067532,14.5927943067512,14.5927943067529,14.5927943067529,14.5927943067528
320,"GTM","Guatemala",28.1434405177847,33.679231340058,36.9371295704835,42.8637501596448,43.5738189808768,43.9837506223659,44.2442493304742,44.6826844545557,44.8755970854369,44.8789621432876,45.6918310101832,45.7024769647892,47.0932200657517,47.8589615891969,47.9117836876759,48.5801589207689,48.8302995503925,48.8449437593386,48.9021466506514,49.0790199144869,49.3634648033884,49.3700523875761,49.4745432576298,50.055036898813,50.0843081381845,50.6086244023354,50.6086244023364,50.6086244023363
831,"GGY","Guernsey",0,0,0,0,0,0,0,0,0,0,0,0,0,0.256265718362363,0.256265718362363,0.256265718362363,0.256265718362363,0.256265718362363,0.256265718362363,0.256265718362363,0.256265718362363,0.256265718362363,0.256265718362363,0.256265718362363,0.256265718362363,0.256265718362363,0.256265718362363,0.256265718362363
324,"GIN","Guinea",64.9124765161141,64.9124765161476,64.9124765161394,64.9124765161341,64.9124765161447,64.9124765161506,64.9124765160935,64.9124765161041,85.7249028788176,85.7249028787447,85.72490287879,88.1931783862853,88.1931783862724,88.1931783862588,88.1931783861171,88.19317838611,88.1931783860741,88.1931783134488,88.1931783133588,88.1931783133288,88.1931783132882,88.1931783132835,88.1931783132694,88.1931783132724,88.1931783132682,88.1931783132706,88.1931783132706,88.1931783132659
624,"GNB","Guinea-Bissau",28.0752326034,28.0752326033523,28.0752326033642,28.0752326033721,28.0752326033563,28.0752326033478,68.0873802018482,68.0873802018382,68.0873802018624,68.0873802018447,68.0873802018553,68.0873802018388,68.0873802018359,100,100,100,100,100,100,100,100,100,100,100,100,100,100,100
328,"GUY","Guyana",1.46189462137767,1.46189462137449,10.362291853641,10.3622918536446,10.3622918536377,10.3622918536338,10.3622918536721,10.3622918536672,10.3622918536897,10.3622918536712,10.3622918536809,10.3622918536852,10.3622918536824,25.0985811580367,25.0985811579635,25.0985811579604,25.0985811579415,56.4527917071156,56.4527917071972,56.4527917072239,56.4527917072615,56.4527917072651,56.4527917072776,56.4527917072738,56.452791707277,56.4527917072754,56.4527917072753,56.4527917072753
332,"HTI","Haiti",11.5126461365251,11.5126461364904,11.5126461365012,11.5126461365072,11.5126461364969,11.5126461364882,11.5126461365431,11.512646136527,11.5126461365528,11.512646136528,11.5126461365403,11.5126461365462,11.5126461365421,11.5126461365364,11.5126461364928,11.5126461364945,11.512646136481,11.5126461366822,11.5126461366545,17.6568411119801,40.3372210342681,41.1703345997585,41.1703345997593,53.6524889773271,53.6524889773296,53.6524889773331,53.6524889773329,58.6323252093848
336,"VAT","Holy See",0,0,0,0,0,0,0,0,0,0,0,0,0,0,0,0,0,0,0,0,0,0,0,0,0,0,0,0
340,"HND","Honduras",58.1515367186809,58.1515367187395,58.1515367186679,58.1515367186617,58.1515367186801,62.3752137336018,62.3752137339988,62.3752137340159,62.3752137339512,62.3752137339947,62.3752137339641,64.1708342844571,67.9577970010859,67.9577970010888,67.9577970011482,67.9577970011512,68.7576708875512,68.7576708875388,75.3212636081512,75.6571360903612,75.6571360903771,75.6761648753547,77.8672326388065,77.8699168406541,77.8880935792318,77.8959677231612,77.8959677231606,77.8959677231606
344,"HKG","Hong Kong",100,100,100,100,100,100,100,100,100,100,100,100,100,100,100,100,100,100,100,100,100,100,100,100,100,100,100,100
348,"HUN","Hungary",40.0447431094043,40.0447431094043,43.1015376765686,52.9414965908048,54.3065019504645,54.7970788499486,54.8055369479879,54.8056233142686,57.5577229750987,57.5579895461307,100,100,100,100,100,100,100,100,100,100,100,100,100,100,100,100,100,100
352,"ISL","Iceland",22.8653589105198,22.8653589105198,22.8999758850542,22.8999758850542,22.9000850280369,22.9157217965215,22.9166764137042,24.0058306982493,24.0079591284989,24.4157996125075,25.8830213682949,28.4413595949935,28.4459375557401,28.6040562666765,28.6040562666765,76.8142249334953,76.8142249334953,76.9830296686176,77.0524811620471,77.8282304978776,77.8331357950941,77.8331357950941,78.3127563919724,78.3127563919724,78.3127563919724,78.3127563919724,80.8541874963571,80.95793392434
356,"IND","India",0.154222798960737,0.154222798960552,0.154222798960616,0.15422279896069,0.154222798960638,0.154222798960604,0.154222798960849,0.154222798960811,2.03950226364462,2.03950226365834,2.03950226364894,2.05981270675367,2.05991766764019,2.05991766764169,2.05991766766426,2.05991766766528,2.05991766767099,2.05991766775255,2.06436140417092,2.06436140417541,2.06436140418244,2.06436140418275,2.06436140418569,2.0643614041858,2.06436140418626,2.06436140418654,2.06436140418657,2.06436140418654
360,"IDN","Indonesia",80.5967491024394,80.5967491025853,80.5967491025471,81.5211299617724,81.5220357039253,81.5500706313412,81.983203459437,81.9832098286888,83.09556126211,83.0958216633076,83.0966210684382,83.0966210684129,83.2509859478747,83.25098594789,83.2509859480718,83.2652930323724,83.2652930324182,83.3315726078653,83.3315790605288,83.3317488338347,83.3317488338959,83.3317488339823,83.3317488340041,83.3317488340024,83.3317488340053,83.3317488340071,83.3317488340065,83.3317488340065
364,"IRN","Iran",28.8798012238209,29.4260300340926,30.0223004940404,30.0237340030768,30.0237340030742,30.0305257466989,31.0113289612686,33.9883951522842,35.1763547847636,35.2276973710804,35.2276973710781,35.2276973710762,35.2235222890696,35.2235222890762,35.2235222890781,35.2235222890781,35.2298669388438,35.2328582269082,35.2328582269062,35.2328582269067,35.2328582269069,35.2328582269041,35.2328582269088,35.2328582269069,35.2328582269065,35.2328582269075,35.2328582269038,35.2328582269039
368,"IRQ","Iraq",0,0,0,0,0,0,0,0,0,1.18299443430298,1.18299443430262,1.18299443430267,1.17445575174595,17.6201850799414,17.6201850799341,17.6201850799261,17.6201850799258,17.6201850750335,17.6201850750541,33.9560948210804,49.7946450875947,49.7946450876036,49.7946450876052,49.7946450876064,49.7946450876059,49.7946450876053,49.7946450876065,49.7946450876098
372,"IRL","Ireland",55.8007963331142,57.1141938053607,58.5759809194097,58.5759809194097,58.5759809196064,58.5759809196064,58.5759809196064,58.5759809196064,58.5864058279134,59.5043309689706,59.5043309692065,62.8125663253394,64.1327444173129,77.1276869863288,77.1621312756547,77.1985135583818,77.2980489045294,77.4022828443106,77.4022828443106,77.4022828443106,77.4022828443106,77.4022828443106,77.81147078935,78.6049625580729,79.5030934921594,81.8186232688053,82.8645411593712,82.8645411593712
833,"IMN","Isle of Man",3.37193955795004,3.37193955795004,6.92822877107418,6.92822877107418,6.92822877107418,6.92822877107418,7.10251505493171,7.52058632665153,7.52058632665153,7.52058632665153,8.16040117465453,10.1423346145868,10.657073510303,10.9624635932062,21.9331223491311,22.5978189288624,22.5978189243611,23.1377022997333,23.2831318679266,23.3234824503871,23.3234824503871,23.3234824503871,23.3234824503871,23.3234824503871,23.3234824371511,23.3234824371511,23.3234824371511,23.3234824371511
376,"ISR","Israel",35.216919750827,35.2230589256941,35.3995162417276,35.4068414065598,35.4068414065582,35.4739523805232,35.6070868006544,36.374603973235,36.6187850839895,38.9267288555831,40.0366247618329,42.6817461166469,42.6971396110098,43.5484644978056,43.9558774823264,45.0482794827023,45.9435452733021,46.4867897091114,46.5049657528569,46.9167495936116,47.3552354162104,47.3690194811456,47.8362379374189,48.4028937904816,49.8363302645405,51.1277670849487,51.12776708495,51.1277670849486
380,"ITA","Italy",42.5664615738054,44.6843807025832,49.4953332007908,54.3105146709702,61.0665322627606,64.5805224518424,66.3319203413865,66.5257645820712,67.0684906521576,72.3722636808935,75.9878715498118,83.4311640469188,84.9201676447588,88.5079490327959,88.6355605247247,92.8852919459853,92.9776104266906,92.9776104267112,93.13150898388,93.3282072894765,94.7975957975847,98.0682707215053,100,100,100,100,100,100
388,"JAM","Jamaica",31.5692767857371,31.5692767856699,31.5692767846185,56.8580685847451,57.0127639999111,96.4129505444741,96.4129505444276,96.4129505444359,96.4236195280941,96.4236195281165,96.4236195281059,96.4728456137288,96.4797756506759,96.4797756506823,96.4797756507194,96.4797756510524,96.4797756516318,96.4797756515853,96.4797756516076,96.4797756516153,96.6584672151265,96.658467215127,96.8550900650753,96.8550900650729,96.8550900650735,96.8550900650724,96.8550900650724,96.8550900650724
392,"JPN","Japan",100,100,100,100,100,100,100,100,100,100,100,100,100,100,100,100,100,100,100,100,100,100,100,100,100,100,100,100
832,"JEY","Jersey",91.2387127796206,91.2387127796206,91.3502283420835,91.3502283420835,91.3502283420835,91.3502283420835,91.3502283432559,91.3502283432559,91.3502283432559,91.3502283432559,91.3502283432559,91.3502283432559,91.3502283432559,91.61939535723,91.61939535723,93.0153668715124,93.0153668715124,93.0159655412653,93.0159655412653,93.0159655412653,93.0159655412653,93.0159655412653,93.0159655412653,93.0159655412653,93.0512683684124,93.0512683684124,93.0512683684124,93.0512683684124
400,"JOR","Jordan",4.5813357808068,4.58133578080699,4.58133578080736,4.58133578080714,4.58133578080715,4.5813357808071,4.58133578080672,4.58133578080685,4.58133578080663,4.58133578080664,4.81877986188886,4.81877986188882,4.81871258095098,4.8187125809505,4.81871258095034,4.81871258095051,5.39328111494484,5.83256617868432,6.45308177462553,6.61101978076318,6.61101978076335,6.61101978076353,6.75884482856012,6.75884482856053,14.5319268842426,14.5319268842429,14.5319268842434,14.5319268842428
398,"KAZ","Kazakhstan",5.04125261927488,5.04125261927481,9.98106258625371,9.98106258625323,10.6614062731903,10.6614062731899,11.1052669277823,30.7032450047762,30.7032450047764,33.7899122735537,34.2062113228409,44.2653030429022,44.6858285816995,46.3871052712272,46.4850487276085,49.7771742863552,49.7988837451522,50.3035080398428,52.1990438541724,52.1990438541724,52.1990438541763,52.1990438541763,52.1990438541735,52.1994764535382,52.7736976035807,52.7736976035812,52.7736976035799,52.7736976035799
404,"KEN","Kenya",58.2926372649045,58.7004308940789,58.7004308941136,58.7004308941346,58.7004308940949,58.7211225223409,59.8083597460082,59.9939930917847,60.2451012658329,60.2451012657271,60.5426600431276,60.5743376601994,60.7126992296653,60.7126992296424,60.8388659148971,61.0587247749253,61.3993369064794,62.2597576446582,67.3560497615388,67.3560497615188,67.3560497614924,67.35604976149,67.3560497614806,67.356049761483,67.35604976148,67.3560497614806,67.5196381457441,67.5196381457441
296,"KIR","Kiribati",35.4293845327744,35.4293845327744,35.4293845327744,35.4293845327744,35.4293845327744,100,100,100,100,100,100,100,100,100,100,100,100,100,100,100,100,100,100,100,100,100,100,100
689,"XKX","Kosovo",4.7586868041798,4.7586868041798,4.7586868041798,4.7586868041798,4.7586868041798,4.7586868041798,4.7586868041798,4.7586868041798,4.7586868041798,4.7586868041798,4.7586868041798,4.7586868041798,4.7586868041798,4.7586868041798,4.7586868041798,4.75868680417968,4.75868680417961,4.87256114090849,57.2689004374765,57.2689004374764,57.4696746404484,61.93900769459,61.96494344375,61.9649434437482,61.9807172338459,62.0274268794071,62.0274268794076,62.0274268794071
414,"KWT","Kuwait",11.6302533997318,11.6302533997318,11.6302533997318,17.6965412298794,17.6965412298794,17.6965412298794,17.6965412298794,17.6965412298794,17.7038958846798,17.7038958846798,17.7038958846798,17.7038958846798,17.7038958846798,17.7038958846798,17.7038958846798,17.7038958846798,31.3544917909018,98.0332550350523,98.0332550350523,98.0332550350523,98.0332550350523,98.0332550350523,98.3594335653888,98.3594335653888,98.3594335653888,98.3594335653888,98.3594335653888,98.3594335653888
417,"KGZ","Kyrgyzstan",18.3698296318002,20.9033939372257,22.0225239588809,22.0225239588809,22.0225239588813,22.0225239588814,22.0225239588812,22.0225239588812,22.0225239588814,22.0225239588818,22.0225239588819,22.1682119379262,22.1682119379281,22.1682119379282,22.1682119379286,22.168211937928,22.168211937928,22.3286059602624,22.3286059602623,22.3286059602622,22.328605960263,22.3286059602626,22.3286059602617,22.3286059602618,22.3286059602614,22.3286059602614,22.3286059602601,22.3286059602602
418,"LAO","Laos",80.4820242931465,80.4820242931624,82.4110152131359,82.4110152131276,82.4110152131288,82.4110152131353,82.4110152131388,82.41101521314,82.4110152131712,82.4110152131724,82.41101521319,82.7260540666224,83.4191642440153,83.4191642440294,85.2587764282412,85.9265243448065,85.9265243448094,87.8168426405647,89.9987748288182,89.9987748288188,89.9987748288153,89.9987748288153,89.9987748288088,89.9987748288006,89.9987748288006,100,100,100
428,"LVA","Latvia",38.6268225200828,38.8396944489212,38.8396944489212,81.3914580613894,81.3914580613894,86.8952061972382,86.8952061972382,87.00925754124,91.3735236078888,91.3957366086829,100,100,100,100,100,100,100,100,100,100,100,100,100,100,100,100,100,100
422,"LBN","Lebanon",0.981211305927529,1.27048843458701,6.68957727315424,6.68957727315424,6.68957727315424,8.80748882680188,8.80748882680188,8.81942311246135,8.81942311246135,8.81942311246135,8.81942311246135,8.81942311246135,8.81942311246135,8.81942311246135,8.81942311246135,8.81942311246135,10.1659874483161,10.223444306875,10.223444306875,10.223444306875,10.2346902156669,10.2346902156669,10.2346902156669,10.2346902156669,10.2346902156669,10.2346902156669,10.9513180463504,10.9513180463504
426,"LSO","Lesotho",2.74252918620034,2.74252918620034,2.74252918620034,2.74252918620034,2.74252918620034,2.74252918620034,2.74252918620034,2.74252918620034,2.74252918620034,2.74252918620034,2.82607100517405,2.82607100517405,2.82607100517405,2.82607100517405,2.82607100517405,2.82607100517405,2.82607100517405,2.82607100517405,2.82607100517405,2.82607100517405,2.82607100517405,2.82607100517405,2.82607100517405,2.82607100517405,2.82607100517405,2.82607100517405,2.82607100517405,2.82607100517405
430,"LBR","Liberia",5.34997813470773,5.34997813467324,5.34997813468128,5.34997813468692,5.3499781346761,5.34997813467011,5.34997813472934,5.34997813471948,5.34997813475532,55.2493023092634,55.2493023091328,55.2493023090784,55.7445781661383,55.7445781661894,55.7445781665773,55.7445781665946,55.7445781666944,55.7445781669335,55.7445781671763,55.7445781672532,55.7445781673662,55.7445781673749,55.7445781674113,55.7445781673965,55.7445781674032,55.7445781673997,55.7445781673997,55.7445781673999
434,"LBY","Libya",4.86408903132524,4.86408903132581,4.86408903132979,4.86408903133442,4.86408903133505,4.86408903133471,4.86604779480124,4.86604779480094,4.86604779480328,4.86604779480258,4.86604779480389,4.86604779480181,4.86115905985898,4.86115905985588,4.86115905985272,4.86115905985382,4.86115905985494,4.86115905995005,4.86115905995072,4.86115905995045,4.86115905995378,4.86115905995531,4.86115905995711,4.86115905996116,4.86115905996232,4.86115905996223,4.86115905996157,4.86115905996223
438,"LIE","Liechtenstein",89.5308318761106,89.5308318761171,89.5308318761165,89.5308318761147,89.5308318761106,89.5308318761123,90.93806635732,90.9380663573229,90.9380663573253,90.9380663573312,90.9380663573253,90.93806635732,90.9989841622,90.9989841621982,90.99898416221,90.99898416221,90.9989841622059,90.9989841622012,90.9989841622024,90.9996613585641,91.0937253629612,91.0937253629571,91.0937253629582,91.0937253629553,91.0937253629506,91.0937253629465,91.0937253629353,91.0937253629359
440,"LTU","Lithuania",78.2428948519212,78.2428948519212,78.2428948519212,78.2428948519212,78.7122479672924,78.7122479672924,78.7122479672924,78.7122479672924,79.7299197476753,79.7299197476753,94.5790956755829,96.6352318035141,96.7275479830365,96.7275479830365,96.7275479830365,98.638833885613,98.7463788075941,98.77740361204,98.7883604951847,98.7883604953512,98.9352072770194,98.9739541124377,98.9739541124377,98.9739541124377,99.09153197718,99.5160914475771,99.6502773456135,99.6502773456135
442,"LUX","Luxembourg",100,100,100,100,100,100,100,100,100,100,100,100,100,100,100,100,100,100,100,100,100,100,100,100,100,100,100,100
446,"MAC","Macao",0,0,0,0,0,0,0,0,0,0,0,0,0,0,0,0,0,0,0,0,0,0,0,0,0,0,0,0
450,"MDG","Madagascar",14.8729284085518,14.8729284085143,14.8729284085234,26.2737497339799,27.6590669019984,27.6590669019931,27.6590669020581,27.6590669020475,27.6590669020921,30.1528497326607,30.1528497326815,30.1835987346364,30.1861073936542,30.2260900013768,30.2275560503178,30.9042050301725,32.1409622542684,32.1409622543249,35.0000549251954,35.0000549251937,35.0000549251929,35.1633339275368,35.1633339275388,38.4418652485274,38.4418652485279,38.4418652485301,38.44186524853,38.4418652485299
454,"MWI","Malawi",73.3773193111094,73.3773193111082,99.9840757973129,99.9840757973129,99.9840757973129,99.9840757973129,99.9840757973129,99.9840757973129,99.9840757973129,99.9840757973129,99.9840757973129,99.9840757973129,99.9840757973129,99.9840757973129,99.9840757973129,99.9840757973129,99.9840757973129,99.9840757972459,99.9840757972459,99.9840757972459,99.9840757972459,99.9840757972459,99.9840757972459,99.9840757972459,99.9840757972459,99.9840757972459,99.9840757972459,99.9840757972459
458,"MYS","Malaysia",16.2253497430753,16.2313215503382,16.2313402260622,16.6741305070365,16.6775184997319,17.0123184402538,23.5739960820476,23.8303866129543,28.1599322557035,28.2423184542994,28.2502076802001,29.6576308175289,30.3493954495046,34.0365856785149,50.9446260278366,51.4838773169479,56.7948019354419,57.4383462073694,58.2055115899444,62.5753121923976,79.2594597780153,83.9073117949229,84.01202423273,84.0120242327271,84.0120242327288,84.0120242327276,84.0120242327276,84.0120242327282
462,"MDV","Maldives",0,0,0,0,0,0,0,0,0,0,0,0,0.10433907186643,0.10433907186643,0.10433907186643,0.10433907186643,0.10433907186643,0.10433907186643,2.37883498522015,2.37883498522015,2.37883498522015,2.37883498522015,2.37883498522015,2.37883498522015,6.97672779746371,7.99436422114729,10.3575692949036,10.3575692949036
466,"MLI","Mali",15.5397260684111,15.5397260684125,15.5397260684385,15.5397260684497,15.5397260684492,15.5397260684484,15.5397260684439,15.6662980047761,16.2243635507778,16.2243635507762,60.4167348035218,60.4167348035282,60.8469606897547,60.9313625791371,60.9313625791176,60.9313625790982,61.2047288764412,61.2622815539782,61.5989773120871,61.8437036086788,61.8437036086818,61.84370360869,61.9958574560012,61.9958574560035,61.9958574560053,61.9958574560053,61.9958574560059,61.9958574560088
470,"MLT","Malta",31.5423698703938,32.5501436744902,87.3240741534318,87.3891188032406,87.3896971388041,88.7600980308229,93.2552969549818,100,100,100,100,100,100,100,100,100,100,100,100,100,100,100,100,100,100,100,100,100
584,"MHL","Marshall Islands",5.04569578986765,5.04569578986765,5.04569578986765,5.04569578986765,5.04569578986765,5.04569578986765,5.04569578986765,5.04569578986765,5.04569578986765,5.04569578986765,5.04569578986765,5.04569578986765,5.04569578986765,5.04569578986765,5.04569578986765,5.04569578986765,5.04569578986765,5.04569578986765,5.04569578986765,5.04569578986765,5.04569578986765,5.04569578986765,5.04569578986765,5.04569578986765,5.04569578986765,5.04569578986765,5.04569578986765,5.04569578986765
478,"MRT","Mauritania",2.83508639035189,2.83508639035159,2.83508639035332,2.83508639035451,2.83508639035465,2.83508639035481,2.89294283414982,2.89294283415019,2.89294283415122,2.89294283415092,2.89294283415039,2.89294283415038,2.89294283415032,2.89294283415116,2.89294283415173,2.95104209934939,2.95104209934944,2.95104210805359,2.95104210805262,2.95104210805301,2.95104210805308,2.95104210805296,2.95104210805304,2.95104210805306,2.95104210805325,2.95104210805326,2.95104210805321,2.95104210805314
480,"MUS","Mauritius",18.5620872915215,18.5620872915215,18.5620872915215,18.5620872915215,18.5620872915215,18.5620872915215,25.2982559980117,25.324137737409,25.324137737409,25.324137737409,25.7992811227036,25.7992811227036,25.7992811227036,26.5812439233755,26.5812439233755,26.5812439233755,26.5812439233755,27.7836382431284,27.7836382431284,27.7836382431284,27.7836382431284,27.7836382431284,27.7836382431284,27.7836382431284,27.7836382431284,27.7836382431284,27.7836382431284,27.7836382431284
484,"MEX","Mexico",16.8819217686429,19.2665138561571,19.8562549128135,22.9695222485315,24.8037263465212,25.077605220865,30.0138341080623,34.5062286318377,59.0512294082294,62.9493496029565,65.1472199951112,66.5865532100218,68.3702064767388,70.6895275735818,72.1365270097147,78.0528310746165,78.8605245043435,80.4456862091571,81.3836477590006,82.4102983947529,82.4385264564977,82.5680444599153,83.9697365646694,85.1627850753835,85.2278742971282,85.2337165857471,85.2337165857471,85.2337165857471
583,"FSM","Micronesia",0,0,0,0,0,0,0,0,0,0,0,0,0,0,0,0,0,0,0,0,0,0,0,0,0,0,0,0
498,"MDA","Moldova",50.3391008318698,50.3391008318695,50.4306372172293,50.4306372172295,50.4306372172301,50.4306372172299,52.1119178459388,52.1119178459382,52.1119178459379,62.5541849112865,62.5541849112829,63.4463787280035,63.4851623800159,63.4851623800124,63.4851623800176,63.4851623800194,63.4851623800188,63.4851623800165,63.4851623800182,63.4851623800182,63.4851623800194,63.48516238002,63.4851623800212,63.48516238002,63.4851623800194,63.4851623800159,63.4851623800165,63.4851623800159
492,"MCO","Monaco",0,0,0,0,0,0,0,0,0,0,0,0,0,0,0,0,0,0,0,0,0,0,0,0,0,0,0,0
496,"MNG","Mongolia",42.2874696053405,42.287469605336,53.4402221698781,55.2580947560555,58.5006736977506,58.5006925808082,62.8000528749359,62.8000528749329,64.7914740535918,66.5496514967735,67.0645679192294,67.0645679192282,67.7898982979094,67.7898982979165,67.78989829792,67.7898982979147,68.3215924754782,72.3637005059359,74.0078906358747,74.0078906358747,74.0078906358829,74.0078906358794,74.0078906358753,74.0584996954888,74.0584996954859,77.8816397211524,77.8816397211447,77.8816397211447
499,"MNE","Montenegro",53.4254682881859,53.4254682881859,53.4254682881859,53.4254682881859,53.4254682881859,53.4254682881859,53.4254682881859,53.4254682881859,53.4254682881859,53.4254682881859,53.4254682881859,53.4254682881859,53.4254682881859,53.4254682881784,53.5137534987831,64.2683190922847,64.2683190922865,64.2683190922888,64.2683190922941,64.2863872802606,64.2868856795347,74.4449940759359,74.4449940759394,76.9365301554053,76.9365301554059,86.0563150152153,86.0563150152141,86.0563150152153
504,"MAR","Morocco",2.15697563909994,2.15697563909978,2.1569756390996,2.15697563909901,2.15697563909914,2.15697563909912,2.15697563909941,2.15697563909938,2.15697563909909,2.15697563909916,6.16357814020171,7.55941395831029,9.48178640392341,9.48178640392453,10.3612355932225,10.3612355932216,10.3612355932199,10.3612355932179,10.3612355932172,10.3612355932172,10.3612355932142,10.3612355932115,10.3612355932098,10.3612355932063,10.3695442880486,10.5486188319989,10.5486188319959,10.5486188319957
508,"MOZ","Mozambique",95.1686143597406,95.1686143597594,95.1686143597429,95.1686143597341,95.1686143597435,95.1686143597471,95.2390270932547,95.2390270932606,95.8736528008312,96.3255064639071,96.3720854873023,96.3720854873,96.3720854873023,96.3720854873071,96.3720854873241,96.3720854873235,96.4098511844429,96.4937775103953,97.2641681010494,97.2641681010512,97.2641681010559,97.2641681010559,97.2641681010571,97.2641681010559,97.2641681010559,97.7209453133018,97.7209453133018,97.7209453133018
104,"MMR","Myanmar",4.51329556068066,4.5144513487072,4.56147147167614,4.56147147167643,5.98849088628453,5.98849088628229,5.98849088630171,6.07167891867359,6.72063336739259,7.32680380076224,10.5531487029894,11.0636574516624,11.0574095323805,11.0574095323719,11.0574095323031,11.0574095323001,14.295297297608,14.2952972977008,14.2952972976378,14.3369068965474,14.6517857495164,14.6517857495139,14.7468345287888,15.3879372456018,15.4730216998256,15.5406374310834,16.8307397911106,16.8307397911107
516,"NAM","Namibia",70.0798554181823,70.8350605631812,70.8350605631235,70.8350605630977,81.1194461080847,83.6435355921541,85.4313163149594,89.3775175835535,89.3775175834582,96.8116861661594,96.8384443455306,100,100,100,100,100,100,100,100,100,100,100,100,100,100,100,100,100
520,"NRU","Nauru",0,0,0,0,0,0,0,0,0,0,0,0,0,0,0,0,0,0,0,0,0,0,0,0,0,0,0,0
524,"NPL","Nepal",31.5865136890358,31.5865136890375,33.9891544208038,33.9891544208071,37.6274578184832,38.1555304975629,38.1555304975618,38.1555304975764,38.1654624633353,38.1873403777477,38.5756487439539,38.7649047796554,40.8194243235908,40.8194243235932,40.8203154584019,40.8308279446892,43.5173685624571,43.5173685491412,43.517368549137,43.5173685491351,43.5173685491338,43.5173685491064,45.6519792755261,45.6519792755188,45.6519792755166,45.6519792755164,45.6519792755081,45.6519792755087
528,"NLD","Netherlands",19.1887467759828,20.8902625320817,24.1633373150295,24.5589959128688,24.9119137421706,25.666580939486,76.9671391630959,76.9925551398524,79.5921675028147,79.6472915771394,84.2690325514965,84.5720564071847,84.7055636868288,84.7055636868241,84.8409636572182,84.9151806828147,88.4187005216629,88.6101262189406,88.6101262188759,93.50106070675,93.5010607069941,93.5010605059641,93.5010605061476,93.5010605062435,93.5010605062741,93.5010605062788,93.5010605062782,93.5010605062788
540,"NCL","New Caledonia",28.5886403334678,28.5886403334633,28.5886403334614,28.5886403334639,28.5886403334637,28.5886403334617,30.4536548887632,30.4536548887625,30.453654888749,30.4536548887485,30.4536548887408,30.4536548887399,30.4536548887385,30.4536548887321,100,100,100,100,100,100,100,100,100,100,100,100,100,100
554,"NZL","New Zealand",84.901725239533,84.9835092493594,85.0844094885312,85.4843081538953,85.82833915248,85.8443954552612,85.8769305015488,86.07595197721,86.1747961930541,86.7887226962459,86.8601976235218,86.949237575547,87.0535910574559,87.3693953184582,88.3185513674047,89.8041989201947,89.96722695224,90.0830598948906,90.1524598152882,90.3909688150906,90.4836841079829,90.9145470976782,90.9603741307341,91.1698252511094,91.2404335711418,91.2712104590612,91.2715773794759,91.2715773794759
558,"NIC","Nicaragua",77.0850496589771,77.0850496590459,77.1396960071694,77.3527465292747,77.3527465292982,80.8070531076553,80.8070531075412,88.2919262155359,88.2919262154729,88.2919262155065,88.2919262154788,88.2919262154706,88.3159708918106,88.3159708918106,88.3159708918612,88.3159708918665,88.3159708919259,88.3435834453847,88.3435834454188,88.3435834453629,88.3435834453824,88.3435834453888,88.3435834454012,88.34358344541,88.3435834454112,88.3435834454165,88.3435834454165,88.3435834454165
562,"NER","Niger",38.1928641312973,38.1928641312944,38.1928641313041,38.1928641313122,38.1928641313135,38.1928641313149,38.1928641313215,44.3694667530936,44.3694667530739,44.3694667530749,49.862428568495,51.6793247012632,51.6793247012648,51.6793247012705,51.6793247012696,51.6793247012677,51.6793247012679,51.6793248012444,51.6793248012541,51.679324801257,51.6793248012587,51.6793248012602,51.6793248012619,57.9533124374092,57.9533124374108,89.7797023683394,89.7797023683388,89.7797023683388
566,"NGA","Nigeria",57.2167570308551,57.2167570307112,57.216757030732,57.216757030749,57.2167570307021,57.3828975053343,57.5485214001787,57.5485214001267,57.5485214002815,57.5485214001604,57.5485214002371,57.5485214002652,57.5485214002469,57.5485214002277,62.0469553330859,62.0469553330747,62.0469553330288,62.0469552668735,62.0469552667647,62.0469552667265,62.0469552666741,62.0469552666694,62.0469552666524,62.0469552666571,62.0469552666518,62.0469552666547,62.0469552666547,62.0469552666553
570,"NIU","Niue",0,0,0,0,0,0,0,0,0,0,0,0,0,0,0,0,0,0,0,0,0,0,0,0,0,0,0,0
408,"PRK","North Korea",13.6521276396195,13.6521276396195,13.6521276396195,13.6521276396195,13.6521276396195,13.6521276396195,13.6521276396195,13.6521276396195,13.6521276396195,13.6521276396195,13.6521276396195,13.6521276396195,13.6521276396195,13.6521276396195,13.6521276396195,13.6521276396195,13.6521276396195,13.6521276396195,13.6521276396195,13.6521276396195,13.6521276396195,13.6521276396195,13.6521276396195,13.6521276396195,13.6521276396195,13.6521276396195,13.6521276396195,13.6521276396195
807,"MKD","North Macedonia",62.0893795648953,63.2241077691741,63.42143508076,64.5333172246,64.5487538649341,65.3295529317071,65.3295529316953,65.3295529316965,65.8889550737788,66.2153181327265,66.2153181327171,69.4403342490682,70.4076788317929,70.4259462208735,70.4259462208794,70.4259462208847,70.4259462208876,70.4868888374323,70.4868888374388,70.4868888374394,70.4868888374665,70.4868888374753,70.4868888374847,70.4868888374982,70.4868888374994,70.4868888374906,77.4402876889276,77.4402876889282
578,"NOR","Norway",69.2119671740371,69.2363413845353,69.3105203730941,69.3264914304565,69.3292581504282,69.4277627675365,70.25825644733,70.3054538669106,70.3999340542482,70.4288429891282,72.1390779678377,72.3743419781806,76.7519046367012,76.8403768761518,77.3038060886776,80.8312721864347,80.9078656179571,81.0925928944824,81.1704259235071,81.4118900204565,81.5871138692312,81.86573159291,82.0450496502253,82.4118369521029,82.8793114470694,83.1471639453394,83.2898861248688,83.2898861248682
512,"OMN","Oman",4.69625810500245,4.69625810500207,5.05473772314443,12.6638018918565,12.6638018918564,12.6638018918568,12.6638018918589,12.6638018918584,12.6638018918592,12.6638018918592,12.6638018918584,12.6638018918584,12.6638018918584,12.6638018918608,12.6638018918614,12.6638018918605,12.6638018918605,13.2249015077565,13.2249015077562,13.2249015077563,16.1751686019001,16.1751686019001,16.1751686018998,16.1751686018997,16.1751686018995,19.1178091471862,19.1187452126948,19.1187452126948
586,"PAK","Pakistan",54.1879349533188,54.1879349533855,54.2514983285202,54.2514983285056,54.2514983285265,54.2514983285406,54.2514983284244,54.4812743914271,55.0544590961728,55.0544590962265,55.0544590961952,55.0544590961833,55.0546943416273,55.0546943416382,55.0546943417274,55.0546943417258,55.0546943417521,55.0546943404163,55.0546943404795,55.0546943404976,55.0546943405249,55.0546943405214,55.0546943405315,55.054694340526,55.0546943405288,55.0546943405271,55.0546943405312,55.0546943405311
585,"PLW","Palau",4.32010195114446,4.32010195114446,4.32010195114446,7.01278632876824,8.04356195099223,8.09907818626782,8.09907818626782,8.09907818626782,16.6787295974494,16.6787295974494,16.6787295974494,24.0955746736517,24.0955746736517,24.1128095973463,46.5086054147814,51.1191584179449,51.1191584179449,51.1191584179449,51.1191584179449,51.1191584179449,51.1191584179449,53.0579096392178,53.0579096392178,53.0579096392178,53.0579096392178,53.0579096392178,53.0579096392178,53.0579096392178
591,"PAN","Panama",77.1517938840612,77.1517938840894,77.5089090908047,78.0319035084506,78.0319035084629,78.0319035084653,78.1991386062565,78.2907490239982,78.2907490239382,90.7801390079447,90.7801390078888,90.78013900787,90.7801390078788,90.7801390078841,90.7801390080041,90.90298982067,90.9029898208665,90.9029898208477,90.9029898209253,90.9029898209471,90.9029898209876,90.9072942991235,90.9072942991565,90.9072942994388,90.9072942994418,90.9072942994876,90.9072942994876,90.907294299487
598,"PNG","Papua New Guinea",6.58478039199706,6.584780391972,6.77995548115288,8.45352976606088,8.45352976604882,8.45352976604247,8.45352976610606,8.45405553019476,8.45405553023553,8.48715346444494,8.487153464463,8.48715346446982,8.48718809291571,8.98131385282871,9.050177545975,10.0211711813324,10.0211711813164,10.0211711556374,10.0211711555969,10.0211711555836,10.0211711555652,10.0211711555633,10.0211711555567,11.5695868498411,11.5695868498391,11.5695868498401,11.5695868498401,11.5695868498401
600,"PRY","Paraguay",17.4666087940449,17.8251241720794,17.8251241720928,17.825124172099,19.1811890848791,19.181189084879,19.1811890848782,80.9311878429571,80.9764696143982,81.1834244319859,81.6506254821829,81.7792091193653,81.9843118679577,82.3855753795406,83.2335027292747,83.3716917034141,83.5512142205694,83.7454812840406,83.8224927221453,83.9290619610318,84.0511689510977,84.0750923700624,84.0950605752347,84.09506057523,84.0950605752265,84.0950605752282,84.0950605752282,84.0950605752288
604,"PER","Peru",26.4808238142125,26.4808238142118,29.6071365611569,42.0972426876768,42.0972426876799,43.2475488457996,44.0500315195126,52.0654853727827,64.7206974974559,66.7989331663547,71.1667700522506,74.5851295630977,74.82826434889,74.9245506198753,75.45857845418,77.3735875878294,78.1255895300624,79.43938345807,79.45281952504,79.4730418502177,79.4805739414965,79.77170358581,80.1079279956718,80.6256923657753,81.5187533125394,82.2816467172159,82.2957952614912,82.2957952614912
608,"PHL","Philippines",43.1659773522522,43.166135320903,43.1661353209019,43.1661353209029,43.6347718244406,44.2444211457092,67.9709845712647,71.7437270384494,71.74372703845,73.0261685062612,73.0261685062671,75.2424366692659,75.2540941369076,75.5987006326906,75.5987006326882,78.2921655332888,78.2921655332853,78.9264563311459,78.9270758498541,78.9278180292,79.004518485303,79.0311565064018,79.0311565064,79.0311565064024,92.4326523742965,92.4326523742965,92.4326523742965,92.4326523742965
616,"POL","Poland",100,100,100,100,100,100,100,100,100,100,100,100,100,100,100,100,100,100,100,100,100,100,100,100,100,100,100,100
620,"PRT","Portugal",41.3315676613894,46.5450610840402,46.9684948940906,46.9690749089781,53.471847098478,75.5073928626459,75.9716003745641,75.9782563551171,75.9782563551177,85.20959126877,85.6265214068594,85.7668333421976,85.7742493460588,85.7784703855353,100,100,100,100,100,100,100,100,100,100,100,100,100,100
634,"QAT","Qatar",14.6831731258665,14.6831731258665,14.6831731258665,14.6831731258665,14.6831731258665,14.6831731258665,14.6831731258665,14.6831731258665,14.6831731258665,14.6831731258665,14.6831731258665,17.7803428319076,26.8328492726401,79.2846883374147,79.2846883374147,79.2846883374147,79.2846883374147,79.2846883374147,79.2846883374147,79.2846883374147,79.2846883374147,79.2846883374147,79.2846883374147,79.2846883374147,79.2846883374147,79.2846883374147,79.2846883374147,79.2846883374147
178,"COG","Republic of Congo",39.9743422077125,39.9743422077119,39.9743422077113,39.9743422077113,47.8156480483322,53.9164865997516,53.9164865997498,54.4163881199974,54.4163881199903,54.4163881199906,54.4163881199864,54.4163881199867,54.4163881199868,80.2765690689671,80.2765690689729,83.3296771488147,83.3296771488147,83.3296772947035,84.3471401099935,84.3471401099988,84.3471401099994,91.8292688823147,91.8292688823159,92.6540308024641,98.3039373721606,98.30393737216,98.30393737216,98.30393737216
642,"ROU","Romania",28.7389846605854,28.9477387465175,28.9485054716763,28.9690887224169,28.9690887224129,29.0359470181673,34.2829338175729,34.282933817576,34.2829338175782,34.282933817583,34.2829338175763,49.8380961648639,50.7562986328335,78.0080643863465,78.2206931784665,85.6727100725729,85.6727100729453,90.6377379237353,91.2964413686524,96.8389388942029,96.8389388942041,96.8389388942029,97.0548775616094,97.0548775616088,97.5612944970241,97.5634003940176,97.5634003940159,97.5634003940159
643,"RUS","Russia",25.2698419666819,27.7114155958419,33.5161097641204,35.6324156828809,36.1903967528914,40.2423030333718,47.459500833007,50.7790744360291,52.9344216775254,54.2576657023421,54.4396518939236,55.012950785757,55.309490779792,55.756221896656,55.892940196793,56.9865512720367,58.3533542702575,58.8832397970653,59.0713856316818,60.0719025133918,60.6088339488824,61.5612672378018,61.5774877530671,62.2971084597059,62.8766715514412,63.1552547663153,63.2381110657412,63.2381110657406
646,"RWA","Rwanda",52.4282547275622,52.4282547275602,52.4282547275604,52.4282547275598,52.4282547275632,52.4282547275631,52.4282547275636,52.4282547275748,52.4282547275706,52.4282547275704,52.4282547275722,53.9391287332264,53.939128733227,53.9391287332242,53.9391287332251,53.9391287332261,53.9391287332278,53.9391288068428,53.9391288068445,53.9391288068467,53.9391288068471,54.644046157078,54.6440461570757,54.644046157078,54.6440461570797,54.6440461570789,54.6440461570783,54.6440461570783
652,"BLM","Saint Barthelemy",5.64431857248143,5.64431857248143,5.64431875099629,5.64431875099629,5.64431875099629,5.64431875099629,5.64431875099629,5.64431875099629,5.64431875099629,5.64431875099629,5.64431875099629,5.64431875099629,5.64431875099629,5.95291812594194,5.95291812594194,5.95291812594194,5.95291792821165,5.95291792821165,5.95291792821165,5.95291792821165,5.95291792821165,5.95291792821165,5.95291792821165,5.95291792821165,5.95291792821165,5.95291792821165,5.95291792821165,5.95291792821165
659,"KNA","Saint Kitts and Nevis",1.49967582934776,1.49967582934791,1.49967582934788,1.49967582934785,1.4996758293479,1.49967582934793,1.49967582934766,1.49967582934771,1.49967582934754,1.49967582934767,1.4996758293476,1.49967582934757,12.1092492536906,12.1092492536892,12.1092492536789,12.1092492536784,12.1092492536758,18.5092343632491,18.5092343632432,18.5092343632413,18.9405530758247,18.9405530758245,18.9405530758236,18.940553075824,18.9405530758238,18.9405530758239,18.9405530758239,18.9405530758239
662,"LCA","Saint Lucia",24.4656245678714,24.4656245678564,24.4656245678499,24.4656245678588,24.4656245678578,24.4656245678509,24.4656245678472,24.4656245678457,24.4656245678124,24.4656245678111,24.4656245677921,24.4656245677899,24.4656245677864,29.5380398850842,29.538039885078,29.5380398850784,29.5380398850752,29.5380398851993,29.5380398852003,29.5380398851992,29.5380398852046,29.5380398852052,29.5380398852159,29.5380398852301,29.5380398852308,29.5380398852388,29.5380398852386,29.5380398852383
670,"VCT","Saint Vincent and the Grenadines",63.6750805158112,63.6750805158247,63.67508051582,63.6750805158188,63.6750805158235,63.6750805158253,63.6750805157976,63.6750805158018,63.67508051578,63.6750805157929,63.6750805157829,63.6750805157794,63.6750805157812,63.6750805157812,63.6750805158018,63.6750805158029,63.6750805158082,63.67508051581,63.6750805158235,63.6750805158276,63.6750805158347,63.6750805158353,63.6750805158394,63.6750805158406,63.6750805158412,63.6750805158423,63.6750805158423,63.6750805158423
882,"WSM","Samoa",14.5900753897883,14.5900753897883,14.7089621336576,14.9344864142665,15.103615026274,16.8354946641338,16.874208025793,16.8923764989763,16.8966120873765,17.8615438089227,30.1303767086298,30.1303767086298,30.1953872618535,30.2241745942774,45.5829958726286,45.5829958726286,45.5829958726286,45.5841865655301,45.5841865655301,45.5841865655301,45.5841865655301,45.6269839982904,45.6468117390981,45.6468117390981,45.6468117390981,45.6468117390981,45.6468117390981,45.6468117390981
674,"SMR","San Marino",0,0,0,0,0,0,0,0,0,0,0,0,0,0,0,0,0,0,0,0,0,0,0,0,0,0,0,0
678,"STP","Sao Tome and Principe",0,0,0,0,0,0,0,0,0,0,0,0,100,100,100,100,100,100,100,100,100,100,100,100,100,100,100,100
682,"SAU","Saudi Arabia",23.5740903654636,27.9071722021288,27.9071722021288,27.9071722021288,27.9071722021288,27.9071722021288,27.9071722021288,27.9251855543005,27.9487329986876,27.9487329986876,27.9487329986876,28.0100477162358,28.0100477162358,28.0100477162358,28.0100477162358,28.0100477162358,28.0100477162358,28.0100477165297,28.0100477165297,28.0100477165297,28.0100477165297,28.0100477165297,28.0100477165297,28.0100477165297,28.0100477165297,28.0100477165297,28.0100477165297,28.0100477165297
686,"SEN","Senegal",100,100,100,100,100,100,100,100,100,100,100,100,100,100,100,100,100,100,100,100,100,100,100,100,100,100,100,100
688,"SRB","Serbia",31.8811359341079,31.8811359341079,31.8811359341079,31.8811359341079,31.8811359341079,31.8811359341079,31.8811359341079,31.8811359341079,31.8811359341079,31.8811359341079,31.8811359341079,31.8811359341079,31.8811359341079,32.8311635859203,37.2935784105889,37.3362512692182,37.3444022778394,37.3463434880246,37.7890611436723,38.3716926593028,40.9093607923572,42.5575989745198,42.5841919895896,48.939395612165,50.1737660859178,50.9121458085662,50.9340845028321,50.9340845028321
690,"SYC","Seychelles",73.8065501265082,73.8065501265106,73.8065501275012,73.8065501275018,73.8065501275023,73.8065501274994,73.8065501274765,73.8065501274847,73.8065501274694,73.8065501274729,73.8065501263947,73.8065501263935,73.8065501263924,73.8065501263571,73.8065501263594,73.80655012636,100,100,100,100,100,100,100,100,100,100,100,100
694,"SLE","Sierra Leone",6.50035666712659,7.922673700136,7.92267370015912,7.92267370017518,7.92267370014412,17.5257304842906,17.5257304844308,17.5257304844036,17.5257304844902,17.525730484423,17.5257304844611,17.5257304844763,17.5257304844658,17.5257304844526,17.5257304843415,17.5257304843362,18.4238852467051,18.423885227704,95.9999649775412,95.9999649775547,95.9999649775729,95.9999649775747,95.9999649775812,95.9999649775794,95.9999649775812,95.99996497758,95.99996497758,95.99996497758
702,"SGP","Singapore",27.9912788777972,27.9912788777972,27.9912788777972,27.9912788777972,27.9912788777972,27.9912788777972,27.9912788777972,27.9912788777972,29.1920460898166,29.1920460898166,29.1920460898166,29.1920460898166,29.1920460898166,29.1920460898166,29.1920460898166,29.1920460898166,29.1920460898166,29.1920460898166,29.1920460898166,29.1920460898166,29.1920460898166,29.1920460898166,29.1920460898166,29.1920460898166,29.1920460898166,29.1920460898166,29.1920460898166,29.1920460898166
534,"SXM","Sint Maarten",0,0,0,0,0,0,0,0,0,0,0,0,0,0,0,0,0,0,0,0,4.07740672555719,4.07740672555719,4.07740672555719,4.07740672555719,4.07740672555719,4.07740672555719,4.07740672555719,4.07740672555719
703,"SVK","Slovakia",57.0382504727764,57.0382504727784,57.1614222489025,82.3010446946953,82.4952525400859,82.8410010991859,82.8472799590694,89.2983996727571,91.7756716547188,94.6575564187994,100,100,100,100,100,100,100,100,100,100,100,100,100,100,100,100,100,100
705,"SVN","Slovenia",39.7064656246928,39.7992375275906,40.2335022570091,40.2440783176563,42.2190217437165,42.4087662101861,42.4087662101907,42.4087662101897,46.3796947194059,54.5746749839912,100,100,100,100,100,100,100,100,100,100,100,100,100,100,100,100,100,100
90,"SLB","Solomon Islands",0.469332710405079,0.469332710405079,0.469332710405079,0.469332710405079,0.469332710405079,0.469332710405079,0.469332710405079,0.469332710405079,0.469332710405079,0.469637292007791,0.474350857731039,0.477998018085838,0.512323003191324,0.519014395851551,1.57513200970215,1.57513200970215,1.57513200970215,1.57513200970215,1.57513200970215,1.57513200970215,1.57513200970215,1.57513200970215,1.57513200970215,1.57513200970215,1.57513200970215,1.89177337656319,1.89177337656319,1.89177337656319
706,"SOM","Somalia",0,0,0,0,0,0,0,0,0,0,0,0,0,0,0,0,0,0,0,0,0,0,0,0,0,0,0,0
710,"ZAF","South Africa",35.2661116206447,35.4435396098484,35.6974542208229,36.2018182961432,36.5347761437104,36.8308735395655,37.5543705815204,38.2181965388668,38.4581721134488,38.5180472698649,38.5180472693049,38.6151065304241,38.6269559022363,38.7044398372326,38.8534682305508,39.1513445104855,39.3724576895699,39.4874395680069,39.9684450494913,40.3397557011958,42.0092324540474,42.5446898198186,44.1308949792164,44.3582035849522,45.5400647972294,45.8866856123081,46.2515222339854,46.3858527356795
410,"KOR","South Korea",33.6455780021668,33.8899322376382,34.0672374477752,34.6093853046696,35.5849149606135,37.2229477132381,48.1167406847455,48.2462955571621,54.9228212431185,55.2878545692126,61.4045499478229,70.6159435782477,73.1649364846088,74.0433728675712,82.4020324913682,83.4558511667518,83.8917769767859,84.3507632467153,84.6432108106194,85.4478995222888,85.4829395961659,85.7389141802024,85.8622700616412,85.8908787194124,86.4593947722935,96.3536246871094,98.2506386710682,98.2506386710682
728,"SSD","South Sudan",97.3497425972947,97.3497425972947,97.3497425972947,97.3497425972947,97.3497425972947,97.3497425972947,97.3497425972947,97.3497425972947,97.3497425972947,97.3497425972947,97.3497425972947,97.3497425972947,97.3497425972947,97.3497425972947,97.3497425972947,97.3497425972947,97.3497425972947,97.3497425972947,97.3497425973024,97.3497425973029,97.3497425973035,97.3497425973047,97.3497425973053,97.3497425973059,97.3497425973065,97.3497425973065,97.3497425973065,97.349742597307
724,"ESP","Spain",59.1208636413988,59.8652785659988,61.1383837638441,63.1680921998106,63.3994119378447,66.0682137449747,90.1863158282818,97.6967216636677,97.9601138012523,100,100,100,100,100,100,100,100,100,100,100,100,100,100,100,100,100,100,100
144,"LKA","Sri Lanka",96.5987799301276,96.5987799301324,96.6020274331218,96.6020274331994,96.6020274331994,96.6020274332012,97.1272204396041,97.1272204395712,97.1272204395788,97.15021259532,97.1502125953241,97.1502125953247,97.1502125953253,97.3059991449953,97.4129685584541,97.8288670294318,97.8966539526329,97.9330786707718,98.1845560732865,98.2094961167553,98.2094961167541,98.2094961167541,98.2094961167523,98.20949611675,98.20949611675,98.2094961167488,98.2094961167488,98.2094961167488
275,"PSE","State of Palestine",45.1318040039497,45.1318040039496,45.1318040039492,45.1318040039486,45.1318040039485,45.1318040039485,45.131804003949,45.131804003949,45.1318040039487,45.1318040039488,45.1318040039486,45.1318040039489,45.1325083096444,45.1325083096448,45.1325083096454,45.1325083096452,45.1325083096451,45.1325083096448,45.1325083096446,45.1325083096447,45.1325083096442,45.132508309644,45.1325083096437,45.1325083096431,45.132508309643,45.132508309643,45.1325083096431,45.132508309643
729,"SDN","Sudan",58.4105883702947,58.4105883702946,58.4105883701875,58.410588370135,58.4105883701347,58.4105883701349,58.4105883701394,58.4105883702057,58.4105883701393,58.410588370148,58.4105883701771,59.1899685491547,71.34794200274,71.3479420027388,71.3479420027212,71.8696038419047,71.8696038419041,12.7420497854981,12.7420497854976,12.742049785496,12.7420497854954,12.7420497854952,12.7420497854946,12.7420497854944,12.7420497854933,12.7420497854932,12.7420497854934,12.7420497854935
740,"SUR","Suriname",67.3971317025235,67.3971317028282,67.3971317027576,67.3971317027077,84.4460173306729,84.4460173306982,84.4460173304488,84.44601733049,84.4460173303394,84.4460173304588,84.4460173303935,84.4460173303659,84.4460173303847,84.4460173304106,84.4460173306082,84.4460173306171,84.4460173306676,84.4460173302159,84.4460173303394,84.4460173303788,84.4460173304365,84.4460173304406,84.4460173304594,84.4460173304518,84.4460173304553,84.4460173304535,84.4460173304535,84.4460173304535
752,"SWE","Sweden",13.3495755921155,15.5270828433112,35.1793032285152,35.8488175644646,36.3033835149981,36.4514325252643,44.4545363754053,45.3629071088314,45.7922708014215,46.251338083386,46.8419553641941,47.1247304404686,47.5494658703469,48.0282384365218,49.3990235739745,53.1434709082913,54.0499214394562,60.4323705875259,60.6778476834065,60.9237477339582,61.2825240466482,61.53003361124,61.9400155451282,62.6089937672065,63.6570498528482,64.1295929440518,64.5024257657724,64.5453912201112
756,"CHE","Switzerland",43.7897663447289,43.7897663447328,44.9382736352325,44.9382736352313,45.197116382195,45.1971163821962,45.1971163821911,48.0803903446779,48.0803903446797,48.3793217212839,48.3803901625957,48.3876271825502,48.4304236362716,48.5465645191171,48.5465645191254,48.6468420194201,52.4182829841941,52.4182829841908,52.4519362227535,52.4519362227536,52.5289638801818,52.5289638801787,52.5572047949933,53.7983012132669,67.1108252939571,67.7050711140182,67.7701681500577,67.9958007977559
760,"SYR","Syria",1.0919302821168,1.09193028211698,1.10378628020701,1.10378628020613,1.85871514331662,2.66941623099438,2.66941623099421,2.66941623099425,3.9658621147218,3.96586211472192,3.96586211472195,3.96586211472239,3.96693261808338,3.96693261808307,3.96693261808351,3.96693261808367,3.96693261808342,3.96693261808288,3.96693261808279,3.96693261808281,3.96693261808144,3.96693261808106,3.9669326180808,3.96693261807995,3.96693261807976,3.96693261807966,3.96693261807982,3.96693261807969
158,"TWN","Taiwan",60.4255439065976,61.2815397978506,61.3131997615759,61.3131997600118,61.36773481778,61.36773481778,100,100,100,100,100,100,100,100,100,100,100,100,100,100,100,100,100,100,100,100,100,100
762,"TJK","Tajikistan",14.8953587852734,14.8953587852745,14.8953587852743,14.8953587852741,14.8953587852727,73.7940018992265,73.7940018992306,75.37835938983,75.378359389833,75.3783593898335,75.3783593898353,75.5153843539082,75.5153843539088,75.5153843539041,75.5153843539041,75.5153843538994,75.5153843539053,75.5153843539118,75.5153843539112,75.51538435391,75.5153843539182,75.5153843539206,75.5153843539047,75.5153843539088,75.5153843539071,75.5153843539065,75.5153843539053,75.5153843539053
834,"TZA","Tanzania",98.5107672344159,98.5107672344194,98.5107672344141,98.5107672344118,98.5107672344124,98.5107672344129,98.5107672344524,98.510767234457,98.5107672344541,98.5107672344576,98.5107672345182,98.7284570705247,98.7284570705247,98.7284570705265,98.72845707053,98.7284570705294,98.72845707053,98.7284570638006,98.7284570638041,98.7284570638047,98.7284570638065,98.7284570638065,98.7284570638077,98.7284570638077,98.7284570638077,98.9196088259982,98.9196088259982,98.9196088259982
764,"THA","Thailand",37.7694006331773,38.4905632362998,40.0503672469435,41.4905685392943,41.7270258013701,41.731820253358,42.2612387190307,42.5969821137944,42.5969821139104,42.6407997195097,42.6407997195627,42.640799719584,42.6407997195701,43.1946984591912,43.1946984590292,45.1201841107119,45.1201841106699,45.1201841108192,45.1201841107149,46.6496384779273,46.6496384778843,46.649638477881,46.6496384779552,46.6496384779598,46.6496384779803,46.6496384779804,46.6496384779804,46.6496384779572
626,"TLS","Timor-Leste",23.2880625841566,23.2880625841566,23.2880625841566,23.2880625841566,23.2880625841566,23.2880625841566,23.2880625841566,23.2880625841566,23.2880625841566,23.2880625841566,23.2880625841566,23.2880625841566,23.2880625841566,47.1525729839894,75.4474731878476,75.4474731878476,75.4474731878476,75.4474731878476,75.4474731878476,75.4474731878476,75.4474731878476,79.0844017984494,94.4728890018394,94.4728890018394,94.4728890018394,94.4728890018394,94.4728890018394,94.4728890018394
768,"TGO","Togo",64.8230659697688,70.2213266167194,70.2213266167194,70.2213266167194,70.2213266167194,70.2213266167194,70.2213266167194,70.2213266167194,70.2213266167194,70.2213266167194,70.2213266167194,75.4879591129794,75.4879591129794,75.4879591129788,98.3679011315847,98.3679011315847,98.3679011315847,98.3679011129253,98.3679011129247,98.3679011129241,98.3679011129241,98.3679011129235,98.367901112923,98.367901112923,98.3679011129224,98.3679011129224,98.3679011129224,98.3679011129224
776,"TON","Tonga",7.98684926472282,7.98684926472282,7.98684926472282,7.98684926472282,7.98684926472282,7.98684926472282,7.98684926472282,58.3487126381942,58.3487126381942,58.3487126381942,58.3487126381942,58.3487126381942,58.3487126381942,58.3487126381942,58.3487126381942,58.3487126381942,58.3487126381942,58.3487126381942,58.3487126381942,58.3487126381942,58.3487126381942,58.3487126381942,58.3487126381942,58.3487126381942,58.3487126381942,58.3487126381942,58.3487126381942,58.3487126381942
780,"TTO","Trinidad and Tobago",92.7288943858406,92.7288943858953,92.7288943858765,92.7288943858712,92.7288943858906,92.7288943858977,92.7288943857865,92.7288943858035,92.7288943857182,92.72889438577,92.72889438573,98.8433961414941,98.8433961414947,98.8433961414953,98.8433961415082,98.8433961415088,98.8433961415124,98.8433961415118,98.8433961415206,98.8433961415229,98.8433961415277,98.8433961415277,98.84339614153,98.8433961415312,98.8433961415312,98.8433961415324,98.8433961415324,98.8433961415324
788,"TUN","Tunisia",30.4806893527125,30.4806893527127,30.4811028148378,30.481102814747,30.481102814742,30.4811028147422,30.4811028147555,30.4811028148219,30.4811028147294,30.4811028147449,30.4811028147756,30.4811028147916,30.5040862352775,31.2515892398334,31.2515892398271,31.5048899270778,36.0191699327531,36.0794457458909,36.9529174045749,37.1263669539613,37.1263669539478,37.1263669539481,37.1263669539414,37.1263669539244,37.1263669539191,37.1263669539194,37.1263669539237,37.1263669539235
792,"TUR","Turkey",0.794427848295312,0.794427848295188,0.794427848295171,0.794427848295506,1.29261390345296,1.29261390345296,1.29261390345296,1.29261390345287,1.29261390345318,1.29261390345304,1.29261390345305,1.42131559496646,1.42197233756392,1.42197233756374,1.42197233756343,1.42367250010019,1.42367250010043,1.42367250010069,1.42367250010082,1.44332608633154,1.44332608633209,1.44332608633246,1.44332608633268,1.44332608633316,1.44332608633336,1.44332608633331,1.4433260863336,1.44332608633364
795,"TKM","Turkmenistan",21.6990215519939,21.6990215519934,21.6990215519963,21.6990215519959,21.6990215519983,21.6990215519976,21.6990215519955,21.6990215519954,21.6990215519949,21.6990215519951,21.6990215519966,21.6990215519971,21.6990215519973,21.6990215519929,22.4454615203994,22.4454615203994,22.4454615204006,22.4454615204016,22.4454615204018,22.4454615204015,22.4454615204013,22.4454615204018,22.4454615203986,22.4454615203997,22.4454615203995,22.4454615203991,22.4454615203988,22.4454615203989
796,"TCA","Turks and Caicos Islands",100,100,100,100,100,100,100,100,100,100,100,100,100,100,100,100,100,100,100,100,100,100,100,100,100,100,100,100
798,"TUV","Tuvalu",0,0,0,0,0,0,0,0,0,0,0,0,0,0,0,0,0,0,0,0,0,0,0,0,0,0,0,0
800,"UGA","Uganda",77.4555984593124,77.4555984593112,77.4555984593112,77.4555984593112,77.5314721425647,77.5314721425647,77.5314721425635,77.5314721425718,88.4077291434941,88.4077291434947,88.8465596708235,88.8465596708235,95.2928427806812,95.2928427806806,95.2928427806982,95.2928427806982,95.2928427806982,95.2928427893206,95.2928427893212,95.2928427893212,95.2928427893212,95.2928427893218,95.2928427893218,95.2928427893218,95.2928427893223,95.2928427893218,95.2928427893218,95.2928427893218
804,"UKR","Ukraine",73.7268450836118,75.6136293469165,75.7528911471818,75.9807808354812,76.0299385047524,76.0299385047524,76.0299385047547,76.0299385047535,76.0299385047535,76.0299385047535,76.0464344133576,76.0489325043176,76.0138731496865,76.0138731496918,76.0138731497041,76.0138731497012,76.0138731497,76.0138731497018,76.0159493443588,76.0175256777682,76.0175256777694,76.0175256777665,76.0306508216247,76.0306508216253,76.0306508216247,76.0306508216282,76.0306508216229,76.0306508216235
784,"ARE","United Arab Emirates",0,0,0.140879423631651,0.140879423631651,0.524575105154124,0.621501694445241,0.621501694445241,2.29612692997674,2.29612692997674,2.29612692997674,2.30774734058725,2.30774734058725,2.30774734058725,2.72977721831794,2.72977721831794,4.46835067217734,4.46835067217734,4.46835067217734,4.56744486130635,4.60841701171576,38.5961225863271,38.5961225863271,39.1656292370446,97.0191652500323,97.2039626931459,97.2039626931459,97.2039626931459,97.2039626931459
826,"GBR","United Kingdom",97.7476571463406,97.7476571463394,97.7476571463329,97.7613259772029,97.7613259772106,97.7613259772118,97.7613259772147,97.7938279951318,97.7938279951294,97.7938279951288,97.7938279951306,97.8066659106947,97.7940697182006,97.7940697182035,97.8613791762135,97.8613791762153,97.8613791762129,97.8613791766259,97.8613791766253,97.8613791766241,97.8915916564441,97.8915916564441,97.8915916564429,97.8915916564335,97.8915916564365,97.8915916564588,97.8915916564588,97.8915916564588
840,"USA","United States of America",58.9168145028053,59.0146453136959,59.2175052932812,59.4631510709176,59.6687094502806,59.8902041164606,60.5625339896824,60.8839461725329,60.9718456305488,61.0263983590135,61.0913841316459,61.17548640292,61.4670888381035,61.5657974338182,61.7154446073441,62.0535187212494,62.1466313631688,62.2042226739776,62.2633471625947,62.4747639576923,62.8690808500065,63.1793260188412,63.2359044271594,63.2513176587788,63.2608775504647,63.3754378164512,63.3754378164388,63.37543781644
858,"URY","Uruguay",13.8748574865769,13.8748574865769,13.874857486577,13.874857486577,13.874857486577,13.874857486577,13.874857486577,13.8748574865769,13.8748574865769,13.8748574865769,14.4913334828173,14.4913334828173,14.4913334828174,14.4913334828173,15.1263588236152,16.0589486646169,17.1367014955566,17.1367014985168,17.1367014985169,17.1741468577902,17.8356294927846,19.7809831817732,19.7809831817733,19.7809831817733,19.7809831817734,20.6344297836227,20.6345809045092,20.6345809045092
860,"UZB","Uzbekistan",22.7362697711971,22.7362697712006,22.7362697712085,23.1442874892717,25.8117822162113,25.8117822162103,25.8117822162033,25.9815987045487,25.981598704546,25.981598704546,25.9815987045488,25.9815987045488,25.9815987045489,25.9815987045412,35.9213689957498,35.9213689957542,36.0198955661921,36.246393991079,36.2463939910808,36.247508865897,36.2481512909818,36.2481512909816,42.5176409215769,42.5176409215774,43.4799925582912,43.4799925582901,43.4799925582902,43.4799925582904
548,"VUT","Vanuatu",22.6838243802495,24.1268149870462,24.1268149870462,24.1268149870462,24.1268149870462,24.1268149870462,24.1268149870462,24.1418896096088,24.1418896096088,24.1418896096088,24.1418896096088,24.1418896096088,24.1418896096088,24.1418896096088,24.1418896096088,24.1418896096088,24.1418896096088,24.1418896096088,24.1418896096088,24.1418896096088,24.1418896096088,24.1418896096088,24.1418896096088,24.1418896096088,24.1418896096088,24.1418896096088,24.1418896096088,24.1418896096088
862,"VEN","Venezuela",100,100,100,100,100,100,100,100,100,100,100,100,100,100,100,100,100,100,100,100,100,100,100,100,100,100,100,100
704,"VNM","Viet Nam",2.73733140856182,3.87793550810771,4.22531917900924,4.42922135861952,6.60092319514641,7.22829487023794,7.26564828664312,11.137849024268,15.6616105045077,18.8295195749123,20.4002952981434,20.6975154351161,21.0793104877185,21.1660768021206,21.1660768020086,21.5215379524635,21.5269658350885,21.7234000677462,22.3259031900353,26.1548417885735,27.9928311200249,28.0033080034026,28.0033080033858,28.0033080033849,28.0033080033824,28.0033080033802,28.0033080033802,28.0033080033804
876,"WLF","Wallis and Futuna Islands",1.12637327911456,1.12637327911456,1.12637327911456,1.12637327911456,1.12637327911456,1.12637327911456,1.12637327911456,1.12637327911456,1.12637327911456,1.12637327911456,1.12637327911456,1.12637327911456,1.12637327911456,1.12637327911456,1.12637327911456,1.12637327911456,1.12637327911456,1.12637327911456,1.12637327911456,1.12637327911456,1.12637327911456,1.12637327911456,1.12637327911456,1.12637327911456,1.12637327911456,1.12637327911456,1.12637327911456,1.12637327911456
732,"ESH","Western Sahara",0,0,0,0,0,0,0,0,0,0,0,0,0,0,0,0,0,0,0,0,0,0,0,0,0.0347229599660613,1.00137683777677,1.00137683777665,1.00137683777677
887,"YEM","Yemen",0,0,2.99461900985956,2.99461900985956,2.99461900985956,2.99461900985956,2.99461900985956,2.99461900985956,2.99461900985956,2.99461900985956,2.99461900985956,2.99461900985956,2.99461900985956,2.99725145120625,2.99725145120625,2.99725145120625,2.99725145120625,2.99725145120625,2.99725145120625,2.99725145120625,2.99725145120625,2.99725145120625,2.99725145120625,2.99725145120625,2.99725145120625,2.99725145120625,2.99725145120625,2.99725145120625
894,"ZMB","Zambia",100,100,100,100,100,100,100,100,100,100,100,100,100,100,100,100,100,100,100,100,100,100,100,100,100,100,100,100
716,"ZWE","Zimbabwe",98.0551033284571,98.0551033284576,98.0551033284576,98.0551033284582,98.0551033284571,98.0551033284571,98.0551033284565,98.0551033284535,99.0530828177494,99.05308281775,99.0530828177494,99.0530828177488,99.0530828177488,99.0530828177494,99.0530828177488,99.0530828177488,99.0530828177488,99.0530828063559,99.0530828063559,99.0530828063577,99.0530828063577,99.0530828063577,99.0530828063582,99.0530828063577,99.0530828063577,99.0530828063577,99.0530828063577,99.0530828063577
