"code","iso","country","TBN.ind.1995","TBN.ind.1996","TBN.ind.1997","TBN.ind.1998","TBN.ind.1999","TBN.ind.2000","TBN.ind.2001","TBN.ind.2002","TBN.ind.2003","TBN.ind.2004","TBN.ind.2005","TBN.ind.2006","TBN.ind.2007","TBN.ind.2008","TBN.ind.2009","TBN.ind.2010","TBN.ind.2011","TBN.ind.2012","TBN.ind.2013","TBN.ind.2014","TBN.ind.2015","TBN.ind.2016","TBN.ind.2017","TBN.ind.2018","TBN.ind.2019","TBN.ind.2020","TBN.ind.2021","TBN.ind.2022"
4,"AFG","Afghanistan",0,0,0,0,0,0,0,0,0,0,0,0,0,0,0,0.554362181729999,0.554362181729999,0.554362181729999,0.554362181729999,0.554362181729999,0.554362181729999,0.554362181729999,9.77208931476359,9.77361212468612,9.77361212468612,13.917481296945,20.6085164303291,20.6085164303291
8,"ALB","Albania",5.83327053075502,7.75877448116747,20.1822140341312,20.9185991740314,20.9185991740314,31.5619394879013,31.5619394879013,31.5619394879013,31.6541644730226,32.9675397327354,36.9829332543033,46.8830465290216,57.7699743053434,65.5709731757224,79.5226223266047,79.5226223266047,81.1354242103382,83.7025224700676,89.0441077411853,91.2458230629329,91.2458230629329,91.2458230629329,91.2458230629329,91.2458230629329,100,100,100,100
12,"DZA","Algeria",0.435627462597744,0.435627462597744,0.435627462597744,0.435627462597744,0.435627462597744,0.435834827937379,0.435834827937379,5.33631630772232,5.33631630772232,6.53343342421277,6.94080043600924,6.94080043600924,6.94080043600924,6.94080043600924,6.94080043600924,6.98995481712388,6.98995481712388,7.014886546915,7.014886546915,7.014886546915,7.014886546915,7.014886546915,7.014886546915,7.014886546915,7.014886546915,7.07882881557224,7.07882881557224,7.07882881557224
20,"AND","Andorra",31.6258999797819,31.6258999797819,31.6258999797819,31.6258999797819,31.6258999797819,31.6258999797819,100,100,100,100,100,100,100,100,100,100,100,100,100,100,100,100,100,100,100,100,100,100
24,"AGO","Angola",34.1073129114031,34.1073129114031,34.1073129114031,34.1073129114031,34.1073129114031,34.1073129114031,34.1073129114031,34.1073129114031,34.1073129114031,34.1073129114031,34.1073129114031,34.1073129114031,34.1073129114031,34.1073129114031,34.1073129114031,34.1073129114031,34.1073129114031,34.1073129114031,34.1073129114031,34.1073129114031,34.1073129114031,34.1073129114031,34.1073129114031,34.1073129114031,34.1073129114031,34.1073129114031,34.1073129114031,34.1073129114031
660,"AIA","Anguilla",0,0,0,0,0,0,0,0,0,0,0,0,0,0,0,0,0,0,0,0,0,0,0,0,0,0,0,0
28,"ATG","Antigua and Barbuda",29.8477484524235,29.8477484524235,29.8477484524235,29.8477484524235,29.8477484524235,29.8477484525431,29.8477484525431,29.8477484525431,29.8477484525431,29.8477484525431,29.8477484525431,87.3701892069076,87.3701892069076,87.3701892069076,88.6747062962518,88.6747062962518,88.6747062962518,88.6747062962518,88.6747062962518,88.6747062962518,88.6747062987818,88.6747062987818,88.6747062987818,88.6747062987818,88.6747062987818,88.6747062987818,88.6747062987818,88.6747062987818
32,"ARG","Argentina",27.2147693469951,27.7710212354492,28.2647932881668,29.5743246231091,29.7367455502093,31.9288498749758,33.7096121756256,34.9235954744832,35.3316149980711,36.8802959475549,38.3182411474425,39.117747284965,39.6029169428039,39.6308625001659,39.8483069968531,39.9468292124073,39.9943729089541,40.0214585526181,40.1840351734945,40.2411257859862,40.5251048912553,41.2512373428353,41.2557436876179,41.4606837185717,41.6926070828426,41.7235168343142,41.7235168343142,41.7235168343142
51,"ARM","Armenia",99.9332769589535,99.9332769589535,99.9332769589535,99.9332769589535,99.9332769589535,99.9332769589535,99.9332769589535,99.9959379592882,99.9959379592882,99.9959379592882,99.9959379592882,99.9959379592882,99.9959379592882,99.9959379592882,99.9959379592882,99.9959379592882,99.9959379592882,99.9959379592882,99.9959379592882,99.9959379592882,99.9959379592882,99.9959379592882,99.9959379592882,99.9959379592882,99.9959379592882,99.9959379592882,99.9959379592882,99.9959379592882
533,"ABW","Aruba",2.03529279045422,2.03529279045422,2.03529279045422,2.03529279045422,2.03529279045422,2.03529279045422,58.9648621200676,58.9648621200676,58.9648621200676,58.9648621200676,58.9648621200676,58.9648621200676,58.9648621200676,58.9648621200676,58.9648621200676,58.9648621200676,58.9648621200676,58.9648621200676,58.9648621200676,58.9648621200676,58.9648621200676,58.9648621200676,58.9648621200676,58.9648621200676,58.9648621200676,58.9648621200676,58.9648621200676,58.9648621200676
36,"AUS","Australia",32.3969425799619,32.5992408151636,33.2098607022983,33.4583621360063,33.8325894514537,35.0716985882543,37.6435724155809,37.8927713627159,46.8601564817416,47.6426345784391,48.3513729216251,49.2900197311049,50.6652714161227,55.8141776976335,56.9007957185442,60.8689096535782,63.1173380206618,67.9142150639682,73.7239301149771,79.1281976321018,80.9140507462729,82.5805034201688,86.30361004333,87.0061045098318,87.9099284609859,88.4157304846941,90.8610594564182,90.8610594564182
40,"AUT","Austria",84.63136403123,85.4049790299353,89.356439750397,90.8334661558976,94.3230926648535,95.7885623547912,96.2309021612865,99.601427885853,99.7822668497629,99.81874814947,100,100,100,100,100,100,100,100,100,100,100,100,100,100,100,100,100,100
31,"AZE","Azerbaijan",28.6102036134172,28.6102036134172,28.6102036134172,28.6102036134172,28.6102036134172,28.6102036134172,28.6102036134172,31.8456196646523,31.8456196646523,38.7774257597206,42.5671302121716,42.7246154399057,49.0261827926861,49.0261827926861,50.5545861293278,50.5864497986184,50.5864497986184,50.5864497986184,50.5864497986184,50.5864497986184,50.5864497986184,50.5864497986184,50.5864497986184,50.5864497986184,50.7402113677622,50.7402113677622,50.7402113677622,50.7402113677622
44,"BHS","Bahamas",4.488359646674,4.488359646674,4.488359646674,37.3991796343758,37.3991796343758,37.3991796343758,37.3991796343758,37.3991796343758,49.9386319425405,49.9386319425405,49.9386319425405,49.9386319425405,49.9386319425405,49.9386319425405,49.9386319425405,49.9430850083608,49.9430850083608,49.9430850083608,99.9993894777135,99.9993894777135,99.9993894777135,99.9993894777135,99.9993894777135,99.9993894777135,99.9993894777135,99.9993894777135,99.9993894777135,99.9993894777135
48,"BHR","Bahrain",4.75371906009386,4.75371906009386,4.75371906009386,12.0657802003005,12.0657802003005,12.0657802003005,12.0657802003005,12.0657802003005,12.0657802003005,12.0657800663487,12.0657800663487,12.0657800663487,14.6690146123036,14.6690147802346,14.6690147802346,14.6690147802346,14.6690147802346,14.6690147802346,14.6690147802346,14.6690147802346,14.6690147802346,14.6690147802346,14.6690147802346,14.6690147802346,14.6690147802346,14.6690147802346,14.6690147802346,14.6690147802346
50,"BGD","Bangladesh",16.088414017058,16.088414017058,16.1398420498653,16.1398420498653,16.1398420498653,16.3816009297448,16.7681027389382,16.7695147006119,16.7695147006119,16.7695147006119,16.7853917903478,16.7956308047921,16.8284563896793,16.9155414802246,16.9155414802246,17.395156767602,18.1375389261068,18.1512666914242,18.1512666913854,18.1752029841529,18.1752029841529,18.1752029841529,18.1752029841529,18.1752029841529,18.1752029841529,18.1752029841529,18.1752029841529,18.1752029841529
52,"BRB","Barbados",2.8058042594201,2.8058042594201,2.8058042594201,2.8058042594201,2.8058042594201,2.8058042594201,2.8058042594201,2.8058042594201,2.8058042594201,2.8058042594201,2.8058042594201,2.8058042594201,2.8058042594201,2.8058042594201,2.8058042594201,2.8058042594201,2.8058042594201,2.8058042594201,2.8058042594201,2.8058042594201,2.8058042594201,2.8058042594201,2.8058042594201,2.8058042594201,2.8058042594201,2.8058042594201,2.8058042594201,2.8058042594201
112,"BLR","Belarus",77.4341342462012,77.5306670332935,77.6911927295341,77.6911927295341,77.6911927295341,77.7283601219812,77.7283601219812,77.8199361648859,77.8335398528859,77.8335398528859,77.8335398528859,77.8416282032106,77.8416282032106,77.8416282032106,77.8416282032106,77.8416282032106,79.0504316349982,79.0504316349982,79.06948186999,80.1240377207353,80.1997039998035,80.2520589568312,80.2520589568312,80.2520589568312,80.2520589568312,80.2520589568312,80.2520589568312,80.2520589568312
56,"BEL","Belgium",20.2963878132092,20.4875604610597,20.6689674396722,21.0721385838943,21.2940034527943,22.1383477065057,23.5011925609315,23.8354616827968,24.2773585420259,41.0785870760355,41.2430800930086,41.4352728787982,41.5242956191175,41.7351643862007,41.7968977917597,42.4856580969835,42.5247521752615,42.5600804785028,42.6074484546967,42.7368389957575,50.8187582076215,53.6208396765453,86.3633701786924,86.4613426096982,86.8216530410829,90.5235208908582,90.7408962942341,90.7612390831559
84,"BLZ","Belize",95.1158754582512,95.1158754582512,96.6392036692024,96.6392036692024,97.6657834867641,97.6657834867641,97.6657834867753,98.5410432291118,98.6832807574788,98.6832807574482,98.6832807574482,98.6896105781829,98.6896991481765,98.7994830137412,98.7994830137412,98.7996434326988,98.9701360591747,98.9701360591747,99.3427384302465,99.3488283514647,99.3488283514647,99.3488283514647,99.3488283514647,99.3488283514647,99.3488283514647,99.3488283514647,99.3488283514647,99.3488283514647
204,"BEN","Benin",98.8576161460941,98.8576161460941,98.8576161460941,98.8576161460941,98.8576161460941,98.8576161460941,100,100,100,100,100,100,100,100,100,100,100,100,100,100,100,100,100,100,100,100,100,100
60,"BMU","Bermuda",9.92154143281265,9.92154143281265,9.92154143281265,9.92154143281265,9.92154143281265,13.3265026221789,13.3265026221789,13.3265026221789,13.3265026221789,13.3265026221789,13.3265026221789,13.3265026221789,13.3265026221789,13.3265026221789,13.3265026221789,13.3265026221789,13.3265026221789,13.3265026221789,13.3265026221789,13.3265026221789,13.3265026221789,13.3265026221789,13.3265026221789,13.3265026221789,13.3265026221789,13.3265026221789,13.3265026221789,13.3265026221789
64,"BTN","Bhutan",95.8126631113682,95.8126631113682,95.8126631113682,95.8126631113682,95.8126631113682,96.8469335544777,96.8469335544777,96.8469335544777,96.8469335544777,96.8469335544777,96.8469335544777,96.8469335544777,96.8469335544777,96.8469335544777,100,100,100,100,100,100,100,100,100,100,100,100,100,100
68,"BOL","Bolivia",59.4562743131341,75.164469529417,75.2047961811406,88.2170690301571,90.3500320787765,90.3516574588141,91.7274243902283,91.8031165619312,97.0408664971282,97.0408664971282,97.0412531629676,97.04125316297,97.0800270008388,97.1203779645559,97.1203779645559,97.1203779645559,97.1203779645559,97.1203779645559,97.1203779645559,97.1203779645559,97.1203779645559,97.1203779645559,97.1203779645559,97.1203779645559,97.1203779645559,97.1203779645559,97.1203779645559,97.1203779645559
70,"BIH","Bosnia and Herzegovina",2.43168087685488,7.836815845754,7.836815845754,7.836815845754,7.836815845754,7.836815845754,7.836815845754,7.836815845754,8.00213105743453,8.05941945095918,8.05941945095918,8.31601988515871,8.38880690323294,8.73556224305194,18.4497283775864,19.4426774076722,19.4426774076722,19.7428532425959,19.7518319481029,19.7568335012967,19.8029608941162,19.8074383324544,19.8115551743447,20.5524861745502,20.6140939569189,20.9007727405126,22.7397665986725,22.7397665986725
72,"BWA","Botswana",93.8487686935188,93.8487686935188,100,100,100,100,100,100,100,100,100,100,100,100,100,100,100,100,100,100,100,100,100,100,100,100,100,100
76,"BRA","Brazil",50.3455072102842,53.1271738453913,55.8560043138521,62.2709273277347,70.3675472614688,76.3178857495453,77.7353900489,80.2750253077465,82.0343486407594,82.1354989274129,82.4672609560659,82.9407460935771,85.8182156312624,85.9085181415859,86.1712439192518,86.3344568560418,86.4189871349782,86.4287035952524,86.4437701677788,86.4465722646082,86.473560228207,86.5504842727859,86.5564252309565,86.5665899139506,87.2898056423029,87.2900402341571,87.2900402341571,87.2900402341571
92,"VGB","British Virgin Islands",9.69203437624753,12.5694271630909,12.5694271630909,12.5694271630909,13.3263908776708,55.9860509360542,55.9860509360542,55.9860509360542,55.9860509360542,56.4094020859064,56.4094020859064,56.4094020859064,56.4094020859064,56.4094020859064,56.5497152733242,56.5497152733242,56.5497152733242,56.5497152733242,56.5497152733242,56.5497152733242,56.5497152733242,56.5497152733242,56.5497152733242,56.5497152733242,56.5497152733242,56.5497152733242,56.5497152733242,56.5497152733242
96,"BRN","Brunei Darussalam",100,100,100,100,100,100,100,100,100,100,100,100,100,100,100,100,100,100,100,100,100,100,100,100,100,100,100,100
100,"BGR","Bulgaria",21.6616832214135,27.1861347961938,27.2052195823834,27.2251525309586,27.2251525309586,27.2338083546874,28.4017802977069,28.9559376310418,87.3363811040547,87.4485706718706,87.4573903671335,87.53191936445,87.5978074566394,100,100,100,100,100,100,100,100,100,100,100,100,100,100,100
854,"BFA","Burkina Faso",75.1130878915635,75.1130878915635,75.1130878915635,75.1130878915635,75.1130878915635,75.1130878915635,77.2144867245112,79.8004768297859,79.8004768297859,79.8004768297859,79.8004768297859,79.8004768297859,79.8004768297859,80.4197410352071,80.5555866134135,95.3102017730053,95.3102017730053,95.3102017730053,95.3102017730053,95.3102017730053,95.3102017730053,95.3102017730959,95.8183588359024,95.9666612815624,95.9666612815624,95.9798440513347,95.9798440513347,95.9798440513347
108,"BDI","Burundi",33.3462927079357,33.3462927079357,33.3462927079357,33.3462927079357,33.3462927079357,33.3462927079357,35.0971286573851,35.0971286573851,35.8907049357892,35.8907049357892,35.8907049357892,35.8907049357892,35.8907049357892,35.8907049357892,35.8907049357892,35.8907049357892,35.8907049357892,35.9288046916469,35.9288046916469,46.6518003632118,46.6518003632118,46.6518003632118,46.6518003632118,46.6518003632118,46.6518003632118,46.6518003632118,46.6518003632118,46.6518003632118
132,"CPV","Cabo Verde",14.6428440988081,14.6428440988081,14.6428440988081,14.6428440988081,14.6428440988081,14.6428440988081,14.6428440988081,14.6428440988081,14.6428440988081,14.6428440988081,14.6428440988081,16.6283828943901,16.6283828943901,16.6283828943901,16.6283828943901,16.6283828943901,16.6283828943901,16.6283828943901,16.6283828943901,16.8781569453545,16.8781569453545,16.8781569453545,16.8781569453545,16.8781569453545,16.8781569453545,16.8781569453545,16.8781569453545,16.8781569453545
116,"KHM","Cambodia",73.9643232124241,73.9643232124241,74.4474368492606,74.4474368492606,74.4474368492606,74.44743684926,74.44743684926,74.4474368492606,74.4474368492606,74.4474368492606,74.4474368492606,74.4474368492606,74.4474368492606,74.4474368492606,74.4474368492606,74.4474368492606,74.4474368492606,74.4474368492606,74.4474368492606,74.4474368492606,74.4474368492606,74.4474368492606,100,100,100,100,100,100
120,"CMR","Cameroon",13.1318256101742,13.1318256101742,13.9770700069737,13.9770700069737,13.9770700069737,13.9770700069737,22.7221667832908,25.4648005738845,25.4648005738845,25.4648005738845,27.6615477232118,34.6573095871744,34.6625212542854,41.8712745772412,43.2298160934625,43.9704024609303,45.7968805970714,45.7968805970714,52.9996012627052,52.9996012627052,55.0980148053707,56.35154408048,56.35154408048,56.35154408048,57.8405643568146,57.8405643568146,57.8405643568146,57.8405643568146
124,"CAN","Canada",34.1156282216791,36.0671366022048,37.1292863897021,37.7370593449846,39.5155754443458,40.8691394831258,41.4066291375371,42.817454596829,43.0395901935561,46.1849903548609,46.7547022883028,48.2729687115277,48.6796540573411,49.6133182453818,51.2308932938776,52.8512927040139,53.2408425360049,54.5276745910926,55.5364459517073,57.6508209830285,57.8177315649851,59.2937674931176,59.7302859469418,59.9762550111347,61.5429356571653,63.0314927399553,63.1854894163476,63.1854894163476
136,"CYM","Cayman Islands",44.2777352694149,45.4303072410152,45.4303072410152,51.2691198510779,51.2691198510779,51.2691198510779,51.2691198510779,51.2691198510779,51.2691198510779,51.2691198510779,51.4940138979408,51.4940138979408,51.4940138979408,51.4940138979408,51.4940138979408,51.4940138979408,53.3345863320065,53.3427927103886,53.3646162889028,54.0631998114443,54.1540359066438,54.1540359066438,54.1540359066438,54.1540359066438,54.1540359066438,54.1540359066438,54.1540359066438,54.1540359066438
140,"CAF","Central African Republic",97.0122203088853,97.0122203088853,97.0122203088853,97.0122203088853,97.0122203089824,97.0122203089824,97.0122203089824,97.0122203089824,97.0122203089824,97.0122203089824,97.0122203089824,97.0216546707329,97.0216546707329,97.0216546707329,97.0216546707329,97.0216546707329,97.0216546707329,97.0216546706659,97.0216546706659,97.0216546706659,97.0216546706659,97.0216546706659,97.0216546706659,97.0216546706659,97.0216546706659,97.0216546706659,97.0216546706659,97.0216546706659
148,"TCD","Chad",67.3074399128906,67.3074399128906,67.3074399128906,67.3074399128906,67.3074399128906,67.3074399128906,67.3074399128906,68.0866696223318,68.0866696223318,68.0866696223318,68.0866696223306,68.0866696223288,68.0866696223282,68.0866696223282,68.0866696223288,68.0866696223288,68.08666962233,68.08666962233,68.08666962233,68.08666962233,68.08666962233,68.08666962233,68.08666962233,68.08666962233,68.08666962233,68.08666962233,68.08666962233,68.08666962233
152,"CHL","Chile",55.7000614052498,57.8206842513418,58.5045410475912,58.5045410475915,58.5071484799998,58.5071484799995,58.5075525405815,58.5075525405815,58.5075525405815,58.5075525405697,58.635551422348,58.6820786425236,58.7089333015036,58.7089333015039,58.7089333015044,58.9401746411294,59.2196547802976,59.2352804485547,59.2352804485547,59.2483618846818,59.3082864134359,59.5837218014712,59.58372180147,59.593631773157,60.6598192869971,61.0552793812194,61.1189387915359,61.1189387915359
156,"CHN","China",0.883824150976776,0.883824150976776,0.886839533891506,0.898015336163994,0.898015336163994,1.01269305533119,1.01269305533119,1.01269305533119,1.95342205367668,1.95342205367668,2.16900882986734,2.16900882986734,2.16900882986734,2.16900882986734,2.31111117169092,2.31131575642221,2.31131575642221,2.64087743974179,2.64087743974179,2.7899218482084,2.7899218482084,2.83696040898776,2.83696040898776,2.83696040898776,4.62621930610671,4.62621930610671,4.62621930610671,4.62621930610671
170,"COL","Colombia",63.2833076482394,63.2833076482394,63.2856437683082,63.3101358783806,64.6735659955882,64.75310349727,64.7564469458512,64.8297114195571,70.3546260901577,70.3652636311253,70.3685083005065,73.1146340239576,73.8959218125324,76.4637362407477,77.97232840752,82.7578822368129,82.7703698807741,82.8162088158412,82.9431868475918,83.0996413008312,83.380932184,83.7244830286835,83.7312760645859,83.8004969825394,85.8096399464653,85.9941477461259,86.0156277135547,86.0156277135547
174,"COM","Comoros",0,4.10245298849361,4.10245298849361,4.10245298849361,4.10245298849361,4.10245298849361,4.10245298849361,4.10245298849361,4.10245298849361,4.10245298849361,4.10245298849361,4.10245298849361,59.9893318507835,59.9893318507835,59.9893318507835,59.9893318507835,100,100,100,100,100,100,100,100,100,100,100,100
184,"COK","Cook Islands",5.21905314708807,5.21905314708807,5.21905314708807,5.21905314708807,5.21905314708807,5.21905314708807,5.21905314708807,5.21905314708807,5.21905314708807,5.21905314708807,5.21905314708807,5.21905314708807,5.21905314708807,5.21905314708807,5.21905314708807,5.21905314708807,5.21905314708807,5.21905314708807,5.21905314708807,5.21905314708807,5.21905314708807,5.21905314708807,5.21905314708807,5.21905314708807,5.21905314708807,5.21905314708807,5.21905314708807,5.21905314708807
188,"CRI","Costa Rica",98.4428225925129,98.4945566006206,98.4945566005994,98.4945566006,98.5396826774106,98.5396826774235,98.5396826774112,98.8702187405188,98.8702187405218,98.8702187405218,98.8702187405218,98.8702187405218,98.8702187405218,98.8702187405218,98.8702187405218,99.0068863902518,99.0068863902512,99.0068863902512,99.0068863902512,99.0068863902512,99.0068863902512,99.0068863902512,99.0068863902512,99.0068863902512,99.0068863981712,99.0068863981659,99.0598361353494,99.0598361353494
384,"CIV","Cote d'Ivoire",99.8727405978553,99.8727405978553,99.8727405978553,99.8727405978553,99.8727405978553,99.8727405978553,99.8727405978553,99.8727405978553,99.8727405978553,99.8727405978553,99.8727405978553,99.9625363756888,99.9625363756888,99.9625363756888,99.9625363756888,99.9625363756888,99.9625363756888,99.9625363756888,99.9625363756888,99.9625363756888,99.9625363756888,99.9625363756888,99.9625363756888,99.9625363756888,99.9625363756888,99.9625363756888,99.9625363756888,99.9625363756888
191,"HRV","Croatia",47.4858431746066,49.2421919762628,49.2888548435879,49.2981763942023,49.6300282974778,58.7262761635691,58.7809609207986,60.3362975098171,60.3462845531082,60.7632957010194,60.7632957010194,60.7632957010829,62.3090913791276,62.3090913791276,62.30909137913,62.30909137913,62.3368696968447,71.3043294255494,71.3043294255494,100,100,100,100,100,100,100,100,100
192,"CUB","Cuba",0,0,0,0,0,0,0,34.4794043752281,42.6318634970007,42.6318634970007,42.6318634970007,42.6318634970007,42.6318634970007,42.6318634970007,43.7574526191249,43.7574526191249,57.6326262890829,57.6326262890829,58.9173824991047,58.9173824991047,58.9173824991047,58.9173824991047,58.9173824991047,58.9173824991047,58.9173824991047,58.9173824991047,58.9173824991047,58.9173824991047
531,"CUW","Curacao",47.2411422166711,47.2411422166711,47.2411422166711,47.2411422166711,47.2411422166711,47.2411422166711,47.2411422166711,47.2411422166711,47.2411422166711,47.2411422166711,47.2411422166711,47.2411422166711,47.2411422166711,47.2411422166711,47.2411422166711,47.2411422166711,47.2411422166711,47.2411422166711,47.2411422166711,76.9545155271365,76.9545155271365,76.9545155271365,76.9545155271365,76.9545155271365,78.79351686099,78.79351686099,78.79351686099,78.79351686099
196,"CYP","Cyprus",42.0210173351315,42.0210173351315,42.1016088382701,42.1016088382701,42.1583155446001,42.1583155446001,42.9000459845309,43.8245799274791,43.8245799274791,45.1876634240464,48.0300961598413,59.6229682850523,59.6229682850523,86.9723748034653,98.0446431706594,98.3915164979288,98.3915164979288,100,100,100,100,100,100,100,100,100,100,100
203,"CZE","Czech Republic",84.6591851659194,84.7411418911959,84.8105587825606,84.8865728206371,85.0670193564835,85.6274292516912,85.6746182207071,85.7054074605024,85.7516955117459,85.7522771783194,98.96953898398,100,100,100,100,100,100,100,100,100,100,100,100,100,100,100,100,100
180,"COD","Dem. Rep. Congo",49.0286919191122,49.0286919191122,49.1984577082445,49.1984577082445,49.1984577082445,49.1984577082445,49.1984577082445,49.1984577082445,49.1984577082445,49.1984577082445,49.1984577082445,49.1984577082445,52.5042941908526,59.5542737461418,73.1734328531882,73.1734328531882,73.1734328531882,73.1734329058371,73.4355898106171,73.4355898106171,73.4355898106171,73.4355898106171,75.6945119203188,80.5806002904947,80.5806002904947,80.5806002904947,80.5806002904947,80.5806002904947
208,"DNK","Denmark",78.9648102464612,78.9650954278535,79.0591585802724,79.0592017666776,79.0793695969329,79.09563523835,79.1240832689482,79.2057712782065,79.3152024912671,79.3617364212553,79.4855227315659,79.5172941902788,79.5277587287729,79.6857690867241,79.7130146532759,80.2567295783741,80.3075394961929,84.64341490835,84.6568074617882,84.6738935624041,84.6858044181424,84.6858044181424,84.7623435567771,84.7843163813594,84.7843163813594,84.7843163813594,84.7843163813594,84.7843163813594
262,"DJI","Djibouti",0,0,0,0,0,0,0,0,0.448903443799805,0.448903443799805,0.448903443799805,0.448903443799805,0.448903443799805,0.448903443799805,0.448903443799805,0.448903443799805,0.448903443799805,0.448903443799805,0.448903443799805,7.807073053711,7.807073053711,7.807073053711,7.807073053711,7.807073053711,7.807073053711,7.807073053711,7.807073053711,7.807073053711
212,"DMA","Dominica",80.1704988313918,80.1704988313918,80.1704988313918,80.1704988313918,80.1704988313918,80.1704988313918,80.1971087085212,80.1971087085212,80.1971087085212,80.1971087085212,80.1971087085212,80.1971087085212,80.1971087085212,80.1971087085212,80.1971087085212,80.1971087085212,80.1971087085212,80.1971087085212,80.1971087085212,80.1971087085212,80.1971087085212,80.1971087085212,80.1971087085212,80.1971087085212,80.1971087085212,80.1971087085212,80.1971087085212,80.1971087085212
214,"DOM","Dominican Republic",30.2400010801624,30.2400010801624,30.2400010801624,30.2400010801624,30.2400010801624,30.2400010801624,30.2400010801624,30.2400010801624,31.4058330378513,31.4058330378513,70.8736465416512,70.8736465416512,70.8736465416512,70.8736465416512,70.8736465416512,81.16359193384,81.16359193384,84.1301222864653,84.1301222864653,87.4478192223894,91.5127091074635,91.5127091074429,91.5432823320212,91.5432823320212,91.5432823320212,91.5432823320212,91.5432823320212,91.5432823320212
218,"ECU","Ecuador",37.9134874300103,37.9134874300103,52.6681735585601,52.6681735585601,52.6754639827466,66.2133484332088,66.8746003901429,67.2145833387218,67.8858884343741,68.4700350398729,77.4749226415988,77.4749226415988,77.6767477406535,77.6767477406535,77.6814219763659,77.6814219763659,86.0821236502535,86.2000954967247,87.3919101211353,87.3919101211353,89.3184797867088,89.3184797867094,89.3676599130141,91.0214588614806,91.0214588614806,91.0214588614818,91.0214588614818,91.0214588614818
818,"EGY","Egypt",2.27718067704085,16.6531694344174,33.6324959569822,33.6324959569822,35.6517177667589,35.6855333697494,35.6855333697494,35.6855333697494,42.0505147505489,44.8933688027842,44.8933688027842,44.8933688027842,44.8933688031178,75.3402773256088,75.3402773256088,75.3402773256088,75.4121759539041,75.4121759539041,75.4210144050659,75.4210144050659,75.4210144050659,75.4210144050659,75.4210144050659,75.4210144050659,75.4210144050659,75.4210144050659,75.4210144050659,75.4210144050659
222,"SLV","El Salvador",0,0,0,0.449334726554827,0.449334726554827,0.449334726554827,0.449334726554827,0.449334726554827,0.449334726554827,0.449334726554827,0.449334726554827,21.6224628700149,21.6224628700149,23.0089305420704,24.3776297406442,25.0083610515604,29.9250251841585,37.7468352719432,37.7550534016156,37.7818808795685,38.9603049346159,39.4776777192529,39.6588228192423,39.8710620403247,39.8876318896818,39.9511654481977,39.9511654481977,39.9511654481977
226,"GNQ","Equatorial Guinea",42.2209832814198,42.2209832814198,42.2209832814198,42.2209832814198,42.2209832814198,42.2209832814198,100,100,100,100,100,100,100,100,100,100,100,100,100,100,100,100,100,100,100,100,100,100
232,"ERI","Eritrea",0,0,0,0,0,0,0,0,0,0,0,0,0,0,0,0,0,0,0,0,0,0,0,0,0,0,0,0
233,"EST","Estonia",3.68707446140699,3.68707446140699,3.68707446140699,22.5458600304217,22.5458600304217,22.7486643717247,22.7580589121862,22.9524109630849,22.9524109630849,24.8153656716285,78.9608958498353,88.6384030584071,97.8327629920182,100,100,100,100,100,100,100,100,100,100,100,100,100,100,100
748,"SWZ","Eswatini",23.4846677396441,23.4846677396441,23.4846677396441,23.4846677396441,23.4846677396441,23.4846677396441,23.4846677396441,23.4846677396441,23.4846677396441,23.4846677396441,23.4846677396441,23.4846677396441,23.4846677396441,23.4846677396441,23.4846677396441,23.4846677396441,23.4846677396441,23.4846677396441,23.4846677396441,23.8871464386438,23.8871464386438,24.6530124135372,24.6530124135372,24.6530124135372,24.6530124135372,24.6530124135372,24.6530124135372,24.6530124135372
231,"ETH","Ethiopia",60.5431851956841,60.5431851956841,60.5431851956841,60.5431851956841,60.8268131625894,60.8268131625894,61.3179660779647,61.3179660779647,61.3179660779647,61.3749870695065,61.3749870695065,61.8312731916641,63.8759031032206,64.8462610952735,64.8462610952735,64.8462610952735,66.6245854525282,72.4135425782235,72.6159516925453,73.2582878315053,73.2582878314906,74.2021706134371,74.5263858895153,77.3212393241112,77.3212393241112,77.3212393241112,77.3212393241112,77.3212393241112
234,"FRO","Faeroe Islands",0,0,0,0,0,0,0,0,0,0,0,0,0,0,0,0,0,0,12.8383344248273,12.8383344248273,12.8383344248273,12.8383344248273,12.8383344248273,12.8383344248273,12.8383344248273,12.8383344248273,12.8383344248273,12.8383344248273
238,"FLK","Falkland Islands",2.62882083150025,2.62882083150025,2.62882083150025,2.62882083150025,2.62882083150025,2.62882083150025,2.62882083150025,3.15238287237765,3.15238287237765,3.15238287237765,3.15238287237765,3.15238287237765,3.15238287237765,3.15238287237765,3.15238287237765,3.15238287237765,3.15238287237765,3.15238287237765,3.15238287237765,3.15238287237765,3.15238287237765,3.15238287237765,3.15238287237765,3.15238287237765,3.15238287237765,3.15238287237765,3.15238287237765,3.15238287237765
242,"FJI","Fiji",7.18616811097271,7.18616811097271,7.18616811097271,7.63986289716612,7.63986289716612,7.63986289716612,7.67628783117671,7.67628783117671,7.67628783117671,7.67628783117671,7.91716888012865,7.91716888012865,14.3578423404871,14.3578423404871,14.3578423404871,14.3578423404871,14.3578423404871,14.3578423404871,14.3578423404871,14.3578423404871,14.3578423404871,14.3578423404871,14.3578423404871,14.3578423404871,14.3578423404871,14.3578423404871,14.3578423404871,14.3578423404871
246,"FIN","Finland",46.7327123601136,46.7874213015421,46.8466755080452,46.9429605582339,54.5037523244773,54.5604915364619,54.6828284967989,54.7614003795897,54.8903046815411,54.9987736061268,57.3999871446993,57.9860054556634,58.0662869262697,58.1406022992092,58.2593031450442,58.3397605675356,58.4332675428208,58.5586849340895,58.6569199700096,58.7695315242093,59.9018617843529,72.115497122133,72.1906746579424,72.9535377837253,73.0393367536235,73.1876648402759,73.3183234513471,73.3272592091553
250,"FRA","France",53.831291245712,57.5738035925431,60.8308826944306,60.9259733292341,66.0928340435759,68.4625730430129,68.4819750306206,74.8466926626835,74.8782741385165,75.3838564501476,80.0914870749553,80.5578519329182,83.7197007844371,89.4367466734606,91.7744644319188,98.5993820333688,99.1082941211471,99.9689576678959,99.9689576678959,99.9689576678959,99.9689576678959,99.9690742344559,99.9690742344559,99.9690742344559,99.9690742344559,99.9690742344559,99.9690742344559,99.9690742344559
258,"PYF","French Polynesia",5.30397967507402,5.30397967507402,5.30397967507402,5.30397967507402,5.30397967507402,5.30397967507402,5.30397967507402,5.30397967507402,5.30397967507402,5.30397967507402,5.30397967507402,5.30397967507402,5.30397967507402,5.30397967507402,10.0629183384048,10.0629183384048,10.0629183384048,10.0629183384048,10.0629183384048,10.0629183384048,10.0629183384048,10.0629183384048,10.0629183384048,10.0629183384048,10.0629183384048,10.0629183384048,10.0629183384048,10.0629183384048
266,"GAB","Gabon",30.0074031482901,30.0074031482901,30.0074031482901,30.0074031482901,35.2423365674781,35.2423365674781,35.2423365674781,35.2423365674781,86.8483255769112,86.8483255769112,86.8483255769112,86.8483255769112,86.8483255769112,88.7151267434912,88.7151267434912,89.8259991957394,89.8259991957394,89.8259991957394,89.8259991957394,89.8259991957394,89.8259991957394,89.8259991957394,89.8259991957394,89.8682182688071,89.8682182688071,89.8682182688071,89.8682182688071,89.8682182688071
270,"GMB","Gambia",13.6939755598826,13.6939755598826,28.1029929792424,28.1029929792424,28.1029929792424,28.1029929792424,28.1029929792424,28.1029929792424,28.1029929792424,31.0783423144166,31.0783423144166,31.0783423144166,31.0783423144166,31.3130103624572,31.5292059368948,31.5292059368948,31.5292059368948,31.5292059368948,31.5292059368948,31.5292059368948,42.8175938822034,42.8175938822034,42.8175938822034,42.8175938822034,42.8175938822034,42.8175938822034,42.8175938822034,42.8175938822034
268,"GEO","Georgia",9.48400623679559,17.7017347701912,18.7238924064896,18.7897575131818,21.0714952280574,21.0714952280574,21.0714952280574,21.0714952280574,21.0714952280574,33.7687786888176,33.7687786888176,33.7687786888176,35.0899360222749,45.2611913893969,45.2611913893969,45.2611913893969,45.2611913893969,46.5751755384684,47.1781892904999,47.2878492205361,53.9321077711818,53.9321077711818,53.9755063615747,53.9755063615747,53.9755063615747,54.0127701078908,54.0127701078908,64.3344888699882
276,"DEU","Germany",82.9550424463359,91.0862714585641,95.0674926538471,100,100,100,100,100,100,100,100,100,100,100,100,100,100,100,100,100,100,100,100,100,100,100,100,100
288,"GHA","Ghana",76.2308753863959,76.2308753863959,76.2308753863959,76.2308753863959,76.2308753863959,76.2308753863959,76.2308753863959,76.2308753863959,76.2308753863959,76.9124940770965,76.9124940770965,76.9124940770965,76.9124940770965,76.9124940770965,76.9124940770965,76.9124940770965,76.9124940770965,76.9124940770965,76.9124940770965,76.9124940770965,76.9124940770965,76.9124940770965,76.9124940770965,76.9124940770965,76.9124940770965,76.9124940770965,76.9124940770965,76.9124940770965
300,"GRC","Greece",55.0256833977878,56.2152743167245,57.2252437124711,67.8507197409241,68.3747901740147,68.5772786945676,69.2550772133288,82.3529341597118,97.8979141829459,99.3041521943312,100,100,100,100,100,100,100,100,100,100,100,100,100,100,100,100,100,100
304,"GRL","Greenland",100,100,100,100,100,100,100,100,100,100,100,100,100,100,100,100,100,100,100,100,100,100,100,100,100,100,100,100
308,"GRD","Grenada",44.9241251032685,44.9241251032685,46.9891882957552,46.9891882957552,46.9891882957552,46.9891882957552,46.9891882957552,46.9891882957552,46.9891882957552,46.9891882957552,46.9891882957552,46.9891882957552,46.9891882957552,46.9891882957552,46.9891882957552,46.9891882957552,46.9891882957552,46.9891882957552,48.0920442161012,48.0920442161012,48.0920442161012,48.0920442161012,48.0920442161012,48.0920442161012,48.0920442161012,48.0920442161012,48.0920442161012,48.0920442161012
320,"GTM","Guatemala",53.7136476279355,71.1710470485265,71.8914697402012,73.8863107776459,74.1254082530118,74.2664916746388,74.3541729263288,74.5129778387747,74.57791029517,74.5903846651524,74.8663374946753,74.874673708067,75.3480828291912,75.639200192083,75.6569795805065,75.8819479791676,75.9703519603665,75.9756939551641,76.0000626237494,76.0628590846794,76.1586003808759,76.16299505648,76.2960519811241,76.4914819604759,76.5013343660135,76.6778139608482,76.6778139608529,76.6778139608529
831,"GGY","Guernsey",0,0,0,0,0,0,0,0,0,0,0,0,0,0.256265718362363,0.256265718362363,0.256265718362363,0.256265718362363,0.256265718362363,0.256265718362363,0.256265718362363,0.256265718362363,0.256265718362363,0.256265718362363,0.256265718362363,0.256265718362363,0.256265718362363,0.256265718362363,0.256265718362363
324,"GIN","Guinea",61.2275393772376,61.2275393772376,61.2275393772376,61.2275393772376,61.2275393772376,61.2275393772376,61.2275393772376,61.2275393772376,95.6435051470147,95.6435051470147,95.6435051470147,99.6610882555512,99.6610882555512,99.6610882555512,99.6610882555512,99.6610882555512,99.6610882555512,99.6610882555512,99.6610882555512,99.6610882555512,99.6610882555512,99.6610882555512,99.6610882555512,99.6610882555512,99.6610882555512,99.6610882555512,99.6610882555512,99.6610882555512
624,"GNB","Guinea-Bissau",80.2287378654812,80.2287378654812,80.2287378654812,80.2287378654812,80.2287378654812,80.2287378654812,91.2276008077282,91.2276008077282,91.2276008077282,91.2276008077282,91.2276008077282,91.2276008076382,91.2276008076382,100,100,100,100,100,100,100,100,100,100,100,100,100,100,100
328,"GUY","Guyana",1.71133552385662,1.71133552385662,12.1303942831556,12.1303942831556,12.1303942831556,12.1303942831556,12.1303942831556,12.1303942831556,12.1303942831556,12.1303942831556,12.1303942831556,12.1303942831556,12.1303942831556,29.381114689002,29.381114689002,29.381114689002,29.381114689002,48.9055756121356,48.9055756121356,48.9055756121356,48.9055756121356,48.9055756121356,48.9055756121356,48.9055756121356,48.9055756121356,48.9055756121356,48.9055756121356,48.9055756121356
332,"HTI","Haiti",12.2123072880565,12.2123072880565,12.2123072880565,12.2123072880565,12.2123072880565,12.2123072880565,12.2123072880565,12.2123072880565,12.2123072880565,12.2123072880565,12.2123072880565,12.2123072880565,12.2123072880565,12.2123072880565,12.2123072880565,12.2123072880565,12.2123072880565,12.2123072880565,12.2123072880565,12.9674678739308,22.3350389703994,27.3915651011049,27.3915651011049,38.3482254624463,38.3482254624463,38.3482254624463,38.3482254624463,43.5529699051341
336,"VAT","Holy See",0,0,0,0,0,0,0,0,0,0,0,0,0,0,0,0,0,0,0,0,0,0,0,0,0,0,0,0
340,"HND","Honduras",64.6354493342994,64.6354493343247,64.6354493343247,64.6354493343247,64.6354493343247,68.5272254647659,68.5272254648871,68.5272254648871,68.5272254648871,68.5272254648871,68.5272254648871,69.6155196475165,71.7534206858847,71.7534206858847,71.7534206858847,71.7534206858847,72.2022689587653,72.2022689587653,75.9216362756441,76.21019660629,76.21019660629,76.2228880426471,77.4524030926729,77.4539093293212,77.4685831221382,77.4730016885694,77.4730016885694,77.4730016885694
344,"HKG","Hong Kong",100,100,100,100,100,100,100,100,100,100,100,100,100,100,100,100,100,100,100,100,100,100,100,100,100,100,100,100
348,"HUN","Hungary",40.0447431094043,40.0447431094043,43.1015376765686,52.9414965908048,54.3065019504645,54.7970788499486,54.8055369479879,54.8056233142686,57.5577229750987,57.5579895461307,100,100,100,100,100,100,100,100,100,100,100,100,100,100,100,100,100,100
352,"ISL","Iceland",22.8653589105198,22.8653589105198,22.8999758850542,22.8999758850542,22.9000850280369,22.9157217965215,22.9166764137042,24.0058306982493,24.0079591284989,24.4157996125075,25.8830213682949,28.4413595949935,28.4459375557401,28.6040562666765,28.6040562666765,76.8142249334953,76.8142249334953,76.9830296686176,77.0524811620471,77.8282304978776,77.8331357950941,77.8331357950941,78.3127563919724,78.3127563919724,78.3127563919724,78.3127563919724,80.8541874963571,80.95793392434
356,"IND","India",0.344939437912744,0.344939437912744,0.344939437912744,0.344939437912744,0.344939437912744,0.344939437912744,0.344939437912744,0.344939437912744,1.07476830925499,1.07476830925499,1.07476830925499,1.12826970727895,1.12826970727895,1.12826970727895,1.12826970727895,1.12826970727895,1.12826970727895,1.12826970727895,1.15069902450531,1.15069902450531,1.15069902450531,1.15069902450531,1.15069902450531,1.15069902450531,1.15069902450531,1.15069902450531,1.15069902450531,1.15069902450531
360,"IDN","Indonesia",62.4927402727012,62.4927402727012,62.4927402727012,65.0562609418559,65.0587727729818,65.0713741502324,65.2536705471476,65.2536882104371,65.5847811199188,65.5854954323318,65.5876882997382,65.5876882997382,66.0192237836806,66.0192237836771,66.0192237836835,66.0251799614676,66.0251799614682,66.2069930435282,66.2070107436771,66.2074764528482,66.2074764528565,66.2074764528906,66.2074764528906,66.20747645289,66.2074764528918,66.2074764528918,66.2074764528918,66.2074764528918
364,"IRN","Iran",31.2754458221228,31.8119860627971,33.0613433179178,33.0627178442738,33.0627178442738,33.0769049435911,33.7707727369059,39.6533202130766,40.7897599760839,40.8750618068479,40.8750618068479,40.8750618068479,40.8750618068479,40.8750618068479,40.8750618068479,40.8750618068479,40.8811800811492,40.8834474997541,40.8834474997541,40.8834474997541,40.8834474997541,40.8834474997541,40.8834474997541,40.8834474997541,40.8834474997541,40.8834474997541,40.8834474997541,40.8834474997541
368,"IRQ","Iraq",0,0,0,0,0,0,0,0,0,1.51619966483337,1.51619966483337,1.51619966483337,1.51619966483337,3.33131121015432,3.33131121015432,3.33131121015432,3.33131121015432,3.33131121015432,3.33131121015432,5.17641536606412,8.618608372145,8.618608372145,8.618608372145,8.618608372145,8.618608372145,8.618608372145,8.618608372145,8.618608372145
372,"IRL","Ireland",55.8007963331142,57.1141938053607,58.5759809194097,58.5759809194097,58.5759809196064,58.5759809196064,58.5759809196064,58.5759809196064,58.5864058279134,59.5043309689706,59.5043309692065,62.8125663253394,64.1327444173129,77.1276869863288,77.1621312756547,77.1985135583818,77.2980489045294,77.4022828443106,77.4022828443106,77.4022828443106,77.4022828443106,77.4022828443106,77.81147078935,78.6049625580729,79.5030934921594,81.8186232688053,82.8645411593712,82.8645411593712
833,"IMN","Isle of Man",3.37193955795004,3.37193955795004,6.92822877107418,6.92822877107418,6.92822877107418,6.92822877107418,7.10251505493171,7.52058632665153,7.52058632665153,7.52058632665153,8.16040117465453,10.1423346145868,10.657073510303,10.9624635932062,21.9331223491311,22.5978189288624,22.5978189243611,23.1377022997333,23.2831318679266,23.3234824503871,23.3234824503871,23.3234824503871,23.3234824503871,23.3234824503871,23.3234824371511,23.3234824371511,23.3234824371511,23.3234824371511
376,"ISR","Israel",69.4252691465141,69.428137458497,69.5105808884653,69.5140033122465,69.5140033122465,69.5453585375318,69.6075608771206,69.9661560888094,70.0802410627977,71.1611345425347,71.6796940869712,72.9155333368077,72.91746517966,73.3152975870894,73.5056856410065,74.0161757309312,74.4345421504806,74.6884055622459,74.6968994061306,74.8893300019765,75.0942386956482,75.1006801251094,75.3190158580882,75.5838196547441,76.2536784739376,76.8571794725247,76.8571794725247,76.8571794725247
380,"ITA","Italy",44.8126722539376,46.7729831551826,51.4287924778823,55.7309845355668,61.2620730847912,64.7036893116388,66.5186145852447,66.6870124122335,67.4270022496953,72.9218694524335,76.8537847738124,84.3179462025759,85.9187352329371,89.8126996023588,89.9242074421018,93.3931277454929,93.4701486951429,93.470148695187,93.6239245801559,94.0108672291188,95.4951862671541,98.1586461694253,100,100,100,100,100,100
388,"JAM","Jamaica",60.4801088333306,60.4801088333306,60.4801088286182,67.7970571685629,67.8797244856588,84.1233545125959,84.1233545125959,84.1233545125959,84.1705765188012,84.1705765188012,84.1705765188012,84.3884561772559,84.4191292251018,84.4191292251018,84.4191292251018,84.4191292265706,84.4191292290935,84.4191292290935,84.4191292290935,84.4191292290935,85.2100362518359,85.2100362518359,86.0803089709712,86.0803089709712,86.0803089709712,86.0803089709712,86.0803089709712,86.0803089709712
392,"JPN","Japan",100,100,100,100,100,100,100,100,100,100,100,100,100,100,100,100,100,100,100,100,100,100,100,100,100,100,100,100
832,"JEY","Jersey",91.2387127796206,91.2387127796206,91.3502283420835,91.3502283420835,91.3502283420835,91.3502283420835,91.3502283432559,91.3502283432559,91.3502283432559,91.3502283432559,91.3502283432559,91.3502283432559,91.3502283432559,91.61939535723,91.61939535723,93.0153668715124,93.0153668715124,93.0159655412653,93.0159655412653,93.0159655412653,93.0159655412653,93.0159655412653,93.0159655412653,93.0159655412653,93.0512683684124,93.0512683684124,93.0512683684124,93.0512683684124
400,"JOR","Jordan",4.06677547229539,4.06677547229539,4.06677547229539,4.06677547229539,4.06677547229539,4.06677547229539,4.06677547229539,4.06677547229539,4.06677547229539,4.06677547229539,4.12278332980935,4.12278332980935,4.12278332980935,4.12278332980935,4.12278332980935,4.12278332980935,4.25841181158709,5.15696711249213,5.30344152453796,5.42016997964591,5.42016997964591,5.42016997964591,5.65807742919572,5.65807742919572,21.5768274954719,21.5768274954719,21.5768274954719,21.5768274954719
398,"KAZ","Kazakhstan",3.58471637128051,3.58471637128051,6.35385663993724,6.35385663993724,6.80109899066306,6.80109899066306,7.09288281458153,27.4972310210275,27.4972310210275,29.5263353571209,29.8000008132478,47.0918317961984,47.3682756496834,49.9368030450276,50.0011888290226,52.3219203391992,52.3361916399037,52.6679200885152,55.8601579890974,55.8601579890974,55.8601579890974,55.8601579890974,55.8601579890974,55.8604423700072,56.3197024154086,56.3197024154086,56.3197024154086,56.3197024154086
404,"KEN","Kenya",66.4602966257129,66.9747762078006,66.9747762078006,66.9747762078006,66.9747762078006,67.0008811282788,67.9237779900371,68.1579762690753,68.4747787374982,68.4747787374982,68.8501841004335,68.89014913669,69.0647085150847,69.0647085150847,69.0683779711935,69.3401882944565,69.7699105228765,69.7886945588488,69.8999528274094,69.8999528274094,69.8999528274094,69.8999528274094,69.8999528274094,69.8999528274094,69.8999528274094,69.8999528274094,70.106338798177,70.106338798177
296,"KIR","Kiribati",35.4293845327744,35.4293845327744,35.4293845327744,35.4293845327744,35.4293845327744,100,100,100,100,100,100,100,100,100,100,100,100,100,100,100,100,100,100,100,100,100,100,100
689,"XKX","Kosovo",5.05405507193921,5.05405507193921,5.05405507193921,5.05405507193921,5.05405507193921,5.05405507193921,5.05405507193921,5.05405507193921,5.05405507193921,5.05405507193921,5.05405507193921,5.05405507193921,5.05405507193921,5.05405507193921,5.05405507193921,5.05405507193921,5.05405507193921,5.09052273485718,59.9312781697482,59.9312781697482,60.1445142831153,63.2881697453082,63.3157153077529,63.3157153077529,63.3227607631912,63.37236964286,63.37236964286,63.37236964286
414,"KWT","Kuwait",11.6302533997318,11.6302533997318,11.6302533997318,17.6965412298794,17.6965412298794,17.6965412298794,17.6965412298794,17.6965412298794,17.7038958846798,17.7038958846798,17.7038958846798,17.7038958846798,17.7038958846798,17.7038958846798,17.7038958846798,17.7038958846798,31.3544917909018,98.0332550350523,98.0332550350523,98.0332550350523,98.0332550350523,98.0332550350523,98.3594335653888,98.3594335653888,98.3594335653888,98.3594335653888,98.3594335653888,98.3594335653888
417,"KGZ","Kyrgyzstan",17.4644479731195,19.3702284633074,20.3802063491314,20.3802063491314,20.3802063491314,20.3802063491314,20.3802063491314,20.3802063491314,20.3802063491314,20.3802063491314,20.3802063491314,20.4897947686842,20.4897947686842,20.4897947686842,20.4897947686842,20.4897947686842,20.4897947686842,20.7241297159868,20.7241297159868,20.7241297159868,20.7241297159868,20.7241297159868,20.7241297159868,20.7241297159868,20.7241297159868,20.7241297159868,20.7241297159868,20.7241297159868
418,"LAO","Laos",60.6637170810753,60.6637170810753,64.5513811358947,64.5513811358947,64.5513811358947,64.5513811358947,64.5513811358947,64.5513811358947,64.5513811358947,64.5513811358947,64.5513811358947,65.1863064814088,66.5831920212941,66.5831920212941,70.2907232953306,71.6364940535247,71.6364940535247,75.4462177876141,79.8436564951877,79.8436564951877,79.8436564951877,79.8436564951877,79.8436564951877,79.8436564951877,79.8436564951877,100,100,100
428,"LVA","Latvia",38.6268225200828,38.8396944489212,38.8396944489212,81.3914580613894,81.3914580613894,86.8952061972382,86.8952061972382,87.00925754124,91.3735236078888,91.3957366086829,100,100,100,100,100,100,100,100,100,100,100,100,100,100,100,100,100,100
422,"LBN","Lebanon",0.981211305927529,1.27048843458701,6.68957727315424,6.68957727315424,6.68957727315424,8.80748882680188,8.80748882680188,8.81942311246135,8.81942311246135,8.81942311246135,8.81942311246135,8.81942311246135,8.81942311246135,8.81942311246135,8.81942311246135,8.81942311246135,10.1659874483161,10.223444306875,10.223444306875,10.223444306875,10.2346902156669,10.2346902156669,10.2346902156669,10.2346902156669,10.2346902156669,10.2346902156669,10.9513180463504,10.9513180463504
426,"LSO","Lesotho",2.74252918620034,2.74252918620034,2.74252918620034,2.74252918620034,2.74252918620034,2.74252918620034,2.74252918620034,2.74252918620034,2.74252918620034,2.74252918620034,2.82607100517405,2.82607100517405,2.82607100517405,2.82607100517405,2.82607100517405,2.82607100517405,2.82607100517405,2.82607100517405,2.82607100517405,2.82607100517405,2.82607100517405,2.82607100517405,2.82607100517405,2.82607100517405,2.82607100517405,2.82607100517405,2.82607100517405,2.82607100517405
430,"LBR","Liberia",9.51123182725724,9.51123182725724,9.51123182725724,9.51123182725724,9.51123182725724,9.51123182725724,9.51123182725724,9.51123182725724,9.51123182725724,20.4390258491083,20.4390258491083,20.4390258491083,21.3195310353344,21.3195310353344,21.3195310353344,21.3195310353344,21.3195310353344,21.3195310353344,21.3195310353344,21.3195310353344,21.3195310353344,21.3195310353344,21.3195310353344,21.3195310353344,21.3195310353344,21.3195310353344,21.3195310353344,21.3195310353344
434,"LBY","Libya",0.747274068700141,0.747274068700141,0.747274068700141,0.747274068700141,0.747274068700141,0.747274068700141,0.747574995171318,0.747574995171318,0.747574995171318,0.747574995171318,0.747574995171318,0.747574995171318,0.747574995171318,0.747574995171318,0.747574995171318,0.747574995171318,0.747574995171318,0.747574995171318,0.747574995171318,0.747574995171318,0.747574995171318,0.747574995171318,0.747574995171318,0.747574995171318,0.747574995171318,0.747574995171318,0.747574995171318,0.747574995171318
438,"LIE","Liechtenstein",74.0254470524224,74.0254470524224,74.0254470524224,74.0254470524224,74.0254470524224,74.0254470524224,77.5168692627912,77.5168692627912,77.5168692627912,77.5168692627912,77.5168692627912,77.5168692627912,77.5168692627912,77.5168692627912,77.5168692627912,77.5168692627912,77.5168692627912,77.5168692627912,77.5168692627912,77.5185607806635,77.75351796585,77.75351796585,77.75351796585,77.75351796585,77.75351796585,77.75351796585,77.75351796585,77.75351796585
440,"LTU","Lithuania",78.2428948519212,78.2428948519212,78.2428948519212,78.2428948519212,78.7122479672924,78.7122479672924,78.7122479672924,78.7122479672924,79.7299197476753,79.7299197476753,94.5790956755829,96.6352318035141,96.7275479830365,96.7275479830365,96.7275479830365,98.638833885613,98.7463788075941,98.77740361204,98.7883604951847,98.7883604953512,98.9352072770194,98.9739541124377,98.9739541124377,98.9739541124377,99.09153197718,99.5160914475771,99.6502773456135,99.6502773456135
442,"LUX","Luxembourg",100,100,100,100,100,100,100,100,100,100,100,100,100,100,100,100,100,100,100,100,100,100,100,100,100,100,100,100
446,"MAC","Macao",0,0,0,0,0,0,0,0,0,0,0,0,0,0,0,0,0,0,0,0,0,0,0,0,0,0,0,0
450,"MDG","Madagascar",20.7330092059322,20.7330092059322,20.7330092059322,29.559399333961,30.1654895827651,30.1654895827651,30.1654895827651,30.1654895827651,30.1654895827651,37.3545056206775,37.3545056206775,37.4431480900341,37.4503799907958,37.612278562009,37.6182149241424,37.6536717082451,41.2189651291704,41.2189651291704,41.3694806791717,41.3694806791717,41.3694806791717,41.3850327054323,41.3850327054323,42.7195426144866,42.7195426144866,42.7195426144866,42.7195426144866,42.7195426144866
454,"MWI","Malawi",96.4688833318523,96.4688833318523,99.96211036073,99.96211036073,99.96211036073,99.96211036073,99.96211036073,99.96211036073,99.96211036073,99.96211036073,99.96211036073,99.96211036073,99.96211036073,99.96211036073,99.96211036073,99.96211036073,99.96211036073,99.96211036073,99.96211036073,99.96211036073,99.96211036073,99.96211036073,99.96211036073,99.96211036073,99.96211036073,99.96211036073,99.96211036073,99.96211036073
458,"MYS","Malaysia",25.0858548172041,25.1001091735745,25.1001537513979,26.1570683679808,26.1651553093147,26.9643032716739,27.5781592300132,28.1901484974647,33.6206258171367,33.8172768758592,33.8361079986262,35.3681950615466,37.0193969559988,45.0848365839274,48.4470516535116,49.0406013358328,51.1190497606774,52.6551524636806,54.2231459516934,62.0550598742323,69.2105162633212,74.2422668731118,74.4905629150247,74.4905629150247,74.4905629150247,74.4905629150247,74.4905629150247,74.4905629150247
462,"MDV","Maldives",0,0,0,0,0,0,0,0,0,0,0,0,0.10433907186643,0.10433907186643,0.10433907186643,0.10433907186643,0.10433907186643,0.10433907186643,2.37883498522015,2.37883498522015,2.37883498522015,2.37883498522015,2.37883498522015,2.37883498522015,6.97672779746371,7.99436422114729,10.3575692949036,10.3575692949036
466,"MLI","Mali",17.8439695618914,17.8439695618914,17.8439695618914,17.8439695618914,17.8439695618914,17.8439695618914,17.8439695618914,18.0371648237909,18.8889778118658,18.8889778118658,28.1721120940738,28.1721120940738,28.8961369101448,29.0736948865924,29.0736948865924,29.0736948865924,29.4909522576049,29.5787986965739,30.092720088238,30.4662623022582,30.4662623022582,30.4662623022582,30.6985049577737,30.6985049577737,30.6985049577737,30.6985049577737,30.6985049577737,30.6985049577737
470,"MLT","Malta",31.5423698703938,32.5501436744902,87.3240741534318,87.3891188032406,87.3896971388041,88.7600980308229,93.2552969549818,100,100,100,100,100,100,100,100,100,100,100,100,100,100,100,100,100,100,100,100,100
584,"MHL","Marshall Islands",5.04569578986765,5.04569578986765,5.04569578986765,5.04569578986765,5.04569578986765,5.04569578986765,5.04569578986765,5.04569578986765,5.04569578986765,5.04569578986765,5.04569578986765,5.04569578986765,5.04569578986765,5.04569578986765,5.04569578986765,5.04569578986765,5.04569578986765,5.04569578986765,5.04569578986765,5.04569578986765,5.04569578986765,5.04569578986765,5.04569578986765,5.04569578986765,5.04569578986765,5.04569578986765,5.04569578986765,5.04569578986765
478,"MRT","Mauritania",3.458767350252,3.458767350252,3.458767350252,3.458767350252,3.458767350252,3.458767350252,3.51194606625903,3.51194606625903,3.51194606625903,3.51194606625903,3.51194606625903,3.51194606625903,3.51194606625903,3.51194606625903,3.51194606625903,3.56534797141458,3.56534797141458,3.56534797141458,3.56534797141458,3.56534797141458,3.56534797141458,3.56534797141458,3.56534797141458,3.56534797141458,3.56534797141458,3.56534797141458,3.56534797141458,3.56534797141458
480,"MUS","Mauritius",18.5620872915215,18.5620872915215,18.5620872915215,18.5620872915215,18.5620872915215,18.5620872915215,25.2982559980117,25.324137737409,25.324137737409,25.324137737409,25.7992811227036,25.7992811227036,25.7992811227036,26.5812439233755,26.5812439233755,26.5812439233755,26.5812439233755,27.7836382431284,27.7836382431284,27.7836382431284,27.7836382431284,27.7836382431284,27.7836382431284,27.7836382431284,27.7836382431284,27.7836382431284,27.7836382431284,27.7836382431284
484,"MEX","Mexico",20.8213596709838,22.0749952819091,22.5429099555413,24.3084157199407,26.3176157375441,26.8285185420558,40.0818725311539,41.9084909756624,54.1893542551287,57.0955251714686,59.3897847618688,60.2180266123906,61.9038721349006,63.7170118732571,70.5175216908506,75.1392635012653,75.9828798128724,76.9629530750006,77.4776028775888,78.3390207633065,78.4760933220371,78.5219693934318,79.6074606683523,80.2788628146706,80.4587844969523,80.4865521482288,80.4865521482288,80.4865521482288
583,"FSM","Micronesia",0,0,0,0,0,0,0,0,0,0,0,0,0,0,0,0,0,0,0,0,0,0,0,0,0,0,0,0
498,"MDA","Moldova",50.6894804284921,50.6894804284921,50.7864275531851,50.7864275531851,50.7864275531851,50.7864275531851,52.5670891132313,52.5670891132313,52.5670891132313,61.3906681366412,61.3906681366412,62.3339949002794,62.3339949002794,62.3339949002794,62.3339949002794,62.3339949002794,62.3339949002794,62.3339949002794,62.3339949002794,62.3339949002794,62.3339949002794,62.3339949002794,62.3339949002794,62.3339949002794,62.3339949002794,62.3339949002794,62.3339949002794,62.3339949002794
492,"MCO","Monaco",0,0,0,0,0,0,0,0,0,0,0,0,0,0,0,0,0,0,0,0,0,0,0,0,0,0,0,0
496,"MNG","Mongolia",53.1526405919556,53.1526405919556,64.3824261248077,65.0307145567765,67.8796918136859,67.87969854713,70.3913691778324,70.3913691778324,71.2594439140435,72.4860114779665,72.9384245735888,72.9384245735888,73.4039526639812,73.4039526639812,73.4039526639812,73.4039526639812,73.7825461884041,75.7183432880647,77.1629527703282,77.1629527703282,77.1629527703282,77.1629527703282,77.1629527703306,77.2074186298882,77.2074186298882,80.5664853415829,80.5664853415829,80.5664853415829
499,"MNE","Montenegro",38.1296906439301,38.1296906439301,38.1296906439301,38.1296906439301,38.1296906439301,38.1296906439301,38.1296906439301,38.1296906439301,38.1296906439301,38.1296906439301,38.1296906439301,38.1296906439301,38.1296906439301,38.1296906439301,38.1716644869824,47.7875859341882,47.7875859341882,47.7875859341882,47.7875859341882,47.7961761757594,47.7971207919638,67.0497857311435,67.0497857311435,69.1906636204559,69.1906636204559,73.5725310803106,73.5725310803106,73.5725310803106
504,"MAR","Morocco",3.52987694931729,3.52987694931729,3.52987694931729,3.52987694931729,3.52987694931729,3.52987694931729,3.52987694931729,3.52987694931729,3.52987694931729,3.52987694931729,7.34266843309024,9.33299197352424,11.1777245223489,11.1777245223489,11.9043129136036,11.9043129136036,11.9043129136036,11.9043129136036,11.9043129136036,11.9043129136036,11.9043129136036,11.9043129136036,11.9043129136036,11.9043129136036,11.9109161835182,12.0671247345278,12.0671247345278,12.0671247345278
508,"MOZ","Mozambique",90.0368255074529,90.0368255074529,90.0368255074529,90.0368255074529,90.0368255074741,90.0368255074741,90.1928066192753,90.1928066192747,91.5986549431447,91.860114525777,91.9632982472765,91.9632982472765,91.9632982472765,91.9632982472765,91.9632982472765,91.9632982472765,92.0469583344012,92.2328753338894,93.9394754645924,93.9394754645924,93.9394754645924,93.9394754645924,93.9394754645924,93.9394754645924,93.9394754645924,94.9513466629424,94.9513466629424,94.9513466629424
104,"MMR","Myanmar",5.45130023145589,5.45178504807659,5.58174572514521,5.58174572514521,6.96475913362976,6.96475913362976,6.96475913362976,7.10133558341982,8.89500506392441,10.099692548006,18.8600418794744,20.2710561098756,20.2710561098756,20.2710561098756,20.2710561098756,20.2710561098756,29.219746585961,29.219746585961,29.219746585961,29.3347448343993,30.2049891409206,30.2049891409206,30.4676795636839,31.0035078249443,31.2386594115295,31.4231990596538,32.4176431361971,32.4176431361971
516,"NAM","Namibia",64.429066708,65.4554271571247,65.4554271571247,65.4554271571247,77.4115876788941,80.8834306983923,83.4260802464141,89.0385173557482,89.0385173556371,96.7099360222171,96.7375481478218,100,100,100,100,100,100,100,100,100,100,100,100,100,100,100,100,100
520,"NRU","Nauru",0,0,0,0,0,0,0,0,0,0,0,0,0,0,0,0,0,0,0,0,0,0,0,0,0,0,0,0
524,"NPL","Nepal",50.3657133861267,50.3657133861267,55.7273335636104,55.7273335636104,61.0826527702859,63.3200897424218,63.3200897424218,63.3200897424218,63.3615155668194,63.5067135088876,65.3929837925729,66.6357689609088,67.6427694836753,67.6427694836753,67.6465139863082,67.71626437229,75.2243701740824,75.2243701740824,75.2243701740824,75.2243701740824,75.2243701740824,75.2243701740824,76.3147997080565,76.3147997080565,76.3147997080565,76.3147997080565,76.3147997080565,76.3147997080565
528,"NLD","Netherlands",15.6584001510504,17.5856589383168,21.2929782002012,21.6352104587631,22.0349505054004,22.8897407019011,80.996432500427,81.0252204586688,83.9697278791882,84.0321653596235,89.2670806834718,89.6103072369229,89.8011622378171,89.8011622378171,89.9546730420029,90.0388171909694,94.01096095107,94.22799137295,94.22799137295,99.7731276357906,99.7731276358018,99.7731276295859,99.7731276295935,99.7731276295971,99.7731276295982,99.7731276295982,99.7731276295982,99.7731276295982
540,"NCL","New Caledonia",34.9229035167645,34.9229035167645,34.9229035167645,34.9229035167645,34.9229035167645,34.9229035167645,39.1533920673568,39.1533920673568,39.1533920673568,39.1533920673568,39.1533920673568,39.1533920673568,39.1533920673568,39.1533920673568,100,100,100,100,100,100,100,100,100,100,100,100,100,100
554,"NZL","New Zealand",84.9097947901994,84.9915350890571,85.0923814002318,85.4920663324012,85.8359134572859,85.8519611784824,85.8844788358106,86.083393940787,86.1821853275235,86.7957837064029,86.8672204325782,86.9562127955771,87.1122613452006,87.4266344505135,88.3714891322794,89.8504040559959,90.0126932807282,90.1280012938688,90.1970867090388,90.43451483833,90.5268099658347,90.9557203789106,91.0013397338994,91.2098416677012,91.2801300063023,91.3107674201082,91.3111326777206,91.3111326777206
558,"NIC","Nicaragua",41.1984011202217,41.1984011202217,41.2755790895702,43.2582183476754,43.2582183476754,75.4038510556724,75.4038510556724,86.7527706073759,86.7527706073759,86.7527706073759,86.7527706073759,86.7527706073759,86.7607702803829,86.7607702803829,86.7607702803829,86.7607702803829,86.7607702804006,86.7997679605159,86.7997679605159,86.7997679604888,86.7997679604888,86.7997679604888,86.7997679604888,86.7997679604888,86.7997679604888,86.7997679604888,86.7997679604888,86.7997679604888
562,"NER","Niger",43.2478015245064,43.2478015245064,43.2478015245064,43.2478015245064,43.2478015245064,43.2478015245064,43.2478015245064,44.1985976194302,44.1985976194302,44.1985976194302,49.1446558893149,51.2612715904825,51.2612715904825,51.2612715904825,51.2612715904825,51.2612715904825,51.2612715904825,51.2612715904825,51.2612715904825,51.2612715904825,51.2612715904825,51.2612715904825,51.2612715904825,56.9105933347077,56.9105933347077,90.7972802958106,90.7972802958106,90.7972802958106
566,"NGA","Nigeria",75.3756364969294,75.3756364969294,75.3756364969294,75.3756364969294,75.3756364969294,75.7412507532582,76.1057282062976,76.1057282062976,76.1057282062976,76.1057282062976,76.1057282062976,76.1057282062976,76.1057282062976,76.1057282062976,78.0977185861312,78.0977185861312,78.0977185861312,78.0977185861312,78.0977185861312,78.0977185861312,78.0977185861312,78.0977185861312,78.0977185861312,78.0977185861312,78.0977185861312,78.0977185861312,78.0977185861312,78.0977185861312
570,"NIU","Niue",0,0,0,0,0,0,0,0,0,0,0,0,0,0,0,0,0,0,0,0,0,0,0,0,0,0,0,0
408,"PRK","North Korea",13.6521276396195,13.6521276396195,13.6521276396195,13.6521276396195,13.6521276396195,13.6521276396195,13.6521276396195,13.6521276396195,13.6521276396195,13.6521276396195,13.6521276396195,13.6521276396195,13.6521276396195,13.6521276396195,13.6521276396195,13.6521276396195,13.6521276396195,13.6521276396195,13.6521276396195,13.6521276396195,13.6521276396195,13.6521276396195,13.6521276396195,13.6521276396195,13.6521276396195,13.6521276396195,13.6521276396195,13.6521276396195
807,"MKD","North Macedonia",40.6063073277537,41.0791135936274,41.2644833299246,43.0996505445052,43.1251300124286,43.4504649162102,43.4504649162102,43.4504649162102,44.3738050098088,44.9124945762842,44.9124945762842,50.2356538186705,51.252312154235,51.2599009731575,51.2599009731575,51.2599009731575,51.2599009731575,51.3608276648605,51.3608276648605,51.3608276648605,51.3608276648605,51.3608276648605,51.3608276648605,51.3608276648605,51.3608276648605,51.3608276648605,62.8763086532188,62.8763086532188
578,"NOR","Norway",67.5668714433765,67.5881951656088,67.6476247772324,67.6591793194247,67.6617712074347,67.7506769916947,68.4967989079317,68.5698626174971,68.6557178268841,68.6781135278718,70.2635837263224,70.6227405314559,74.7400012473788,74.8336641785076,75.33129372203,78.6337117884735,78.7374848120994,79.0454582985218,79.1767156088282,79.4083992910106,79.6974548539318,80.1660021316741,80.4524935886871,81.0547699156629,81.4853187227247,81.8732792043935,82.0576070143906,82.0576070143906
512,"OMN","Oman",5.37800781338998,5.37800781338998,5.78852745353831,14.5021896154054,14.5021896154054,14.5021896154054,14.5021896154054,14.5021896154054,14.5021896154054,14.5021896154054,14.5021896154054,14.5021896154054,14.5021896154054,14.5021896154054,14.5021896154054,14.5021896154054,14.5021896154054,14.7342720394713,14.7342720394713,14.7342720394713,18.1128255876742,18.1128255876742,18.1128255876742,18.1128255876742,18.1128255876742,19.3299626727093,19.3310346256358,19.3310346256358
586,"PAK","Pakistan",59.7109555394982,59.7109555394982,59.8819069224576,59.8819069224576,59.8819069224576,59.8819069224576,59.8819069224576,60.4998812766706,62.0414406667347,62.0414406667347,62.0414406667347,62.0414406667347,62.0414406667347,62.0414406667347,62.0414406667347,62.0414406667347,62.0414406667347,62.0414406667347,62.0414406667347,62.0414406667347,62.0414406667347,62.0414406667347,62.0414406667347,62.0414406667347,62.0414406667347,62.0414406667347,62.0414406667347,62.0414406667347
585,"PLW","Palau",4.32010195114446,4.32010195114446,4.32010195114446,7.01278632876824,8.04356195099223,8.09907818626782,8.09907818626782,8.09907818626782,16.6787295974494,16.6787295974494,16.6787295974494,24.0955746736517,24.0955746736517,24.1128095973463,46.5086054147814,51.1191584179449,51.1191584179449,51.1191584179449,51.1191584179449,51.1191584179449,51.1191584179449,53.0579096392178,53.0579096392178,53.0579096392178,53.0579096392178,53.0579096392178,53.0579096392178,53.0579096392178
591,"PAN","Panama",92.7349578620341,92.7349578620353,92.8021826038777,92.8467196024294,92.8467196024294,92.8467196024294,92.9530855880388,93.0125581833247,93.0125581833247,94.0145556060565,94.0145556060565,94.0145556060565,94.0145556060565,94.0145556060565,94.0145556060565,94.0943091630488,94.0943091630571,94.0943091630571,94.0943091630571,94.09430916304,94.09430916304,94.0971035885259,94.0971035885276,94.0971035885318,94.0971035885318,94.0971035886447,94.0971035886447,94.0971035886447
598,"PNG","Papua New Guinea",9.87548459893188,9.87548459893188,10.2164637297218,13.1402687470219,13.1402687470219,13.1402687470219,13.1402687470219,13.1411872791362,13.1411872791362,13.1990107692942,13.1990107692942,13.1990107692942,13.1990712666614,14.0623298558047,14.1826376386786,15.1678654993828,15.1678654993828,15.1678654993828,15.1678654993828,15.1678654993828,15.1678654993828,15.1678654993828,15.1678654993828,17.8730131676797,17.8730131676797,17.8730131676797,17.8730131676797,17.8730131676797
600,"PRY","Paraguay",19.0934105695324,19.4863669822641,19.4863669822641,19.4863669822641,20.9729253357311,20.9729253357311,20.9729253357311,79.4420274303076,79.4907345882024,79.7137765999759,80.2193944151935,80.3590059795371,80.5838105748818,81.0233824415765,81.9500014486618,82.10136922013,82.2979386839224,82.5108783478176,82.5944111512029,82.7112046071924,82.8447032799535,82.8704364104682,82.8919151309894,82.8919151309894,82.8919151309894,82.8919151309894,82.8919151309894,82.8919151309894
604,"PER","Peru",27.5318060197719,27.5318060197719,32.4758493925507,37.6340227167645,37.6340227167645,39.4530705027996,40.7220842139196,50.9506389791909,70.0898298082976,73.3428929852647,80.2519810715112,82.5520085778165,82.61295859218,82.6552853664553,82.6706264057365,83.3966984705394,83.8483914570629,84.7166257611718,84.7221757072071,84.7279847251571,84.7400537020159,84.8446657240018,84.9508950537365,85.1507704152188,85.4424219441923,85.80763739435,85.8134816385953,85.8134816385953
608,"PHL","Philippines",46.2182684571812,46.2185282956766,46.2185282956766,46.2185282956766,46.9893761987618,47.9921723902004,51.53241860513,57.7381038170119,57.7381038170119,59.8475581783847,59.8475581783847,63.4930395978159,63.5122146608329,64.0790488546118,64.0790488546118,68.5094586817959,68.5094586817953,69.5527869924082,69.5538060224929,69.5550268138494,69.6811893840006,69.7250055667871,69.7250055667853,69.7250055667853,90.7390605132188,90.7390605132188,90.7390605132188,90.7390605132188
616,"POL","Poland",100,100,100,100,100,100,100,100,100,100,100,100,100,100,100,100,100,100,100,100,100,100,100,100,100,100,100,100
620,"PRT","Portugal",44.2650381736232,48.71113656701,49.0722434544438,49.0727380946292,54.6183411366312,73.5143448215835,73.92669469145,73.9323709514818,73.9323709514818,81.8049086150747,83.2134179330306,83.3754533612647,83.3804024999671,83.3840009077088,100,100,100,100,100,100,100,100,100,100,100,100,100,100
634,"QAT","Qatar",14.6831731258665,14.6831731258665,14.6831731258665,14.6831731258665,14.6831731258665,14.6831731258665,14.6831731258665,14.6831731258665,14.6831731258665,14.6831731258665,14.6831731258665,17.7803428319076,26.8328492726401,79.2846883374147,79.2846883374147,79.2846883374147,79.2846883374147,79.2846883374147,79.2846883374147,79.2846883374147,79.2846883374147,79.2846883374147,79.2846883374147,79.2846883374147,79.2846883374147,79.2846883374147,79.2846883374147,79.2846883374147
178,"COG","Republic of Congo",39.9128094666716,39.9128094666716,39.9128094666716,39.9128094666716,47.7063404324331,53.8213967421013,53.8213967421013,54.3182525027316,54.3182525027316,54.3182525027316,54.3182525027316,54.3182525027316,54.3182525027316,80.0216122607,80.0216122607,83.1141866328959,83.1141866328959,83.1141866328959,84.1448017871794,84.1448017871794,84.1448017871794,91.7236490759529,91.7236490759529,92.5590723669176,98.2820130420418,98.2820130420418,98.2820130420418,98.2820130420418
642,"ROU","Romania",22.9413854922487,23.1827096641704,23.1838626679408,23.1968194289831,23.1968194289831,23.2339609163099,28.385473883721,28.385473883721,28.385473883721,28.385473883721,28.385473883721,39.2023586034067,39.8806397707409,66.7874767001735,67.1085916232382,78.3627299160812,78.36272991665,85.8609831889347,86.8557661810835,95.2261220897823,95.2261220897823,95.2261220897823,95.5522356319724,95.5522356319724,96.3170334452465,96.3202137998194,96.3202137998194,96.3202137998194
643,"RUS","Russia",22.0295451904398,24.5324543115159,29.8885445627095,32.3544739734646,32.8788469330118,37.1222892679376,45.6917644299758,49.2495482002999,51.4406257922176,52.5426095557345,52.7703693119061,53.2015904408309,53.4491155795256,53.9009009177216,54.047518267811,54.9071468365889,55.8804696699599,56.2062954976194,56.3257363093318,57.1352180449684,57.7641531133283,58.4911931683169,58.5066917133639,59.1631527455671,59.6649455414418,59.9936946484841,60.0333431547918,60.0333431547918
646,"RWA","Rwanda",49.0582857154606,49.0582857154606,49.0582857154606,49.0582857154606,49.0582857154606,49.0582857154606,49.0582857154606,49.0582857154606,49.0582857154606,49.0582857154606,49.0582857154606,50.6576505487228,50.6576505487228,50.6576505487228,50.6576505487228,50.6576505487228,50.6576505487228,50.6576505487228,50.6576505487228,50.6576505487228,50.6576505487228,51.4038544074522,51.4038544074522,51.4038544074522,51.4038544074522,51.4038544074522,51.4038544074522,51.4038544074522
652,"BLM","Saint Barthelemy",5.64431857248143,5.64431857248143,5.64431875099629,5.64431875099629,5.64431875099629,5.64431875099629,5.64431875099629,5.64431875099629,5.64431875099629,5.64431875099629,5.64431875099629,5.64431875099629,5.64431875099629,5.95291812594194,5.95291812594194,5.95291812594194,5.95291792821165,5.95291792821165,5.95291792821165,5.95291792821165,5.95291792821165,5.95291792821165,5.95291792821165,5.95291792821165,5.95291792821165,5.95291792821165,5.95291792821165,5.95291792821165
659,"KNA","Saint Kitts and Nevis",1.05498649159797,1.05498649159797,1.05498649159797,1.05498649159797,1.05498649159797,1.05498649159797,1.05498649159797,1.05498649159797,1.05498649159797,1.05498649159797,1.05498649159797,1.05498649159797,32.5580359346081,32.5580359346081,32.5580359346081,32.5580359346081,32.5580359346081,37.0602741560521,37.0602741560521,37.0602741560521,37.3636966734775,37.3636966734775,37.3636966734775,37.3636966734775,37.3636966734775,37.3636966734775,37.3636966734775,37.3636966734775
662,"LCA","Saint Lucia",56.9121901131101,56.9121901131101,56.9121901131101,56.9121901131101,56.9121901131101,56.9121901131101,56.9121901131101,56.9121901131101,56.9121901131101,56.9121901131101,56.9121901131101,56.9121901131101,56.9121901131101,59.5841698385865,59.5841698385865,59.5841698385865,59.5841698385865,59.5841698385865,59.5841698385865,59.5841698385865,59.5841698385865,59.5841698385865,59.5841698385865,59.5841698385865,59.5841698385865,59.5841698385865,59.5841698385865,59.5841698385865
670,"VCT","Saint Vincent and the Grenadines",68.3821516300482,68.3821516300482,68.3821516300482,68.3821516300482,68.3821516300482,68.3821516300482,68.3821516300482,68.3821516300482,68.3821516300482,68.3821516300482,68.3821516300482,68.3821516300482,68.3821516300482,68.3821516300482,68.3821516300482,68.3821516300482,68.3821516300482,68.3821516300482,68.3821516300482,68.3821516300482,68.3821516300482,68.3821516300482,68.3821516300482,68.3821516300482,68.3821516300482,68.3821516300482,68.3821516300482,68.3821516300482
882,"WSM","Samoa",14.5900753897883,14.5900753897883,14.7089621336576,14.9344864142665,15.103615026274,16.8354946641338,16.874208025793,16.8923764989763,16.8966120873765,17.8615438089227,30.1303767086298,30.1303767086298,30.1953872618535,30.2241745942774,45.5829958726286,45.5829958726286,45.5829958726286,45.5841865655301,45.5841865655301,45.5841865655301,45.5841865655301,45.6269839982904,45.6468117390981,45.6468117390981,45.6468117390981,45.6468117390981,45.6468117390981,45.6468117390981
674,"SMR","San Marino",0,0,0,0,0,0,0,0,0,0,0,0,0,0,0,0,0,0,0,0,0,0,0,0,0,0,0,0
678,"STP","Sao Tome and Principe",0,0,0,0,0,0,0,0,0,0,0,0,100,100,100,100,100,100,100,100,100,100,100,100,100,100,100,100
682,"SAU","Saudi Arabia",23.5740903654636,27.9071722021288,27.9071722021288,27.9071722021288,27.9071722021288,27.9071722021288,27.9071722021288,27.9251855543005,27.9487329986876,27.9487329986876,27.9487329986876,28.0100477162358,28.0100477162358,28.0100477162358,28.0100477162358,28.0100477162358,28.0100477162358,28.0100477165297,28.0100477165297,28.0100477165297,28.0100477165297,28.0100477165297,28.0100477165297,28.0100477165297,28.0100477165297,28.0100477165297,28.0100477165297,28.0100477165297
686,"SEN","Senegal",100,100,100,100,100,100,100,100,100,100,100,100,100,100,100,100,100,100,100,100,100,100,100,100,100,100,100,100
688,"SRB","Serbia",32.1298728225164,32.1298728225164,32.1298728225164,32.1298728225164,32.1298728225164,32.1298728225164,32.1298728225164,32.1298728225164,32.1298728225164,32.1298728225164,32.1298728225164,32.1298728225164,32.1298728225164,33.0873125979898,37.2935784105889,37.3362512692182,37.3444022778394,37.3463434880246,37.7890611436723,38.3716926593028,40.9093607923572,42.5575989745198,42.5841919895896,48.939395612165,50.1737660859178,50.9121458085662,50.9340845028321,50.9340845028321
690,"SYC","Seychelles",66.7337215199812,66.7337215199812,66.7337215211053,66.7337215211053,66.7337215211053,66.7337215211053,66.7337215211053,66.7337215211053,66.7337215211053,66.7337215211053,66.7337215198894,66.7337215198894,66.7337215198894,66.7337215198894,66.7337215198894,66.7337215198894,100,100,100,100,100,100,100,100,100,100,100,100
694,"SLE","Sierra Leone",41.4013111153188,50.6915356566011,50.6915356566011,50.6915356566011,50.6915356566011,53.0788729466594,53.0788729466594,53.0788729466594,53.0788729466594,53.0788729466594,53.0788729466594,53.0788729466594,53.0788729466594,53.0788729466594,53.0788729466594,53.0788729466594,58.8352452490229,58.8352452490229,75.5137314223088,75.5137314223088,75.5137314223088,75.5137314223088,75.5137314223088,75.5137314223088,75.5137314223088,75.5137314223088,75.5137314223088,75.5137314223088
702,"SGP","Singapore",27.9912788777972,27.9912788777972,27.9912788777972,27.9912788777972,27.9912788777972,27.9912788777972,27.9912788777972,27.9912788777972,29.1920460898166,29.1920460898166,29.1920460898166,29.1920460898166,29.1920460898166,29.1920460898166,29.1920460898166,29.1920460898166,29.1920460898166,29.1920460898166,29.1920460898166,29.1920460898166,29.1920460898166,29.1920460898166,29.1920460898166,29.1920460898166,29.1920460898166,29.1920460898166,29.1920460898166,29.1920460898166
534,"SXM","Sint Maarten",0,0,0,0,0,0,0,0,0,0,0,0,0,0,0,0,0,0,0,0,4.07740672555719,4.07740672555719,4.07740672555719,4.07740672555719,4.07740672555719,4.07740672555719,4.07740672555719,4.07740672555719
703,"SVK","Slovakia",53.8869534321456,53.8869534321456,54.0458084461224,68.9074876521094,69.2486608866724,69.8560521794229,69.8670825213447,81.2000406478565,85.5519703725165,90.6147006901488,100,100,100,100,100,100,100,100,100,100,100,100,100,100,100,100,100,100
705,"SVN","Slovenia",46.8841998188881,47.0326683812823,47.7357405987228,47.7451137476967,49.6254008158652,49.7383416232771,49.7383416232771,49.7383416232771,56.1672531216367,69.4348812709041,100,100,100,100,100,100,100,100,100,100,100,100,100,100,100,100,100,100
90,"SLB","Solomon Islands",0.469332710405079,0.469332710405079,0.469332710405079,0.469332710405079,0.469332710405079,0.469332710405079,0.469332710405079,0.469332710405079,0.469332710405079,0.469637292007791,0.474350857731039,0.477998018085838,0.512323003191324,0.519014395851551,1.57513200970215,1.57513200970215,1.57513200970215,1.57513200970215,1.57513200970215,1.57513200970215,1.57513200970215,1.57513200970215,1.57513200970215,1.57513200970215,1.57513200970215,1.89177337656319,1.89177337656319,1.89177337656319
706,"SOM","Somalia",0,0,0,0,0,0,0,0,0,0,0,0,0,0,0,0,0,0,0,0,0,0,0,0,0,0,0,0
710,"ZAF","South Africa",34.2656088706167,34.446113306849,34.5946714213363,34.9285562803571,35.189778581142,35.3408357990933,35.8877860886165,36.8572297185148,36.9956385518559,37.0169437841729,37.0169437842177,37.0944561203651,37.1075039955668,37.2540057085471,37.3117676221305,37.4624368912139,37.5895071208402,37.6555854064774,37.9578926723376,38.1577389204741,39.2819129251769,39.5730823302457,41.0993628515346,41.2245824972651,42.1736272339312,42.4140371494093,43.2794621123412,43.4100812971612
410,"KOR","South Korea",33.6455780021668,33.8899322376382,34.0672374477752,34.6093853046696,35.5849149606135,37.2229477132381,48.1167406847455,48.2462955571621,54.9228212431185,55.2878545692126,61.4045499478229,70.6159435782477,73.1649364846088,74.0433728675712,82.4020324913682,83.4558511667518,83.8917769767859,84.3507632467153,84.6432108106194,85.4478995222888,85.4829395961659,85.7389141802024,85.8622700616412,85.8908787194124,86.4593947722935,96.3536246871094,98.2506386710682,98.2506386710682
728,"SSD","South Sudan",84.1149209087859,84.1149209087859,84.1149209087859,84.1149209087859,84.1149209087859,84.1149209087859,84.1149209087859,84.1149209087859,84.1149209087859,84.1149209087859,84.1149209087859,84.1149209087859,84.1149209087859,84.1149209087859,84.1149209087859,84.1149209087859,84.1149209087859,84.1149209087859,84.1149209087859,84.1149209087859,84.1149209087859,84.1149209087859,84.1149209087859,84.1149209087859,84.1149209087859,84.1149209087859,84.1149209087859,84.1149209087859
724,"ESP","Spain",60.9073924139506,61.658695298637,63.1520047297994,65.1668319845635,65.3848720064253,67.7979738002847,91.2753699147347,97.9523233969729,98.1864861158447,100,100,100,100,100,100,100,100,100,100,100,100,100,100,100,100,100,100,100
144,"LKA","Sri Lanka",82.1404818858429,82.1404818858453,82.1568698978776,82.1568698982812,82.1568698982812,82.1568698982812,84.8071736369806,84.8071736368118,84.8071736368118,84.9231999272929,84.9231999272929,84.9231999272929,84.9231999272929,85.70935219891,86.2491564860159,88.3479225760482,88.7418382581218,88.9256498579324,90.5681462171165,90.6940022160388,90.6940022160388,90.6940022160388,90.6940022160388,90.6940022160388,90.6940022160388,90.6940022160388,90.6940022160388,90.6940022160388
275,"PSE","State of Palestine",48.4777647003723,48.4777647003723,48.4777647003723,48.4777647003723,48.4777647003723,48.4777647003723,48.4777647003723,48.4777647003723,48.4777647003723,48.4777647003723,48.4777647003723,48.4777647003723,48.4777647003723,48.4777647003723,48.4777647003723,48.4777647003723,48.4777647003723,48.4777647003723,48.4777647003723,48.4777647003723,48.4777647003723,48.4777647003723,48.4777647003723,48.4777647003723,48.4777647003723,48.4777647003723,48.4777647003723,48.4777647003723
729,"SDN","Sudan",26.2572628211837,26.2572628211837,26.2572628211837,26.2572628211837,26.2572628211837,26.2572628211837,26.2572628211837,26.2572628211837,26.2572628211837,26.2572628211837,26.2572628211837,27.9551495853585,29.7422660540164,29.7422660540164,29.7422660540164,30.9667869546776,30.9667869546776,11.5653702404508,11.5653702404508,11.5653702404508,11.5653702404508,11.5653702404508,11.5653702404508,11.5653702404508,11.5653702404508,11.5653702404508,11.5653702404508,11.5653702404508
740,"SUR","Suriname",10.9494455692684,10.9494455692684,10.9494455692684,10.9494455692684,57.5162906624183,57.5162906624183,57.5162906624183,57.5162906624183,57.5162906624183,57.5162906624183,57.5162906624183,57.5162906624183,57.5162906624183,57.5162906624183,57.5162906624183,57.5162906624183,57.5162906624183,57.5162906624183,57.5162906624183,57.5162906624183,57.5162906624183,57.5162906624183,57.5162906624183,57.5162906624183,57.5162906624183,57.5162906624183,57.5162906624183,57.5162906624183
752,"SWE","Sweden",11.2578866228403,13.6082550011855,30.541922801468,31.2896821216994,31.7492389496935,31.9027947877657,40.7679695648542,41.7069508679385,42.1768208526103,42.6841837013852,43.3152683454256,43.6221551955102,43.9960731702174,44.5163072607711,46.043060532343,50.2982851311266,51.2823887460737,58.0741648560815,58.3289361627986,58.5925239048372,58.9799401031388,59.2465403767547,59.69083207555,60.4321824167041,61.6053426658882,62.1235560691341,62.5240575417647,62.5701847518659
756,"CHE","Switzerland",35.5492286850964,35.5492286850964,36.4544101212497,36.4544101212497,36.6433781891893,36.6433781891893,36.6433781891893,39.7392003278409,39.7392003278409,40.0569872135286,40.0577400452461,40.0631114661329,40.0631114661329,40.2632553180151,40.2632553180151,40.4812866383596,43.5864413886772,43.5864413886772,43.6104460410216,43.6104460410216,43.6646380024708,43.6646380024708,43.726917945276,44.9784350364876,57.1675891179358,57.7030793196379,57.7488776233951,57.9076189921239
760,"SYR","Syria",1.47408407433739,1.47408407433739,1.47933387604511,1.47933387604511,1.81544011630178,2.17441621568619,2.17441621568619,2.17441621568619,4.06265358500702,4.06265358500702,4.06265358500702,4.06265358500702,4.06265358500702,4.06265358500702,4.06265358500702,4.06265358500702,4.06265358500702,4.06265358500702,4.06265358500702,4.06265358500702,4.06265358500702,4.06265358500702,4.06265358500702,4.06265358500702,4.06265358500702,4.06265358500702,4.06265358500702,4.06265358500702
158,"TWN","Taiwan",60.4255439065976,61.2815397978506,61.3131997615759,61.3131997600118,61.36773481778,61.36773481778,100,100,100,100,100,100,100,100,100,100,100,100,100,100,100,100,100,100,100,100,100,100
762,"TJK","Tajikistan",17.262221456254,17.262221456254,17.262221456254,17.262221456254,17.262221456254,61.5269948504423,61.5269948504423,63.7990604112841,63.7990604112841,63.7990604112841,63.7990604112841,63.9955625919388,63.9955625919388,63.9955625919388,63.9955625919388,63.9955625919388,63.9955625919388,63.9955625919388,63.9955625919388,63.9955625919388,63.9955625919388,63.9955625919388,63.9955625919388,63.9955625919388,63.9955625919388,63.9955625919388,63.9955625919388,63.9955625919388
834,"TZA","Tanzania",99.2093778442188,99.2093778442188,99.2093778442188,99.2093778442188,99.2093778442188,99.2093778442188,99.20937784422,99.20937784422,99.20937784422,99.20937784422,99.2093778442218,99.3249476942976,99.3249476942976,99.3249476942982,99.3249476942982,99.3249476942982,99.3249476942982,99.3249476942982,99.3249476942982,99.3249476942982,99.3249476942982,99.3249476942982,99.3249476942982,99.3249476942982,99.3249476942982,99.4264286857247,99.4264286857247,99.4264286857247
764,"THA","Thailand",70.2897401344647,70.8227052212894,71.9754564536341,73.0398169779606,73.2145673943829,73.2149791275382,73.6062384039235,73.6795486747618,73.6795486747582,73.7119314604318,73.7119314604318,73.7119314604318,73.7119314604318,74.1212825394053,74.121282539393,75.5442856492241,75.5442856492241,75.5442856492412,75.5442856492412,75.6756305944559,75.6756305944559,75.6756305944559,75.6756305944482,75.6756305944506,75.6756305944676,75.6756305944676,75.6756305944676,75.6756305944506
626,"TLS","Timor-Leste",23.2880625841566,23.2880625841566,23.2880625841566,23.2880625841566,23.2880625841566,23.2880625841566,23.2880625841566,23.2880625841566,23.2880625841566,23.2880625841566,23.2880625841566,23.2880625841566,23.2880625841566,47.1525729839894,75.4474731878476,75.4474731878476,75.4474731878476,75.4474731878476,75.4474731878476,75.4474731878476,75.4474731878476,79.0844017984494,94.4728890018394,94.4728890018394,94.4728890018394,94.4728890018394,94.4728890018394,94.4728890018394
768,"TGO","Togo",64.8124614692247,70.2221091729459,70.2221091729459,70.2221091729459,70.2221091729459,70.2221091729459,70.2221091729459,70.2221091729459,70.2221091729459,70.2221091729459,70.2221091729459,75.4669634751647,75.4669634751647,75.4669634751647,98.3951682982088,98.3951682982088,98.3951682982088,98.3951682982088,98.3951682982088,98.3951682982088,98.3951682982088,98.3951682982088,98.3951682982088,98.3951682982088,98.3951682982088,98.3951682982088,98.3951682982088,98.3951682982088
776,"TON","Tonga",7.98684926472282,7.98684926472282,7.98684926472282,7.98684926472282,7.98684926472282,7.98684926472282,7.98684926472282,58.3487126381942,58.3487126381942,58.3487126381942,58.3487126381942,58.3487126381942,58.3487126381942,58.3487126381942,58.3487126381942,58.3487126381942,58.3487126381942,58.3487126381942,58.3487126381942,58.3487126381942,58.3487126381942,58.3487126381942,58.3487126381942,58.3487126381942,58.3487126381942,58.3487126381942,58.3487126381942,58.3487126381942
780,"TTO","Trinidad and Tobago",96.4519123125659,96.4519123125659,96.4519123125659,96.4519123125659,96.4519123125659,96.4519123125659,96.4519123125659,96.4519123125659,96.4519123125659,96.4519123125659,96.4519123125659,99.4356110162059,99.4356110162059,99.4356110162059,99.4356110162059,99.4356110162059,99.4356110162059,99.4356110162059,99.4356110162059,99.4356110162059,99.4356110162059,99.4356110162059,99.4356110162059,99.4356110162059,99.4356110162059,99.4356110162059,99.4356110162059,99.4356110162059
788,"TUN","Tunisia",16.3931207251372,16.3931207251372,16.3934399851086,16.3934399851086,16.3934399851086,16.3934399851086,16.3934399851086,16.3934399851086,16.3934399851086,16.3934399851086,16.3934399851086,16.3934399851086,16.3934399851086,17.4652971138304,17.4652971138304,17.8668607231937,30.9700350912755,31.0165992187278,31.6913713150058,31.9976463558351,31.9976463558351,31.9976463558351,31.9976463558351,31.9976463558351,31.9976463558351,31.9976463558351,31.9976463558351,31.9976463558351
792,"TUR","Turkey",0.628125735358388,0.628125735358388,0.628125735358388,0.628125735358388,1.00343858042709,1.00343858042709,1.00343858042709,1.00343858042709,1.00343858042709,1.00343858042709,1.00343858042709,1.08188318885986,1.08284045215264,1.08284045215264,1.08284045215264,1.08597042687301,1.08597042687301,1.08597042687301,1.08597042687301,1.12215239579686,1.12215239579686,1.12215239579686,1.12215239579686,1.12215239579686,1.12215239579686,1.12215239579686,1.12215239579686,1.12215239579686
795,"TKM","Turkmenistan",17.8494771451879,17.8494771451879,17.8494771451879,17.8494771451879,17.8494771451879,17.8494771451879,17.8494771451879,17.8494771451879,17.8494771451879,17.8494771451879,17.8494771451879,17.8494771451879,17.8494771451879,17.8494771451879,18.8420057643088,18.8420057643088,18.8420057643088,18.8420057643088,18.8420057643088,18.8420057643088,18.8420057643088,18.8420057643088,18.8420057643088,18.8420057643088,18.8420057643088,18.8420057643088,18.8420057643088,18.8420057643088
796,"TCA","Turks and Caicos Islands",100,100,100,100,100,100,100,100,100,100,100,100,100,100,100,100,100,100,100,100,100,100,100,100,100,100,100,100
798,"TUV","Tuvalu",0,0,0,0,0,0,0,0,0,0,0,0,0,0,0,0,0,0,0,0,0,0,0,0,0,0,0,0
800,"UGA","Uganda",76.9187624717377,76.9187624717377,76.9187624717377,76.9187624717377,76.9964428884094,76.9964428884094,76.9964428884094,76.9964428884094,88.1316895173323,88.1316895173323,88.5809696464888,88.5809696464888,95.1807541368606,95.1807541368606,95.1807541368624,95.1807541368624,95.1807541368624,95.1807541368624,95.1807541368624,95.1807541368624,95.1807541368624,95.1807541368624,95.1807541368624,95.1807541368624,95.1807541368624,95.1807541368624,95.1807541368624,95.1807541368624
804,"UKR","Ukraine",72.7540888351906,74.8025015309023,74.9703049202806,75.1947563037918,75.2498405704412,75.2498405704412,75.2498405704412,75.2498405704412,75.2498405704412,75.2498405704412,75.2658850108735,75.2689431336547,75.2689431336271,75.2689431336271,75.2689431336382,75.2689431336382,75.2689431336382,75.2689431336382,75.2714957621747,75.2734232015176,75.2734232015176,75.2734232015176,75.2895602321277,75.2895602321277,75.2895602321277,75.2895602321277,75.2895602321277,75.2895602321277
784,"ARE","United Arab Emirates",0,0,0.141179438707101,0.141179438707101,0.525692233799985,0.622825236754994,0.622825236754994,2.30101673344398,2.30101673344398,2.30101673344398,2.31266189073697,2.31266189073697,2.31266189073697,2.73559051806746,2.73559051806746,4.47786641641793,4.47786641641793,4.47786641641793,4.57717163530461,4.61823103949799,38.4653576496163,38.4653576496163,39.0360771146425,97.012817301273,97.1980082867329,97.1980082867329,97.1980082867329,97.1980082867329
826,"GBR","United Kingdom",98.1728599154447,98.1728599154423,98.1728599154394,98.1857866025741,98.1857866025812,98.1857866025829,98.1857866025847,98.2463726061259,98.2463726061235,98.2463726061241,98.2463726061241,98.2707613031235,98.2707613031182,98.2707613031188,98.3340523654506,98.3340523654506,98.3340523654477,98.3340523654265,98.3340523654265,98.3340523654265,98.3605536683641,98.3605536683635,98.3605536683629,98.3605536683541,98.3605536683547,98.3605536683965,98.3605536683977,98.3605536683977
840,"USA","United States of America",51.1744515490029,51.270582050029,51.5228418333504,51.6867970340666,51.8904295431822,52.0763852087384,52.8875939879274,53.1315148341683,53.222116850674,53.3071494929487,53.3698901092569,53.462351123314,53.7187646543231,53.8146656769469,53.9110202975303,54.3080912399752,54.4000010869003,54.4517325151956,54.5097744135136,54.6374101115587,55.0031100936375,55.163679500139,55.2564422369784,55.2707752919828,55.2788982097906,55.5417132973439,55.5417132973439,55.5417132973439
858,"URY","Uruguay",13.8954650068571,13.8954650068571,13.8954650068571,13.8954650068571,13.8954650068571,13.8954650068571,13.8954650068571,13.8954650068571,13.8954650068571,13.8954650068571,14.3761459252276,14.3761459252276,14.3761459252276,14.3761459252276,15.0121162845414,15.9460939680658,17.0254506672241,17.0254506672901,17.0254506672901,17.0629517512605,17.7254187780109,19.6736674638327,19.6736674638327,19.6736674638327,19.6736674638327,20.5283841304645,20.5285354762431,20.5285354762431
860,"UZB","Uzbekistan",14.1732620252556,14.1732620252556,14.1732620252556,14.3876047950575,18.2673265149236,18.2673265149236,18.2673265149236,18.5143150887309,18.5143150887309,18.5143150887309,18.5143150887309,18.5143150887309,18.5143150887309,18.5143150887309,23.735945917741,23.735945917741,23.8792472979065,24.1718958357196,24.1718958357196,24.1735173587025,24.1738548420166,24.1738548420166,33.2924764637833,33.2924764637833,33.7980258705981,33.7980258705981,33.7980258705981,33.7980258705981
548,"VUT","Vanuatu",22.6838243802495,24.1268149870462,24.1268149870462,24.1268149870462,24.1268149870462,24.1268149870462,24.1268149870462,24.1418896096088,24.1418896096088,24.1418896096088,24.1418896096088,24.1418896096088,24.1418896096088,24.1418896096088,24.1418896096088,24.1418896096088,24.1418896096088,24.1418896096088,24.1418896096088,24.1418896096088,24.1418896096088,24.1418896096088,24.1418896096088,24.1418896096088,24.1418896096088,24.1418896096088,24.1418896096088,24.1418896096088
862,"VEN","Venezuela",100,100,100,100,100,100,100,100,100,100,100,100,100,100,100,100,100,100,100,100,100,100,100,100,100,100,100,100
704,"VNM","Viet Nam",6.44781903316365,7.50003152637976,8.25589904910953,8.40732692928194,10.0042759048965,10.7889273443786,10.9953669475541,18.4610287116936,24.810330012923,26.2754525502041,28.8760135669768,30.0118090201052,31.8554098671145,32.3349377195886,32.3349377195886,32.7767430125546,32.80674107033,33.8027099761825,34.7060589046666,40.0141885243031,43.8246103863618,43.8825125506114,43.8825125506114,43.8825125506114,43.8825125506114,43.8825125506114,43.8825125506114,43.8825125506114
876,"WLF","Wallis and Futuna Islands",1.12637327911456,1.12637327911456,1.12637327911456,1.12637327911456,1.12637327911456,1.12637327911456,1.12637327911456,1.12637327911456,1.12637327911456,1.12637327911456,1.12637327911456,1.12637327911456,1.12637327911456,1.12637327911456,1.12637327911456,1.12637327911456,1.12637327911456,1.12637327911456,1.12637327911456,1.12637327911456,1.12637327911456,1.12637327911456,1.12637327911456,1.12637327911456,1.12637327911456,1.12637327911456,1.12637327911456,1.12637327911456
732,"ESH","Western Sahara",0,0,0,0,0,0,0,0,0,0,0,0,0,0,0,0,0,0,0,0,0,0,0,0,0.0379407609623382,0.351152023519914,0.351152023519914,0.351152023519914
887,"YEM","Yemen",0,0,2.99461900985956,2.99461900985956,2.99461900985956,2.99461900985956,2.99461900985956,2.99461900985956,2.99461900985956,2.99461900985956,2.99461900985956,2.99461900985956,2.99461900985956,2.99725145120625,2.99725145120625,2.99725145120625,2.99725145120625,2.99725145120625,2.99725145120625,2.99725145120625,2.99725145120625,2.99725145120625,2.99725145120625,2.99725145120625,2.99725145120625,2.99725145120625,2.99725145120625,2.99725145120625
894,"ZMB","Zambia",100,100,100,100,100,100,100,100,100,100,100,100,100,100,100,100,100,100,100,100,100,100,100,100,100,100,100,100
716,"ZWE","Zimbabwe",99.2221317633582,99.2221317633582,99.2221317633582,99.2221317633582,99.2221317633582,99.2221317633582,99.2221317633582,99.2221317633582,99.7450124686588,99.7450124686588,99.7450124686588,99.7450124686588,99.7450124686588,99.7450124686588,99.7450124686588,99.7450124686588,99.7450124686588,99.7450124686588,99.7450124686588,99.7450124686594,99.7450124686594,99.7450124686594,99.7450124686594,99.7450124686594,99.7450124686594,99.7450124686594,99.7450124686594,99.7450124686594
