"code","iso","country","WWT.ind.1995","WWT.ind.1996","WWT.ind.1997","WWT.ind.1998","WWT.ind.1999","WWT.ind.2000","WWT.ind.2001","WWT.ind.2002","WWT.ind.2003","WWT.ind.2004","WWT.ind.2005","WWT.ind.2006","WWT.ind.2007","WWT.ind.2008","WWT.ind.2009","WWT.ind.2010","WWT.ind.2011","WWT.ind.2012","WWT.ind.2013","WWT.ind.2014","WWT.ind.2015","WWT.ind.2016","WWT.ind.2017","WWT.ind.2018","WWT.ind.2019","WWT.ind.2020","WWT.ind.2021","WWT.ind.2022"
4,"AFG","Afghanistan",0,0,0,0,0,0,0,0,0,0,0,0,0,0,0,0,0,0,0,0,0,0,0,0,0,0,0,0
8,"ALB","Albania",1.853,1.853,1.853,1.853,1.853,1.853,1.853,1.853,1.853,1.853,1.853,1.853,1.853,1.853,1.853,1.853,1.853,1.853,1.853,1.853,1.853,1.853,1.853,1.853,1.853,1.853,1.853,1.853
12,"DZA","Algeria",33.12,33.12,33.12,33.12,33.12,33.12,33.12,33.12,33.12,33.12,33.12,33.12,33.12,33.12,33.12,33.12,33.12,33.12,33.12,33.12,33.12,33.12,33.12,33.12,33.12,33.12,33.12,33.12
20,"AND","Andorra",100,100,100,100,100,100,100,100,100,100,100,100,100,100,100,100,100,100,100,100,100,100,100,100,100,100,100,100
24,"AGO","Angola",0,0,0,0,0,0,0,0,0,0,0,0,0,0,0,0,0,0,0,0,0,0,0,0,0,0,0,0
660,"AIA","Anguilla",-8888,-8888,-8888,-8888,-8888,-8888,-8888,-8888,-8888,-8888,-8888,-8888,-8888,-8888,-8888,-8888,-8888,-8888,-8888,-8888,-8888,-8888,-8888,-8888,-8888,-8888,-8888,-8888
28,"ATG","Antigua and Barbuda",15.7114912038728,15.7114912038728,15.7114912038728,15.7114912038728,15.7114912038728,15.7114912038728,15.7114912038728,15.7114912038728,15.7114912038728,15.7114912038728,15.7114912038728,15.7114912038728,15.7114912038728,15.7114912038728,15.7114912038728,15.7114912038728,15.7114912038728,15.7114912038728,15.7114912038728,15.7114912038728,15.7114912038728,15.7114912038728,15.7114912038728,15.7114912038728,15.7114912038728,15.7114912038728,15.7114912038728,15.7114912038728
32,"ARG","Argentina",5.9236,5.9236,5.9236,5.9236,5.9236,5.9236,5.9236,5.9236,5.9236,5.9236,5.9236,5.9236,5.9236,5.9236,5.9236,5.9236,5.9236,5.9236,5.9236,5.9236,5.9236,5.9236,5.9236,5.9236,5.9236,5.9236,5.9236,5.9236
51,"ARM","Armenia",4.4811,4.4811,4.4811,4.4811,4.4811,4.4811,4.4811,4.4811,4.4811,4.4811,4.4811,4.4811,4.4811,4.4811,4.4811,4.4811,4.4811,4.4811,4.4811,4.4811,4.4811,4.4811,4.4811,4.4811,4.4811,4.4811,4.4811,4.4811
533,"ABW","Aruba",-8888,-8888,-8888,-8888,-8888,-8888,-8888,-8888,-8888,-8888,-8888,-8888,-8888,-8888,-8888,-8888,-8888,-8888,-8888,-8888,-8888,-8888,-8888,-8888,-8888,-8888,-8888,-8888
36,"AUS","Australia",92.9,92.9,92.9,92.9,92.9,92.9,92.9,92.9,92.9,92.9,92.9,92.9,92.9,92.9,92.9,92.9,92.9,92.9,92.9,92.9,92.9,92.9,92.9,92.9,92.9,92.9,92.9,92.9
40,"AUT","Austria",94,94,94,94,94,94,94,94,94,94,94,94,94,94,94,94,94,94,94,94,94,94,94,94,94,94,94,94
31,"AZE","Azerbaijan",3.9,3.9,3.9,3.9,3.9,3.9,3.9,3.9,3.9,3.9,3.9,3.9,3.9,3.9,3.9,3.9,3.9,3.9,3.9,3.9,3.9,3.9,3.9,3.9,3.9,3.9,3.9,3.9
44,"BHS","Bahamas",17.4214280808331,17.4214280808331,17.4214280808331,17.4214280808331,17.4214280808331,17.4214280808331,17.4214280808331,17.4214280808331,17.4214280808331,17.4214280808331,17.4214280808331,17.4214280808331,17.4214280808331,17.4214280808331,17.4214280808331,17.4214280808331,17.4214280808331,17.4214280808331,17.4214280808331,17.4214280808331,17.4214280808331,17.4214280808331,17.4214280808331,17.4214280808331,17.4214280808331,17.4214280808331,17.4214280808331,17.4214280808331
48,"BHR","Bahrain",88,88,88,88,88,88,88,88,88,88,88,88,88,88,88,88,88,88,88,88,88,88,88,88,88,88,88,88
50,"BGD","Bangladesh",0,0,0,0,0,0,0,0,0,0,0,0,0,0,0,0,0,0,0,0,0,0,0,0,0,0,0,0
52,"BRB","Barbados",0,0,0,0,0,0,0,0,0,0,0,0,0,0,0,0,0,0,0,0,0,0,0,0,0,0,0,0
112,"BLR","Belarus",55.7886,55.7886,55.7886,55.7886,55.7886,55.7886,55.7886,55.7886,55.7886,55.7886,55.7886,55.7886,55.7886,55.7886,55.7886,55.7886,55.7886,55.7886,55.7886,55.7886,55.7886,55.7886,55.7886,55.7886,55.7886,55.7886,55.7886,55.7886
56,"BEL","Belgium",68.16,68.16,68.16,68.16,68.16,68.16,68.16,68.16,68.16,68.16,68.16,68.16,68.16,68.16,68.16,68.16,68.16,68.16,68.16,68.16,68.16,68.16,68.16,68.16,68.16,68.16,68.16,68.16
84,"BLZ","Belize",0.412421815339915,0.412421815339915,0.412421815339915,0.412421815339915,0.412421815339915,0.412421815339915,0.412421815339915,0.412421815339915,0.412421815339915,0.412421815339915,0.412421815339915,0.412421815339915,0.412421815339915,0.412421815339915,0.412421815339915,0.412421815339915,0.412421815339915,0.412421815339915,0.412421815339915,0.412421815339915,0.412421815339915,0.412421815339915,0.412421815339915,0.412421815339915,0.412421815339915,0.412421815339915,0.412421815339915,0.412421815339915
204,"BEN","Benin",9.6030598693752,9.6030598693752,9.6030598693752,9.6030598693752,9.6030598693752,9.6030598693752,9.6030598693752,9.6030598693752,9.6030598693752,9.6030598693752,9.6030598693752,9.6030598693752,9.6030598693752,9.6030598693752,9.6030598693752,9.6030598693752,9.6030598693752,9.6030598693752,9.6030598693752,9.6030598693752,9.6030598693752,9.6030598693752,9.6030598693752,9.6030598693752,9.6030598693752,9.6030598693752,9.6030598693752,9.6030598693752
60,"BMU","Bermuda",-8888,-8888,-8888,-8888,-8888,-8888,-8888,-8888,-8888,-8888,-8888,-8888,-8888,-8888,-8888,-8888,-8888,-8888,-8888,-8888,-8888,-8888,-8888,-8888,-8888,-8888,-8888,-8888
64,"BTN","Bhutan",0,0,0,0,0,0,0,0,0,0,0,0,0,0,0,0,0,0,0,0,0,0,0,0,0,0,0,0
68,"BOL","Bolivia",3.509,3.509,3.509,3.509,3.509,3.509,3.509,3.509,3.509,3.509,3.509,3.509,3.509,3.509,3.509,3.509,3.509,3.509,3.509,3.509,3.509,3.509,3.509,3.509,3.509,3.509,3.509,3.509
70,"BIH","Bosnia and Herzegovina",1.147,1.147,1.147,1.147,1.147,1.147,1.147,1.147,1.147,1.147,1.147,1.147,1.147,1.147,1.147,1.147,1.147,1.147,1.147,1.147,1.147,1.147,1.147,1.147,1.147,1.147,1.147,1.147
72,"BWA","Botswana",0.95,0.95,0.95,0.95,0.95,0.95,0.95,0.95,0.95,0.95,0.95,0.95,0.95,0.95,0.95,0.95,0.95,0.95,0.95,0.95,0.95,0.95,0.95,0.95,0.95,0.95,0.95,0.95
76,"BRA","Brazil",52.409,52.409,52.409,52.409,52.409,52.409,52.409,52.409,52.409,52.409,52.409,52.409,52.409,52.409,52.409,52.409,52.409,52.409,52.409,52.409,52.409,52.409,52.409,52.409,52.409,52.409,52.409,52.409
92,"VGB","British Virgin Islands",-8888,-8888,-8888,-8888,-8888,-8888,-8888,-8888,-8888,-8888,-8888,-8888,-8888,-8888,-8888,-8888,-8888,-8888,-8888,-8888,-8888,-8888,-8888,-8888,-8888,-8888,-8888,-8888
96,"BRN","Brunei Darussalam",5.82347424425344,5.82347424425344,5.82347424425344,5.82347424425344,5.82347424425344,5.82347424425344,5.82347424425344,5.82347424425344,5.82347424425344,5.82347424425344,5.82347424425344,5.82347424425344,5.82347424425344,5.82347424425344,5.82347424425344,5.82347424425344,5.82347424425344,5.82347424425344,5.82347424425344,5.82347424425344,5.82347424425344,5.82347424425344,5.82347424425344,5.82347424425344,5.82347424425344,5.82347424425344,5.82347424425344,5.82347424425344
100,"BGR","Bulgaria",13.92,13.92,13.92,13.92,13.92,13.92,13.92,13.92,13.92,13.92,13.92,13.92,13.92,13.92,13.92,13.92,13.92,13.92,13.92,13.92,13.92,13.92,13.92,13.92,13.92,13.92,13.92,13.92
854,"BFA","Burkina Faso",0,0,0,0,0,0,0,0,0,0,0,0,0,0,0,0,0,0,0,0,0,0,0,0,0,0,0,0
108,"BDI","Burundi",0,0,0,0,0,0,0,0,0,0,0,0,0,0,0,0,0,0,0,0,0,0,0,0,0,0,0,0
132,"CPV","Cabo Verde",24.7,24.7,24.7,24.7,24.7,24.7,24.7,24.7,24.7,24.7,24.7,24.7,24.7,24.7,24.7,24.7,24.7,24.7,24.7,24.7,24.7,24.7,24.7,24.7,24.7,24.7,24.7,24.7
116,"KHM","Cambodia",0,0,0,0,0,0,0,0,0,0,0,0,0,0,0,0,0,0,0,0,0,0,0,0,0,0,0,0
120,"CMR","Cameroon",0,0,0,0,0,0,0,0,0,0,0,0,0,0,0,0,0,0,0,0,0,0,0,0,0,0,0,0
124,"CAN","Canada",67.44,67.44,67.44,67.44,67.44,67.44,67.44,67.44,67.44,67.44,67.44,67.44,67.44,67.44,67.44,67.44,67.44,67.44,67.44,67.44,67.44,67.44,67.44,67.44,67.44,67.44,67.44,67.44
136,"CYM","Cayman Islands",-8888,-8888,-8888,-8888,-8888,-8888,-8888,-8888,-8888,-8888,-8888,-8888,-8888,-8888,-8888,-8888,-8888,-8888,-8888,-8888,-8888,-8888,-8888,-8888,-8888,-8888,-8888,-8888
140,"CAF","Central African Republic",0,0,0,0,0,0,0,0,0,0,0,0,0,0,0,0,0,0,0,0,0,0,0,0,0,0,0,0
148,"TCD","Chad",0,0,0,0,0,0,0,0,0,0,0,0,0,0,0,0,0,0,0,0,0,0,0,0,0,0,0,0
152,"CHL","Chile",71.856,71.856,71.856,71.856,71.856,71.856,71.856,71.856,71.856,71.856,71.856,71.856,71.856,71.856,71.856,71.856,71.856,71.856,71.856,71.856,71.856,71.856,71.856,71.856,71.856,71.856,71.856,71.856
156,"CHN","China",9.36,9.36,9.36,9.36,9.36,9.36,9.36,9.36,9.36,9.36,9.36,9.36,9.36,9.36,9.36,9.36,9.36,9.36,9.36,9.36,9.36,9.36,9.36,9.36,9.36,9.36,9.36,9.36
170,"COL","Colombia",25.872,25.872,25.872,25.872,25.872,25.872,25.872,25.872,25.872,25.872,25.872,25.872,25.872,25.872,25.872,25.872,25.872,25.872,25.872,25.872,25.872,25.872,25.872,25.872,25.872,25.872,25.872,25.872
174,"COM","Comoros",10.0617833154652,10.0617833154652,10.0617833154652,10.0617833154652,10.0617833154652,10.0617833154652,10.0617833154652,10.0617833154652,10.0617833154652,10.0617833154652,10.0617833154652,10.0617833154652,10.0617833154652,10.0617833154652,10.0617833154652,10.0617833154652,10.0617833154652,10.0617833154652,10.0617833154652,10.0617833154652,10.0617833154652,10.0617833154652,10.0617833154652,10.0617833154652,10.0617833154652,10.0617833154652,10.0617833154652,10.0617833154652
184,"COK","Cook Islands",-8888,-8888,-8888,-8888,-8888,-8888,-8888,-8888,-8888,-8888,-8888,-8888,-8888,-8888,-8888,-8888,-8888,-8888,-8888,-8888,-8888,-8888,-8888,-8888,-8888,-8888,-8888,-8888
188,"CRI","Costa Rica",7.1744,7.1744,7.1744,7.1744,7.1744,7.1744,7.1744,7.1744,7.1744,7.1744,7.1744,7.1744,7.1744,7.1744,7.1744,7.1744,7.1744,7.1744,7.1744,7.1744,7.1744,7.1744,7.1744,7.1744,7.1744,7.1744,7.1744,7.1744
384,"CIV","Cote d'Ivoire",1.15875231398336,1.15875231398336,1.15875231398336,1.15875231398336,1.15875231398336,1.15875231398336,1.15875231398336,1.15875231398336,1.15875231398336,1.15875231398336,1.15875231398336,1.15875231398336,1.15875231398336,1.15875231398336,1.15875231398336,1.15875231398336,1.15875231398336,1.15875231398336,1.15875231398336,1.15875231398336,1.15875231398336,1.15875231398336,1.15875231398336,1.15875231398336,1.15875231398336,1.15875231398336,1.15875231398336,1.15875231398336
191,"HRV","Croatia",68.992,68.992,68.992,68.992,68.992,68.992,68.992,68.992,68.992,68.992,68.992,68.992,68.992,68.992,68.992,68.992,68.992,68.992,68.992,68.992,68.992,68.992,68.992,68.992,68.992,68.992,68.992,68.992
192,"CUB","Cuba",1.695,1.695,1.695,1.695,1.695,1.695,1.695,1.695,1.695,1.695,1.695,1.695,1.695,1.695,1.695,1.695,1.695,1.695,1.695,1.695,1.695,1.695,1.695,1.695,1.695,1.695,1.695,1.695
531,"CUW","Curacao",-8888,-8888,-8888,-8888,-8888,-8888,-8888,-8888,-8888,-8888,-8888,-8888,-8888,-8888,-8888,-8888,-8888,-8888,-8888,-8888,-8888,-8888,-8888,-8888,-8888,-8888,-8888,-8888
196,"CYP","Cyprus",50,50,50,50,50,50,50,50,50,50,50,50,50,50,50,50,50,50,50,50,50,50,50,50,50,50,50,50
203,"CZE","Czech Republic",61.5,61.5,61.5,61.5,61.5,61.5,61.5,61.5,61.5,61.5,61.5,61.5,61.5,61.5,61.5,61.5,61.5,61.5,61.5,61.5,61.5,61.5,61.5,61.5,61.5,61.5,61.5,61.5
180,"COD","Dem. Rep. Congo",0.148334047969916,0.148334047969916,0.148334047969916,0.148334047969916,0.148334047969916,0.148334047969916,0.148334047969916,0.148334047969916,0.148334047969916,0.148334047969916,0.148334047969916,0.148334047969916,0.148334047969916,0.148334047969916,0.148334047969916,0.148334047969916,0.148334047969916,0.148334047969916,0.148334047969916,0.148334047969916,0.148334047969916,0.148334047969916,0.148334047969916,0.148334047969916,0.148334047969916,0.148334047969916,0.148334047969916,0.148334047969916
208,"DNK","Denmark",100,100,100,100,100,100,100,100,100,100,100,100,100,100,100,100,100,100,100,100,100,100,100,100,100,100,100,100
262,"DJI","Djibouti",0,0,0,0,0,0,0,0,0,0,0,0,0,0,0,0,0,0,0,0,0,0,0,0,0,0,0,0
212,"DMA","Dominica",0.913580605354056,0.913580605354056,0.913580605354056,0.913580605354056,0.913580605354056,0.913580605354056,0.913580605354056,0.913580605354056,0.913580605354056,0.913580605354056,0.913580605354056,0.913580605354056,0.913580605354056,0.913580605354056,0.913580605354056,0.913580605354056,0.913580605354056,0.913580605354056,0.913580605354056,0.913580605354056,0.913580605354056,0.913580605354056,0.913580605354056,0.913580605354056,0.913580605354056,0.913580605354056,0.913580605354056,0.913580605354056
214,"DOM","Dominican Republic",5.844,5.844,5.844,5.844,5.844,5.844,5.844,5.844,5.844,5.844,5.844,5.844,5.844,5.844,5.844,5.844,5.844,5.844,5.844,5.844,5.844,5.844,5.844,5.844,5.844,5.844,5.844,5.844
218,"ECU","Ecuador",0,0,0,0,0,0,0,0,0,0,0,0,0,0,0,0,0,0,0,0,0,0,0,0,0,0,0,0
818,"EGY","Egypt",41.958,41.958,41.958,41.958,41.958,41.958,41.958,41.958,41.958,41.958,41.958,41.958,41.958,41.958,41.958,41.958,41.958,41.958,41.958,41.958,41.958,41.958,41.958,41.958,41.958,41.958,41.958,41.958
222,"SLV","El Salvador",0.07,0.07,0.07,0.07,0.07,0.07,0.07,0.07,0.07,0.07,0.07,0.07,0.07,0.07,0.07,0.07,0.07,0.07,0.07,0.07,0.07,0.07,0.07,0.07,0.07,0.07,0.07,0.07
226,"GNQ","Equatorial Guinea",1.25,1.25,1.25,1.25,1.25,1.25,1.25,1.25,1.25,1.25,1.25,1.25,1.25,1.25,1.25,1.25,1.25,1.25,1.25,1.25,1.25,1.25,1.25,1.25,1.25,1.25,1.25,1.25
232,"ERI","Eritrea",0,0,0,0,0,0,0,0,0,0,0,0,0,0,0,0,0,0,0,0,0,0,0,0,0,0,0,0
233,"EST","Estonia",70.4,70.4,70.4,70.4,70.4,70.4,70.4,70.4,70.4,70.4,70.4,70.4,70.4,70.4,70.4,70.4,70.4,70.4,70.4,70.4,70.4,70.4,70.4,70.4,70.4,70.4,70.4,70.4
748,"SWZ","Eswatini",70,70,70,70,70,70,70,70,70,70,70,70,70,70,70,70,70,70,70,70,70,70,70,70,70,70,70,70
231,"ETH","Ethiopia",0.0781314967960089,0.0781314967960089,0.0781314967960089,0.0781314967960089,0.0781314967960089,0.0781314967960089,0.0781314967960089,0.0781314967960089,0.0781314967960089,0.0781314967960089,0.0781314967960089,0.0781314967960089,0.0781314967960089,0.0781314967960089,0.0781314967960089,0.0781314967960089,0.0781314967960089,0.0781314967960089,0.0781314967960089,0.0781314967960089,0.0781314967960089,0.0781314967960089,0.0781314967960089,0.0781314967960089,0.0781314967960089,0.0781314967960089,0.0781314967960089,0.0781314967960089
234,"FRO","Faeroe Islands",-8888,-8888,-8888,-8888,-8888,-8888,-8888,-8888,-8888,-8888,-8888,-8888,-8888,-8888,-8888,-8888,-8888,-8888,-8888,-8888,-8888,-8888,-8888,-8888,-8888,-8888,-8888,-8888
238,"FLK","Falkland Islands",-8888,-8888,-8888,-8888,-8888,-8888,-8888,-8888,-8888,-8888,-8888,-8888,-8888,-8888,-8888,-8888,-8888,-8888,-8888,-8888,-8888,-8888,-8888,-8888,-8888,-8888,-8888,-8888
242,"FJI","Fiji",3.9,3.9,3.9,3.9,3.9,3.9,3.9,3.9,3.9,3.9,3.9,3.9,3.9,3.9,3.9,3.9,3.9,3.9,3.9,3.9,3.9,3.9,3.9,3.9,3.9,3.9,3.9,3.9
246,"FIN","Finland",100,100,100,100,100,100,100,100,100,100,100,100,100,100,100,100,100,100,100,100,100,100,100,100,100,100,100,100
250,"FRA","France",88,88,88,88,88,88,88,88,88,88,88,88,88,88,88,88,88,88,88,88,88,88,88,88,88,88,88,88
258,"PYF","French Polynesia",-8888,-8888,-8888,-8888,-8888,-8888,-8888,-8888,-8888,-8888,-8888,-8888,-8888,-8888,-8888,-8888,-8888,-8888,-8888,-8888,-8888,-8888,-8888,-8888,-8888,-8888,-8888,-8888
266,"GAB","Gabon",0,0,0,0,0,0,0,0,0,0,0,0,0,0,0,0,0,0,0,0,0,0,0,0,0,0,0,0
270,"GMB","Gambia",7.94135750364151,7.94135750364151,7.94135750364151,7.94135750364151,7.94135750364151,7.94135750364151,7.94135750364151,7.94135750364151,7.94135750364151,7.94135750364151,7.94135750364151,7.94135750364151,7.94135750364151,7.94135750364151,7.94135750364151,7.94135750364151,7.94135750364151,7.94135750364151,7.94135750364151,7.94135750364151,7.94135750364151,7.94135750364151,7.94135750364151,7.94135750364151,7.94135750364151,7.94135750364151,7.94135750364151,7.94135750364151
268,"GEO","Georgia",46.64,46.64,46.64,46.64,46.64,46.64,46.64,46.64,46.64,46.64,46.64,46.64,46.64,46.64,46.64,46.64,46.64,46.64,46.64,46.64,46.64,46.64,46.64,46.64,46.64,46.64,46.64,46.64
276,"DEU","Germany",97,97,97,97,97,97,97,97,97,97,97,97,97,97,97,97,97,97,97,97,97,97,97,97,97,97,97,97
288,"GHA","Ghana",3,3,3,3,3,3,3,3,3,3,3,3,3,3,3,3,3,3,3,3,3,3,3,3,3,3,3,3
300,"GRC","Greece",81.664,81.664,81.664,81.664,81.664,81.664,81.664,81.664,81.664,81.664,81.664,81.664,81.664,81.664,81.664,81.664,81.664,81.664,81.664,81.664,81.664,81.664,81.664,81.664,81.664,81.664,81.664,81.664
304,"GRL","Greenland",-8888,-8888,-8888,-8888,-8888,-8888,-8888,-8888,-8888,-8888,-8888,-8888,-8888,-8888,-8888,-8888,-8888,-8888,-8888,-8888,-8888,-8888,-8888,-8888,-8888,-8888,-8888,-8888
308,"GRD","Grenada",15.0705026448816,15.0705026448816,15.0705026448816,15.0705026448816,15.0705026448816,15.0705026448816,15.0705026448816,15.0705026448816,15.0705026448816,15.0705026448816,15.0705026448816,15.0705026448816,15.0705026448816,15.0705026448816,15.0705026448816,15.0705026448816,15.0705026448816,15.0705026448816,15.0705026448816,15.0705026448816,15.0705026448816,15.0705026448816,15.0705026448816,15.0705026448816,15.0705026448816,15.0705026448816,15.0705026448816,15.0705026448816
320,"GTM","Guatemala",6.8,6.8,6.8,6.8,6.8,6.8,6.8,6.8,6.8,6.8,6.8,6.8,6.8,6.8,6.8,6.8,6.8,6.8,6.8,6.8,6.8,6.8,6.8,6.8,6.8,6.8,6.8,6.8
831,"GGY","Guernsey",-8888,-8888,-8888,-8888,-8888,-8888,-8888,-8888,-8888,-8888,-8888,-8888,-8888,-8888,-8888,-8888,-8888,-8888,-8888,-8888,-8888,-8888,-8888,-8888,-8888,-8888,-8888,-8888
324,"GIN","Guinea",0,0,0,0,0,0,0,0,0,0,0,0,0,0,0,0,0,0,0,0,0,0,0,0,0,0,0,0
624,"GNB","Guinea-Bissau",0,0,0,0,0,0,0,0,0,0,0,0,0,0,0,0,0,0,0,0,0,0,0,0,0,0,0,0
328,"GUY","Guyana",0,0,0,0,0,0,0,0,0,0,0,0,0,0,0,0,0,0,0,0,0,0,0,0,0,0,0,0
332,"HTI","Haiti",7.10397055688972,7.10397055688972,7.10397055688972,7.10397055688972,7.10397055688972,7.10397055688972,7.10397055688972,7.10397055688972,7.10397055688972,7.10397055688972,7.10397055688972,7.10397055688972,7.10397055688972,7.10397055688972,7.10397055688972,7.10397055688972,7.10397055688972,7.10397055688972,7.10397055688972,7.10397055688972,7.10397055688972,7.10397055688972,7.10397055688972,7.10397055688972,7.10397055688972,7.10397055688972,7.10397055688972,7.10397055688972
336,"VAT","Holy See",-8888,-8888,-8888,-8888,-8888,-8888,-8888,-8888,-8888,-8888,-8888,-8888,-8888,-8888,-8888,-8888,-8888,-8888,-8888,-8888,-8888,-8888,-8888,-8888,-8888,-8888,-8888,-8888
340,"HND","Honduras",3.15,3.15,3.15,3.15,3.15,3.15,3.15,3.15,3.15,3.15,3.15,3.15,3.15,3.15,3.15,3.15,3.15,3.15,3.15,3.15,3.15,3.15,3.15,3.15,3.15,3.15,3.15,3.15
344,"HKG","Hong Kong",95,95,95,95,95,95,95,95,95,95,95,95,95,95,95,95,95,95,95,95,95,95,95,95,95,95,95,95
348,"HUN","Hungary",55.3,55.3,55.3,55.3,55.3,55.3,55.3,55.3,55.3,55.3,55.3,55.3,55.3,55.3,55.3,55.3,55.3,55.3,55.3,55.3,55.3,55.3,55.3,55.3,55.3,55.3,55.3,55.3
352,"ISL","Iceland",15.2535620051478,15.2535620051478,15.2535620051478,15.2535620051478,15.2535620051478,15.2535620051478,15.2535620051478,15.2535620051478,15.2535620051478,15.2535620051478,15.2535620051478,15.2535620051478,15.2535620051478,15.2535620051478,15.2535620051478,15.2535620051478,15.2535620051478,15.2535620051478,15.2535620051478,15.2535620051478,15.2535620051478,15.2535620051478,15.2535620051478,15.2535620051478,15.2535620051478,15.2535620051478,15.2535620051478,15.2535620051478
356,"IND","India",2.2464,2.2464,2.2464,2.2464,2.2464,2.2464,2.2464,2.2464,2.2464,2.2464,2.2464,2.2464,2.2464,2.2464,2.2464,2.2464,2.2464,2.2464,2.2464,2.2464,2.2464,2.2464,2.2464,2.2464,2.2464,2.2464,2.2464,2.2464
360,"IDN","Indonesia",0.02,0.02,0.02,0.02,0.02,0.02,0.02,0.02,0.02,0.02,0.02,0.02,0.02,0.02,0.02,0.02,0.02,0.02,0.02,0.02,0.02,0.02,0.02,0.02,0.02,0.02,0.02,0.02
364,"IRN","Iran",3.73,3.73,3.73,3.73,3.73,3.73,3.73,3.73,3.73,3.73,3.73,3.73,3.73,3.73,3.73,3.73,3.73,3.73,3.73,3.73,3.73,3.73,3.73,3.73,3.73,3.73,3.73,3.73
368,"IRQ","Iraq",13.095,13.095,13.095,13.095,13.095,13.095,13.095,13.095,13.095,13.095,13.095,13.095,13.095,13.095,13.095,13.095,13.095,13.095,13.095,13.095,13.095,13.095,13.095,13.095,13.095,13.095,13.095,13.095
372,"IRL","Ireland",86.95,86.95,86.95,86.95,86.95,86.95,86.95,86.95,86.95,86.95,86.95,86.95,86.95,86.95,86.95,86.95,86.95,86.95,86.95,86.95,86.95,86.95,86.95,86.95,86.95,86.95,86.95,86.95
833,"IMN","Isle of Man",-8888,-8888,-8888,-8888,-8888,-8888,-8888,-8888,-8888,-8888,-8888,-8888,-8888,-8888,-8888,-8888,-8888,-8888,-8888,-8888,-8888,-8888,-8888,-8888,-8888,-8888,-8888,-8888
376,"ISR","Israel",81.6992,81.6992,81.6992,81.6992,81.6992,81.6992,81.6992,81.6992,81.6992,81.6992,81.6992,81.6992,81.6992,81.6992,81.6992,81.6992,81.6992,81.6992,81.6992,81.6992,81.6992,81.6992,81.6992,81.6992,81.6992,81.6992,81.6992,81.6992
380,"ITA","Italy",58.75,58.75,58.75,58.75,58.75,58.75,58.75,58.75,58.75,58.75,58.75,58.75,58.75,58.75,58.75,58.75,58.75,58.75,58.75,58.75,58.75,58.75,58.75,58.75,58.75,58.75,58.75,58.75
388,"JAM","Jamaica",3,3,3,3,3,3,3,3,3,3,3,3,3,3,3,3,3,3,3,3,3,3,3,3,3,3,3,3
392,"JPN","Japan",74.8436,74.8436,74.8436,74.8436,74.8436,74.8436,74.8436,74.8436,74.8436,74.8436,74.8436,74.8436,74.8436,74.8436,74.8436,74.8436,74.8436,74.8436,74.8436,74.8436,74.8436,74.8436,74.8436,74.8436,74.8436,74.8436,74.8436,74.8436
832,"JEY","Jersey",-8888,-8888,-8888,-8888,-8888,-8888,-8888,-8888,-8888,-8888,-8888,-8888,-8888,-8888,-8888,-8888,-8888,-8888,-8888,-8888,-8888,-8888,-8888,-8888,-8888,-8888,-8888,-8888
400,"JOR","Jordan",18.63,18.63,18.63,18.63,18.63,18.63,18.63,18.63,18.63,18.63,18.63,18.63,18.63,18.63,18.63,18.63,18.63,18.63,18.63,18.63,18.63,18.63,18.63,18.63,18.63,18.63,18.63,18.63
398,"KAZ","Kazakhstan",27.5,27.5,27.5,27.5,27.5,27.5,27.5,27.5,27.5,27.5,27.5,27.5,27.5,27.5,27.5,27.5,27.5,27.5,27.5,27.5,27.5,27.5,27.5,27.5,27.5,27.5,27.5,27.5
404,"KEN","Kenya",1.06,1.06,1.06,1.06,1.06,1.06,1.06,1.06,1.06,1.06,1.06,1.06,1.06,1.06,1.06,1.06,1.06,1.06,1.06,1.06,1.06,1.06,1.06,1.06,1.06,1.06,1.06,1.06
296,"KIR","Kiribati",4.50788498707433,4.50788498707433,4.50788498707433,4.50788498707433,4.50788498707433,4.50788498707433,4.50788498707433,4.50788498707433,4.50788498707433,4.50788498707433,4.50788498707433,4.50788498707433,4.50788498707433,4.50788498707433,4.50788498707433,4.50788498707433,4.50788498707433,4.50788498707433,4.50788498707433,4.50788498707433,4.50788498707433,4.50788498707433,4.50788498707433,4.50788498707433,4.50788498707433,4.50788498707433,4.50788498707433,4.50788498707433
689,"XKX","Kosovo",-8888,-8888,-8888,-8888,-8888,-8888,-8888,-8888,-8888,-8888,-8888,-8888,-8888,-8888,-8888,-8888,-8888,-8888,-8888,-8888,-8888,-8888,-8888,-8888,-8888,-8888,-8888,-8888
414,"KWT","Kuwait",43.1,43.1,43.1,43.1,43.1,43.1,43.1,43.1,43.1,43.1,43.1,43.1,43.1,43.1,43.1,43.1,43.1,43.1,43.1,43.1,43.1,43.1,43.1,43.1,43.1,43.1,43.1,43.1
417,"KGZ","Kyrgyzstan",8.56221555971551,8.56221555971551,8.56221555971551,8.56221555971551,8.56221555971551,8.56221555971551,8.56221555971551,8.56221555971551,8.56221555971551,8.56221555971551,8.56221555971551,8.56221555971551,8.56221555971551,8.56221555971551,8.56221555971551,8.56221555971551,8.56221555971551,8.56221555971551,8.56221555971551,8.56221555971551,8.56221555971551,8.56221555971551,8.56221555971551,8.56221555971551,8.56221555971551,8.56221555971551,8.56221555971551,8.56221555971551
418,"LAO","Laos",0,0,0,0,0,0,0,0,0,0,0,0,0,0,0,0,0,0,0,0,0,0,0,0,0,0,0,0
428,"LVA","Latvia",90.7,90.7,90.7,90.7,90.7,90.7,90.7,90.7,90.7,90.7,90.7,90.7,90.7,90.7,90.7,90.7,90.7,90.7,90.7,90.7,90.7,90.7,90.7,90.7,90.7,90.7,90.7,90.7
422,"LBN","Lebanon",38.164,38.164,38.164,38.164,38.164,38.164,38.164,38.164,38.164,38.164,38.164,38.164,38.164,38.164,38.164,38.164,38.164,38.164,38.164,38.164,38.164,38.164,38.164,38.164,38.164,38.164,38.164,38.164
426,"LSO","Lesotho",0.3,0.3,0.3,0.3,0.3,0.3,0.3,0.3,0.3,0.3,0.3,0.3,0.3,0.3,0.3,0.3,0.3,0.3,0.3,0.3,0.3,0.3,0.3,0.3,0.3,0.3,0.3,0.3
430,"LBR","Liberia",0,0,0,0,0,0,0,0,0,0,0,0,0,0,0,0,0,0,0,0,0,0,0,0,0,0,0,0
434,"LBY","Libya",9.6,9.6,9.6,9.6,9.6,9.6,9.6,9.6,9.6,9.6,9.6,9.6,9.6,9.6,9.6,9.6,9.6,9.6,9.6,9.6,9.6,9.6,9.6,9.6,9.6,9.6,9.6,9.6
438,"LIE","Liechtenstein",-8888,-8888,-8888,-8888,-8888,-8888,-8888,-8888,-8888,-8888,-8888,-8888,-8888,-8888,-8888,-8888,-8888,-8888,-8888,-8888,-8888,-8888,-8888,-8888,-8888,-8888,-8888,-8888
440,"LTU","Lithuania",52.26,52.26,52.26,52.26,52.26,52.26,52.26,52.26,52.26,52.26,52.26,52.26,52.26,52.26,52.26,52.26,52.26,52.26,52.26,52.26,52.26,52.26,52.26,52.26,52.26,52.26,52.26,52.26
442,"LUX","Luxembourg",98,98,98,98,98,98,98,98,98,98,98,98,98,98,98,98,98,98,98,98,98,98,98,98,98,98,98,98
446,"MAC","Macao",16.6622795871345,16.6622795871345,16.6622795871345,16.6622795871345,16.6622795871345,16.6622795871345,16.6622795871345,16.6622795871345,16.6622795871345,16.6622795871345,16.6622795871345,16.6622795871345,16.6622795871345,16.6622795871345,16.6622795871345,16.6622795871345,16.6622795871345,16.6622795871345,16.6622795871345,16.6622795871345,16.6622795871345,16.6622795871345,16.6622795871345,16.6622795871345,16.6622795871345,16.6622795871345,16.6622795871345,16.6622795871345
450,"MDG","Madagascar",0,0,0,0,0,0,0,0,0,0,0,0,0,0,0,0,0,0,0,0,0,0,0,0,0,0,0,0
454,"MWI","Malawi",0,0,0,0,0,0,0,0,0,0,0,0,0,0,0,0,0,0,0,0,0,0,0,0,0,0,0,0
458,"MYS","Malaysia",12.608,12.608,12.608,12.608,12.608,12.608,12.608,12.608,12.608,12.608,12.608,12.608,12.608,12.608,12.608,12.608,12.608,12.608,12.608,12.608,12.608,12.608,12.608,12.608,12.608,12.608,12.608,12.608
462,"MDV","Maldives",3.80016750309845,3.80016750309845,3.80016750309845,3.80016750309845,3.80016750309845,3.80016750309845,3.80016750309845,3.80016750309845,3.80016750309845,3.80016750309845,3.80016750309845,3.80016750309845,3.80016750309845,3.80016750309845,3.80016750309845,3.80016750309845,3.80016750309845,3.80016750309845,3.80016750309845,3.80016750309845,3.80016750309845,3.80016750309845,3.80016750309845,3.80016750309845,3.80016750309845,3.80016750309845,3.80016750309845,3.80016750309845
466,"MLI","Mali",0,0,0,0,0,0,0,0,0,0,0,0,0,0,0,0,0,0,0,0,0,0,0,0,0,0,0,0
470,"MLT","Malta",0,0,0,0,0,0,0,0,0,0,0,0,0,0,0,0,0,0,0,0,0,0,0,0,0,0,0,0
584,"MHL","Marshall Islands",-8888,-8888,-8888,-8888,-8888,-8888,-8888,-8888,-8888,-8888,-8888,-8888,-8888,-8888,-8888,-8888,-8888,-8888,-8888,-8888,-8888,-8888,-8888,-8888,-8888,-8888,-8888,-8888
478,"MRT","Mauritania",0,0,0,0,0,0,0,0,0,0,0,0,0,0,0,0,0,0,0,0,0,0,0,0,0,0,0,0
480,"MUS","Mauritius",2.75,2.75,2.75,2.75,2.75,2.75,2.75,2.75,2.75,2.75,2.75,2.75,2.75,2.75,2.75,2.75,2.75,2.75,2.75,2.75,2.75,2.75,2.75,2.75,2.75,2.75,2.75,2.75
484,"MEX","Mexico",25.2004,25.2004,25.2004,25.2004,25.2004,25.2004,25.2004,25.2004,25.2004,25.2004,25.2004,25.2004,25.2004,25.2004,25.2004,25.2004,25.2004,25.2004,25.2004,25.2004,25.2004,25.2004,25.2004,25.2004,25.2004,25.2004,25.2004,25.2004
583,"FSM","Micronesia",-8888,-8888,-8888,-8888,-8888,-8888,-8888,-8888,-8888,-8888,-8888,-8888,-8888,-8888,-8888,-8888,-8888,-8888,-8888,-8888,-8888,-8888,-8888,-8888,-8888,-8888,-8888,-8888
498,"MDA","Moldova",9.18,9.18,9.18,9.18,9.18,9.18,9.18,9.18,9.18,9.18,9.18,9.18,9.18,9.18,9.18,9.18,9.18,9.18,9.18,9.18,9.18,9.18,9.18,9.18,9.18,9.18,9.18,9.18
492,"MCO","Monaco",100,100,100,100,100,100,100,100,100,100,100,100,100,100,100,100,100,100,100,100,100,100,100,100,100,100,100,100
496,"MNG","Mongolia",3.3,3.3,3.3,3.3,3.3,3.3,3.3,3.3,3.3,3.3,3.3,3.3,3.3,3.3,3.3,3.3,3.3,3.3,3.3,3.3,3.3,3.3,3.3,3.3,3.3,3.3,3.3,3.3
499,"MNE","Montenegro",8.37,8.37,8.37,8.37,8.37,8.37,8.37,8.37,8.37,8.37,8.37,8.37,8.37,8.37,8.37,8.37,8.37,8.37,8.37,8.37,8.37,8.37,8.37,8.37,8.37,8.37,8.37,8.37
504,"MAR","Morocco",5.4,5.4,5.4,5.4,5.4,5.4,5.4,5.4,5.4,5.4,5.4,5.4,5.4,5.4,5.4,5.4,5.4,5.4,5.4,5.4,5.4,5.4,5.4,5.4,5.4,5.4,5.4,5.4
508,"MOZ","Mozambique",20,20,20,20,20,20,20,20,20,20,20,20,20,20,20,20,20,20,20,20,20,20,20,20,20,20,20,20
104,"MMR","Myanmar",0,0,0,0,0,0,0,0,0,0,0,0,0,0,0,0,0,0,0,0,0,0,0,0,0,0,0,0
516,"NAM","Namibia",5,5,5,5,5,5,5,5,5,5,5,5,5,5,5,5,5,5,5,5,5,5,5,5,5,5,5,5
520,"NRU","Nauru",15.3319318955301,15.3319318955301,15.3319318955301,15.3319318955301,15.3319318955301,15.3319318955301,15.3319318955301,15.3319318955301,15.3319318955301,15.3319318955301,15.3319318955301,15.3319318955301,15.3319318955301,15.3319318955301,15.3319318955301,15.3319318955301,15.3319318955301,15.3319318955301,15.3319318955301,15.3319318955301,15.3319318955301,15.3319318955301,15.3319318955301,15.3319318955301,15.3319318955301,15.3319318955301,15.3319318955301,15.3319318955301
524,"NPL","Nepal",0,0,0,0,0,0,0,0,0,0,0,0,0,0,0,0,0,0,0,0,0,0,0,0,0,0,0,0
528,"NLD","Netherlands",100,100,100,100,100,100,100,100,100,100,100,100,100,100,100,100,100,100,100,100,100,100,100,100,100,100,100,100
540,"NCL","New Caledonia",-8888,-8888,-8888,-8888,-8888,-8888,-8888,-8888,-8888,-8888,-8888,-8888,-8888,-8888,-8888,-8888,-8888,-8888,-8888,-8888,-8888,-8888,-8888,-8888,-8888,-8888,-8888,-8888
554,"NZL","New Zealand",79.895,79.895,79.895,79.895,79.895,79.895,79.895,79.895,79.895,79.895,79.895,79.895,79.895,79.895,79.895,79.895,79.895,79.895,79.895,79.895,79.895,79.895,79.895,79.895,79.895,79.895,79.895,79.895
558,"NIC","Nicaragua",0,0,0,0,0,0,0,0,0,0,0,0,0,0,0,0,0,0,0,0,0,0,0,0,0,0,0,0
562,"NER","Niger",0,0,0,0,0,0,0,0,0,0,0,0,0,0,0,0,0,0,0,0,0,0,0,0,0,0,0,0
566,"NGA","Nigeria",0.154,0.154,0.154,0.154,0.154,0.154,0.154,0.154,0.154,0.154,0.154,0.154,0.154,0.154,0.154,0.154,0.154,0.154,0.154,0.154,0.154,0.154,0.154,0.154,0.154,0.154,0.154,0.154
570,"NIU","Niue",-8888,-8888,-8888,-8888,-8888,-8888,-8888,-8888,-8888,-8888,-8888,-8888,-8888,-8888,-8888,-8888,-8888,-8888,-8888,-8888,-8888,-8888,-8888,-8888,-8888,-8888,-8888,-8888
408,"PRK","North Korea",0,0,0,0,0,0,0,0,0,0,0,0,0,0,0,0,0,0,0,0,0,0,0,0,0,0,0,0
807,"MKD","North Macedonia",0.824049472346331,0.824049472346331,0.824049472346331,0.824049472346331,0.824049472346331,0.824049472346331,0.824049472346331,0.824049472346331,0.824049472346331,0.824049472346331,0.824049472346331,0.824049472346331,0.824049472346331,0.824049472346331,0.824049472346331,0.824049472346331,0.824049472346331,0.824049472346331,0.824049472346331,0.824049472346331,0.824049472346331,0.824049472346331,0.824049472346331,0.824049472346331,0.824049472346331,0.824049472346331,0.824049472346331,0.824049472346331
578,"NOR","Norway",64.35,64.35,64.35,64.35,64.35,64.35,64.35,64.35,64.35,64.35,64.35,64.35,64.35,64.35,64.35,64.35,64.35,64.35,64.35,64.35,64.35,64.35,64.35,64.35,64.35,64.35,64.35,64.35
512,"OMN","Oman",13.4,13.4,13.4,13.4,13.4,13.4,13.4,13.4,13.4,13.4,13.4,13.4,13.4,13.4,13.4,13.4,13.4,13.4,13.4,13.4,13.4,13.4,13.4,13.4,13.4,13.4,13.4,13.4
586,"PAK","Pakistan",0.1,0.1,0.1,0.1,0.1,0.1,0.1,0.1,0.1,0.1,0.1,0.1,0.1,0.1,0.1,0.1,0.1,0.1,0.1,0.1,0.1,0.1,0.1,0.1,0.1,0.1,0.1,0.1
585,"PLW","Palau",40,40,40,40,40,40,40,40,40,40,40,40,40,40,40,40,40,40,40,40,40,40,40,40,40,40,40,40
591,"PAN","Panama",23.1,23.1,23.1,23.1,23.1,23.1,23.1,23.1,23.1,23.1,23.1,23.1,23.1,23.1,23.1,23.1,23.1,23.1,23.1,23.1,23.1,23.1,23.1,23.1,23.1,23.1,23.1,23.1
598,"PNG","Papua New Guinea",0,0,0,0,0,0,0,0,0,0,0,0,0,0,0,0,0,0,0,0,0,0,0,0,0,0,0,0
600,"PRY","Paraguay",0.735,0.735,0.735,0.735,0.735,0.735,0.735,0.735,0.735,0.735,0.735,0.735,0.735,0.735,0.735,0.735,0.735,0.735,0.735,0.735,0.735,0.735,0.735,0.735,0.735,0.735,0.735,0.735
604,"PER","Peru",40.992,40.992,40.992,40.992,40.992,40.992,40.992,40.992,40.992,40.992,40.992,40.992,40.992,40.992,40.992,40.992,40.992,40.992,40.992,40.992,40.992,40.992,40.992,40.992,40.992,40.992,40.992,40.992
608,"PHL","Philippines",0.82,0.82,0.82,0.82,0.82,0.82,0.82,0.82,0.82,0.82,0.82,0.82,0.82,0.82,0.82,0.82,0.82,0.82,0.82,0.82,0.82,0.82,0.82,0.82,0.82,0.82,0.82,0.82
616,"POL","Poland",61.465,61.465,61.465,61.465,61.465,61.465,61.465,61.465,61.465,61.465,61.465,61.465,61.465,61.465,61.465,61.465,61.465,61.465,61.465,61.465,61.465,61.465,61.465,61.465,61.465,61.465,61.465,61.465
620,"PRT","Portugal",59.16,59.16,59.16,59.16,59.16,59.16,59.16,59.16,59.16,59.16,59.16,59.16,59.16,59.16,59.16,59.16,59.16,59.16,59.16,59.16,59.16,59.16,59.16,59.16,59.16,59.16,59.16,59.16
634,"QAT","Qatar",70,70,70,70,70,70,70,70,70,70,70,70,70,70,70,70,70,70,70,70,70,70,70,70,70,70,70,70
178,"COG","Republic of Congo",8.84139290064119,8.84139290064119,8.84139290064119,8.84139290064119,8.84139290064119,8.84139290064119,8.84139290064119,8.84139290064119,8.84139290064119,8.84139290064119,8.84139290064119,8.84139290064119,8.84139290064119,8.84139290064119,8.84139290064119,8.84139290064119,8.84139290064119,8.84139290064119,8.84139290064119,8.84139290064119,8.84139290064119,8.84139290064119,8.84139290064119,8.84139290064119,8.84139290064119,8.84139290064119,8.84139290064119,8.84139290064119
642,"ROU","Romania",25.688,25.688,25.688,25.688,25.688,25.688,25.688,25.688,25.688,25.688,25.688,25.688,25.688,25.688,25.688,25.688,25.688,25.688,25.688,25.688,25.688,25.688,25.688,25.688,25.688,25.688,25.688,25.688
643,"RUS","Russia",18.5,18.5,18.5,18.5,18.5,18.5,18.5,18.5,18.5,18.5,18.5,18.5,18.5,18.5,18.5,18.5,18.5,18.5,18.5,18.5,18.5,18.5,18.5,18.5,18.5,18.5,18.5,18.5
646,"RWA","Rwanda",0,0,0,0,0,0,0,0,0,0,0,0,0,0,0,0,0,0,0,0,0,0,0,0,0,0,0,0
652,"BLM","Saint Barthelemy",-8888,-8888,-8888,-8888,-8888,-8888,-8888,-8888,-8888,-8888,-8888,-8888,-8888,-8888,-8888,-8888,-8888,-8888,-8888,-8888,-8888,-8888,-8888,-8888,-8888,-8888,-8888,-8888
659,"KNA","Saint Kitts and Nevis",0.574163909608375,0.574163909608375,0.574163909608375,0.574163909608375,0.574163909608375,0.574163909608375,0.574163909608375,0.574163909608375,0.574163909608375,0.574163909608375,0.574163909608375,0.574163909608375,0.574163909608375,0.574163909608375,0.574163909608375,0.574163909608375,0.574163909608375,0.574163909608375,0.574163909608375,0.574163909608375,0.574163909608375,0.574163909608375,0.574163909608375,0.574163909608375,0.574163909608375,0.574163909608375,0.574163909608375,0.574163909608375
662,"LCA","Saint Lucia",14.043905885593,14.043905885593,14.043905885593,14.043905885593,14.043905885593,14.043905885593,14.043905885593,14.043905885593,14.043905885593,14.043905885593,14.043905885593,14.043905885593,14.043905885593,14.043905885593,14.043905885593,14.043905885593,14.043905885593,14.043905885593,14.043905885593,14.043905885593,14.043905885593,14.043905885593,14.043905885593,14.043905885593,14.043905885593,14.043905885593,14.043905885593,14.043905885593
670,"VCT","Saint Vincent and the Grenadines",13.9514105935379,13.9514105935379,13.9514105935379,13.9514105935379,13.9514105935379,13.9514105935379,13.9514105935379,13.9514105935379,13.9514105935379,13.9514105935379,13.9514105935379,13.9514105935379,13.9514105935379,13.9514105935379,13.9514105935379,13.9514105935379,13.9514105935379,13.9514105935379,13.9514105935379,13.9514105935379,13.9514105935379,13.9514105935379,13.9514105935379,13.9514105935379,13.9514105935379,13.9514105935379,13.9514105935379,13.9514105935379
882,"WSM","Samoa",0.948683840721739,0.948683840721739,0.948683840721739,0.948683840721739,0.948683840721739,0.948683840721739,0.948683840721739,0.948683840721739,0.948683840721739,0.948683840721739,0.948683840721739,0.948683840721739,0.948683840721739,0.948683840721739,0.948683840721739,0.948683840721739,0.948683840721739,0.948683840721739,0.948683840721739,0.948683840721739,0.948683840721739,0.948683840721739,0.948683840721739,0.948683840721739,0.948683840721739,0.948683840721739,0.948683840721739,0.948683840721739
674,"SMR","San Marino",-8888,-8888,-8888,-8888,-8888,-8888,-8888,-8888,-8888,-8888,-8888,-8888,-8888,-8888,-8888,-8888,-8888,-8888,-8888,-8888,-8888,-8888,-8888,-8888,-8888,-8888,-8888,-8888
678,"STP","Sao Tome and Principe",10.9221657118695,10.9221657118695,10.9221657118695,10.9221657118695,10.9221657118695,10.9221657118695,10.9221657118695,10.9221657118695,10.9221657118695,10.9221657118695,10.9221657118695,10.9221657118695,10.9221657118695,10.9221657118695,10.9221657118695,10.9221657118695,10.9221657118695,10.9221657118695,10.9221657118695,10.9221657118695,10.9221657118695,10.9221657118695,10.9221657118695,10.9221657118695,10.9221657118695,10.9221657118695,10.9221657118695,10.9221657118695
682,"SAU","Saudi Arabia",37.6996,37.6996,37.6996,37.6996,37.6996,37.6996,37.6996,37.6996,37.6996,37.6996,37.6996,37.6996,37.6996,37.6996,37.6996,37.6996,37.6996,37.6996,37.6996,37.6996,37.6996,37.6996,37.6996,37.6996,37.6996,37.6996,37.6996,37.6996
686,"SEN","Senegal",0.5,0.5,0.5,0.5,0.5,0.5,0.5,0.5,0.5,0.5,0.5,0.5,0.5,0.5,0.5,0.5,0.5,0.5,0.5,0.5,0.5,0.5,0.5,0.5,0.5,0.5,0.5,0.5
688,"SRB","Serbia",0.6962,0.6962,0.6962,0.6962,0.6962,0.6962,0.6962,0.6962,0.6962,0.6962,0.6962,0.6962,0.6962,0.6962,0.6962,0.6962,0.6962,0.6962,0.6962,0.6962,0.6962,0.6962,0.6962,0.6962,0.6962,0.6962,0.6962,0.6962
690,"SYC","Seychelles",19.4515200879133,19.4515200879133,19.4515200879133,19.4515200879133,19.4515200879133,19.4515200879133,19.4515200879133,19.4515200879133,19.4515200879133,19.4515200879133,19.4515200879133,19.4515200879133,19.4515200879133,19.4515200879133,19.4515200879133,19.4515200879133,19.4515200879133,19.4515200879133,19.4515200879133,19.4515200879133,19.4515200879133,19.4515200879133,19.4515200879133,19.4515200879133,19.4515200879133,19.4515200879133,19.4515200879133,19.4515200879133
694,"SLE","Sierra Leone",0,0,0,0,0,0,0,0,0,0,0,0,0,0,0,0,0,0,0,0,0,0,0,0,0,0,0,0
702,"SGP","Singapore",100,100,100,100,100,100,100,100,100,100,100,100,100,100,100,100,100,100,100,100,100,100,100,100,100,100,100,100
534,"SXM","Sint Maarten",-8888,-8888,-8888,-8888,-8888,-8888,-8888,-8888,-8888,-8888,-8888,-8888,-8888,-8888,-8888,-8888,-8888,-8888,-8888,-8888,-8888,-8888,-8888,-8888,-8888,-8888,-8888,-8888
703,"SVK","Slovakia",44.655,44.655,44.655,44.655,44.655,44.655,44.655,44.655,44.655,44.655,44.655,44.655,44.655,44.655,44.655,44.655,44.655,44.655,44.655,44.655,44.655,44.655,44.655,44.655,44.655,44.655,44.655,44.655
705,"SVN","Slovenia",92.16,92.16,92.16,92.16,92.16,92.16,92.16,92.16,92.16,92.16,92.16,92.16,92.16,92.16,92.16,92.16,92.16,92.16,92.16,92.16,92.16,92.16,92.16,92.16,92.16,92.16,92.16,92.16
90,"SLB","Solomon Islands",1.20031763086648,1.20031763086648,1.20031763086648,1.20031763086648,1.20031763086648,1.20031763086648,1.20031763086648,1.20031763086648,1.20031763086648,1.20031763086648,1.20031763086648,1.20031763086648,1.20031763086648,1.20031763086648,1.20031763086648,1.20031763086648,1.20031763086648,1.20031763086648,1.20031763086648,1.20031763086648,1.20031763086648,1.20031763086648,1.20031763086648,1.20031763086648,1.20031763086648,1.20031763086648,1.20031763086648,1.20031763086648
706,"SOM","Somalia",4.90937706978134,4.90937706978134,4.90937706978134,4.90937706978134,4.90937706978134,4.90937706978134,4.90937706978134,4.90937706978134,4.90937706978134,4.90937706978134,4.90937706978134,4.90937706978134,4.90937706978134,4.90937706978134,4.90937706978134,4.90937706978134,4.90937706978134,4.90937706978134,4.90937706978134,4.90937706978134,4.90937706978134,4.90937706978134,4.90937706978134,4.90937706978134,4.90937706978134,4.90937706978134,4.90937706978134,4.90937706978134
710,"ZAF","South Africa",21.66,21.66,21.66,21.66,21.66,21.66,21.66,21.66,21.66,21.66,21.66,21.66,21.66,21.66,21.66,21.66,21.66,21.66,21.66,21.66,21.66,21.66,21.66,21.66,21.66,21.66,21.66,21.66
410,"KOR","South Korea",76.8366,76.8366,76.8366,76.8366,76.8366,76.8366,76.8366,76.8366,76.8366,76.8366,76.8366,76.8366,76.8366,76.8366,76.8366,76.8366,76.8366,76.8366,76.8366,76.8366,76.8366,76.8366,76.8366,76.8366,76.8366,76.8366,76.8366,76.8366
728,"SSD","South Sudan",5.24297215516033,5.24297215516033,5.24297215516033,5.24297215516033,5.24297215516033,5.24297215516033,5.24297215516033,5.24297215516033,5.24297215516033,5.24297215516033,5.24297215516033,5.24297215516033,5.24297215516033,5.24297215516033,5.24297215516033,5.24297215516033,5.24297215516033,5.24297215516033,5.24297215516033,5.24297215516033,5.24297215516033,5.24297215516033,5.24297215516033,5.24297215516033,5.24297215516033,5.24297215516033,5.24297215516033,5.24297215516033
724,"ESP","Spain",91.14,91.14,91.14,91.14,91.14,91.14,91.14,91.14,91.14,91.14,91.14,91.14,91.14,91.14,91.14,91.14,91.14,91.14,91.14,91.14,91.14,91.14,91.14,91.14,91.14,91.14,91.14,91.14
144,"LKA","Sri Lanka",0,0,0,0,0,0,0,0,0,0,0,0,0,0,0,0,0,0,0,0,0,0,0,0,0,0,0,0
275,"PSE","State of Palestine",14.3341654134376,14.3341654134376,14.3341654134376,14.3341654134376,14.3341654134376,14.3341654134376,14.3341654134376,14.3341654134376,14.3341654134376,14.3341654134376,14.3341654134376,14.3341654134376,14.3341654134376,14.3341654134376,14.3341654134376,14.3341654134376,14.3341654134376,14.3341654134376,14.3341654134376,14.3341654134376,14.3341654134376,14.3341654134376,14.3341654134376,14.3341654134376,14.3341654134376,14.3341654134376,14.3341654134376,14.3341654134376
729,"SDN","Sudan",0,0,0,0,0,0,0,0,0,0,0,0,0,0,0,0,0,0,0,0,0,0,0,0,0,0,0,0
740,"SUR","Suriname",13.1772143577084,13.1772143577084,13.1772143577084,13.1772143577084,13.1772143577084,13.1772143577084,13.1772143577084,13.1772143577084,13.1772143577084,13.1772143577084,13.1772143577084,13.1772143577084,13.1772143577084,13.1772143577084,13.1772143577084,13.1772143577084,13.1772143577084,13.1772143577084,13.1772143577084,13.1772143577084,13.1772143577084,13.1772143577084,13.1772143577084,13.1772143577084,13.1772143577084,13.1772143577084,13.1772143577084,13.1772143577084
752,"SWE","Sweden",100,100,100,100,100,100,100,100,100,100,100,100,100,100,100,100,100,100,100,100,100,100,100,100,100,100,100,100
756,"CHE","Switzerland",97,97,97,97,97,97,97,97,97,97,97,97,97,97,97,97,97,97,97,97,97,97,97,97,97,97,97,97
760,"SYR","Syria",48,48,48,48,48,48,48,48,48,48,48,48,48,48,48,48,48,48,48,48,48,48,48,48,48,48,48,48
158,"TWN","Taiwan",6.48,6.48,6.48,6.48,6.48,6.48,6.48,6.48,6.48,6.48,6.48,6.48,6.48,6.48,6.48,6.48,6.48,6.48,6.48,6.48,6.48,6.48,6.48,6.48,6.48,6.48,6.48,6.48
762,"TJK","Tajikistan",2.25,2.25,2.25,2.25,2.25,2.25,2.25,2.25,2.25,2.25,2.25,2.25,2.25,2.25,2.25,2.25,2.25,2.25,2.25,2.25,2.25,2.25,2.25,2.25,2.25,2.25,2.25,2.25
834,"TZA","Tanzania",2.934,2.934,2.934,2.934,2.934,2.934,2.934,2.934,2.934,2.934,2.934,2.934,2.934,2.934,2.934,2.934,2.934,2.934,2.934,2.934,2.934,2.934,2.934,2.934,2.934,2.934,2.934,2.934
764,"THA","Thailand",1.8,1.8,1.8,1.8,1.8,1.8,1.8,1.8,1.8,1.8,1.8,1.8,1.8,1.8,1.8,1.8,1.8,1.8,1.8,1.8,1.8,1.8,1.8,1.8,1.8,1.8,1.8,1.8
626,"TLS","Timor-Leste",0.582041462438276,0.582041462438276,0.582041462438276,0.582041462438276,0.582041462438276,0.582041462438276,0.582041462438276,0.582041462438276,0.582041462438276,0.582041462438276,0.582041462438276,0.582041462438276,0.582041462438276,0.582041462438276,0.582041462438276,0.582041462438276,0.582041462438276,0.582041462438276,0.582041462438276,0.582041462438276,0.582041462438276,0.582041462438276,0.582041462438276,0.582041462438276,0.582041462438276,0.582041462438276,0.582041462438276,0.582041462438276
768,"TGO","Togo",0,0,0,0,0,0,0,0,0,0,0,0,0,0,0,0,0,0,0,0,0,0,0,0,0,0,0,0
776,"TON","Tonga",-8888,-8888,-8888,-8888,-8888,-8888,-8888,-8888,-8888,-8888,-8888,-8888,-8888,-8888,-8888,-8888,-8888,-8888,-8888,-8888,-8888,-8888,-8888,-8888,-8888,-8888,-8888,-8888
780,"TTO","Trinidad and Tobago",2.95372639902355,2.95372639902355,2.95372639902355,2.95372639902355,2.95372639902355,2.95372639902355,2.95372639902355,2.95372639902355,2.95372639902355,2.95372639902355,2.95372639902355,2.95372639902355,2.95372639902355,2.95372639902355,2.95372639902355,2.95372639902355,2.95372639902355,2.95372639902355,2.95372639902355,2.95372639902355,2.95372639902355,2.95372639902355,2.95372639902355,2.95372639902355,2.95372639902355,2.95372639902355,2.95372639902355,2.95372639902355
788,"TUN","Tunisia",43.04,43.04,43.04,43.04,43.04,43.04,43.04,43.04,43.04,43.04,43.04,43.04,43.04,43.04,43.04,43.04,43.04,43.04,43.04,43.04,43.04,43.04,43.04,43.04,43.04,43.04,43.04,43.04
792,"TUR","Turkey",30.53,30.53,30.53,30.53,30.53,30.53,30.53,30.53,30.53,30.53,30.53,30.53,30.53,30.53,30.53,30.53,30.53,30.53,30.53,30.53,30.53,30.53,30.53,30.53,30.53,30.53,30.53,30.53
795,"TKM","Turkmenistan",9.8,9.8,9.8,9.8,9.8,9.8,9.8,9.8,9.8,9.8,9.8,9.8,9.8,9.8,9.8,9.8,9.8,9.8,9.8,9.8,9.8,9.8,9.8,9.8,9.8,9.8,9.8,9.8
796,"TCA","Turks and Caicos Islands",15.6450463233489,15.6450463233489,15.6450463233489,15.6450463233489,15.6450463233489,15.6450463233489,15.6450463233489,15.6450463233489,15.6450463233489,15.6450463233489,15.6450463233489,15.6450463233489,15.6450463233489,15.6450463233489,15.6450463233489,15.6450463233489,15.6450463233489,15.6450463233489,15.6450463233489,15.6450463233489,15.6450463233489,15.6450463233489,15.6450463233489,15.6450463233489,15.6450463233489,15.6450463233489,15.6450463233489,15.6450463233489
798,"TUV","Tuvalu",8.11837226572259,8.11837226572259,8.11837226572259,8.11837226572259,8.11837226572259,8.11837226572259,8.11837226572259,8.11837226572259,8.11837226572259,8.11837226572259,8.11837226572259,8.11837226572259,8.11837226572259,8.11837226572259,8.11837226572259,8.11837226572259,8.11837226572259,8.11837226572259,8.11837226572259,8.11837226572259,8.11837226572259,8.11837226572259,8.11837226572259,8.11837226572259,8.11837226572259,8.11837226572259,8.11837226572259,8.11837226572259
800,"UGA","Uganda",0.42,0.42,0.42,0.42,0.42,0.42,0.42,0.42,0.42,0.42,0.42,0.42,0.42,0.42,0.42,0.42,0.42,0.42,0.42,0.42,0.42,0.42,0.42,0.42,0.42,0.42,0.42,0.42
804,"UKR","Ukraine",14.1267,14.1267,14.1267,14.1267,14.1267,14.1267,14.1267,14.1267,14.1267,14.1267,14.1267,14.1267,14.1267,14.1267,14.1267,14.1267,14.1267,14.1267,14.1267,14.1267,14.1267,14.1267,14.1267,14.1267,14.1267,14.1267,14.1267,14.1267
784,"ARE","United Arab Emirates",92.1159,92.1159,92.1159,92.1159,92.1159,92.1159,92.1159,92.1159,92.1159,92.1159,92.1159,92.1159,92.1159,92.1159,92.1159,92.1159,92.1159,92.1159,92.1159,92.1159,92.1159,92.1159,92.1159,92.1159,92.1159,92.1159,92.1159,92.1159
826,"GBR","United Kingdom",99,99,99,99,99,99,99,99,99,99,99,99,99,99,99,99,99,99,99,99,99,99,99,99,99,99,99,99
840,"USA","United States of America",58.89,58.89,58.89,58.89,58.89,58.89,58.89,58.89,58.89,58.89,58.89,58.89,58.89,58.89,58.89,58.89,58.89,58.89,58.89,58.89,58.89,58.89,58.89,58.89,58.89,58.89,58.89,58.89
858,"URY","Uruguay",2.15,2.15,2.15,2.15,2.15,2.15,2.15,2.15,2.15,2.15,2.15,2.15,2.15,2.15,2.15,2.15,2.15,2.15,2.15,2.15,2.15,2.15,2.15,2.15,2.15,2.15,2.15,2.15
860,"UZB","Uzbekistan",0,0,0,0,0,0,0,0,0,0,0,0,0,0,0,0,0,0,0,0,0,0,0,0,0,0,0,0
548,"VUT","Vanuatu",4.52396555289052,4.52396555289052,4.52396555289052,4.52396555289052,4.52396555289052,4.52396555289052,4.52396555289052,4.52396555289052,4.52396555289052,4.52396555289052,4.52396555289052,4.52396555289052,4.52396555289052,4.52396555289052,4.52396555289052,4.52396555289052,4.52396555289052,4.52396555289052,4.52396555289052,4.52396555289052,4.52396555289052,4.52396555289052,4.52396555289052,4.52396555289052,4.52396555289052,4.52396555289052,4.52396555289052,4.52396555289052
862,"VEN","Venezuela",6.426,6.426,6.426,6.426,6.426,6.426,6.426,6.426,6.426,6.426,6.426,6.426,6.426,6.426,6.426,6.426,6.426,6.426,6.426,6.426,6.426,6.426,6.426,6.426,6.426,6.426,6.426,6.426
704,"VNM","Viet Nam",0.3,0.3,0.3,0.3,0.3,0.3,0.3,0.3,0.3,0.3,0.3,0.3,0.3,0.3,0.3,0.3,0.3,0.3,0.3,0.3,0.3,0.3,0.3,0.3,0.3,0.3,0.3,0.3
876,"WLF","Wallis and Futuna Islands",-8888,-8888,-8888,-8888,-8888,-8888,-8888,-8888,-8888,-8888,-8888,-8888,-8888,-8888,-8888,-8888,-8888,-8888,-8888,-8888,-8888,-8888,-8888,-8888,-8888,-8888,-8888,-8888
732,"ESH","Western Sahara",-8888,-8888,-8888,-8888,-8888,-8888,-8888,-8888,-8888,-8888,-8888,-8888,-8888,-8888,-8888,-8888,-8888,-8888,-8888,-8888,-8888,-8888,-8888,-8888,-8888,-8888,-8888,-8888
887,"YEM","Yemen",0,0,0,0,0,0,0,0,0,0,0,0,0,0,0,0,0,0,0,0,0,0,0,0,0,0,0,0
894,"ZMB","Zambia",4.5,4.5,4.5,4.5,4.5,4.5,4.5,4.5,4.5,4.5,4.5,4.5,4.5,4.5,4.5,4.5,4.5,4.5,4.5,4.5,4.5,4.5,4.5,4.5,4.5,4.5,4.5,4.5
716,"ZWE","Zimbabwe",37.191,37.191,37.191,37.191,37.191,37.191,37.191,37.191,37.191,37.191,37.191,37.191,37.191,37.191,37.191,37.191,37.191,37.191,37.191,37.191,37.191,37.191,37.191,37.191,37.191,37.191,37.191,37.191
