"code","iso","country","CHA.raw.1999","CHA.raw.2000","CHA.raw.2001","CHA.raw.2002","CHA.raw.2003","CHA.raw.2004","CHA.raw.2005","CHA.raw.2006","CHA.raw.2007","CHA.raw.2008","CHA.raw.2009","CHA.raw.2010","CHA.raw.2011","CHA.raw.2012","CHA.raw.2013","CHA.raw.2014","CHA.raw.2015","CHA.raw.2016","CHA.raw.2017","CHA.raw.2018","CHA.raw.2019","CHA.raw.2020","CHA.raw.2021","CHA.raw.2022"
4,"AFG","Afghanistan",NA,NA,NA,NA,NA,NA,NA,NA,NA,NA,NA,NA,0.0431903427608291,0.0455678113528133,0.0458260135669726,0.0433827141763341,0.0362786220655065,0.0270547346771344,0.0164157668848826,0.010161081605925,0.00352399932984482,0.0009435675676428,0.00200949708417952,NA
8,"ALB","Albania",-0.00975825309951763,-0.00857329562614498,-0.00387873629497014,-0.0180754238479956,-0.0317913342430195,-0.0256143378080629,-0.0173706954127204,-0.0118092807333205,-0.0144579019291061,-0.0278683401988425,-0.0392383701199006,-0.0425870328489911,-0.0457851067863529,-0.0421690147273477,-0.0324040457232918,-0.0199236746572083,-0.00791181448718316,-0.000160835656141709,0.00449824067833537,0.0062774777725767,0.000699463130915623,-0.00767026765601952,-0.0222518414928786,-0.0376488883157576
12,"DZA","Algeria",0.0197819109534862,0.0208828456694037,0.0120705171168021,0.000480530551225433,-0.00221825276283646,-0.0113730699305747,-0.00745896844656668,0.000775853530976534,0.000567160723801807,0.00148712942841134,-0.000592752338160577,0.00596893648686492,0.00504654620841216,0.00162022437816312,0.00198300453676503,0.00222323206154096,0.00360985415546211,0.0103653207972731,0.0128576018580824,0.0169126048538115,0.012651713697984,0.00873416130535687,0.00848184737912949,0.00946321125836302
20,"AND","Andorra",NA,NA,NA,NA,NA,NA,NA,NA,NA,NA,NA,NA,NA,NA,NA,NA,NA,NA,NA,NA,-0.0130542234111518,-0.00836893483006916,-0.00723707533596281,-0.010509586229354
24,"AGO","Angola",0.0963732199804583,0.0902502671075409,0.0738096010316038,0.0476238594320553,0.0222244719816906,0.0142361889228275,0.00958945683630907,0.00116503360327624,-0.0076457874380547,-0.00861344103982942,-0.011134659398357,-0.00607053826042432,-0.00709014514643939,-0.00824255262890707,-0.00545592531398018,0.00086556092820711,0.010554069386387,0.0105282952425663,0.00836813507668288,0.00202001744939606,-0.00471819469290528,-0.00505744825912448,-0.00595510257590193,-0.00471190725254201
660,"AIA","Anguilla",NA,NA,NA,NA,NA,NA,NA,NA,NA,NA,NA,NA,NA,NA,NA,NA,NA,NA,NA,NA,NA,NA,NA,NA
28,"ATG","Antigua and Barbuda",0.00854031312948877,0.00766604126303605,0.00696216257290394,0.00560918457082127,0.00491633718437079,0.00481517300007694,0.00460159794694359,0.00403231554558792,0.00336013425499448,0.00251771645185683,0.000946348286374521,-0.00645870203843287,-0.0128576192191009,-0.0177403887717209,-0.0178605678559645,-0.00947585194632052,-0.00423968323629504,-0.00316230012516471,-0.00313951458516272,-0.00200948119992069,0.000230444593525503,-0.00224473733693594,-0.0052100065582528,-0.00738032955864754
32,"ARG","Argentina",0.00203042277332122,0.00282549120105569,0.00230130406442686,0.00388084371978836,0.00828998429675432,0.0130166257161259,0.016675086665791,0.0184014389536176,0.0173990898134373,0.0126470470785116,0.00629933241245828,-0.00440845843591629,-0.0219106542883349,-0.0367797480950985,-0.0375772078979843,-0.0331010988211558,-0.0250586793349307,-0.013266740741068,-0.00058298868549588,0.00710424520167785,0.0115012740831959,0.0101681962759876,0.00612415229747332,0.00343995516401874
51,"ARM","Armenia",-0.0394420748609061,-0.0377198645830575,-0.0254568696515413,-0.00346135540922433,0.00305282168738796,0.00937662239245629,0.014036635258069,0.0190568774623066,0.018432894580811,0.0148281911007899,0.00705952308390323,-0.000745709483730581,-0.0104426137746315,-0.0157200442898079,-0.0102555831380639,-0.00279781709148075,0.00450728025063385,0.0147629383100496,0.0178073860309313,0.0166645236652845,0.00809474440921654,-0.000899702385806163,-0.0139087981103325,-0.0292844781709059
533,"ABW","Aruba",0.0361311987140789,0.091071488997662,0.134163198823672,0.163596757402411,0.182901742132824,0.193499621734182,0.188872914167563,0.144717362784469,0.0936958801253407,0.0315060999730064,-0.0512156833377065,-0.0569970897557896,-0.05308003012639,-0.0461542654920012,-0.0192816056939215,-0.00688033572901414,-0.00449544853115969,-0.0031514491470481,0.00460238674926461,0.0161734001118916,0.0238234189514661,0.0179535592606213,0.0186290958746131,NA
36,"AUS","Australia",-0.00180041325441694,0.00787456370250394,0.0194977314200946,0.0260367687065206,0.0145341562950596,0.0122153776703917,0.00179758046369027,-0.00396407544743043,-0.0138769740589192,-0.0388339686887957,-0.0430156828731664,-0.04626730882439,-0.00458633572032612,0.0181814995314846,0.00543794124298369,0.00598433872180326,-0.0011216360208568,-0.0101936371959833,-0.00514790768259111,-0.0103075923035517,-0.0263937854066647,-0.065450228269864,-0.0547140495904868,-0.0323858533789099
40,"AUT","Austria",-0.0479533197382024,-0.047353154244779,-0.0429887741613912,-0.0371399089781618,-0.0230218783748204,-0.0218307238673545,-0.0227620533460516,-0.0236281858284294,-0.0259038365658707,-0.0299622168204355,-0.0332971902953242,-0.032592637149443,-0.0330991320993761,-0.0327864084866792,-0.0226736324987577,-0.0214359831825347,-0.0243376804533958,-0.023619185633392,-0.0230190457207709,-0.0254654660574586,-0.0294894734134887,-0.0282531811343736,-0.0274500892233265,-0.0273163827122661
31,"AZE","Azerbaijan",-0.00200113115247835,-0.000845835227390824,0.00917851712679529,0.0174378713226038,0.0221872116805346,0.0227437042700067,0.0272681129618868,0.0324627911399415,0.0516330935966238,0.0720816019852297,0.0847836406177056,0.0914570505464511,0.0901695741143376,0.0815455695645357,0.0679031075050949,0.0487439822834734,0.0291319786910393,0.00804915304503728,0.00210815027489208,0.00555609312902705,0.00954762245384666,0.0144713024730787,0.0215170487912875,0.0288162071817504
44,"BHS","Bahamas",0.0200942358610876,0.0206721077705649,0.020386749546468,0.0196662654702486,0.0176605618523065,0.018621560339015,0.0181962763759806,0.0181254277618939,0.0183248188113709,0.0191060812733244,0.0185732293459155,0.017150187765858,0.0180026300291982,0.0172065026530581,0.016100831325095,0.0165769686450346,0.0157023052054537,0.0146083422896961,0.014448936443201,0.0138416460751065,0.012064040878415,0.0100055823408505,0.0101866980918375,0.00914989054271031
48,"BHR","Bahrain",0.019770846366044,0.00807591659433204,0.00379490795613924,0.00171048220733327,-0.000570100823081914,-0.00372541373502363,-0.00476744428059472,-0.00333289230553363,-0.0112861661309481,-0.0084381024985506,0.00183456473332844,0.00832767155535974,0.0165053673508251,0.0265833672296043,0.037078882014667,0.0441156427729268,0.0468469051392133,0.0436509143576997,0.0367527016621494,0.0323310927432807,0.0294278286202914,0.0215330033591208,0.01206423222574,0.0070538490607226
50,"BGD","Bangladesh",0.00985223865002127,0.0111023660918546,0.0115912067931683,0.0124938046061691,0.0130797913840315,0.0130518580429655,0.0140341647614373,0.014508556108245,0.0148280782339734,0.0152894794349128,0.016763454165752,0.0182524647222249,0.0187415040466605,0.0188950430836368,0.0186934136810533,0.0169455867123198,0.015199612847181,0.0132643641632793,0.0117098252773584,0.0110127122739845,0.0101805607164944,0.00908977455102589,0.00871673825981945,0.00793818089342357
52,"BRB","Barbados",-0.000960273341305879,0.00317449400255754,0.00332924535778911,0.00176302834196251,-0.00177204916795148,-0.00563843618801031,-0.0110747324924428,-0.0200806037355541,-0.0313897741839425,-0.0384244208479653,-0.0394524732323526,-0.0305422649249051,-0.0231065179875811,-0.0172253507738722,-0.0110093863446432,-0.00383684397380644,-0.00186529884637977,-0.00228401732471818,-0.00229686154247112,-0.00173977177408927,-0.0013972727160916,-0.000922565961178808,0.000167136102102949,0.000510444562343837
112,"BLR","Belarus",-0.0189752705016501,-0.0286219799122983,-0.0372708222627514,-0.0424249010322236,-0.0387389739146311,-0.0281796190643742,-0.0254968880932582,-0.0196645225104852,-0.0162866141407238,-0.00425045171411833,0.00394600397343114,0.00956899296898395,0.01297962206782,0.0152784737679748,0.0171798343988143,0.019571228276023,0.0183186166019467,0.015578453213809,0.0109630881354326,0.0084917387340282,0.00624247577295867,0.00472691063038799,0.00178267453409631,-0.000473992806053017
56,"BEL","Belgium",-0.0128279470810045,-0.0103912786956617,-0.0105126893900776,-0.0134779249314335,-0.0204126737492053,-0.0226525346922082,-0.0222700631175995,-0.0238880918132952,-0.0247243765741388,-0.0271312666199783,-0.0235111096836062,-0.0167333055143183,-0.0117742599138829,-0.0104095521201456,-0.0133246791591076,-0.0159987212082535,-0.0207449333632825,-0.0270715611434998,-0.0350999858846209,-0.0437858717413304,-0.049193373637099,-0.0515419906821557,-0.0514557926929515,-0.0513576336379376
84,"BLZ","Belize",0.00446875962291338,0.0071838548063996,0.0104162279832871,0.0195450982094001,0.0269358539942453,0.0321522115256727,0.0298774006155134,0.0347451575847877,0.0419082598272935,0.0489072166982354,0.055116848030621,0.0552702168026555,0.0572014101544089,0.0516814618115744,0.0472600974966089,0.0318844383724792,0.0156949214310862,0.00810831934322032,0.00406450688220672,0.00226185857858918,0.00245645149910989,0.00281808782041781,0.00798026774933125,0.00962199549698672
204,"BEN","Benin",0.0325988326511448,0.0341540871422183,0.028489806065652,0.0260633403828003,0.0213035064534879,0.0180161108044816,0.0149923943056012,0.0150000273562214,0.0158890657918529,0.0172055623355978,0.0186580611346583,0.0259746392361315,0.0265920046434673,0.0295361167775181,0.0326644810520431,0.0321725227946825,0.0353566468633564,0.0364627583139419,0.0363184360575821,0.0333450750574396,0.0304809574465115,0.0291556249427958,0.0272942209178166,0.0245815958446558
60,"BMU","Bermuda",NA,NA,NA,NA,NA,NA,NA,NA,NA,NA,NA,NA,NA,NA,NA,NA,NA,NA,NA,NA,NA,NA,NA,NA
64,"BTN","Bhutan",0.027491198591961,0.0303246375305741,0.0277566686081292,0.0195589675619066,0.00990344875645754,-0.00240117608295856,0.00116885844216474,0.00699975675510367,0.011481895180288,0.0157740727951738,0.0186949810628512,0.0201249846301528,0.0192443939150528,0.0159736902491363,0.0142610574505961,0.010999755643017,0.0116862898039982,0.0146750273622558,0.0181981087676455,0.02271094294766,0.0229345910234522,0.0389251405753304,0.03229609879446,NA
68,"BOL","Bolivia",-0.0287752859242102,-0.0373291088655239,-0.0428406064365033,-0.0270881477632369,-0.0099159334044322,0.00949329406331989,0.0154218776197113,0.0171937301538727,0.0261748256243679,0.0274769948215066,0.0273232638081204,0.0294078552776789,0.0255392605406175,0.0251609307009015,0.0251187199270211,0.0253420670806628,0.0271917441200986,0.0263007630178578,0.0230079651201498,0.0179447980822174,0.0108495031765912,0.00833819466448449,0.00554707502970042,0.00435193605238848
70,"BIH","Bosnia and Herzegovina",NA,NA,NA,NA,0.0538694731260128,0.0564537854171421,0.0484820219578403,0.0316199166487499,0.0279153358948505,0.0297705860921043,0.0290157177646897,0.0268199855993954,0.0240112754037367,0.0158693762241955,0.0108065062470903,0.0158254325091436,0.0203930070429268,0.028983984499743,0.0328657102625192,0.0385983262942777,0.0382831920769726,0.0330250670845393,0.023127224133008,0.00920907521656567
72,"BWA","Botswana",0.00971424694392997,0.00990822108481337,0.0187169154632119,0.0228872767817638,-0.01738967675024,-0.0640391914595028,-0.0858109130543745,-0.0732938043248963,-0.0720369363008932,-0.00898786011452515,-0.0145306115880072,0.0307357936173458,0.0985345913584645,0.117923452348949,0.0773113005293975,0.0201314298667832,-0.0309183008231042,-0.0951729975465598,-0.132669349948134,-0.121492465181365,-0.215392012464283,-0.148481842883588,0.000329214787364362,0.0502867988327751
76,"BRA","Brazil",0.0119457350734014,0.0117675946156353,0.0129941242819493,0.016398615853952,0.0206106288927146,0.0259726302818872,0.0303587628077233,0.0295106154659295,0.0270007003922321,0.023205919380789,0.017920903030981,0.0140248061941681,0.0094521690542726,0.00630976894348834,0.00467493789475015,0.00578706544096796,0.00779540819235836,0.00896128823375641,0.00919857528122692,0.00788301499790212,0.00617308402867334,0.00698883341974055,0.00778313630196781,0.00816114703648596
92,"VGB","British Virgin Islands",NA,NA,NA,NA,NA,NA,NA,NA,NA,NA,NA,NA,NA,NA,NA,NA,NA,NA,NA,NA,NA,NA,NA,NA
96,"BRN","Brunei Darussalam",0.0213767431016796,0.0278775806819971,0.0353936542625808,0.0320488296734436,0.0320765956434128,0.0270327120181053,0.0212856177717016,0.0228865546812462,0.0203087980332732,0.0257215715768564,0.0209146399931923,0.0148268049626277,0.0160882732103818,0.0100707784044554,0.0035913631009592,-0.00800604436047379,-0.0260424027033062,-0.0251466844091569,-0.0229833522594097,-0.00948465560405351,-0.00462264906624851,-0.0103545687326855,-0.0163471559447978,-0.023261763864335
100,"BGR","Bulgaria",-0.0272709228367149,-0.0182959940548011,-0.0175235661388457,-0.0256165761403697,-0.0228395811541524,-0.0176174043440848,-0.0233113025260636,-0.0252310432336975,-0.0223995278702181,-0.0202297145068162,-0.0194321189984447,-0.0190792538584538,-0.0164953185375365,-0.0196593745687791,-0.026035103240732,-0.0279725286197353,-0.0243438556896317,-0.0207815569700202,-0.0133901393478481,-0.0117504894638114,-0.0146578012934238,-0.017187581061264,-0.0138299392365543,-0.010225020343127
854,"BFA","Burkina Faso",0.0273833754899586,0.0276657755556131,0.0267880299901382,0.0261116197966478,0.0331517391947549,0.038622929481587,0.0429587566158267,0.0451509437102255,0.0466103690374049,0.0463994281224069,0.0429692764824838,0.0406379990897296,0.0348997721984408,0.0267259650003961,0.0266791695268185,0.0268498198927076,0.0267429157253554,0.0262645148959657,0.0250783987536038,0.0238405670288746,0.0231139365472137,0.0238235103777411,0.0245698573369766,0.0243371461594191
108,"BDI","Burundi",0.00732803956255101,0.00550603416987316,0.00531599933330829,0.00526354077423519,0.00637618704043286,0.00799016792392493,0.0124032142601893,0.0182487037719332,0.0254570157948881,0.0316547623611232,0.0346303885962995,0.0384271903656612,0.0418703196738779,0.0420738202353761,0.0466587084664851,0.0479090052210842,0.0466642150177989,0.0462338240865601,0.0474314983810524,0.0458453542465131,0.0390012080866147,0.0324188757325712,0.0275322656318138,0.020586764338818
132,"CPV","Cabo Verde",0.0318246213393363,0.0302651506348979,0.0282853824126199,0.0292797403643539,0.0219607486794495,0.0157767776721158,0.0117291140133708,0.0057697341254086,0.00112893969767636,-0.000675587755762989,0.000768498477635937,0.00432443907339586,0.00954953515452583,0.0167837996732147,0.0153785830926711,0.0161145022312681,0.0168971704597445,0.0170977045530583,0.0134763524333199,0.00954403504517676,0.00711020723631606,0.00711325910745075,0.00753187181066206,0.00811597466678959
116,"KHM","Cambodia",NA,NA,NA,0.020170226324042,0.0205786309553402,0.0113941091973493,0.0151673635281198,0.0199234290344832,0.0239896296315611,0.0261051587159087,0.0303923329081339,0.0296161761117315,0.0282604514944442,0.0231313365662091,0.0193902637068206,0.0114956031309896,0.00591855940855224,0.00319025299220188,0.00342929460759889,0.00442060504258635,0.00605178290605557,0.00763189684513343,0.0101491538263094,0.011229834405424
120,"CMR","Cameroon",-0.000709705140914525,0.00704671036202331,0.013895676666509,0.0165390585546017,0.0181577303456186,0.0111284775662477,0.00699777383842348,0.00247840412516154,-0.00548553408877535,-0.0119104039927934,-0.0156635469360347,-0.0140168971836659,-0.0150935685851839,-0.0138157712719834,-0.00176525356457199,0.00427496225111379,0.0169904867544757,0.025660953969628,0.0267340526365616,0.0268515989565368,0.0268666310082943,0.0246132574323485,0.017496572599095,0.00948747646050152
124,"CAN","Canada",0.02683405640617,0.0245199755852361,0.0209950613517782,0.0184280227827291,0.0144125480731576,0.0119710673195188,0.00974757428771067,0.00931278445373862,0.00845510161740037,0.00596035437454501,-7.2955971625452e-05,-0.0041583061412086,-0.00926161570160293,-0.0099541411742431,-0.0100645487666798,-0.00239215898988693,0.00058922794363836,0.00300348686448482,0.00624117101922028,0.00827645286303236,0.00621302219346842,-0.00193663898628147,-0.00912841610333757,-0.0157044809443581
136,"CYM","Cayman Islands",NA,NA,NA,NA,NA,NA,NA,NA,NA,NA,NA,NA,NA,NA,NA,NA,NA,NA,NA,NA,NA,NA,NA,NA
140,"CAF","Central African Republic",0.0233604979257929,0.0279296779172467,0.0214863286204938,0.00881599686098866,0.0101128750851673,0.00245383597720106,-0.00370227198589202,-0.00210764132547125,0.000941866278354242,0.0115409175009444,0.00401248229295192,0.011354440510432,0.0118639343481528,-0.00385004348690238,-0.000721721956358546,-0.00584299101273646,-0.00671220189805283,-0.00258821748303711,-0.00152919640868088,0.00521166388065475,-0.00370327857294728,-0.00292738364467786,0.00245956566279348,0.000946694717670837
148,"TCD","Chad",0.0729441456456807,0.0561664357673965,0.0516385364099112,0.0487217264273891,0.0463963273333652,0.0461454563157653,0.0457219936916151,0.0480126137317891,0.0496264035692591,0.0490248917557521,0.0493912252612732,0.0526654222360348,0.049142295027162,0.0466744855426315,0.0444136337210106,0.0447820504109859,0.0483025201219187,0.0509820656091557,0.0534399094780158,0.0546495713453514,0.0545879373183855,0.0551001114969438,0.0547537439875474,0.0539140680516055
152,"CHL","Chile",0.0222634894295801,0.0207926823122369,0.0175648568827689,0.0140119638391236,0.00953942047066292,0.00627934726485369,0.00453013834812954,0.00399878400818987,0.00314727444333518,0.0025970908252344,0.00259960779474633,-0.00141904944664492,-0.00262271569815802,-0.00226219928573269,-0.00553044966470498,-0.0091351490555067,-0.0166327196960848,-0.0217243064019133,-0.0215822168466917,-0.0130382104039439,-0.0055338446676301,-0.00835062345917414,-0.00531293736877964,0.000501905831567173
156,"CHN","China",0.00816477152534878,0.0076929888236954,0.00716773391435299,0.00581993944612358,0.00652656026058529,0.010360404618156,0.018864058367573,0.0278153620291914,0.0333712912485074,0.0358778107624877,0.0361740873401779,0.0357988826504405,0.0355729696578955,0.0313964553790287,0.0270684383340469,0.0239098898225707,0.0212447918762837,0.0171972884313425,0.0133608433627193,0.00994456233920982,0.00658638613767715,0.00501734579625679,0.00739253795919725,0.011263953201307
170,"COL","Colombia",0.0139546394908914,0.0133734638353518,0.012059485270393,0.0113195457149531,0.0104172885711822,0.00948170156860084,0.0093243065184283,0.0088584559781264,0.0102710982360816,0.0127343556729995,0.01205708608641,0.0131776838484203,0.0127331214690185,0.0100717188607551,0.00789103777022593,0.00502221085623189,0.00110106606760763,-0.00219689826392856,-0.0028307482488097,5.48435608986875e-05,0.00447821490904055,0.00944320418640676,0.0134629911365249,0.015094111919939
174,"COM","Comoros",0.0228822778570557,0.0195321023654773,0.0178582279708943,0.0171935735367361,0.0160253289541139,0.0150840950561044,0.0153542990133773,0.0172930167232141,0.0156889482273102,0.0184675311405536,0.0219510481600012,0.0229693549117786,0.0263985351960523,0.0304129659277834,0.0318137018830855,0.0329426641879154,0.0329745331339466,0.0328306807517722,0.0281903052559631,0.0251028591434714,0.0211069463425917,0.0178350802427765,0.0161398783893858,0.0149427234807866
184,"COK","Cook Islands",NA,NA,NA,NA,NA,NA,NA,NA,NA,NA,NA,NA,NA,NA,NA,NA,NA,NA,NA,NA,NA,NA,NA,NA
188,"CRI","Costa Rica",-0.0363058964061389,-0.0380041240297232,-0.035439418072067,-0.0295566988551485,-0.0181390219760956,-0.00975875210145857,-0.0133865623445847,-0.0193883701050172,-0.0161559185672087,-0.00441536050396344,0.00141288366802828,0.00662249371411705,0.0119775231854753,0.0154573262127686,0.0191012921744622,0.0217578826316567,0.0207220010239437,0.0168972523249782,0.0168005968145499,0.0191518218370008,0.0209674776932482,0.0186893840145934,0.0149457744219439,0.0107403591254347
384,"CIV","Cote d'Ivoire",0.0347681376849496,0.0339962932832332,0.0329404213587394,0.0334305695248847,0.0298111884509036,0.0261294643167918,0.0277696922498447,0.0288336481121445,0.029354015373021,0.0266332140939307,0.0213248503103673,0.0174301897001958,0.017177325285427,0.0199027853884417,0.0228335919989053,0.0200993306066848,0.022910075701905,0.0285865915361598,0.02998478404004,0.0275207845345751,0.0209547870798326,0.0148244689956927,0.0118306182487566,0.0101913978757915
191,"HRV","Croatia",NA,NA,NA,NA,NA,0.0104708047254891,0.0166419287096145,0.0240105639626265,0.0306932566976901,0.0296504560900224,0.028700301168328,0.0220586301330479,0.0162565287025995,0.00498448757069991,-0.000967244195300774,-0.00124252396419599,-0.00126325304217912,-0.00439031162066578,-0.0102858191498972,-0.0212377798202123,-0.0260394718549049,-0.0291061869554121,-0.031800549512154,-0.0405056057212557
192,"CUB","Cuba",-0.000991043720768636,-0.000686650825038642,-0.00100890200396788,-0.00024242813277587,-0.00500889657153246,-0.00831640544882802,-0.0204279943599841,-0.0189080950696718,-0.0154836055629643,-0.0107644592004496,-0.00250500085889831,0.000100423355586132,0.00242307257356167,0.00476249177028976,0.00767583256925053,0.00845414203146744,0.0035218695146999,0.000676894539960671,-0.00542624735849077,-0.0117003836030297,-0.0114682706077066,-0.0146245524785637,-0.0133864011996439,-0.0119808598961926
531,"CUW","Curacao",NA,NA,NA,NA,NA,NA,NA,NA,NA,NA,NA,NA,NA,NA,NA,NA,NA,NA,NA,NA,NA,NA,NA,NA
196,"CYP","Cyprus",0.0210624002472486,0.0198285609029754,0.019363024738674,0.0194603720193443,0.0172984861466725,0.0152025338466213,0.0115958300326593,0.00721397970652427,0.00361964894778888,0.000810526892860208,-0.00212144051083884,0.0190322184104119,0.0363707851146062,0.047825620744326,0.0515275826955934,0.0506489395989866,0.0460055773648431,0.037372264072592,0.0267290207088491,0.0128111244721101,-0.000895694108177922,0.00320228105827125,0.0111344374206126,0.0196810580503601
203,"CZE","Czech Republic",-0.0761367949300325,-0.0757572549141358,-0.0596209028249083,-0.047114320680305,-0.0334930688129949,-0.0242185482559049,-0.0216378000175695,-0.0147329451558826,-0.00794142970687341,-0.00482651576083766,-0.00959542382831945,-0.00945768940103902,-0.00789304875654014,-0.00644109099977617,-0.0072186460625567,-0.00835992794097697,-0.011116915791394,-0.0125355080171865,-0.013809580438522,-0.0152920305643981,-0.0182298152982631,-0.0195592985462575,-0.0189969867599559,-0.0134159609074851
180,"COD","Dem. Rep. Congo",-0.00293118810183115,-0.00278023249243489,-0.00286737403513289,0.000329997369661106,0.00947648642898979,0.0200116272178936,0.031165883142436,0.0357306007125953,0.0351407962433086,0.0345177257990898,0.0286043178401756,0.0235030122907289,0.0164935589773396,0.0219567740603346,0.0297375483992135,0.0380163864634493,0.0442918700659964,0.0490790287398362,0.0504780094389439,0.0474396496177165,0.0414514675383622,0.0342001525934852,0.0239037137864955,0.0206889576146805
208,"DNK","Denmark",-0.0030805369877081,-0.0081670959872243,-0.00605282767595922,-0.00604645619244677,-0.00519307954976553,-0.0066306928220467,-0.00812892446816075,-0.00965666299874916,-0.00917737983538181,-0.0104865125816969,-0.0155596339694999,-0.0153436081265003,-0.0128598186745053,-0.011461861991865,-0.0103390310938397,-0.0109264203825257,-0.010838895736358,-0.0115440204056214,-0.010069086210484,-0.00866521474769318,-0.0107548257589296,-0.00726431204989515,-0.00718766902098095,-0.00650083597096606
262,"DJI","Djibouti",NA,NA,NA,NA,NA,NA,NA,NA,NA,NA,NA,NA,NA,NA,NA,NA,NA,NA,NA,NA,NA,NA,NA,0.0128564955361949
212,"DMA","Dominica",0.00203662401758198,0.00235449163939694,0.00237821273695804,0.00210776642647859,0.00213082765509287,0.00270456738804903,0.00292955408946782,0.00338687384368663,0.00426263260009785,0.0048739027283935,0.00516275826515744,0.00596619227758421,0.00762229841936968,0.00880959597450337,0.00925473821163325,0.0100516282450582,0.0097980260792756,0.00904888548873739,0.00772014916284647,0.00641224861556178,0.0053042113874513,0.00412736461712693,0.00412955643427249,0.00414310804940454
214,"DOM","Dominican Republic",0.0129432117757931,0.00878682700119326,0.00920783526425217,0.00869925600933485,0.00844145876960423,0.0108713177700004,0.0113815947132518,0.0137757164769505,0.0210634961566289,0.0289154122809407,0.032514010532916,0.0329825444691585,0.0336615281247474,0.0335362615355914,0.0298333281887058,0.0282999503395154,0.0234461762515585,0.0178737713764263,0.0162535830741213,0.0154221153333973,0.0151542796695288,0.0154109711572199,0.0159061742179898,0.0157280137542768
218,"ECU","Ecuador",0.0260395000074758,0.0138529672469361,0.00430928405211484,-0.00231085060289885,-0.0073344380756005,-0.00449255845081498,-0.00070359561762724,0.00474069308117198,0.0105934760021849,0.0122433707689638,0.0160023732411585,0.0153915553955619,0.0159929397423586,0.0150627207170377,0.0144043572523902,0.0141050247121013,0.0110937379185263,0.00776262762395818,0.00271354415125247,-0.00655756328669056,-0.0146878749754235,-0.0161201154658051,-0.0151892829311593,-0.0120864730500136
818,"EGY","Egypt",0.0161282584598392,0.011159150597843,0.0138038800728875,0.0149882521974884,0.0169325159098483,0.0184151333627729,0.0251786311256206,0.0327322543114155,0.0379204540884512,0.0375612264020246,0.0366844364448702,0.0289711295322921,0.0215584085794744,0.0150047444968877,0.00566780921510945,-0.00589442635857794,-0.018436164053384,-0.0243420155058,-0.0193768170492292,-0.00782877687220092,-0.00153784055229422,-0.00336623787255703,0.000189616952307903,0.00385511488081058
222,"SLV","El Salvador",0.00974359943819603,0.00216949819697221,0.000440614901943359,0.00198404291214738,0.00127682428711817,0.00314846646603839,0.00181531476251307,0.00655734882712733,0.0103097090271695,0.00823938543959635,0.0058204249650371,-0.00495763334757826,-0.0213392072104977,-0.0283940021350126,-0.0440749377389769,-0.0463178163039083,-0.043287320597762,-0.0368125776800916,-0.0292740568064844,-0.0280113113391657,-0.0300754836990529,-0.0266468806383313,-0.0318981913063168,-0.0298201378604832
226,"GNQ","Equatorial Guinea",0.454029332445417,0.35146959867951,0.3094364369959,0.257659704228024,0.216336271273373,0.160678606052725,0.0920689045679739,0.0634474275860357,0.0537047155785206,0.0511724164541678,0.0409055728394139,0.0399411828369669,0.0406919966730575,0.0253709867054328,0.00850317431115921,0.00224911827323759,-0.00953650437451642,-0.0162986878464853,-0.0129184837807243,-0.0132679365109517,-0.0121288797159531,-0.00709487246856054,-0.00286497971985135,-0.00588756857808393
232,"ERI","Eritrea",NA,NA,0.0299546222139346,0.0328615051163859,0.0274698758231642,0.0210454895032921,0.0131634629802806,0.0079989433957286,0.0109186141467552,0.0122385261288078,0.0137007781451262,0.0153463383515136,0.0156637658778005,0.0146964579088447,0.0146780445602566,0.0148908481207544,0.0149536088156399,0.0130532452034859,0.0130522834041868,0.01281400855297,0.0119870920133478,NA,NA,NA
233,"EST","Estonia",NA,NA,NA,NA,NA,0.000637716746208605,0.00493938109024761,0.00391006432054564,0.00449099545258114,0.00595058448967789,0.00613421562960337,0.00679406529169979,0.00731050957583679,0.0160497141603102,0.0227411765926813,0.030599805373204,0.0342306122552458,0.023970437601992,0.0180376575953167,0.0105684883333745,0.0017169328491573,-0.0101159826096741,-0.035417861803575,-0.051154470276309
748,"SWZ","Eswatini",0.00597307836176864,0.00138692232083981,-0.00141544181765983,0.00073895487986797,-0.0016731550088501,0.000383591532489902,0.00194933318113066,0.0017738242968115,0.00452613650987232,0.00253512476907636,0.000616481173337791,-0.0138901285189015,-0.0442453029723354,-0.0660947556975802,-0.0721793511384158,-0.0640170694345677,-0.0521173192599486,-0.0430388793938037,-0.0271562069601582,-0.010850917027932,-0.0051105728797596,-0.00831442943622741,-0.0203130473292624,-0.0311417159850957
231,"ETH","Ethiopia",0.0183734600501915,0.0191754535754785,0.0216383791666179,0.0300107308167787,0.0298448501562667,0.029078287070825,0.0283196664233161,0.0294724472053893,0.0337313537474342,0.0404644215654579,0.0449399473222964,0.0448881107971808,0.0420043030842052,0.0429189728089252,0.0403887032785766,0.0364341161632276,0.0316797981013692,0.0274904305936357,0.026156868094604,0.0250718258906988,0.0265939966343574,0.0301277332746874,0.0280470606868424,0.0269404061395244
234,"FRO","Faeroe Islands",NA,NA,NA,NA,NA,NA,NA,NA,NA,NA,NA,NA,NA,NA,NA,NA,NA,NA,NA,NA,NA,NA,NA,NA
238,"FLK","Falkland Islands",NA,NA,NA,NA,NA,NA,NA,NA,NA,NA,NA,NA,NA,NA,NA,NA,NA,NA,NA,NA,NA,NA,NA,NA
242,"FJI","Fiji",0.022423985552708,0.0165205073114938,0.0110010611988143,0.00351895487187037,-0.00165495462163444,-0.00633194565861019,-0.00490543522032989,-0.0024903596417782,-0.000363683030147555,0.00102201066812047,0.00130974652894489,0.00178605958006495,0.00302988744407662,0.00274127688150871,0.00297207098113095,-0.0142220178766887,-0.0435668659753178,-0.0702141648072427,-0.0859263324248796,-0.0836750997224713,-0.0668117783369929,-0.0540517829098791,-0.0335212590471768,-0.011139725991251
246,"FIN","Finland",-0.0236839697400633,-0.021687695172018,-0.0163502562844593,-0.015480913536636,-0.00826147714363334,0.00586718300322486,0.00891288745876162,0.0141856180832771,0.00552416602895844,-0.0065858012085212,-0.0148655979320112,-0.0230456509990922,-0.0297150265126558,-0.0306632362476389,-0.0304270676405852,-0.0159900647924053,-0.0137748045278708,-0.0144948769015586,-0.0325266431504103,-0.0515760526991623,-0.0703912213766656,-0.0774364247372961,-0.0925309718902536,-0.0962646103746738
250,"FRA","France",-0.011726675438632,-0.00570553119996813,-0.00162482497423872,-0.000493491951378473,-0.00145297556428459,-0.00319996498722472,-0.00537564431065443,-0.00810529672726644,-0.0113542261093012,-0.0140944234436881,-0.0178312940005064,-0.0162925439992648,-0.0166477277646707,-0.0174924930371467,-0.0178695639843525,-0.0185124087764683,-0.0197562065778314,-0.0201906273877409,-0.0199908642552171,-0.0183804812419371,-0.0173447371671405,-0.0154304828597784,-0.0165340972461339,-0.0190540101507525
258,"PYF","French Polynesia",NA,NA,NA,NA,NA,NA,NA,NA,NA,NA,NA,NA,NA,NA,NA,NA,NA,NA,NA,NA,NA,NA,NA,NA
266,"GAB","Gabon",0.0463334368503403,0.0426695608457965,0.0378813998950138,0.0318681645510106,0.0286552532363631,0.0175871314081488,0.00673481218570449,-0.00732671334791739,-0.0356073094363015,-0.062679684005343,-0.0832210591992339,-0.0942037782790951,-0.0924441168299229,-0.0877964872213837,-0.067459244637296,-0.0456136065509112,-0.017690531339328,-0.0039565723878412,-0.0151906529243838,-0.0243767972268289,-0.0209901160332351,-0.0198421226215723,-0.0247867740840108,-0.0314001815142632
270,"GMB","Gambia",0.0161986765955513,0.0179413387934562,0.0157170041352797,0.0117278410831014,0.00990375022576462,0.0133820156060058,0.0184645158684109,0.0261716777013321,0.0285630174551417,0.0366604653324427,0.0535877817303274,0.0715821211491179,0.0641487396047891,0.0563343782330654,0.0507752803143591,0.046441151872711,0.0443316662672957,0.0340394061445843,0.019158054731981,0.00560681826576759,0.00893517159816715,0.0169353874518321,0.00987113561677688,0.00630630515767239
268,"GEO","Georgia",-0.00393105877434258,-0.00325097153657049,-0.00165075679765668,0.0040719725252536,0.0111697162537434,0.0093852486492414,0.00750309075590394,0.00612895548215131,0.00354450923617189,-0.00562689665872569,-0.0183850812772292,-0.0275986566845266,-0.0330696379763295,-0.0276541478515322,-0.0142535224478287,-0.00211216127056739,0.000746560516401207,0.00312903230683981,0.00541194006047974,0.000772741362633722,-0.00861535310214715,-0.0214156248989612,-0.0319792257088947,-0.0317074398159298
276,"DEU","Germany",-0.0656369219709212,-0.0625185781363605,-0.0614768190245187,-0.0623549885305118,-0.0626780941276028,-0.0639624198782832,-0.0616242615147641,-0.0595560149989284,-0.0558720582997222,-0.0524614693591458,-0.0490258294785731,-0.0447207267489922,-0.0438504959324583,-0.0409418224285814,-0.0368199260688657,-0.0333948575211924,-0.0292393480854112,-0.0278327369983947,-0.0253843521372484,-0.02292900058517,-0.0269850299535196,-0.0314372128719861,-0.0337572452138882,-0.0370441558296759
288,"GHA","Ghana",0.0292048080515632,0.0299497460280858,0.0257850909859119,0.0202663437849082,0.0169712922993537,0.0127830299445051,0.0127629241657983,0.0136853279389559,0.0133341293461684,0.0241037115088836,0.0268421671382053,0.0325877005327497,0.0411317911884777,0.0440847936674496,0.0500756300906462,0.0516608414971416,0.0550160481037663,0.0519280227311927,0.0502371686514034,0.0524465356748003,0.0513019570607924,0.0467054550989419,0.0456005011568492,0.0408788681368613
300,"GRC","Greece",0.0117083849704809,0.0133412264398378,0.0106997825233619,0.00852562837685444,0.00668443633338356,0.00605795964804079,0.00636099116399325,0.00698089499669852,0.0080166243703439,0.00884911257674026,0.00726081376673848,0.0051319337228013,-4.21665133997273e-05,-0.000306180111008194,-0.000528788089832637,-0.000542904504721601,-0.00100289432465598,-0.00110912520696595,-0.00508797246072114,-0.0112391190568848,-0.0228082423732691,-0.0236662718069023,-0.0407454904748845,-0.0467865263929393
304,"GRL","Greenland",NA,NA,NA,NA,NA,NA,NA,NA,NA,NA,NA,NA,NA,NA,NA,NA,NA,NA,NA,NA,NA,NA,NA,NA
308,"GRD","Grenada",0.0120551765624719,0.0127887123433512,0.0125430717066206,0.0117089547147728,0.0109106869911713,0.00992114744227135,0.00945234125148797,0.00852556071766952,0.00758140586334033,0.00737952559786836,0.00699777646056887,0.0059726477253188,0.00470281318152077,0.00350244807850641,0.00312205822804379,0.00286054341579467,0.00369317261498114,0.00429036236610525,0.00523810482463816,0.00683299813815452,0.0072205928985698,0.00664562492772913,0.00628752800932064,0.00635625104477677
320,"GTM","Guatemala",0.0244519310482523,0.0236212005259004,0.023071203571762,0.0260127484071531,0.0281795495878083,0.0286040638485652,0.0296114423995482,0.0290515104154749,0.0297439002851925,0.0300640597482309,0.0320967788471842,0.0326671992189502,0.0318950008004362,0.0327415123995713,0.0314913093996945,0.0299627472593431,0.0291275056747466,0.0274046186879442,0.0268902940143547,0.0261408307605202,0.0259786388491761,0.025955351275585,0.0248113101631784,0.0233249044901975
831,"GGY","Guernsey",NA,NA,NA,NA,NA,NA,NA,NA,NA,NA,NA,NA,NA,NA,NA,NA,NA,NA,NA,NA,NA,NA,NA,NA
324,"GIN","Guinea",0.0303054259477766,0.0307483210751058,0.0319060023090165,0.033942333806428,0.0355831064546486,0.0365383100785979,0.0411709035676107,0.0427391725980015,0.0402999964629711,0.0390244743949877,0.0372401547241026,0.0421372593397142,0.0462243554867783,0.0521516019354049,0.054806244990228,0.053542437278556,0.0524791446178532,0.0519331224746207,0.0479346433346843,0.0408234404691121,0.0316273351499192,0.02818481588446,0.0247389534930578,0.0233737291202913
624,"GNB","Guinea-Bissau",0.0110806161757231,0.0130612458384773,0.0190984057413297,0.0247946935703611,0.029128206157669,0.0307590907122761,0.0320777503305347,0.0328935812581894,0.0299672357419685,0.0228171202168612,0.0203405966408943,0.0183531328400495,0.0194151260495061,0.0232475551887199,0.0256276969969316,0.0235573031599343,0.0222660424995995,0.0222099319721412,0.0212607258743231,0.0181233663742262,0.0163045655766803,0.0155735606755636,0.0128242889552919,0.0128739295565525
328,"GUY","Guyana",0.0465516004877349,0.0253656715314881,0.0125390161839067,-0.00290712684092611,-0.00785791572021502,-0.023617085698859,-0.0288452281329994,-0.034561950257819,-0.0311718999349246,-0.0204689859631758,-0.00333978791529478,0.00159469906803245,0.0101364993648885,0.0135101358925109,0.0277159563231855,0.0399057236012477,0.0461491638489593,0.0366852674343525,0.0308229378361775,0.0236836406779055,0.018400687479307,0.0141755231993799,0.00223593419218093,-0.00988558124278169
332,"HTI","Haiti",0.0248272288231326,0.0226388596643332,0.0212522744039267,0.0225070140936412,0.0213928695763963,0.0215208897441554,0.0215749029087098,0.0207955106737472,0.0212158478830182,0.0207100934624853,0.0197995971791651,0.0198565936257276,0.0206503311978157,0.0210695483704257,0.0207714736117008,0.0194951345111847,0.0181135419228831,0.0168990281768198,0.0154978368395833,0.013698212932417,0.012280679532721,0.0102944214151977,0.00880636305466531,0.00780818689899787
336,"VAT","Holy See",NA,NA,NA,NA,NA,NA,NA,NA,NA,NA,NA,NA,NA,NA,NA,NA,NA,NA,NA,NA,NA,NA,NA,NA
340,"HND","Honduras",-0.0150162470782112,-0.0153504189891862,-0.010164429812963,0.000731619659376292,0.00971292491747322,0.020444802438268,0.0295383411621928,0.0361976623838764,0.0413377969988551,0.0438634595522709,0.0394171275906476,0.0337227586754818,0.0269595331262997,0.0214845756111581,0.0220973107582159,0.0212578935945116,0.0218697857853989,0.0201771852491743,0.0167960126559081,0.0148606614554898,0.0138756158691791,0.0136575673965393,0.0127536183625387,0.0115628252450348
344,"HKG","Hong Kong",0.0195477961466133,0.0202879771321163,0.0195500476849373,0.0175013522037539,0.0152668366583355,0.0136780803674346,0.0119412809391628,0.01050649370289,0.0098765255569524,0.00901052828751947,0.00882337852445891,0.00941057839818171,0.0100201258159738,0.0098698366591885,0.00919219940772065,0.00876056603481379,0.00831088247688672,0.00849879465068182,0.00895889814006678,0.00930507149167803,0.00918649737905008,0.00926773436634276,0.00954665727298698,0.00965037954785397
348,"HUN","Hungary",NA,-0.0385511457142036,-0.0268072297520329,-0.0221942519941371,-0.0200851609835162,-0.0237120163975725,-0.0234996972273357,-0.0183350068168858,-0.0159890611039722,-0.019337255857743,-0.0192509126645977,-0.0187369920524548,-0.0190882013111667,-0.0155789801097315,-0.0157578480844373,-0.0249245079089481,-0.0312907319317333,-0.039419897674036,-0.0435154470506965,-0.0448499864644983,-0.0404898852373275,-0.0356904295913703,-0.0315161953352219,-0.0232932260753382
352,"ISL","Iceland",NA,NA,NA,NA,NA,0.00111242058151384,0.00400630804235602,0.00726611533273802,0.00819954024975833,0.00901763376434417,0.00814302467951156,0.00643183065535435,0.00266326482236456,-0.00341236216764251,-0.0129991825703999,-0.0224441508093578,-0.0150938014854559,-0.00772860981536946,-0.00451010652480593,8.59575637284227e-05,-0.00077969760957493,0.00155380079082823,0.00184926387939788,-0.000937739834292357
356,"IND","India",0.0101606317784659,0.00988700086002736,0.00969726700001439,0.00855191438681757,0.00779492282916427,0.00756415153781975,0.0081962996477134,0.00935014687403379,0.0113746888196735,0.0134077055687569,0.0148208313246208,0.0155626958176918,0.0158006707961198,0.0141354567515328,0.0103777992621155,0.00704845799052523,0.0046543526314049,0.0030620644428061,0.00256402417507706,0.00360602318490377,0.00423932976767261,0.0054631482763563,0.00795249389858865,0.0107705528365976
360,"IDN","Indonesia",0.0252144136426136,0.0194755291579183,0.0143799568074652,0.0110102606212739,0.00778826632548646,0.00605641066824392,0.00507908100392807,0.00839571145475237,0.0127727747134907,0.0159470512857203,0.0198087121730528,0.0233282682578548,0.0318353905616282,0.0385026749034609,0.0410333424112661,0.0417529182002603,0.0378000545853368,0.0334650513309402,0.0303123766448194,0.0289393002371214,0.0275200752869809,0.0212884976835805,0.0206272073921201,0.0241117952107051
364,"IRN","Iran",0.0179199183953151,0.00564926788643394,-0.000726103367577125,-0.00415934359197338,0.00423197002230502,0.0125504109052144,0.0206270036391192,0.0325159135339077,0.0406486097586709,0.0393076169011122,0.0356501665380071,0.0356964485422437,0.0286598133790252,0.0148128904251228,0.00944499111396135,0.0039053479529696,0.00229689521496623,0.0118424418554208,0.0197681439456254,0.0243580655033551,0.0220554114010174,0.0188788798998285,0.0188734954108669,0.0145614919967956
368,"IRQ","Iraq",0.0401469103432599,0.130534866714861,0.120653037277278,0.106748532968856,0.0907955652777213,0.0799682199688394,0.0591628658916106,0.0289041713633773,0.0135530473776042,0.00681865636619983,0.0124114466011163,0.0258112994954445,0.0425449472947268,0.0546795471856569,0.0584158329875031,0.0682535314766601,0.0736712980106744,0.0859757237410748,0.0857604339002356,0.0801644365767864,0.0747514710867263,0.0598943368643121,0.0452733825418596,0.0378977452554354
372,"IRL","Ireland",0.00698910618191251,0.00932770745021183,0.0116624193476402,0.0121468083384946,0.0130174712066027,0.00955038202763525,0.00432662013574525,6.22434691206486e-05,-0.00966765067806563,-0.0228444999815849,-0.0340139539429041,-0.0378962824577286,-0.0358849720427662,-0.0279905923756925,-0.0142934791122808,-0.00572866546487872,-0.000863581361934055,0.00589875027865516,0.0130610038921903,0.0123834168276635,0.0102806684153161,0.00608459193515687,0.00222367656398048,-0.0015007193472204
833,"IMN","Isle of Man",NA,NA,NA,NA,NA,NA,NA,NA,NA,NA,NA,NA,NA,NA,NA,NA,NA,NA,NA,NA,NA,NA,NA,NA
376,"ISR","Israel",NA,NA,NA,NA,NA,0.0251165041556243,0.0252458530952444,0.0278513280604595,0.030389952879301,0.0322767831617958,0.0308218496593482,0.0308768020685559,0.0325992494248024,0.0279550078635891,0.0290343585907673,0.0338176883738697,0.0358482885685025,0.0396283123411998,0.0431713597284014,0.044812003453133,0.0401214742020708,0.0423445132646614,0.0486411165168994,0.0478598455519454
380,"ITA","Italy",-0.00164098229898238,0.00193838026750126,0.00187231707112656,0.0011754778844848,-0.00287115130240493,-0.0110782325961161,-0.0192851279475732,-0.0261444651995014,-0.0288255458919479,-0.0308232589764933,-0.023185513262263,-0.0158794052177476,-0.017214772474756,-0.0104744315565337,-0.00540948141103472,-0.00290255631888535,-0.00259779299564952,-0.00459793693353369,-0.00823222562809606,-0.0113022633635249,-0.0105890027632033,-0.00710645040813605,-0.00581710763036985,-0.0019256834410146
388,"JAM","Jamaica",0.00232861050607047,-0.00130313517542685,-0.00384727831007509,-0.00203391947787695,0.000680610126992276,0.00078184010397675,0.000916670854224977,-0.0120067586008773,-0.0317273986896083,-0.0523836901264567,-0.0631983565601729,-0.0573629052294171,-0.0463047237247936,-0.0277283096378917,-0.0112168681199292,-0.0032100713655001,-0.000937145122601321,-0.000272090147519034,0.000248211954776423,0.00126705554997053,-0.000169454655578091,-0.00339796952889489,-0.00443309815175947,-0.00438810928846964
392,"JPN","Japan",-0.0508592486565911,-0.0583959857934147,-0.0639142407567259,-0.0672872148342998,-0.067294881977245,-0.0616108287524286,-0.0540837749552833,-0.0466140884488947,-0.0383015549065035,-0.0344713371677757,-0.0288892779347193,-0.023602437329706,-0.020136551995712,-0.0184986652001595,-0.0207906062543316,-0.0235664146995474,-0.0290505263553133,-0.0336151274714502,-0.0340848097963656,-0.0363383953977803,-0.0366581542065938,-0.0306136954811354,-0.0261172079746061,-0.022270849068146
832,"JEY","Jersey",NA,NA,NA,NA,NA,NA,NA,NA,NA,NA,NA,NA,NA,NA,NA,NA,NA,NA,NA,NA,NA,NA,NA,NA
400,"JOR","Jordan",0.0428572822844615,0.03169958800552,0.0228997803891946,0.0199637414647436,0.0198192909361765,0.0203153857626364,0.0237090493035315,0.0277902076762309,0.0324362029194685,0.0406239349258615,0.0457011597693862,0.0486792592076051,0.0522480630395576,0.0545354746091289,0.0551125330848077,0.0545229234119327,0.0538566797985702,0.0523108613435184,0.0491825358156996,0.0480443936688222,0.0446176299683063,0.0404801039334848,0.0375614484081539,0.0342676592365423
398,"KAZ","Kazakhstan",-0.0201716098133129,-0.0345564512184065,-0.0517832928497433,-0.0466958169463561,-0.022627745104174,0.00350078877575943,0.0248931904497378,0.0438158564473974,0.054886028545009,0.0613487122335601,0.055105428878095,0.0530075584519232,0.0449801329471831,0.0423787963451736,0.0350995009437713,0.0292739930342065,0.0160031151527045,0.00761974281342148,0.00568022004589186,0.00710143922549977,0.00546563496650676,0.0065540978720251,0.0049989118549647,0.00589753978040131
404,"KEN","Kenya",0.00693667284038568,0.00742900206464658,0.00781725064881122,0.00938739195552318,0.01276719265488,0.0183524018661436,0.0218748395625925,0.0220021628301119,0.0376410282111741,0.0497286246227957,0.0586626864920563,0.0598282386001976,0.0576773008014344,0.0523981994099416,0.0446056369274013,0.0368661946857594,0.0254503913473734,0.0126761378814484,0.0134079458446803,0.0157770318930042,0.0209481463044472,0.0292837793719425,0.0315184431021751,0.0327895162707856
296,"KIR","Kiribati",0.0142175615102031,0.0178910690473852,0.0204004944943417,0.0234271392817325,0.0247769095704602,0.0244749793618684,0.023520058854076,0.0230325331814596,0.0221990724343897,0.020929153365008,0.0189798708272741,0.019043746183951,0.0185254848363747,0.0200188492905427,0.0210980136712762,0.021646988150102,0.0225004344219741,0.0234710712003223,0.0242822069456015,0.0239746304436115,0.0232305330655354,0.0218670565319137,0.0206619307611717,0.0198316522879141
689,"XKX","Kosovo",NA,NA,NA,NA,NA,NA,NA,NA,NA,NA,NA,NA,NA,NA,NA,NA,NA,NA,NA,NA,NA,NA,NA,NA
414,"KWT","Kuwait",NA,NA,0.025247433663534,-0.00154706296678292,0.00668477537445322,0.0170463641998746,0.0249734690406931,0.0325013535187086,0.0392450013542749,0.0348551288725445,0.0193526114717639,0.0103911965989447,0.00290808867055459,-0.00175515723628934,0.00224461551971378,0.00514357685690481,0.0128385374124433,0.0222813964913264,0.0242467592472981,0.0246989676238902,0.0186546101141933,0.00893876150595663,0.00403639311863779,0.00740685023333199
417,"KGZ","Kyrgyzstan",-0.0183235545371437,-0.0210150755027923,-0.0189570219599909,-0.0124941098066353,-0.00202884246700527,0.00778661258363433,0.0117900796655801,0.0101702459869379,0.00805381369373004,0.00801739955829084,0.0109293789420166,0.0146805572258222,0.0189790159029586,0.0230960581207322,0.0305727887245373,0.0402281411575645,0.0474936328460345,0.0491440110497725,0.0486094525467939,0.0485224381352658,0.0462198540655325,0.0421590295040501,0.0360958393712107,0.0280015014854196
418,"LAO","Laos",0.0173514866278648,0.0178385444345166,0.0169474321153129,0.0169773869988163,0.0164024754444672,0.0188549195320533,0.0200279835619395,0.0206777234859956,0.0237684168177643,0.0235927602688981,0.0224653902160488,0.0250255963622401,0.025127307641184,0.0274855586202276,0.0282107722950753,0.0294643165580726,0.0288045694706649,0.0284793253673976,0.0267107022216047,0.023103484067736,0.0210258479623666,0.0222500124302314,0.0203912638199324,0.0211846435398493
428,"LVA","Latvia",NA,NA,NA,NA,NA,-0.0480273533560577,-0.0256450998130522,-0.00396878161868178,0.00966203282618938,0.0158561541810849,0.0188031243541895,0.0128484477466329,0.00891241037569501,0.00643062411533801,0.00381955771400855,0.0010189777954841,-0.000222424180258096,0.000403832680985206,0.00368356631760758,0.00123599410665398,-0.00175928665019831,-0.0121785972608247,-0.0207031721866762,-0.0231260956207016
422,"LBN","Lebanon",0.0348752178970355,0.0273525967708477,0.0239539558577042,0.02334013268835,0.0246088927524659,0.0269320293280033,0.0293767736649482,0.0319658359852333,0.0325648867541766,0.0317106647901486,0.0298771729085587,0.02736004392714,0.0272740298354306,0.0294493779922678,0.0335135655182526,0.0388605904742065,0.043531448644528,0.0460277719306126,0.0458807344632746,0.0420440361021064,0.0378163749348985,0.0323496426199337,0.0277318913077971,NA
426,"LSO","Lesotho",0.00569823485860477,0.00961049300439187,0.0118216863377838,0.0133012506075756,0.0151736301005125,0.0138060004439757,0.0142524517690481,0.010187317260449,0.00826439359728992,-0.00271896494394256,0.00161642886115998,0.00389556607882291,0.00670613677841714,0.00523818565810963,0.00235923365880097,-0.00320381529940222,-0.00450024143143712,-0.00954114740737516,-0.00478344619954711,-0.00849066734190065,-0.0139620226066523,-0.0219184364777199,-0.0140144458040946,-0.00578131865135859
430,"LBR","Liberia",NA,NA,NA,NA,NA,NA,NA,NA,NA,NA,0.0434479442732334,0.0453686464120082,0.0460062879518561,0.0459167171204817,0.04399021690466,0.0419659577868665,0.0404878160006414,0.0387723416301937,0.0349011386563212,0.0309940701796831,0.0330385202376344,0.0318902567363153,0.0308073304012244,0.0290087205984546
434,"LBY","Libya",NA,NA,NA,NA,NA,NA,NA,NA,NA,0.0155372352610508,0.00901160807061663,0.0103912578248331,-0.0197849637457587,-0.0296216995096877,-0.0264656123753632,-0.0317329609470937,-0.0143059387085669,-0.00352751326746548,-0.000962012037783952,0,-0.000862500595547203,-3.17213822983302e-05,-0.000822272631106512,0.0401575500627036
438,"LIE","Liechtenstein",NA,NA,NA,NA,NA,NA,NA,NA,NA,NA,NA,NA,NA,NA,NA,NA,NA,NA,NA,NA,NA,NA,NA,NA
440,"LTU","Lithuania",NA,NA,NA,NA,NA,-0.0359029569979322,-0.0293117396902115,-0.023078567021212,-0.0117680365057369,-0.00596692912736775,-0.00535720736078065,-0.00657440883962193,-0.0142611858555709,-0.0154293585046852,-0.0201148920285353,-0.0238629324211594,-0.027483559367865,-0.0311263469410011,-0.0316572451600452,-0.0375233897834779,-0.0434070858530264,-0.0471549682637576,-0.0484762982358341,-0.0550391121016312
442,"LUX","Luxembourg",-0.00953931490895039,-0.0127767207766332,-0.0156754113915746,-0.0198159510965477,-0.0269727594047084,-0.0332704301818464,-0.0366200581158799,-0.0378037519401756,-0.034498580796528,-0.0296603832742972,-0.0194254290262533,-0.00644336776178148,-0.00167089013996206,-0.000891538874542702,-0.000709686251739736,-0.00110659343268154,-0.00615231838726255,-0.0103145572840146,-0.0102822738571603,-0.0133983975561168,-0.0160757845744096,-0.0120831307114658,-0.0134586072358446,-0.0186739939057452
446,"MAC","Macao",0.0184497347446473,0.0162326958976433,0.0150987947380115,0.0150622192221423,0.015991596820172,0.0179367148485956,0.0202933949179449,0.0209696585053345,0.0226529162629656,0.0229572780773168,0.0229443945818055,0.021835268477316,0.0207861403294314,0.0200288769423147,0.0202572588521888,0.0211014467033805,0.0221437148511581,0.0226706540171406,0.0233212351887051,0.0220907401625594,0.0215916054827241,0.0200806432177532,0.0187187238170801,0.0174948024891108
450,"MDG","Madagascar",0.00884728803471924,0.00849717526166849,0.00520542419361059,-0.000152390189223745,-0.000224569288549798,-0.0033515055961198,0.00131336996443565,0.00419132862458471,0.00900727074145147,0.0136714847567827,0.0187375882776302,0.022711268305488,0.0219863985182793,0.0177651436180868,0.0130535699662715,0.00826795956280302,0.0083550823472518,0.00819151476079361,0.00879327430659371,0.0069905274711306,0.00881608801054057,0.0112574208830079,0.011191785906616,0.0111710463028667
454,"MWI","Malawi",0.00754447278885806,0.0123237927427091,0.0160471912692919,0.0202765879698972,0.0244156966576152,0.0250067718915008,0.0255063677593588,0.025858210074678,0.0257255778567906,0.0285579498831867,0.0309347377858691,0.0357270722016723,0.0383405343439656,0.0408938624629267,0.0433705228588435,0.0437248132580919,0.0440622124580152,0.043042511407499,0.041518348466036,0.0424658985505546,0.0445814421796498,0.0465320615483591,0.0469799808306057,0.04728105659525
458,"MYS","Malaysia",0.047102888612528,0.046096928561105,0.0434740441470578,0.0397867543889021,0.0388442343523496,0.0388470398038576,0.0361317136202306,0.0377394125429913,0.0418557639400967,0.0401072075418194,0.0327096815680818,0.0240715213997769,0.0130012613104975,0.00239024714751634,-0.00239486452650216,-0.0029535401610509,-0.000485093581115642,0.0025907707247359,0.0049970131203465,0.0104749611627093,0.0142089510927699,0.0108499336980363,0.00802392325102685,0.00597617316607968
462,"MDV","Maldives",NA,NA,NA,NA,NA,0.0462586905420872,0.0487378668490654,0.0519458718676624,0.0537800979227188,0.0547893785566045,0.0533765006698832,0.053041901330831,0.0511530661256367,0.0499995228460537,0.0490424326427132,0.0494805213555762,0.0478358651271473,0.0470434323518278,0.0455798087470765,0.0442010917178595,0.0419833838389108,0.0392246746355196,0.0365639636269897,0.03407068559013
466,"MLI","Mali",0.0268029961722769,0.0321498645040508,0.034048244188287,0.0342158948633164,0.0338461691511078,0.0355596407588861,0.0364949963456291,0.0361242966757664,0.0348544489803575,0.0351838781780611,0.0354391549695325,0.037186999030919,0.0358318571452534,0.0336309519851974,0.0309782781915788,0.0310096646512152,0.0320162875820704,0.0340351004357786,0.0357464928100062,0.0382005714329097,0.037812580022385,0.0388121417598157,0.03856021424096,0.0381194141194661
470,"MLT","Malta",0.010183906905493,0.00799951414692801,0.00647253485368493,0.00883183631406115,0.0124263135316172,0.0144117967531878,0.0181001472996654,0.022983272660027,0.0295441673876586,0.0325423703079066,0.0372123050726607,0.0401942046659602,0.0398177383320983,0.0141087121625605,-0.00903011453387452,-0.039099110187744,-0.0609768272265514,-0.0723080208089038,-0.0723631800937064,-0.0541418880280858,-0.0285604543839415,-0.00525667462663032,0.0150837401596629,0.0153101270795728
584,"MHL","Marshall Islands",0.0189233896228964,0.0312011105960786,0.0407763436148352,0.0473552993927531,0.0515057166450636,0.053383416416539,0.051737153976597,0.0532652101083715,0.0538598696650561,0.0537123884803614,0.0519293771854454,0.0643265693006814,0.0657901421249827,0.0644365686860162,0.0607670498299095,0.0551227928528228,0.0475080703927628,0.0394245936608639,0.0327635305093392,0.0290910194181744,0.0294873233107151,0.0346608908367663,0.0335680358567354,0.0324965012516458
478,"MRT","Mauritania",0.0287369286899419,0.0360878225578682,0.0424745564013487,0.0441274462003833,0.0448500307934989,0.0396619846300703,0.031692043970956,0.0276563345538345,0.0214679371305648,0.0117326363829595,0.00813137941482878,0.00853746090784813,0.00915133162836912,0.0107212753563752,0.0136187740285452,0.0161746185895995,0.0189793463739107,0.0241231725528701,0.0261853071309694,0.0219830413881787,0.0201147270073967,0.0185267947139733,0.0170446748438631,0.0153148807933621
480,"MUS","Mauritius",0.00719210416942606,0.00760985350707788,0.00660405766244843,0.00461298146343059,0.0028922166137042,0.00135168110167849,0.00264113643174113,0.0021314505457557,0.00184644599673645,0.00314097387809631,0.00256140382230696,0.00407507919069472,0.00494832742549955,0.00524846443890614,0.00519939345404619,0.00546797556300005,0.00492927940545829,0.00433672876623881,0.0032147089982888,0.0032866944233616,0.00292165970061942,0.00267271922648082,0.00258312538006344,0.00294600299723102
484,"MEX","Mexico",0.0159181425788293,0.0166209909379968,0.0158064023176532,0.0136385968231987,0.0127694969861496,0.0109341192323029,0.00895165204626158,0.00843934030056315,0.010169695169217,0.0130494810727506,0.0128322923750694,0.0127273070663925,0.012011468480406,0.00943913326544443,0.00802741687662234,0.0054071350660132,0.00274492229198242,0.00122765371406253,5.33588358646586e-05,0.000409435796866253,0.000277180956951728,0.00045494099741572,0.00206370116331178,0.00368002185156224
583,"FSM","Micronesia",0.458060554983924,0.430661664018172,0.365384489772853,0.266210388371491,0.141270332864768,0.00032376524719302,0.000575655130807373,0.000755615308770663,0.00150608589894463,0.0020421177624641,0.00455930316733433,0.00637725192934457,0.010792783113037,0.0137793084951383,0.0167711715201047,0.0195319281446136,0.0208991431189207,0.0212859625470954,0.0193204368878257,0.0159158514213233,0.0142045160725699,0.011438883579852,0.0122479612156963,0.0121805561263033
498,"MDA","Moldova",NA,NA,NA,NA,NA,-0.048122368768398,-0.0500923104730772,-0.0417415792633835,-0.0345920536534854,-0.041247756486528,-0.0471393703015749,-0.043118949504932,-0.0420220780269662,-0.0336955282767231,-0.021357041936406,-0.0100991482126327,-0.00385503429990915,0.000920988468412487,0.00585712744957734,0.00308228154694024,-0.00817312122104676,-0.0108470331232262,-0.0149797867249457,-0.0209628371730212
492,"MCO","Monaco",NA,NA,NA,NA,NA,NA,NA,NA,NA,NA,NA,NA,NA,NA,NA,NA,NA,NA,NA,NA,NA,NA,NA,NA
496,"MNG","Mongolia",0.0172268995891471,0.0186742245668532,0.0157624773142202,6.94886350181001e-05,-0.0180123356726847,-0.0491115809869891,-0.0420916126142852,-0.0245682543960616,0.00139355409127462,0.021889706320962,0.0522693680827877,0.0885537829763396,0.11942352188408,0.124269510322756,0.117515238145436,0.100243496241351,0.0864076217076744,0.082355559318831,0.0840793351378293,0.0775950227386204,0.0740038719799805,0.0655722531832319,0.0557662605859717,0.0419338351681637
499,"MNE","Montenegro",NA,NA,NA,NA,NA,NA,NA,-0.0565234791485318,-0.0524828315689463,-0.0436677654408417,-0.035682408753957,-0.0248276666165248,-0.0162459984327553,-0.00793696344388067,-0.000945558629330003,0.00159939791919461,0.00472835571832619,0.0077638825917874,0.0140211773030354,0.0172406775988547,0.0175775967678622,0.0179676055529077,0.0146822613242314,0.0105689505918245
504,"MAR","Morocco",0.0144122896920256,0.0174033828165869,0.0200616080664571,0.0217615414090979,0.0201343446806643,0.0211476672273283,0.0206696035857203,0.0212049670362593,0.0218093381290523,0.0213199690100589,0.0207674712841384,0.020960253627117,0.0216350842325443,0.0213173253971606,0.0212930871568724,0.0225261471820584,0.0232378585629243,0.0234600849787061,0.0233137197031201,0.0224114773759294,0.0213804587874915,0.0199282510232426,0.0192425169361354,0.018369099751697
508,"MOZ","Mozambique",0.00994212416386264,0.00785925716195801,0.00855014528051812,0.0144877683860265,0.0199600265411128,0.0243811998980652,0.0326396178034416,0.035743825150661,0.0334305192041793,0.0359474264379847,0.0288584439177066,0.0210225360743066,0.0232064294803913,0.0332985073609084,0.0429040069401574,0.0492902629547767,0.0554683358348822,0.0539703372881299,0.0552050327622717,0.059350852764539,0.0453704640296959,0.0265696150824217,0.018523349809981,0.015685586906754
104,"MMR","Myanmar",0.0198725959982815,0.0216129924365727,0.0207397216259326,0.0211446323927831,0.022920451104405,0.0256757678588992,0.0304944238144937,0.0347962545988871,0.0349471574652827,0.0327379257842964,0.0320972497322958,0.0308598182976292,0.0263808662578389,0.0198192177516314,0.0135963173323477,0.00938672256767026,0.00787781312625091,0.00903944877376972,0.0126402519078024,0.00420184432063131,-0.00307900474157386,-0.0104043402841231,-0.019420265005619,-0.0251292906510612
516,"NAM","Namibia",-0.00563090592146637,0.00349914742366431,0.00878901289251988,0.00730096921158085,0.00742794181870732,0.0101438880085301,0.0166881246593948,0.0237160327360055,0.022300084607509,0.0139188630639064,0.0207869117987654,0.0274571351556632,0.0485641479026031,0.0614480151818713,0.03828499341556,0.0135861702873643,-0.00576691742833705,-0.0148951999353285,-0.0273468902234061,-0.0805997819248417,-0.0953199440862138,-0.0833603447648705,-0.0259701665284333,0.0278082878147223
520,"NRU","Nauru",NA,NA,NA,NA,NA,NA,NA,NA,NA,NA,NA,NA,NA,NA,0.0283363119921198,0.0322371571044859,0.0327689900999366,0.029629163752795,0.0270726861205244,0.0251682405461187,0.0242553738127826,0.023363879121943,0.0215517664374858,0.0182733590965798
524,"NPL","Nepal",0.017139356596829,0.0182043346476548,0.0179230473874228,0.0155695820952599,0.0140813946617526,0.0125917009697525,0.012702453406773,0.0129767400760585,0.0127429981528622,0.013446127760617,0.0145071600395843,0.0150034198802871,0.0152852431662196,0.0151111434394295,0.014945045277315,0.0146333120688253,0.0129190748507213,0.0112306944765466,0.00961285732147754,0.00893636071335102,0.00889044198734878,0.00810123051596134,0.0079801521718259,0.00742700919766803
528,"NLD","Netherlands",-0.0415226757359252,-0.0531371664304282,-0.0579422286055672,-0.0629049152445271,-0.0665894113066395,-0.0633258841053449,-0.0646400438162833,-0.0603017179957018,-0.0562782855895766,-0.0471458916176114,-0.0406130609963243,-0.0309422085511537,-0.0243980243286354,-0.0202199080970508,-0.016063535145094,-0.0109436695227595,-0.0143222639883055,-0.019218597452111,-0.0277987224644959,-0.0404723483060461,-0.0490335357524494,-0.0541594133809491,-0.0610452256295683,-0.0656641509452033
540,"NCL","New Caledonia",NA,NA,NA,NA,NA,NA,NA,NA,NA,NA,NA,NA,NA,NA,NA,NA,NA,NA,NA,NA,NA,NA,NA,NA
554,"NZL","New Zealand",0.0042872550355253,0.00328977626431493,0.0026096658116459,0.00183636405710419,0.000847417775232451,0.00165567580896209,0.00310222647740921,0.00466800979093929,0.00589194539623517,0.00373010759125347,0.00320514920341108,0.000988292123942358,-0.00074612055317053,-0.000307512005932767,-0.00114927273928275,-0.000730401746659206,-0.00203174997416287,-0.00158075526600175,-0.00201513543259613,-0.00599446478819472,-0.00885417102630116,-0.0124698603626164,-0.0148583373120026,-0.0146105768460055
558,"NIC","Nicaragua",0.00719898769476357,0.0186182649757674,0.0176105278427261,0.0195311391974311,0.0277343965340697,0.033471147243308,0.0325341523968186,0.0272980803317435,0.0234131876108092,0.0154480233120158,0.0139217889319414,0.0138356760083984,0.0167462763497777,0.0199943538071163,0.0257533876302203,0.0292429532769551,0.0337617405559671,0.0362704399489933,0.0349540132452355,0.0327378483855956,0.0292974570029192,0.0249326138041261,0.0223537797603293,0.0194180996143207
562,"NER","Niger",0.0407923348961992,0.04006463850425,0.0395174779098937,0.0384910387139827,0.0380543376142368,0.0377369445025402,0.0372641159968554,0.0370067266567704,0.0379435610130077,0.0390767665273917,0.0406226973992372,0.0378709524871506,0.0355701645802537,0.0343033838090319,0.0347164286070203,0.0358647161643668,0.0370357925925247,0.0385634352480941,0.0407941347231349,0.0436675776342492,0.04694049812325,0.0470530587950937,0.0460081056095774,0.0447984609392669
566,"NGA","Nigeria",0.0490185009822355,0.0403792495522324,0.0296400574853515,0.0111507016948604,-0.00157235400554894,-0.0128921004297856,-0.0212184268224909,-0.0164466606985596,-0.0193878496366848,-0.0292317521782105,-0.0476246252461057,-0.0410278843105687,-0.0215464681672575,-0.0190473907260168,-0.00909997743969251,2.76014333338015e-05,0.0064255269580844,0.00771256558576483,0.00768997249050263,0.0066536139219866,0.00399321594084956,-0.00137642876049087,-0.00644570947389444,-0.00958614199894958
570,"NIU","Niue",NA,NA,NA,NA,NA,NA,NA,NA,NA,NA,NA,NA,NA,NA,NA,NA,NA,NA,NA,NA,NA,NA,NA,NA
408,"PRK","North Korea",NA,NA,NA,NA,NA,NA,NA,NA,NA,NA,NA,NA,NA,NA,NA,NA,NA,NA,NA,NA,NA,NA,NA,NA
807,"MKD","North Macedonia",-0.0139491275200469,-0.0220077403827728,-0.0309194863118688,-0.0401860251281412,-0.0406043134951996,-0.0341671734135685,-0.0305042458821233,-0.0189239847722691,-0.0101796593682411,-0.00324791238246193,-0.00462599664178442,-3.61148093432764e-05,0.00354968901281993,0.00303625907780947,0.00156989375059435,0.00112374344909538,-0.000325396288833727,-0.00158872721593099,-0.00131152058907765,-0.00264728894048747,-0.0143794817792225,-0.0186044950652954,-0.0226244684800972,-0.0287809787346786
578,"NOR","Norway",0.0444121254429919,0.0399970537958039,0.0355713390414174,0.0324062842769877,0.0287384924611529,0.0262198907253097,0.0208319118178728,0.018509843159878,0.0167322358245034,0.0126886423197583,0.00554043395104165,-0.000651191057781876,-0.0112195149781683,-0.0197243552821996,-0.0227063947727113,-0.0216143267590889,-0.0200739550973507,-0.0165891062326701,-0.0101264229468881,-0.00563570870857593,-0.00535703541369246,-0.00325795888706994,-0.0032040893575619,-0.000959834157508214
512,"OMN","Oman",0.0280018735690883,0.0288064543347275,0.045114137417102,0.0533650127429737,0.0590593315486716,0.0557973115738142,0.0527861189899403,0.0458480241228789,0.0396303051172815,0.0224975303891366,0.00605453601811989,-0.00920573186461287,-0.0140805536005714,-0.0104973056866869,0.00332006349917391,0.0116774988474171,0.0211754560359407,0.0287190821305461,0.0299766436294717,0.0310524341801766,0.0291225844373486,0.0239731100768521,0.0214340518573548,0.0224336665082889
586,"PAK","Pakistan",0.0264854204567586,0.0281320462260179,0.0268828919196153,0.0263281102555051,0.0269616356117903,0.0270826183139814,0.0269803859930005,0.0292511756358453,0.030558838990435,0.0321401228226441,0.0329697068241976,0.0317342732731649,0.0295691729104735,0.027198930352391,0.0263028341310187,0.0254286587180546,0.02403363052024,0.0243269593678279,0.0243908282143048,0.0256622751621554,0.0266340104898362,0.0261621208296339,0.0262121683363672,0.0248821919631914
585,"PLW","Palau",NA,NA,NA,NA,NA,NA,NA,NA,NA,NA,0.0198758776452812,0.0355360381416447,0.0451432159326377,0.0215982760311531,-0.0294092042852015,-0.0767064137497933,-0.0966649626962249,-0.09806585537435,-0.105163134645597,-0.101558344501654,-0.059512714571717,-0.0315931490841887,-0.0142727376553039,NA
591,"PAN","Panama",0.00825140026481241,0.0048018813560744,0.00663235623463265,0.00881185903153381,0.0105873658539215,0.0121360073609733,0.0146699583408998,0.0171429384382604,0.0156883851000498,0.0167115297178975,0.016438225825016,0.0136429403495619,0.0168577560801764,0.0189418217232615,0.0197478343650732,0.0170953376984242,0.0135263515974438,0.0103742407510286,0.00523610147869724,0.00309201731743647,0.000641159914387179,-0.0013462087300534,0.000231356073659095,0.00194374963703936
598,"PNG","Papua New Guinea",0.0728316717149899,0.0737143853095585,0.0604100953040212,0.0529102590495452,0.0398857227526133,0.0286503357198935,0.0310815773848878,0.0344944338722091,0.0192700370445191,0.0560772612307148,0.0308057746004893,0.0130825744661922,-0.0155858827830651,-0.0423528509091757,-0.0755070558237611,-0.0522666279798033,-0.00481071056181043,0.033723491354495,0.0572542341044711,0.0892447833649843,0.0919558420933804,0.073456331106917,0.0503011512655911,0.0210306979128123
600,"PRY","Paraguay",0.0223780526511281,0.0196409723988862,0.0146550240077321,0.00677705310304555,0.00636857400106106,0.00326315988442794,0.00592572998677721,0.00864977068850692,0.0150539881084313,0.0185012657068089,0.0227624524791346,0.0255417112271148,0.0300428975713716,0.0317049890880703,0.0361078616612545,0.0357513292370952,0.0325663397493619,0.0277313327258788,0.0264076408331047,0.0183054300448506,0.0127836573740177,0.0105131735699124,0.00624201379791667,0.0038726328051506
604,"PER","Peru",0.0193375464510779,0.0229317982712729,0.0241617645587469,0.0233924022514933,0.0208228958354431,0.0177672414085235,0.0177831115862057,0.0166949973172397,0.0153161428624724,0.0133308764942233,0.0132734827334184,0.0151817423387912,0.0182142659766351,0.0198975853683068,0.0208611829941092,0.0203940788835242,0.0205167762259748,0.019563927136943,0.0174597168563253,0.0124431044666902,0.00681051806778532,0.00258058476429213,0.00120184776114618,0.00166926851106397
608,"PHL","Philippines",0.0144790329026101,0.0169471578810667,0.0190575292110655,0.0180817759885055,0.0162279610646716,0.0168865273586363,0.0171812883379219,0.0198716828281265,0.0213555088702515,0.0163927661545133,0.0180333569999327,0.0179315858107563,0.0179915518459028,0.0180126100856306,0.0170823472457662,0.0161904415238758,0.0133196834476188,0.0117557026239068,0.0116058441451639,0.0120234713156895,0.0122977047658817,0.011191110544069,0.0110849841002918,0.0110488087051757
616,"POL","Poland",-0.0687637025167021,-0.0797665132980276,-0.0880237395705344,-0.0947832622308726,-0.102346834775616,-0.104909705634598,-0.0987160093953904,-0.0856122890589405,-0.0690121551947453,-0.060983351444242,-0.058707811291602,-0.0571044591835339,-0.0557245461395808,-0.0467584705067597,-0.0435588253230944,-0.0467704067327756,-0.0468456882131571,-0.0439557620344045,-0.0417133195979101,-0.0372068824148667,-0.0413693516634607,-0.0449903925736679,-0.0439003844763665,-0.0353421922766173
620,"PRT","Portugal",0.0180039466779898,0.0160502342454356,0.011330258081476,0.00650023102910224,-0.000561952589258558,-0.0103270503357629,-0.0264911573068496,-0.0323669032791768,-0.0339404039693104,-0.0351928654727443,-0.0301969925811202,-0.0296497305755029,-0.0276894097024141,-0.0191370560880608,-0.0122154997457773,-0.00596313596229523,-0.00325027027360444,-0.00147745506336554,-0.00115620518549585,-0.00103855227495847,0.000524986553363416,0.00287650738000145,0.00666671458092627,0.00843525741651496
634,"QAT","Qatar",NA,NA,NA,NA,NA,NA,NA,NA,NA,NA,0.0523021219294735,0.0725568353290835,0.087769517735208,0.0965998742313363,0.105120620971468,0.104918124462555,0.0924549355399014,0.0755522388168586,0.0573925928679679,0.0397791217990036,0.0211925030423559,0.00840999743990278,0.00390659041956765,0.00276903620315561
178,"COG","Republic of Congo",0.070594632802607,0.083114989647407,0.0841110511082395,0.0569278566211222,0.0352712434047202,0.0100709956188889,0.0025821636290615,0.00588669330745262,0.000453014059797807,0.00349899248664642,0.0124727729266567,0.030364708713492,0.0430525278913503,0.0275850451700996,0.00991095723803115,-0.00253124799794213,-0.00526147745547752,-0.00223612318553451,-0.00253438699407781,0.00373505665875751,0.0126366346434121,0.0211189167726757,0.0232181147200272,0.0246896585148215
642,"ROU","Romania",-0.0397215375347703,-0.0438174574132585,-0.0407389061431078,-0.0272185408243289,-0.0200172274678924,-0.0141693324631095,-0.0136383947836372,-0.0057433237020965,-0.0002617057846051,0.00196606866793481,0.00138776646691685,-0.000225569471449951,-0.00605617926579277,-0.00919357515575187,-0.0126184426948754,-0.0134717539151934,-0.0124494269705154,-0.00989746759456049,-0.00599371119205728,-0.003916523486265,-0.00207262647067411,-0.00234823599458106,-0.00817602623021278,-0.0129886783863394
643,"RUS","Russia",-0.00299298557345295,-0.00849466096540902,-0.0106101086032072,-0.0112034053561441,-0.00705232242893397,-0.000552620301220041,0.00703553183244465,0.0129320988339898,0.0155657281890307,0.0160773361946793,0.0128658041518084,0.0121603338010152,0.0124503716957929,0.0121625260519695,0.0128734701054976,0.0125393311077626,0.0124642445087064,0.0129975070874262,0.0147342207586436,0.0177349242515787,0.0176439010223017,0.016887220668123,0.0176510482134695,0.017138662176855
646,"RWA","Rwanda",-0.0188324109046831,-0.0318328572582969,-0.0391626073671098,-0.0452805122868304,-0.0400066364293987,-0.0283382522933902,-0.0148723106327849,-0.000197495093885646,0.0243645104203645,0.0274192426382858,0.0334888864491694,0.0340221871668209,0.0323380396934361,0.0295882891114894,0.028181785221659,0.0261827286270235,0.0251471283076619,0.0232927782751169,0.021282237204495,0.0211626768597972,0.0219596544279432,0.0242704325722838,0.0245982072012081,0.0237102630145238
652,"BLM","Saint Barthelemy",NA,NA,NA,NA,NA,NA,NA,NA,NA,NA,NA,NA,NA,NA,NA,NA,NA,NA,NA,NA,NA,NA,NA,NA
659,"KNA","Saint Kitts and Nevis",0.00936378576663377,0.011963656712058,0.0135798405537428,0.0158045983947048,0.0155681506333598,0.0151965371522076,0.013503527059165,0.0108400085798077,0.0101098118444654,0.0102361252794914,0.00991604068910412,0.0102042315981541,0.00906654862737022,0.000169908547305031,-0.00799054628081941,-0.0198613190121973,-0.0286695058106855,-0.0380876273902851,-0.0389916022117158,-0.0279216196442396,-0.0143306491896356,-0.00435293154888271,0.00453950791305324,0.00582764821018444
662,"LCA","Saint Lucia",0.00614947864220894,0.00360039747509755,0.00071062559237256,-0.00173097269931583,-0.00517871909315387,-0.00931735285968785,-0.0136101026326372,-0.0170638377048873,-0.0192299952575908,-0.0192455440367377,-0.0167430359606991,-0.0178268550119422,-0.0146816655178251,-0.0101569896969346,-0.00551635208629787,-0.000418920973340692,0.00178969311307275,0.00324182690973762,0.004515889536721,0.00528793596211896,0.0036505914137468,0.000252425763601627,-0.000675856397032471,-0.00140974095179427
670,"VCT","Saint Vincent and the Grenadines",0.00843373438543438,0.00869697821718352,0.0076992712648527,0.00710641937825196,0.00575764349958097,0.00470015013595115,0.00460404489890309,0.00507327711976702,0.00597140100110738,0.00697771849160977,0.00806975251857489,0.0083644356526309,0.00979603570215382,0.0104961243990214,0.00841463274911636,0.00617125484640679,0.00388843429135921,0.00229968847077422,0.00097479751113072,0.0002824556573644,-4.27872120081818e-05,-0.00102091160339968,0.000866109189496589,0.00261659906611222
882,"WSM","Samoa",0.00360129912081364,0.00499106313095465,0.00991771163092414,0.0120413346927872,0.0145600672893,0.0170383449466192,0.01752012842135,0.0167997075553332,0.0123407543074936,0.00687011636032642,0.00261781492255064,0.00179609763788391,0.0061313908994507,0.0104363116848405,0.0150995649399379,0.0190114813582483,0.0245018897175235,0.0232480004957059,0.014961255499649,0.00136195036405939,-0.0272326957311111,-0.0458628859309894,-0.047208247661846,-0.0426221974746977
674,"SMR","San Marino",NA,NA,NA,NA,NA,NA,NA,-0.00511167356242708,-0.00956501195613395,-0.016296502670734,-0.021478839618272,-0.0191104159815121,-0.0164325915047162,-0.00910206641892949,-0.00365034361219435,-0.00243324518035561,-0.00321073134175166,-0.00598102756882308,-0.00832723762231544,-0.0102602251462692,-0.0146239227709761,-0.0153898114515482,-0.0227660262939795,NA
678,"STP","Sao Tome and Principe",NA,NA,NA,NA,NA,NA,NA,NA,NA,NA,NA,0.0212831589215039,0.0204576528279865,0.0193500680704586,0.0196970284556288,0.0203535040259133,0.0217687956893955,0.022804560433018,0.0237560310982323,0.0239734819338635,0.0240042603169335,0.0240555271384253,0.0240767457037285,0.0224258463893561
682,"SAU","Saudi Arabia",0.0190626367253379,0.0114661047247018,0.010958280930744,0.011587377061332,0.0175608639621185,0.0227292566718567,0.0277678977280413,0.0338632163693351,0.0391197225925703,0.0427348874453752,0.0362013722027181,0.0339851679953072,0.0319713691471613,0.0286226788393702,0.0279329907670207,0.0262683874831759,0.0276366871243783,0.0295480549577023,0.0288300800898231,0.0293476059649971,0.0241562774577893,0.0176837424714047,0.0135381625101361,0.0143776150782253
686,"SEN","Senegal",0.0218214851612566,0.0234489572010044,0.0205223421967915,0.0152062002128408,0.00791617300986247,0.00522034692391249,0.00360895289032759,0.00739900549719219,0.00905270874134301,0.0108527457709602,0.0167077737433206,0.0251949460799306,0.0296844202519573,0.0286357127645667,0.0228602450524078,0.0178546473209391,0.0126047577306161,0.0119765016931628,0.00858711595673856,0.00582761283854549,0.00586423831157656,0.00970794110086026,0.013528595134201,0.0163709976571607
688,"SRB","Serbia",NA,NA,NA,NA,NA,-0.0533653566603251,-0.0572339542962692,-0.0583943158774833,-0.0537423349677739,-0.0413741543347699,-0.0346345528272944,-0.0261026856116711,-0.0175324402204016,-0.00833597107527484,-0.000564877458825792,0.00145321131190101,0.0020062591439729,0.0029173434221752,0.0039457729077983,0.0038298972368831,0.00347316297528977,0.00451584526095372,0.0050491317038297,0.00511644643836862
690,"SYC","Seychelles",0.0151102572348945,0.0157717204378365,0.0162803226077224,0.0164702506011511,0.0162233880977736,0.0170919382636141,0.0171281763714803,0.0172455398269922,0.0177605611724299,0.0173987052166718,0.0165409422204774,0.0163380587107189,0.0152410647592249,0.0147486021133112,0.0137101042886465,0.0138868583096987,0.0146421521484115,0.0161371411554421,0.0178060627378098,0.0185732895682897,0.0188819876231705,0.018631882177607,0.0177261191791431,0.0166794464611242
694,"SLE","Sierra Leone",-0.00187473484959916,-0.00430439165440233,-0.00556725420987969,-0.000205260770800032,0.0156009302453357,0.0332620454030286,0.0504226961192382,0.0662764163154141,0.068857687829809,0.0650290863340597,0.0569790625802642,0.0438513203621602,0.0335808410102492,0.0303413811774673,0.0271843109892547,0.0283484483361107,0.0280438807153109,0.0365986345607556,0.0337142728813538,0.0339509994507816,0.0227331060343607,0.011648874348821,0.0105561461173507,0.0136245082463964
702,"SGP","Singapore",0.0535626393785915,0.0496200095177055,0.0482416769583269,0.047485617529426,0.0487404067833344,0.0577622662245838,0.0621705878034964,0.0625980517558011,0.0660620258824351,0.0628429197981621,0.0524643618850422,0.043740991774051,0.0372107784958173,0.0308567330129683,0.0339092266632448,0.0397917343453149,0.0458047300183841,0.0457093390709815,0.0484862064205029,0.044872140689145,0.0378311037412509,0.0350462696223248,0.0304609427085545,0.0209112082679006
534,"SXM","Sint Maarten",NA,NA,NA,NA,NA,NA,NA,NA,NA,NA,NA,NA,NA,NA,NA,NA,NA,NA,NA,NA,NA,NA,NA,NA
703,"SVK","Slovakia",NA,NA,-0.0474045170841752,-0.0402362200222992,-0.0329043301513929,-0.0281244289617711,-0.0271058208932614,-0.0149683141855812,-0.00825678572268052,-0.00217548424494511,-4.78351131172104e-05,-0.00251611916361632,-0.00612049034451515,-0.0141807184253178,-0.020509275240671,-0.0322232799987999,-0.0379190039712379,-0.0392711135375205,-0.035873776425033,-0.0272364789748143,-0.0160137958618225,-0.00798213478621712,-0.0010413092192701,0.00167809542561659
705,"SVN","Slovenia",NA,NA,NA,NA,NA,0.000653302325362981,0.00220978504969471,0.00321851379679328,0.00230339498096188,0.0020641960888832,-0.00390849005519165,-0.0131977027218693,-0.0203188211406225,-0.0232277827774421,-0.0252731104451816,-0.0357347703676874,-0.0305044199586412,-0.0206716999607644,-0.0271828326052912,-0.0299052352615752,-0.0233917755431604,-0.0197353180345159,-0.0199803285489613,-0.0196040423375215
90,"SLB","Solomon Islands",0.0283440883864949,0.0264270611862194,0.0232422452860666,0.0202996930864299,0.0187288861643975,0.0178952863842321,0.0200294163686741,0.0235296065101249,0.0263995195469044,0.0291443466776549,0.0316762814211107,0.0339198496856723,0.0339401018019374,0.0332760850544693,0.0331184309515096,0.0333041057396142,0.0333400117004645,0.033087273747306,0.0323899419450775,0.0318915209526596,0.030134512235308,0.0281085966494359,0.0261642536278246,0.0245973371820971
706,"SOM","Somalia",NA,NA,NA,NA,NA,NA,NA,NA,NA,NA,NA,NA,NA,NA,NA,NA,NA,NA,NA,NA,NA,NA,NA,0.00720585847772215
710,"ZAF","South Africa",0.0173781664993702,0.0194709782539062,0.0195691469598271,0.0170457365622294,0.0161344659692566,0.0138498330040637,0.0122883317416134,0.00912838685483774,0.0090832415460198,0.0102116363784348,0.00954919194664594,0.00972159556155971,0.00817560265498529,0.00709531119846174,0.00662558052295581,0.00646444895643628,0.00548975252416928,0.00286515604508764,0.00170481302026948,0.00129815108859455,0.000100040142406277,-0.00198873566835889,-0.00741583800907413,-0.0101502635645855
410,"KOR","South Korea",-2.12116793468041e-05,0.00540310219234641,0.00903277215088116,0.00734799811245601,0.00591641811637267,0.00393482247453036,0.0021270288719033,0.00254585632753512,0.00381025981084138,0.000504881717359629,-0.00253148844309973,-0.00068200190592438,0.00114106548918391,0.00117345181305972,0.00150008365971832,0.00266440618150821,0.00517326140955499,0.0086004964756321,0.0129254076634908,0.0121849163482146,0.0110223013950059,0.00921521504161937,0.00812613268677853,0.00782595712465217
728,"SSD","South Sudan",NA,NA,NA,NA,NA,NA,NA,NA,NA,NA,NA,NA,NA,NA,NA,NA,NA,NA,NA,NA,NA,0.00946915248097757,0.00678842937330626,0.0131831747740099
724,"ESP","Spain",0.0127030981395511,0.0154540778639565,0.018039813616278,0.0199595224044757,0.0186936462342815,0.0165897721528994,0.0134209815172437,0.00946948534930692,0.00825848370390014,0.00519165973715152,0.00473828676393717,0.00283919714334702,0.00101024527955507,-0.00138528085078941,-0.00411285578525682,-0.00373709674702945,-0.00296753726164464,-0.00436478665227899,-0.00326210709460768,-0.00266959286053017,-0.000941472152388049,0.00116087616908467,0.00338226078445958,0.00425999751885286
144,"LKA","Sri Lanka",-0.0124416301278472,-0.0146102505814209,-0.0234113474225697,-0.0255901421679367,-0.0193109246826198,-0.0133944744719442,-0.000741771938640776,0.00438481304153848,0.00888043904170188,0.0120958264286755,0.0140532155591611,0.0178312404894942,0.0175652107790516,0.0167823617016558,0.0177989077576923,0.00950278150497552,0.00989148619916724,0.00693755776406868,-0.00282341209628325,-0.00299457580955858,-0.00798984930557832,-0.00335481650808326,0.00087687494148958,0.00394015898087452
275,"PSE","State of Palestine",NA,NA,NA,NA,NA,NA,NA,NA,NA,NA,NA,NA,NA,NA,NA,NA,NA,NA,NA,NA,NA,NA,NA,NA
729,"SDN","Sudan",0.0524736113622974,0.0485402762944527,0.0419555561225231,0.0377548387145854,0.0352940978779486,0.0339636421933107,0.031470634707949,0.027912503608726,0.0243615227561904,0.0204413272390751,0.0173579233070591,0.0149715674927946,0.010734762415523,0.00949493828941894,0.00933006747132548,0.00897879812527158,0.00954199740215622,0.00964315069269128,0.0101396727293555,0.0107558830067931,0.0115148169259993,0.0120217964012377,0.00980632965391037,0.0080967539514889
740,"SUR","Suriname",0.00923536081599963,-0.00360218522156484,-0.00983112248213685,-0.0214357158435227,-0.0326849396820037,-0.0356985211342641,-0.0358615605588725,-0.0277183975170381,-0.0262543044864682,-0.0134616296877249,0.00586296675543196,0.0139659294596217,0.0264078573481206,0.0236242545453789,0.0271037513319912,0.0297807930980771,0.0254537782079913,0.0210223861035899,0.0128416684788102,0.00417852897879878,0.0045223668005363,0.00256997617210741,0.00157498831067704,-0.00070981417911556
752,"SWE","Sweden",-0.00241569705533534,-0.00150289231294744,-0.00272337081012803,-0.00270571362159385,-0.000141502038012143,0.00356117149969526,-0.00488545829409444,-0.0109167599410051,-0.010382185615889,-0.0174215394205299,-0.0224617051762487,-0.0266614516340446,-0.0285962088784281,-0.0254705595370095,-0.0225494554769555,-0.0152320774590225,-0.0318766427848731,-0.0296022924829916,-0.0227900921838007,-0.023287972588648,-0.0320088026874425,-0.0418579648641622,-0.0459819729577559,-0.0467581037239967
756,"CHE","Switzerland",-0.0382742910712938,-0.0393061729430376,-0.034550632646073,-0.0300379654268964,-0.0284915980911348,-0.0273293972570014,-0.0223534772095924,-0.0149330718103961,-0.00955272592193572,-0.00329402600475637,-0.00413969619105234,-0.00555742584983498,-0.00588576724995491,-0.00650186114306501,-0.00748122994070576,-0.007473649472219,-0.00549062779290446,-0.00226714344202988,7.69323381433207e-05,0.00383554610794468,0.0038894102641287,0.00417245765553687,0.00454868137323872,0.00485405693177077
760,"SYR","Syria",NA,NA,NA,NA,NA,NA,NA,NA,NA,NA,NA,NA,NA,NA,NA,NA,NA,NA,NA,NA,NA,NA,NA,NA
158,"TWN","Taiwan",0.00937976985203681,0.0101094462169486,0.0134346938005647,0.0156339621612223,0.0165290054800828,0.0172446906239332,0.0187249544564878,0.0186311099910759,0.0208872882979492,0.019168110143081,0.0167347757652809,0.0139907001229056,0.0126411168790508,0.0106700374553184,0.00966882124353408,0.00918188464187564,0.00839647667847521,0.00736985081949015,0.00863871659248483,0.00842161182929324,0.00577269396901503,-0.000242106381023105,-0.0086033448223549,-0.0202803301893545
762,"TJK","Tajikistan",-0.00498177067627707,-0.00407866223132282,-0.00290357710157159,-0.00158679199261811,0.000842311529107187,0.0114214369752372,0.0223393875155413,0.0307559615615249,0.0380636942097925,0.0464979710931193,0.0530464309669845,0.056949460372465,0.0571254994154076,0.0570684054707833,0.0550375144542479,0.0523986149163196,0.0503879738656365,0.046990606517912,0.0426320262726563,0.0408271730647465,0.0389536976665397,0.035373789946201,0.0289131592078755,0.0246307184915948
834,"TZA","Tanzania",0.0269985702276525,0.0274181826495685,0.027350501684279,0.0285486646138113,0.0321721765361713,0.0324996838901384,0.0374075265861145,0.0347793943887156,0.0302556479881464,0.0305051983352493,0.0304614708151083,0.0286294902381301,0.026825417334065,0.0267072205618351,0.0305688463730647,0.0317154929484336,0.0352907679595231,0.0334390172634205,0.030158809773098,0.0273802067015216,0.0246607197185913,0.0224214930470643,0.0211659981023107,0.0185377244582825
764,"THA","Thailand",0.0019179156940976,0.000137945808550421,0.00180380683104286,0.00345871961999067,0.00670541933692625,0.0105397064203196,0.0135559467384487,0.0156547775203206,0.0207874890794713,0.0226361096000376,0.0250882868927835,0.0281061912463361,0.0277792787378006,0.0253809088751562,0.022857925167642,0.0169587561314317,0.00848352855100143,0.00100170050198378,-0.00702744732565493,-0.0197371081804143,-0.0326315212844209,-0.0327318642937344,-0.0285576099699499,-0.020668047698593
626,"TLS","Timor-Leste",NA,NA,NA,NA,NA,NA,NA,NA,NA,NA,0.246403774540095,0.224756148948219,0.204680468497496,0.167177600597134,0.108972214649342,0.0358472218250963,-0.0283807421822907,-0.0721442532821523,-0.103477296598737,-0.101550836903199,-0.118351273713296,-0.140523854712481,-0.139092510271021,-0.122265621331543
768,"TGO","Togo",0.0390718105426293,0.0461038633273954,0.0464118797657453,0.0451705943968541,0.0427172154508102,0.0366097824505065,0.0345909002856064,0.0290040464150763,0.0244541696464093,0.0259429124288562,0.0272040550022481,0.0286254517928941,0.0289001600632184,0.0290462664642852,0.0310003813169588,0.0264985050864299,0.0317620512147836,0.0321048503985772,0.0285159544596745,0.0264079922347937,0.0258735536459571,0.026506732220557,0.0275681408096384,0.0270242338055051
776,"TON","Tonga",-0.00675518645859339,-0.00385150626629092,-0.00182597969677972,0.00199983015445571,0.00557583890468383,0.0081188225615183,0.00762830310167972,0.0069702938468903,0.00574851915460717,0.00392724886512119,0.00276526812086852,0.00285117447690397,0.00260099001985359,0.00308896208188592,0.00370343130578177,0.00403838897952591,0.00458643063570818,0.0051124722720195,0.00557992925864603,0.00595248420304562,0.00603618547880691,0.00598925395113392,0.0055733649475902,NA
780,"TTO","Trinidad and Tobago",0.041497843076933,0.0608468934562472,0.0761346289254394,0.0894063145243083,0.10827722456317,0.125349613636713,0.133082575700258,0.140283187933253,0.132899278885269,0.1215589564626,0.103819864770335,0.0884153889094839,0.0643512663793353,0.0390536269784991,0.0241230926618994,0.0109904856848184,-0.00381878259247088,-0.0221546744785436,-0.0285163033891422,-0.0280522482514356,-0.0195593966464511,-0.0131557981864269,-0.00648927711263128,-0.00542466320320088
788,"TUN","Tunisia",0.0245767501635876,0.0258784307649764,0.028849020997705,0.030512400005051,0.0290121705625488,0.0252956023237432,0.0205284968053943,0.0198821470325745,0.0179054897914777,0.0205740024994243,0.0240755964133519,0.0244377682393899,0.0217355134360291,0.0170024257635135,0.00980704867787519,0.001801143566313,-0.00805190281609103,-0.0191077827668023,-0.0338257093018658,-0.0344014758775335,-0.0327543647480449,-0.0260736830770607,-0.0208465132371371,-0.015304422723564
792,"TUR","Turkiye",0.034647250685039,0.0443516688318011,0.0485084936411291,0.044754881232139,0.0374259960059453,0.0218837057152359,0.00858389533357262,0.00382190145507177,0.00523596084518752,0.00651503334028503,0.0122870004124309,0.0242985437377168,0.0371346713218181,0.0451680617437529,0.0522140630259449,0.0520731700694081,0.0494933071851538,0.0479202135176457,0.0456712901408769,0.0411094255300493,0.0341368131535227,0.0289137089639815,0.0239559272839076,0.0220411066760793
795,"TKM","Turkmenistan",-0.00349709165090514,-0.00188561879460248,0.000253853446172236,0.0365934130581911,0.0893114427534694,0.113020748831087,0.12614648707534,0.136407722947747,0.10280540836881,0.068007122498646,0.0262655603246265,0.00659772329747343,-0.000633967051027448,-0.00191778156374516,0.00710865988279452,0.0178195661566158,0.0278375470076562,0.0342665750808828,0.0387546837759085,0.0473854500072557,0.0311960239011966,0.0122624727326861,NA,NA
796,"TCA","Turks and Caicos Islands",NA,NA,NA,NA,NA,NA,NA,NA,NA,NA,NA,NA,NA,NA,NA,NA,NA,NA,NA,NA,NA,-0.020483233747359,-0.019028743573389,-0.0148608786134786
798,"TUV","Tuvalu",0.00968279937478611,0.00531733370500187,0.00612566482982735,0.00830209790666658,0.00842804032652178,0.00920228081167584,0.00939544981791296,0.00895030855484058,0.00908225279811647,0.00925979932214305,0.00967020099891536,0.00949407104944999,0.00926072628589081,0.00984838982217817,0.0100719749072622,0.010461065715704,0.0105384573772616,0.0104095684167045,0.0102745566799101,0.0103819351247492,0.0103816289082641,0.0100663865638322,0.00981570748562088,0.00946021647183248
800,"UGA","Uganda",0.0246111653326111,0.0234604988675118,0.0227909676567501,0.0233196696196045,0.0263904885006139,0.0271820428996277,0.0289921190302711,0.0274876057810356,0.0294199702418052,0.0411339835622364,0.0478903377291173,0.0528625145849027,0.0530791953669036,0.0521515948964106,0.050813621730706,0.0473067065432293,0.0436403935640237,0.0306394426642458,0.0178406931079482,0.0156616411703632,0.0145832590585258,0.0160036544892197,0.0160396739042155,0.0170379061630759
804,"UKR","Ukraine",0,-0.00747179862830957,-0.0172219054480277,-0.0287398266944785,-0.0353351792340664,-0.0431703644032336,-0.0337061139391546,-0.025100073089973,-0.0144314515588936,-0.00998761287402083,-0.0115724860395779,-0.0178915544144447,-0.0162237760714322,-0.0113288382025009,-0.00382842451353175,-0.00283641964222363,-0.00154354384349687,-0.00151602992527572,-0.00230497636604291,-0.00391302841202037,-0.00862293431204913,-0.0136510265640333,-0.0240779259483122,-0.0233887407831343
784,"ARE","United Arab Emirates",0.0271606219111002,0.0213002238804074,0.016241501002985,0.00832154662646811,0.00955670425644439,0.00753748593452208,0.0101435273876569,0.017753160950571,0.0220286613708089,0.022326112052041,0.0192849143390796,0.0209095867589566,0.0245554393855534,0.0251785435461811,0.0278187160691601,0.0263068489866327,0.0295147794580779,0.0337209390695352,0.0309585365905591,0.0240767554141217,0.018567617699325,0.012423865663028,0.008061497923326,0.00731738471661436
826,"GBR","United Kingdom",-0.0330713005860431,-0.0444675396366841,-0.0509947922616605,-0.0596748479401707,-0.0698011374790249,-0.0847464579605004,-0.094306121575879,-0.101795010255193,-0.106427631506708,-0.112092075359764,-0.111365737704846,-0.114981941824545,-0.112775111205749,-0.110651090940804,-0.105585738440054,-0.0957862022883302,-0.0861386200185994,-0.0706293733967001,-0.0532544758134107,-0.0357964190210449,-0.0212420032274818,-0.0126496741856568,-0.00926953981289435,-0.0085735344012752
840,"USA","United States of America",-0.00857789014521858,-0.0126722800598406,-0.0192843526454927,-0.025305088566599,-0.0275159176878523,-0.0271002547441021,-0.026037745011143,-0.0202398180986966,-0.0117449676730243,-0.00319231311429476,-0.00188073555506244,-0.0019728585547201,-0.00269382340749118,-0.00678541868048338,-0.0106738641091543,-0.0140821561868974,-0.0192916619340908,-0.0237904343254024,-0.0217758575654919,-0.00988838805282903,-0.00222056328835108,-0.00249404391260727,-0.00115440428997764,-0.000511756897668151
858,"URY","Uruguay",0.0103209490299592,0.00289465839443581,-0.00316992545761758,-0.00481819841701304,-0.00141286167679102,0.00313100435624292,0.00657557604257608,0.0122068130673783,0.0151138780508799,0.0200312558233644,0.0225380577373733,0.0191816306033912,0.0144216038019618,0.00928314784218642,0.00525719712906692,0.0054586029190764,0.00661972313095416,0.00939903495404604,0.00894617740254122,0.0118302504406662,0.0135475066646153,0.0123561580064013,0.0132649007430041,0.0111369574531588
860,"UZB","Uzbekistan",0.018131661505947,0.020234005053519,0.0265320801555546,0.0311934782912471,0.0298633543961511,0.0296283522263865,0.0343372278879874,0.0407072534173127,0.0388239048286092,0.0409402924996982,0.0297672818407471,0.0211125257320193,0.016816212355145,0.0210626658215316,0.017432449846672,0.00867435247076576,0.00660296005425054,0.00865476285526756,0.00798198102793157,0.0159382375064097,0.0164103613818312,0.0142981028573621,0.0132417255127251,0.0143838392847488
548,"VUT","Vanuatu",0.0218421165542939,0.0140564660308242,0.00409743406276464,-0.00259731470671864,-0.004685530730603,-0.00401593154077128,-0.000800752480010122,0.00291305747808956,0.0138436724407884,0.0240580857342976,0.0301673932513942,0.0330890319522221,0.0317275043026608,0.0282726695699387,0.0248133463242473,0.0203771720149475,0.00980725191707332,-0.0106792597811595,-0.0313894472099471,-0.0389153427640467,-0.0565144744407147,-0.0659541745725363,-0.0653417909395952,-0.0637976948150846
862,"VEN","Venezuela",0.0408995806902075,0.0404300345932731,0.0378324871892655,0.030610154944027,0.0214894871051947,0.0137798354223724,0.00983500278556138,0.0057677383210677,0.00474826697429953,0.00744139647164554,0.00564699808158631,0.0028461153493875,0.000582187623582753,0.000287210036361119,-0.000390025516877548,-0.000416541371127113,-0.00107685072722623,-0.00251601956775754,-0.00140220894425707,-0.00133789421253398,-0.00126064239071519,-0.00124458813157296,-0.000612403985094915,-0.00165834195202509
704,"VNM","Viet Nam",0.0328400147836896,0.0306119517386783,0.0276366050463039,0.0251487143649001,0.0235179782830182,0.024297945643869,0.0270739280528987,0.0296940978236175,0.030720496027538,0.029939376378276,0.0308944767848214,0.0297366338887137,0.0257640435044537,0.019875670842745,0.0135848769776228,0.0103732300279711,0.00660454608495642,0.00338312439711475,0.000851120157894014,-0.00182521559738395,-0.00277002813310577,-0.00514635345443771,-0.00215013555482705,0.000307522463153242
876,"WLF","Wallis and Futuna Islands",NA,NA,NA,NA,NA,NA,NA,NA,NA,NA,NA,NA,NA,NA,NA,NA,NA,NA,NA,NA,NA,NA,NA,NA
732,"ESH","Western Sahara",NA,NA,NA,NA,NA,NA,NA,NA,NA,NA,NA,NA,NA,NA,NA,NA,NA,NA,NA,NA,NA,NA,NA,NA
887,"YEM","Yemen",0.0358482237442044,0.0426405359381279,0.0433931776484782,0.0390681740938579,0.0439445553348778,0.0486977385343463,0.0528197478391026,0.0633625249809504,0.0714505013537947,0.0670770022396532,0.0642934162966688,0.0681823267927817,0.0606865163699994,0.0412588831743745,0.0319695957277297,0.0148731787764675,-0.00869787307846476,-0.0162457335999251,-0.0115395127786781,-0.0116378110685304,-0.0127463842394481,-0.0178401219911792,-0.0181754587807574,-0.0187794478964619
894,"ZMB","Zambia",0.000802601426890925,-0.000493331472593809,0.000363799366996709,0.00618051340412751,0.0141145239816465,0.0195633817202534,0.0253931846105502,0.0223871387929948,0.0200146087924851,0.0211344521793715,0.0165096601375283,0.0123590807400236,0.00506231275819391,0.00702714186600617,0.0122624492780563,0.0149396711842076,0.0198003199298085,0.0191629535523734,0.0163831256127727,0.0140633747995933,0.0102720740988613,0.00764116202953558,0.00170484096963164,0.00106643856670385
716,"ZWE","Zimbabwe",0.0101105438314537,0.0182031730360486,0.0235900408191423,0.0258495120489037,0.015693954420527,0.00668647954464907,-0.000912091907276758,-0.00204979669673195,-0.00257310301721643,-0.00387799086999689,-0.00300952791461726,0.00250532855219854,0.0129391951345899,0.0160626758298943,0.0152959810438802,0.0116302622168223,0.0109536197639895,0.00359306383145741,-0.00105495193210391,-0.00691458762523633,-0.0129133545684534,-0.013059404493242,-0.00751751727366703,-0.00416605927352204
