"code","iso","country","FGA.raw.1999","FGA.raw.2000","FGA.raw.2001","FGA.raw.2002","FGA.raw.2003","FGA.raw.2004","FGA.raw.2005","FGA.raw.2006","FGA.raw.2007","FGA.raw.2008","FGA.raw.2009","FGA.raw.2010","FGA.raw.2011","FGA.raw.2012","FGA.raw.2013","FGA.raw.2014","FGA.raw.2015","FGA.raw.2016","FGA.raw.2017","FGA.raw.2018","FGA.raw.2019","FGA.raw.2020","FGA.raw.2021","FGA.raw.2022"
4,"AFG","Afghanistan",NA,NA,NA,NA,NA,NA,NA,NA,NA,NA,NA,NA,0.074492061770933,0.049387274013893,0.0317080136741743,0.0249093592074356,0.0302836437934906,0.0418971661792502,0.0557069255486131,0.0723768082583365,0.0891729543514561,0.101733235735854,0.109593983246589,NA
8,"ALB","Albania",0.761859863476619,0.622063633211848,0.589982882167531,0.535091629791238,0.463728031479903,0.41997366373043,0.381550870756396,0.335500189138451,0.275939922526958,0.209239049709627,0.146028934430289,0.106082690592835,0.0745350416611328,0.0493445341949579,0.0317332922903821,0.0247726221621327,0.0303230601685287,0.0421084990009097,0.0557413772435082,0.0724466786900613,0.0892425316757779,0.101821661964125,0.109472879259334,0.11077391057343
12,"DZA","Algeria",0.0253335274690794,0.10906206950284,0.175650944864653,0.228613373711499,0.257059355306876,0.258136045527109,0.228648082954734,0.198821091572976,0.161891753267657,0.1277356824465,0.097342296804199,0.0789469079992198,0.0624557956004324,0.0482369518503285,0.0377825536163601,0.0332703675060451,0.0363490270062758,0.0436860434908561,0.0525486648124662,0.0638537298497128,0.0750035706572478,0.0834844304534985,0.0888014017737049,0.089776945062336
20,"AND","Andorra",NA,NA,NA,NA,NA,NA,NA,NA,NA,NA,NA,NA,NA,NA,NA,NA,NA,NA,NA,NA,-0.0346708405536331,-0.0467527568490481,-0.0534795262433438,-0.060800987891404
24,"AGO","Angola",0.762369697845512,0.622656184201521,0.590374788294085,0.534601485203126,0.463349979886383,0.419550558282176,0.380992707396828,0.335165592056519,0.27565165684365,0.208903982903372,0.145994531856695,0.106026517174099,0.074621270959127,0.0491132979148274,0.0316377445709992,0.0246346206505184,0.0301013964557619,0.0417448159553184,0.0555092690065724,0.0721756389770472,0.0891642484593114,0.101757289017612,0.10977820664413,0.11108155455739
660,"AIA","Anguilla",NA,NA,NA,NA,NA,NA,NA,NA,NA,NA,NA,NA,NA,NA,NA,NA,NA,NA,NA,NA,NA,NA,NA,NA
28,"ATG","Antigua and Barbuda",NA,NA,NA,NA,NA,NA,NA,NA,NA,NA,NA,NA,NA,NA,NA,NA,NA,NA,NA,NA,NA,NA,NA,NA
32,"ARG","Argentina",-0.0596276181681121,0.0708711955022776,0.24332351999581,0.267263723708551,0.303015253209058,0.333902695237896,0.32530952437964,0.301831576668588,0.259004964732344,0.214546773776357,0.15414808551298,0.110303906641162,0.0703269633253303,0.0389719853753165,0.0176557313624526,0.012950741491343,0.0204700375196036,0.0353716938332933,0.0525720549220678,0.0712278502828694,0.0884114298363086,0.100133923947171,0.105567050552631,0.103650687829721
51,"ARM","Armenia",0.761835528295379,0.62236850410432,0.590094856687258,0.534874369322152,0.463529919628651,0.419748448420546,0.38134290410146,0.335417935027445,0.275809454987647,0.209095624080825,0.145875092975447,0.106135487585053,0.0745882861022134,0.0493050809799014,0.0318143254319239,0.0246545934408307,0.0298425635927302,0.0416261176957595,0.0555023627292979,0.0723932529943965,0.089174251564931,0.101853189986965,0.109662779663132,0.110971895321171
533,"ABW","Aruba",NA,NA,NA,NA,NA,NA,NA,NA,NA,NA,NA,NA,NA,NA,NA,NA,NA,NA,NA,NA,NA,NA,NA,NA
36,"AUS","Australia",-0.0505963722169562,-0.0287777881817844,-0.00145669472388932,0.0361086787204772,0.0703562369596091,0.0982264128525552,0.0984689212992929,0.0964226438853799,0.093639021225147,0.0808531945049784,0.0745790167045071,0.0612981651459135,0.046767839662867,0.0319208006961242,0.0245847408072428,0.0247755061211998,0.0323962496703147,0.0370907653843424,0.0436926252783085,0.0396262584211391,0.0449585336877576,0.0459309511645096,0.0488891009692554,0.043352764791823
40,"AUT","Austria",0.09462919509609,0.068023944103418,0.0540554015270542,0.0289578618881183,0.0147274964812043,0.00845555394372299,0.0109179932448424,0.0160525784876633,0.0242234155051066,0.0256259459039434,0.0158016985031391,0.00535037118710036,0.00248429476567957,0.00387995643529715,0.00685869386124027,0.0127043845731445,0.0193954563949634,0.0253640713923065,0.0325960281988071,0.0381925202362248,0.0331957221548598,0.0303668090852709,0.0257007614616283,0.0231427894382314
31,"AZE","Azerbaijan",-0.00376828999341428,0.0688790616798056,0.134341255882477,0.1866758602876,0.205565578171183,0.198863192588399,0.153901350962329,0.119916085107195,0.107596103595922,0.105027904439578,0.104154825414554,0.108601490215704,0.093704180079111,0.0789807935281919,0.0648528531848127,0.0546254720597374,0.047124741178302,0.0397953102623902,0.0408260284287834,0.047075705294116,0.0528414044755945,0.0621743092389149,0.0589031962450985,0.0580923904370849
44,"BHS","Bahamas",NA,NA,NA,NA,NA,NA,NA,NA,NA,NA,NA,NA,NA,NA,NA,NA,NA,NA,NA,NA,NA,NA,NA,NA
48,"BHR","Bahrain",-0.124368686936412,-0.0152011409997501,-0.020367226761688,-0.00254883691218089,0.0498119175406799,0.113824126168428,0.119147466341564,0.12155035610707,0.124938400626341,0.114113187063132,0.0882979113192286,0.0671178196532052,0.0443496231177551,0.0217847831884104,0.00399172972365047,-0.00648957656087601,-0.00442660364775038,0.0076866678348082,0.0334077649709486,0.0522738417481676,0.0675606923944956,0.080730711276451,0.0918988696641418,0.0954058206976565
50,"BGD","Bangladesh",0.76201030818981,0.622427699883974,0.590287500740318,0.535054738110078,0.463638004097616,0.41988669877495,0.381384611113792,0.335307834832826,0.275794522746417,0.208908483277783,0.146208373507584,0.106429624674513,0.075128219376037,0.0499661411448267,0.0319774075188173,0.0246974204893593,0.0299482543405025,0.0414013576841692,0.0551458236362601,0.0718889795191322,0.0889000331061804,0.101363505466653,0.109563048608435,0.111134480083466
52,"BRB","Barbados",NA,NA,NA,NA,NA,NA,NA,NA,NA,NA,NA,NA,NA,NA,NA,NA,NA,NA,NA,NA,NA,NA,NA,NA
112,"BLR","Belarus",NA,NA,NA,NA,NA,0.0626139095129654,0.0770534485971719,0.0871067721333862,0.0950884935632503,0.0991703425602617,0.100591428887049,0.105397807782239,0.10869909178741,0.114234307461559,0.11531051631031,0.121819818598487,0.125832131991914,0.121140734294253,0.111387492538981,0.0972034121075638,0.0820353813643477,0.0698454991977184,0.0562241959651539,0.0478556595084467
56,"BEL","Belgium",0.0654907595900869,0.0533495189727644,0.0264713835463108,0.0279089350500379,0.0328280027661316,0.0440192025921895,0.0529890982651513,0.0609747751866279,0.0592701556485011,0.0677489617672018,0.0715450856972699,0.0722077408840891,0.0669416801613207,0.0573978680298062,0.0514042462457636,0.0467015788368328,0.036735491363487,0.0260964868055431,0.0153655927591769,0.01113408029688,0.00416890384403579,-0.00854136800205463,-0.0181125681937634,-0.0252165599576631
84,"BLZ","Belize",0.00693476479964916,0.00688858219528066,0.00676761544976268,0.00657234358610781,0.0066751612211442,0.00670476694553623,0.00666158794496652,0.00654606211132336,0.00651570966597048,0.00658170195180419,0.00657680899193225,0.00650143857545737,0.00635600862066776,0.00629319274466922,0.0140971876670011,0.0255438445639435,0.0373020007315825,0.0471138939728908,0.0537885962036497,0.0600739042026592,0.0637099170368838,0.0638555542781902,0.059864883044878,0.0513754091424596
204,"BEN","Benin",0.762252955424959,0.622819963482639,0.590484512237822,0.535235467391241,0.463779802791569,0.420020675725668,0.381345291262304,0.335471736811957,0.275766932180101,0.209031781762511,0.145908479588258,0.105990470381634,0.0745090115213509,0.0492350298022319,0.031764076403697,0.0247047573690771,0.0300105267944453,0.0416443460183182,0.0554275512565785,0.0722112693521053,0.0890438095404764,0.101697243536444,0.109607470255217,0.110839724817086
60,"BMU","Bermuda",NA,NA,NA,NA,NA,NA,NA,NA,NA,NA,NA,NA,NA,NA,NA,NA,NA,NA,NA,NA,NA,NA,NA,NA
64,"BTN","Bhutan",NA,NA,NA,NA,NA,NA,NA,NA,NA,NA,NA,NA,NA,NA,NA,NA,NA,NA,NA,NA,NA,NA,NA,NA
68,"BOL","Bolivia",-0.0719685835672023,-0.104535219341194,-0.106573919429613,-0.0846856712759357,-0.0472829432476284,0.00615755579028843,0.0569147702320141,0.0984835714323085,0.126011847411184,0.124550248435591,0.111714760027174,0.0973942490062119,0.091525881665131,0.0950142672404126,0.0959569232298632,0.0968783079429285,0.0925822150478768,0.08367753294879,0.0793943803615837,0.0734478074263527,0.06428310146199,0.0640636938432617,0.0625333794394858,0.0617108460056022
70,"BIH","Bosnia and Herzegovina",NA,NA,NA,NA,0.34638523772669,0.333530757287175,0.278862960642064,0.194772412272193,0.0875680024654675,0.0170390926476611,-0.0263324057681437,-0.0520923364301388,-0.0864687202397645,-0.0978191982436598,-0.130506802934653,-0.127420997099483,-0.139428857701898,-0.136069033538058,-0.0953870995007366,-0.0694842206596707,-0.0556867370231821,-0.0354851732528715,-0.00934838046292974,0.0161009902987044
72,"BWA","Botswana",0.762301719121206,0.62245237459839,0.590317485839458,0.535053824608404,0.463531804894898,0.419509351146456,0.380792863269898,0.334597560862895,0.275279563011736,0.208800485831573,0.146028230694788,0.106242315729208,0.0749168720095164,0.0497616366737625,0.0321451232693928,0.0249054335413894,0.0300634998480356,0.0415816792255048,0.0553421316742586,0.0722095219543135,0.089069741515871,0.101795870156926,0.109736047368158,0.11111425671533
76,"BRA","Brazil",-0.0621843916610128,-0.0820684666912025,-0.0942699780275328,-0.0844788057489873,-0.0607741860011064,-0.0219599701816222,0.00906578176606487,0.0407425571447855,0.0789781457639838,0.0944423413830551,0.122754171750609,0.127616343364876,0.112304052404071,0.101285569173297,0.0910830848247042,0.0848985709778898,0.0718357303508208,0.0697153943671778,0.0675248634872834,0.0679330068384516,0.0636804563088065,0.0664672269268205,0.06091762400143,0.0560662726613521
92,"VGB","British Virgin Islands",NA,NA,NA,NA,NA,NA,NA,NA,NA,NA,NA,NA,NA,NA,NA,NA,NA,NA,NA,NA,NA,NA,NA,NA
96,"BRN","Brunei Darussalam",0.761804834625357,0.622040864059104,0.589802472117641,0.534765568077056,0.463450099393026,0.419998429007083,0.381444687874061,0.335466649575044,0.275980136207201,0.209306525308289,0.146025967088907,0.106133983418433,0.0745699810257059,0.0493122280968157,0.03174344311428,0.0247675102963976,0.0299576770929735,0.0417840648338839,0.0557878757900254,0.0725593810775342,0.089291303951148,0.101715675149129,0.109433467106709,0.110676816403149
100,"BGR","Bulgaria",0.269280417393162,0.313786422454657,0.347189729025114,0.36370759633736,0.360623541538015,0.356469096641621,0.368161452014729,0.383922629284649,0.390651437175366,0.410178717955962,0.399687053546159,0.37288419005755,0.334605852175063,0.284434885924649,0.233373612044381,0.184781885741786,0.149548747733804,0.129750675139132,0.123980600909605,0.146339483731444,0.139772081204838,0.127223802992364,0.114439858978208,0.101002315593399
854,"BFA","Burkina Faso",0.761811629840221,0.622113139642348,0.590040837133473,0.534763874366228,0.463240312902397,0.419558383318061,0.381000763286951,0.335170967847408,0.275643204795899,0.208957249744631,0.146167712929691,0.106329255394812,0.074749923301606,0.0495753920859296,0.0319411325085137,0.0249166551307025,0.0301583988127745,0.0417263894993418,0.0554452557558744,0.0721111474134033,0.0890005804830765,0.10165228986266,0.109480551315892,0.111120913601847
108,"BDI","Burundi",0.762479012985636,0.622559552609373,0.590350412823254,0.535119443943076,0.463613063748756,0.41981995085156,0.381085869985065,0.334953112069637,0.275352382224964,0.208836236567016,0.146005450059496,0.106028799702558,0.0745302656369085,0.0493387716295852,0.0319061162748091,0.0246376310634016,0.0300396230303037,0.0417423210060646,0.0554019014030569,0.0722595454415693,0.0891680149430532,0.101738937116034,0.109613656899348,0.110899500922532
132,"CPV","Cabo Verde",NA,NA,NA,NA,NA,NA,0.625504357129294,0.49245243592586,0.428367251592777,0.38844629057541,0.35550162722794,0.320026092763523,0.277704563837292,0.240515234387589,0.208120186631468,0.178709798092766,0.150786146935384,0.125877140341469,0.105739601271147,0.0914056676342605,0.0829493995606607,0.0800735681695692,0.0739991615288877,0.0687675171231703
116,"KHM","Cambodia",NA,NA,NA,0.534787737447147,0.463702640024169,0.419808488897945,0.381235349087088,0.33500304760499,0.275780069555105,0.209052924948558,0.146006450434592,0.106180560866723,0.074688040823025,0.0492341318917022,0.0317898633589302,0.0245271942577625,0.0297493549740742,0.0415114408009194,0.0554238832161837,0.0721423329304953,0.0890054875293014,0.101743572520382,0.10966601266483,0.11099533705004
120,"CMR","Cameroon",0.0181168089084447,0.0237089383151505,0.0220010772412707,0.0235814400819083,0.0277143462239331,0.0404155536794013,0.0489468164881244,0.0563483172629748,0.0679633726381454,0.0612203182208282,0.0497548594560933,0.0359172260922453,0.013121170433372,-0.00571465035823837,-0.0207650363785279,-0.0137794922154008,-0.00494930632118618,0.0125731661506778,0.0376790784461667,0.0600146799138226,0.078294030954509,0.0926007380589118,0.101491637748957,0.101520719407071
124,"CAN","Canada",-0.0128821292323829,-0.0173887789922587,-0.0210403015778656,-0.0199501341085466,-0.0195266102599206,-0.0141590642406633,-0.0184582930004696,-0.012543994433461,0.00394851674219532,0.0137611567220741,0.0194129203779905,0.0204556715234077,0.0170174402298893,0.0193113207158477,0.015229213910225,0.0155234559824242,0.0055603917951812,0.00668705662258184,0.0190836028325809,0.024760701672188,0.0251584174853552,0.0240957604280736,0.023260524470577,0.020555139530287
136,"CYM","Cayman Islands",NA,NA,NA,NA,NA,NA,NA,NA,NA,NA,NA,NA,NA,NA,NA,NA,NA,NA,NA,NA,NA,NA,NA,NA
140,"CAF","Central African Republic",0.761809853225882,0.622221282734494,0.59010794224868,0.534924615806408,0.463862566030988,0.420496264778496,0.381695506846633,0.33552718929239,0.275659255877093,0.208616215547081,0.145699072596813,0.105958205199868,0.074512522877183,0.0491352771466516,0.0317736511620184,0.0249693536810291,0.0301714848018713,0.0417419075808949,0.0553786765412256,0.0719315513896979,0.0887747277321622,0.101588432584416,0.109603872732431,0.110902762746656
148,"TCD","Chad",0.761719562363723,0.622350420301198,0.590293630942149,0.535105842062869,0.463342309564241,0.419750976098082,0.381300685726597,0.335013296567919,0.275492833016126,0.208924946346958,0.145932137053396,0.106211468586048,0.0747796223288779,0.0496790588218252,0.0319625076839025,0.0250012355525702,0.0303813967443602,0.041848174806854,0.0555286271998727,0.0723239291065196,0.0889544916125704,0.101610389397169,0.109480909774924,0.110885193298854
152,"CHL","Chile",0.36138538888454,0.343945396216724,0.384602053219421,0.396685400780362,0.374769168657709,0.326015076868948,0.310084423168461,0.295713778510975,0.276751875401376,0.253104576192742,0.221848754775805,0.176724216093071,0.186092237082162,0.198609821378643,0.182498291894099,0.169395222593405,0.15702265421631,0.144403017309335,0.133103589713305,0.120875437425238,0.10484989493634,0.0845259564923457,0.101942161164856,0.122212760521723
156,"CHN","China",0.278994194022742,0.28425238449236,0.285347112720319,0.263797533470465,0.260881157582449,0.264286509787405,0.27488857620556,0.274241906762876,0.241365032768286,0.189305846921198,0.160434075009323,0.139205541161891,0.126855588063784,0.105436805258075,0.0941861603446965,0.0921966520028332,0.0907748127253776,0.0949223435329691,0.0864811520305617,0.0632628909733128,0.0475856950123843,0.0386711626012235,0.0346542653481543,0.0329270912268904
170,"COL","Colombia",0.312589628297343,0.320071713789852,0.333962140450996,0.344130200946683,0.342835491033447,0.341606192544658,0.336419103990827,0.310909014256548,0.263782981077856,0.205022011970258,0.14565801177602,0.106109552441957,0.0749100218014016,0.0499781234373449,0.0326026951284246,0.0255213328427257,0.0306546964391992,0.041892178501133,0.0551176888176237,0.0712269146969227,0.0875054223338811,0.0998247056676798,0.107512764883221,0.108867925070147
174,"COM","Comoros",NA,NA,NA,NA,NA,NA,NA,NA,NA,NA,NA,NA,NA,NA,NA,NA,NA,NA,NA,NA,NA,NA,NA,NA
184,"COK","Cook Islands",NA,NA,NA,NA,NA,NA,NA,NA,NA,NA,NA,NA,NA,NA,NA,NA,NA,NA,NA,NA,NA,NA,NA,NA
188,"CRI","Costa Rica",0.529030139649505,0.522779411986954,0.522616637399801,0.49366549461728,0.442271991219435,0.405834348589525,0.371144159607577,0.327447760259232,0.270375839978221,0.205795952958326,0.144371325825007,0.105313417647423,0.0742599689946168,0.0493398415249824,0.0319112237280321,0.0247686088374584,0.0299893896721195,0.0413257167563523,0.0548696031348406,0.0712678377455394,0.0878790832449761,0.100504831125035,0.108507799648307,0.109964961488919
384,"CIV","Cote d'Ivoire",0.761634122160326,0.621963838587527,0.589804003053181,0.534732423352933,0.463277476896736,0.419747468256326,0.38125169020574,0.335383240194223,0.27591567946463,0.209265340177635,0.146068778343265,0.106156685591866,0.0746009944945196,0.0493693256381524,0.0317439459432809,0.0246511333616761,0.0299074898898155,0.041489602734061,0.0554098503214553,0.0722503866392192,0.0891428935517256,0.101741305169092,0.109704412800036,0.111001189224318
191,"HRV","Croatia",NA,NA,NA,NA,NA,-0.0753213966883056,-0.0678063294510207,-0.0399178942594838,-0.00325120357895625,0.00363753593888538,0.00342562080714481,0.0179866941426154,0.0294047939049729,0.036137519769843,0.0467953566001238,0.0533196379360352,0.0556978250858959,0.0537331040705262,0.0502877156620634,0.0416161852440555,0.0266605210268542,0.0208657962060768,0.0165306527901348,0.00964078291234349
192,"CUB","Cuba",0.761934887335502,0.622369817574941,0.590175649453652,0.53536066374648,0.463871249305931,0.420108469663003,0.381711694229097,0.335470783850209,0.275711874940715,0.209104689155822,0.145871418389838,0.105998146125974,0.0743342144806483,0.0493066162580464,0.0316989877057654,0.0246688289037367,0.0300277700727305,0.0416627072175111,0.0555077279376071,0.0723187552688953,0.089004542941231,0.101687442946395,0.109516205527974,0.110820574463589
531,"CUW","Curacao",NA,NA,NA,NA,NA,NA,NA,NA,NA,NA,NA,NA,NA,NA,NA,NA,NA,NA,NA,NA,NA,NA,NA,NA
196,"CYP","Cyprus",0.406551817133464,0.289154454169568,0.155515124686947,0.156432206210878,0.154839986336027,0.149201584043557,0.137396513305346,0.12770619276516,0.117880176598314,0.11226477758756,0.105987123586166,0.0998174520184594,0.0959431897408047,0.0890447742897673,0.0823510650046961,0.0756661391215865,0.0684641307533356,0.0616977216264507,0.0547695234639585,0.0493627357885604,0.0440230003684328,0.0396573582175899,0.0395920306278499,0.0389747907666835
203,"CZE","Czech Republic",0.210889431155936,0.258592636033104,0.296018727923122,0.318021929189142,0.317538140238511,0.285700220494107,0.235790191940284,0.206773800739718,0.20056778160088,0.193285411295012,0.17424699062695,0.16152292849534,0.150763917051857,0.139217119359958,0.126346819165471,0.108047806642673,0.0862503077146775,0.0706890106469766,0.0641115241887658,0.0590874284144778,0.0490506577496206,0.0421462641881116,0.0370991685389916,0.0329211111345635
180,"COD","Dem. Rep. Congo",0.761677123931804,0.622228468789147,0.590111090445607,0.535057741146603,0.463648009953604,0.420106234287288,0.381497404490119,0.335442263585926,0.275843788241741,0.209058569023133,0.145753032952258,0.105931649776689,0.0745055397158867,0.0492780552627754,0.0316728078361217,0.0246998786393506,0.0302634389006957,0.0418168567679249,0.0554943550521478,0.0721534850162231,0.0890572524614324,0.101778709028121,0.109616201730303,0.110871560707924
208,"DNK","Denmark",0.374159194221227,0.315588714908062,0.241857531096501,0.168517518137597,0.13329492310754,0.105039318163042,0.0838757684005413,0.0697036214446114,0.0490765007968561,0.0349217409642533,0.0314995825456597,0.0232886731596011,0.00887508516383462,2.88754664306001e-05,-0.0103742168046561,-0.020134276074523,-0.0386930536070772,-0.0462245999811735,-0.0580659841500223,-0.0550020502599994,-0.0566057797618209,-0.064760081416592,-0.0716122589256197,-0.0729408478804374
262,"DJI","Djibouti",NA,NA,NA,NA,NA,NA,NA,NA,NA,NA,NA,NA,NA,NA,NA,NA,NA,NA,NA,NA,NA,NA,NA,NA
212,"DMA","Dominica",0.141170191535864,0.124921292917793,0.106390404851294,0.0218860270744388,-0.0392790701172977,-0.0651775187464428,-0.0772695707093403,-0.108588220826291,-0.137510778749148,-0.167053199721635,-0.209488891714909,NA,NA,NA,NA,NA,NA,NA,NA,NA,NA,NA,NA,NA
214,"DOM","Dominican Republic",0.762082385433174,0.622441866163284,0.590037293254405,0.534833716071017,0.463329087364485,0.419927970993043,0.381385407908357,0.33523343726659,0.275594238854836,0.208773337483903,0.145838497742588,0.106020856737826,0.0744945601368714,0.0492457159571416,0.0316890515643025,0.024785731787611,0.0301457652734305,0.0419353208267288,0.0555782517609584,0.0724788895536506,0.0891801566168506,0.101733600445297,0.109571356027487,0.110964020431888
218,"ECU","Ecuador",0.761933450909703,0.62225327605093,0.590132882464405,0.535232886601317,0.463968519342019,0.420416675330777,0.381458096548399,0.335379522703005,0.275834681327996,0.20906882424553,0.146117582316232,0.106105354230475,0.0743792291594778,0.0492821895688351,0.0316513787400627,0.0246628665196884,0.0298866786905645,0.0415916457722356,0.0554266034589881,0.0722927399624422,0.0892334050234833,0.101772537221874,0.109623107014757,0.110976621823082
818,"EGY","Egypt",0.0243055607010709,0.0393839970536871,0.0688415859785338,0.0994235004330286,0.126017222381182,0.149311924604366,0.159032832171333,0.161745429162684,0.147384647279332,0.124102168991631,0.0968763618560995,0.0766576366151752,0.0582485319455852,0.0431515880700035,0.0318080562855412,0.0273653538200853,0.0310990611487589,0.0400285814957699,0.0496853535534958,0.0637183112200908,0.0765982788802606,0.0865532968989844,0.0931741155329571,0.094673988326301
222,"SLV","El Salvador",0.761950730572154,0.622374184088379,0.590279348151514,0.535252447371667,0.463635497748238,0.420272582600708,0.381826789863646,0.335543524707326,0.275731872081628,0.20886381829683,0.145834339052735,0.106096795220845,0.0747065136570482,0.049412758567847,0.0315449497858269,0.024649311993554,0.0301970376447545,0.0416961317949465,0.0554321694171969,0.0720692818946889,0.0889896196892184,0.101664957195442,0.109732156590646,0.111075488356644
226,"GNQ","Equatorial Guinea",0.762113823969757,0.622197152336085,0.589995077696611,0.534826061312381,0.463465154941314,0.419853375859708,0.381346548236021,0.335304502786664,0.275705615687762,0.208947775041019,0.146025916934539,0.106057959378846,0.0746019203641852,0.0493140300481505,0.0317984888233447,0.0247730163109612,0.0300831213359407,0.041789382466382,0.055458293226136,0.0721199460168218,0.0890148139599563,0.101681715777283,0.109689431804136,0.111054917227092
232,"ERI","Eritrea",NA,NA,NA,NA,NA,NA,NA,NA,NA,NA,NA,NA,NA,NA,NA,NA,NA,NA,NA,NA,NA,NA,NA,NA
233,"EST","Estonia",NA,NA,NA,NA,NA,0.165068864895872,0.150528063973617,0.138351320777937,0.124548740948825,0.101486286396069,0.0815922868709229,0.0722582519027835,0.0686927313915087,0.0610852316556738,0.0529957101597986,0.0484443541171127,0.0456990606995151,0.0487999858741253,0.0526943182636823,0.0440287083948656,0.0314199762959786,0.0209980870832236,0.00982466639584789,0.00205471764220944
748,"SWZ","Eswatini",NA,NA,NA,NA,NA,NA,NA,NA,NA,NA,NA,NA,NA,NA,NA,NA,NA,NA,NA,NA,NA,NA,NA,NA
231,"ETH","Ethiopia",NA,NA,NA,NA,NA,NA,NA,NA,NA,NA,NA,NA,NA,NA,NA,NA,NA,NA,NA,NA,NA,NA,NA,NA
234,"FRO","Faeroe Islands",NA,NA,NA,NA,NA,NA,NA,NA,NA,NA,NA,NA,NA,NA,NA,NA,NA,NA,NA,NA,NA,NA,NA,NA
238,"FLK","Falkland Islands",NA,NA,NA,NA,NA,NA,NA,NA,NA,NA,NA,NA,NA,NA,NA,NA,NA,NA,NA,NA,NA,NA,NA,NA
242,"FJI","Fiji",0.762510911501,0.622887070742444,0.590449797246198,0.535245174835235,0.463626911286297,0.419798711644851,0.381203132070049,0.335060510443563,0.275522034828872,0.208778771825456,0.14596428926055,0.106167856894162,0.0745995409303064,0.0493938709848432,0.0317770979554015,0.0247653243730193,0.0302369129873821,0.0417734421971316,0.0555187690024836,0.0721374030271114,0.0888254175551397,0.101485326632836,0.10944257362399,0.110832947447348
246,"FIN","Finland",0.479319432227655,0.554250380530835,0.546393140785945,0.435871473235318,0.266676932228072,0.211699255057175,0.175212255911158,0.149011752346388,0.12631834789649,0.107394082006888,0.0878181826500062,0.0744901633248591,0.0537122890552082,0.0340238458449555,0.0211299330007397,0.0106872725190177,0.000685725297066453,-0.00484968155237298,-0.0110939567286972,-0.015512962721277,-0.0198945292240026,-0.0257987751007621,-0.0306370382125734,-0.0347444728550882
250,"FRA","France",-0.00882874286816693,-0.0388243338474366,-0.0589982508386352,-0.0695162130786559,-0.0736880759200852,-0.0730025843539963,-0.0648222718894443,-0.0434753434222841,-0.00689251205367325,0.0279864700954355,0.0355340428496085,0.0354807620069615,0.0352643202856302,0.0341082178771619,0.0331324124935466,0.02677926728728,0.0194149468095497,0.0132961957882849,0.00606737228856757,-0.00438764376656664,-0.019595231454499,-0.0342809367108656,-0.0460021112350041,-0.0558797398108722
258,"PYF","French Polynesia",NA,NA,NA,NA,NA,NA,NA,NA,NA,NA,NA,NA,NA,NA,NA,NA,NA,NA,NA,NA,NA,NA,NA,NA
266,"GAB","Gabon",0.762023828386383,0.62218389842805,0.589978100374748,0.534938247730143,0.463362981137099,0.419733076233267,0.381007170246231,0.335229306680725,0.27574530549912,0.209166516834218,0.146265008773239,0.106331653945694,0.074824759478338,0.0495567501832554,0.0318830037820752,0.0248133758412583,0.0300560563544494,0.0417300364301985,0.0554752903769558,0.072223286034157,0.0890526967894707,0.101623384177578,0.109838767648491,0.110898378051418
270,"GMB","Gambia",NA,NA,NA,NA,NA,NA,NA,NA,NA,NA,NA,NA,NA,NA,NA,NA,NA,NA,NA,NA,NA,NA,NA,NA
268,"GEO","Georgia",NA,0.258986073069996,0.919829197230189,1.76412207072276,2.64500119154164,3.35567074006673,3.68183763484288,3.50991032929614,2.9048362214341,2.02625237220165,1.08476731495721,0.167209128620655,0.0780868042704301,0.0403380337299002,-0.0161753311138048,-0.0508592563378107,-0.0690877136284843,-0.0721376068474332,-0.0517014445238914,-0.00835834363617127,0.0579841122868776,0.0348298986119993,0.0412671439602419,0.0728112003225199
276,"DEU","Germany",0.0730181724097836,0.0737590172027005,0.054699587519754,0.0246428675740631,0.00242142213884122,-0.0136860003604479,-0.0264297607901489,-0.0338567041845014,-0.0319441841968344,-0.032702949308162,-0.0344279716196781,-0.020371721884728,-0.0144748536661127,-0.0126741788520952,-0.00979292827910327,-0.00509835083412191,-0.0013826183696003,0.00304818821631536,0.010245679178275,0.00916631802551016,0.00196348747562758,-0.00336915094682844,-0.00917683666182689,-0.0135853685843006
288,"GHA","Ghana",-0.0838719735959905,-0.0643636309558308,-0.052481365655115,-0.0224969121319789,0.00883741973173247,0.0395564991066293,0.0669230720428375,0.0976952742720336,0.12975212319577,0.0865106557024529,0.0779281387079807,0.0784273235929642,0.0591694346849541,0.0471174553338616,0.0297319577538717,0.0221081794147893,0.0262440282148269,0.0398867099567559,0.0535689580579983,0.070420113637113,0.0873601894016733,0.100187636078131,0.10860647507879,0.110213811467587
300,"GRC","Greece",-0.033816174155135,-0.0135122324357019,-0.00277044863955167,0.0240213243081322,0.0474404867399145,0.0812322067263183,0.11908795517346,0.130087252638788,0.138289799223058,0.141758637764244,0.138064960829993,0.130993084458706,0.111383884339157,0.101658887735643,0.0856805944550372,0.0758738248425876,0.0668228925138312,0.0585486051907049,0.0545849350434706,0.043360578255077,0.0259161957404139,0.00872934301079065,-0.00782179963838991,-0.0191365411964568
304,"GRL","Greenland",NA,NA,NA,NA,NA,NA,NA,NA,NA,NA,NA,NA,NA,NA,NA,NA,NA,NA,NA,NA,NA,NA,NA,NA
308,"GRD","Grenada",0.0596974707980626,0.0584191874948834,0.080079540380422,0.111349889952189,0.146539212487735,0.177682389870873,0.210769315650105,0.245042704067824,0.274779312066223,0.291092066933611,0.286789394221089,0.258408420340352,0.237228537800811,0.221663402332906,0.210872278757875,0.185478052304936,0.158838900078748,0.137816497634821,0.122517135277178,0.110342571765823,0.0986474347819322,0.089844934099425,0.0784939032384735,0.0712464851378001
320,"GTM","Guatemala",0.762044038320167,0.622257511918697,0.590053480319566,0.534905786413147,0.463511448515433,0.419874589171642,0.381635996553156,0.335658248646293,0.276082196113161,0.209023892580005,0.146004669794179,0.105857601772167,0.0742920511423031,0.048841202570151,0.0314625524120158,0.0245418526434791,0.0300675240307955,0.0418090851838393,0.0555819662441264,0.0722308439124997,0.0890436862547981,0.101658693356665,0.109565556508606,0.110764857285245
831,"GGY","Guernsey",NA,NA,NA,NA,NA,NA,NA,NA,NA,NA,NA,NA,NA,NA,NA,NA,NA,NA,NA,NA,NA,NA,NA,NA
324,"GIN","Guinea",0.761812713111432,0.621950181025117,0.589777634706469,0.534669682509033,0.463129045174468,0.419626964117594,0.381282208457699,0.335044624475345,0.275658816681527,0.209231852591739,0.146279502985492,0.106483426091574,0.074857494214172,0.0493889020854041,0.0316357794842497,0.0246984467298494,0.03008553011138,0.0416862718017572,0.0554604255285278,0.072317403819399,0.0891525032146261,0.101793800946622,0.109736714761729,0.110950511339625
624,"GNB","Guinea-Bissau",NA,NA,NA,NA,NA,NA,NA,NA,NA,NA,NA,NA,NA,NA,NA,NA,NA,NA,NA,NA,NA,NA,NA,NA
328,"GUY","Guyana",NA,NA,NA,NA,NA,NA,NA,NA,NA,NA,NA,NA,NA,NA,NA,NA,NA,NA,NA,NA,NA,NA,NA,NA
332,"HTI","Haiti",NA,NA,NA,NA,NA,NA,NA,NA,NA,NA,NA,NA,NA,NA,NA,NA,NA,NA,NA,NA,NA,NA,NA,NA
336,"VAT","Holy See",NA,NA,NA,NA,NA,NA,NA,NA,NA,NA,NA,NA,NA,NA,NA,NA,NA,NA,NA,NA,NA,NA,NA,NA
340,"HND","Honduras",0.762186388319117,0.62264578318563,0.590657940533551,0.535181930996553,0.463790495917617,0.420110799911673,0.381364277972075,0.335433921786483,0.27573511781203,0.208930653931738,0.145723370964158,0.105867876723721,0.0743918044915566,0.0491197898682652,0.0317138836610473,0.0248823471273993,0.0301337096771703,0.04174909483871,0.0555657664441369,0.0722084733661275,0.0888948059191108,0.101615900353869,0.109467188877981,0.110767639658551
344,"HKG","Hong Kong",-0.117591400642063,-0.0984499986106288,-0.0742921546414675,-0.0481455644077861,-0.0282991378535631,-0.0184292331124017,-0.0235075100010824,-0.0232144233926848,-0.0211143992301898,-0.0200150350318825,-0.0124964143432362,0.000985247072623707,0.0150237244728468,0.0276593814797057,0.0375125603950257,0.0425038365401016,0.0409220657070171,0.0396591809564386,0.0378302112306701,0.0362790200983214,0.0349859965820223,0.0339340029760971,0.0331079764498685,0.0317843041956789
348,"HUN","Hungary",NA,0.0514167068448272,0.092404618412063,0.0930209507993995,0.101611181832224,0.116688422704617,0.13330589845807,0.140710281507504,0.148944376009661,0.153312154309003,0.154287500163427,0.141831579968495,0.122607067406055,0.100963422810032,0.0849633818473823,0.0806472942177545,0.0767675072453615,0.0726507912470544,0.0681260046507688,0.0633602137296139,0.0571256071933663,0.0504436993628601,0.0457554876387873,0.0390234353565175
352,"ISL","Iceland",NA,NA,NA,NA,NA,0.133801034163747,0.0855976667144045,0.0477484388145688,0.0427684989353385,0.0580353232644277,0.0666034113034943,0.0795507743762784,0.0819424828999431,0.0824242429894524,0.0761059559784403,0.0588104221267671,0.0294094161117071,0.00302918373780425,0.00324595283677565,-0.00134417541664356,-0.00436846783678946,-0.000426557948666417,0.00710590619977602,0.0101294237195051
356,"IND","India",-0.00336069392165939,0.0176962100907587,0.0391990110923286,0.0586725044147205,0.0819485524243178,0.0947497201774832,0.0745218653855184,0.0519086319036817,0.0373470822861668,0.0403695161182696,0.0507822755425673,0.072270860824253,0.0927750460262295,0.113821022352095,0.141324384076144,0.16567585160529,0.158653633396935,0.143776849314494,0.125699327313443,0.111053808874975,0.0994125374945729,0.0901255129630796,0.082589894637751,0.0760772639572
360,"IDN","Indonesia",0.00245180726369476,0.0205995260814029,0.0445125451755617,0.0753060762460838,0.108267221610264,0.139175857348697,0.161901810351906,0.17377657952124,0.172768948363651,0.144595402447795,0.111679795823517,0.0883760131773148,0.0640471747037525,0.0439314012851832,0.030185278802471,0.0240062582740026,0.0276273460903609,0.0366422917836602,0.0492839389778024,0.064804416471794,0.0793924849336882,0.0911275920854158,0.0984185801305493,0.0997140028740873
364,"IRN","Iran",-0.0193422543575694,-0.00208825240531341,0.0333723974844864,0.075048087796471,0.113384779638013,0.139690626419221,0.156167485105074,0.15671723085855,0.144616617983777,0.123500533698471,0.10378597506786,0.0814001301079792,0.0605358486856065,0.0456147826847797,0.0359507112065394,0.030354827202409,0.032828442972596,0.0393515231014931,0.0481603043174912,0.0596584800996669,0.0707201595255849,0.0795442340784442,0.0851935361284337,0.0864219529252386
368,"IRQ","Iraq",0.0357592642288946,0.0734359634808188,0.119283556655773,0.164697852588861,0.198984800195988,0.221734800949723,0.229744229900088,0.223941039172479,0.199545092627732,0.160744382869794,0.119568727643698,0.0907237863747172,0.066703341613616,0.0465319926025816,0.0319968655771947,0.0264798220162965,0.0313125403766998,0.0420702001418569,0.0547783013322014,0.0702765487010699,0.0860283241223314,0.0977437027042887,0.105409594481717,0.106724099380241
372,"IRL","Ireland",0.371908907669658,0.348632703073598,0.308677944936704,0.249058780984394,0.212290207901395,0.172277086455126,0.150299065783518,0.132389214085727,0.122808744586891,0.0875620678368758,0.0613180698157423,0.0491792923218635,0.0338001683887168,0.0116372252671166,0.00362033776771109,-0.00224057229094765,0.00204386001555301,0.00825277677026848,0.0101157851771136,-0.00222527600271194,-0.014682949451399,-0.0346696890935196,-0.054216977977662,-0.0742207648304023
833,"IMN","Isle of Man",NA,NA,NA,NA,NA,NA,NA,NA,NA,NA,NA,NA,NA,NA,NA,NA,NA,NA,NA,NA,NA,NA,NA,NA
376,"ISR","Israel",NA,NA,NA,NA,NA,0.167842354651436,0.132198647892345,0.0787929388525024,0.0249011705189874,0.0584835295086845,0.0572285635438536,0.087173269189035,0.132065019202693,0.165015719855686,0.18808841680426,0.175579416169011,0.175840258397437,0.166849060800906,0.135871674645071,0.152966573583545,0.123482265413092,0.105082866294075,0.0953404337146886,0.0849447030274291
380,"ITA","Italy",0.0212737268790819,0.0116908213963034,-0.00316385333615488,-0.02934469939339,-0.0557585020145216,-0.0898035354123344,-0.102034077208475,-0.101189776869095,-0.0944513099407225,-0.0765187650306604,-0.0487756141013798,-0.0150471631188865,0.01766452057428,0.0404476395897309,0.0626135948035051,0.0589648803067004,0.0527230186049437,0.0508821870997822,0.0445558388168339,0.0409799291144313,0.0348039562646567,0.0293486695268219,0.0257254972360861,0.0227343497843222
388,"JAM","Jamaica",0.252818496928637,0.29629382718563,0.318335017095809,0.331166762141252,0.323151020417667,0.298294069048991,0.241312736833145,0.187120090605094,0.150670337024851,0.124037238599169,0.108909676590413,0.094796866906903,0.0750169203699644,0.0605929481652887,0.0466718168878419,0.0380062256407858,0.0308433304084912,0.023375162142548,0.0310812725404948,0.0402234811833007,0.0494048667832792,0.0576898904765697,0.0628949239069536,0.0623421340644208
392,"JPN","Japan",0.0642842745650676,0.0255572334093006,-0.0208372962067007,-0.0591273749861662,-0.0841091664246948,-0.0955118582200754,-0.0935143072163209,-0.0788207707009784,-0.0578261541779764,-0.0365498194661854,-0.0351572110713307,-0.0303260984390337,-0.0329950969293642,-0.0337473216965034,-0.0298886252727752,-0.0214446460287093,-0.0111511215450126,0.00434769252753608,0.0194405958909312,0.0283113689877335,0.0249596888291441,0.0248967442253991,0.0233452342360083,0.0224743024020784
832,"JEY","Jersey",NA,NA,NA,NA,NA,NA,NA,NA,NA,NA,NA,NA,NA,NA,NA,NA,NA,NA,NA,NA,NA,NA,NA,NA
400,"JOR","Jordan",0.762079554881413,0.622208663668961,0.590057581333964,0.534959923589497,0.463610913536738,0.419925358280953,0.381000759215057,0.335129111529179,0.27566988742769,0.208796465359056,0.14594382507136,0.105948216341591,0.0745251641655276,0.0492104598573819,0.031965029715483,0.0250980688666134,0.0300675240307955,0.0418090851838391,0.0555819662441266,0.0722308439124997,0.0890436862547981,0.101658693356664,0.109565556508606,0.110764857285245
398,"KAZ","Kazakhstan",0.100453505135001,0.154295449869564,0.195677414659307,0.227326241453657,0.250128035639653,0.260798852415852,0.261458196587239,0.261755310145171,0.220562820918537,0.22603771570936,0.21358475701821,0.215176082245418,0.198619921864155,0.170043227983933,0.130695063978587,0.0937712888775131,0.0578355213408803,0.0482901481168048,0.0259431667604553,0.0211338713201119,0.0135792641571573,0.014893323018857,0.0167215231423412,0.0195346293229923
404,"KEN","Kenya",0.250817083018345,0.259299550149131,0.263012137289889,0.258882765551174,0.245068115328407,0.22029982526323,0.205205281816454,0.198376427080465,0.193747928367501,0.187932353026077,0.177618968154345,0.161657023674095,0.146623157604813,0.134153337871938,0.120114850720425,0.106522072453671,0.0911596407742314,0.0782088433021566,0.0723383776902147,0.0672127265061369,0.064271650498259,0.0641942177162398,0.0624973332260614,0.0618310439110932
296,"KIR","Kiribati",NA,NA,NA,NA,NA,NA,NA,NA,NA,NA,NA,NA,NA,NA,NA,NA,NA,NA,NA,NA,NA,NA,NA,NA
689,"XKX","Kosovo",NA,NA,NA,NA,NA,NA,NA,NA,NA,NA,NA,NA,NA,NA,NA,NA,NA,NA,NA,NA,NA,NA,NA,NA
414,"KWT","Kuwait",NA,NA,0.207919885162454,0.236895990674438,0.257345193052868,0.270790586011359,0.275096275557633,0.262826754652891,0.230379928484891,0.183221562002852,0.133699725514636,0.0996696874510024,0.0719050721439287,0.0492246260422613,0.0331204725041201,0.0265618402887193,0.0313159613775236,0.041898562029479,0.0543270061251762,0.0697685311087666,0.085111972633666,0.0969486627999969,0.104664826958737,0.106034585798621
417,"KGZ","Kyrgyzstan",NA,NA,NA,NA,NA,NA,NA,NA,NA,NA,NA,NA,NA,NA,NA,NA,NA,NA,NA,NA,NA,NA,NA,NA
418,"LAO","Laos",NA,NA,NA,NA,NA,NA,NA,NA,NA,NA,NA,NA,NA,NA,NA,NA,NA,NA,NA,NA,NA,NA,NA,NA
428,"LVA","Latvia",NA,NA,NA,NA,NA,0.191172434120126,0.148387596510013,0.136468883061719,0.134275401959427,0.136771690872123,0.137060744661524,0.138328298271092,0.132699247464264,0.120719668872429,0.105640350873782,0.0880683960564128,0.0671832215667634,0.0560674240560013,0.0452226181593052,0.0367999102138454,0.0272584153729505,0.020892483616197,0.0126124588462366,0.00449694063047312
422,"LBN","Lebanon",0.762625846356777,0.622638801041054,0.590290924312424,0.534936080497685,0.463483776753467,0.419778869377228,0.381080394127195,0.334952825537726,0.275340370935904,0.208921599129673,0.146124688016026,0.106119651463225,0.0747623316152055,0.0495284234277285,0.032074199596261,0.0251045547869475,0.0305308570114822,0.0420526821661908,0.0556845672876758,0.0722654977766342,0.0888974710559753,0.101195113368185,0.109102724367459,NA
426,"LSO","Lesotho",0.00688940996256093,0.00692577861351462,0.00679518855788497,0.00683169750582735,0.00670351011379666,0.00674013872563739,0.00661427303150064,0.00665100215752568,0.00652738105436268,0.00642538193061415,0.00633479019381911,0.00626545179982663,0.00620741752822096,0.0191193049990326,0.0355943215351537,0.0546727411873367,0.0850724282733688,0.117427168027626,0.148574301667819,0.165309797175573,0.171708580421557,0.166201271816369,0.147161986115056,0.131724995039782
430,"LBR","Liberia",NA,NA,NA,NA,NA,NA,NA,NA,NA,NA,NA,NA,NA,NA,NA,NA,NA,NA,NA,NA,NA,NA,NA,NA
434,"LBY","Libya",NA,NA,NA,NA,NA,NA,NA,NA,NA,0.178698739565776,0.132103043259651,0.0995101836445236,0.0729390019500775,0.0509642931848278,0.0356327539276895,0.029007606858612,0.0330094484897152,0.0421462820591927,0.0533554925301161,0.0672203534573339,0.0811900059083623,0.0915007407699473,0.0982001701321511,0.0994789516236183
438,"LIE","Liechtenstein",NA,NA,NA,NA,NA,NA,NA,NA,NA,NA,NA,NA,NA,NA,NA,NA,NA,NA,NA,NA,NA,NA,NA,NA
440,"LTU","Lithuania",NA,NA,NA,NA,NA,0.300852055254679,0.307377417584594,0.309532030910428,0.311578040056865,0.315726679921663,0.305631898666341,0.290179689097989,0.269272091217849,0.241264605133181,0.214997362246439,0.193039551197546,0.178956803374571,0.176070785037146,0.167605123350808,0.140870910670863,0.107611881585047,0.0709773367571542,0.0357323705152732,0.0100402022350521
442,"LUX","Luxembourg",0.395631234287377,0.293707380288601,0.171306420426506,0.139697125163125,0.139562904333706,0.13161601664838,0.112482274251018,0.0942882592095833,0.0797357143358199,0.0656873649088618,0.0519115424347394,0.0427430861144316,0.0435889898176367,0.0474455920458021,0.048694060789978,0.0504285498167616,0.0452205411309672,0.037873041439171,0.0325874272005195,0.0244722293564956,0.0153602748308403,0.00618837293742791,-0.00148791021282579,-0.00769902472945161
446,"MAC","Macao",NA,NA,NA,NA,NA,NA,NA,NA,NA,NA,NA,NA,NA,NA,NA,NA,NA,NA,NA,NA,NA,NA,NA,NA
450,"MDG","Madagascar",0.762070781581112,0.622178382199176,0.590399810194969,0.535328007854861,0.46386466337355,0.420111338427854,0.381399385974596,0.335310907001516,0.27564909277249,0.209013851561103,0.145972760208038,0.106055381097266,0.0745982111003656,0.0492444314261773,0.0316793826884569,0.0246578725135904,0.0300513838084426,0.0416890158180241,0.0554571831691932,0.0722781642572263,0.089062693244989,0.101679314094244,0.109579685141577,0.110893771059461
454,"MWI","Malawi",0.761978275378476,0.622344981311394,0.590102036113881,0.534781025333713,0.463534960332507,0.419494143925435,0.381027353814497,0.335127975055536,0.276094412335336,0.209250442749319,0.146007186475143,0.106152981889689,0.0746537683808879,0.0493560976440088,0.0316601929093856,0.0244491047534641,0.0299207219967847,0.0416667265286892,0.0556086170073553,0.0724348387777949,0.0891730978679222,0.10168469339414,0.109536321495226,0.110916426288732
458,"MYS","Malaysia",1.31520294432707,1.80950325447009,2.15789133604947,2.2402619499457,1.9842031623189,1.5039645174116,0.905145330740703,0.375875834573307,0.291453915608118,0.203493254065155,0.113174449409102,0.0926894861082175,0.0859239126578599,0.0847837174544812,0.0724070761963009,0.0701559202455275,0.0806589698000599,0.0946078572755147,0.0650292593529913,0.0410660925921473,0.0318340472970022,0.0283162265785206,0.0273116669909204,0.0156295542187868
462,"MDV","Maldives",NA,NA,NA,NA,NA,NA,NA,NA,NA,NA,NA,NA,NA,NA,NA,NA,NA,NA,NA,NA,NA,NA,NA,NA
466,"MLI","Mali",0.76285998837839,0.622734596464406,0.590557690504197,0.534787737447147,0.463702640024169,0.419808488897945,0.381235349087088,0.33500304760499,0.275780069555105,0.209052924948558,0.146006450434592,0.106180560866723,0.074688040823025,0.0492341318917022,0.0317898633589302,0.0245271942577625,0.0297493549740742,0.0415114408009194,0.0554238832161837,0.0721423329304953,0.0890054875293014,0.101743572520382,0.10966601266483,0.11099533705004
470,"MLT","Malta",0.615033766152762,0.440762258449632,0.214674810877021,0.321950985579384,0.406245428986222,0.491595358592823,0.553963392508133,0.606278067687158,0.599303955402544,0.526098635851081,0.394120129256442,0.357501365166693,0.325851096939568,0.286100819950405,0.225769851282311,0.177180049477739,0.133204161840183,0.115114234078329,0.0993658916061555,0.0796520143361499,0.0599050858573276,0.0384330495019582,0.0220542580771914,0.0126848204249221
584,"MHL","Marshall Islands",NA,NA,NA,NA,NA,NA,NA,NA,NA,NA,NA,NA,NA,NA,NA,NA,NA,NA,NA,NA,NA,NA,NA,NA
478,"MRT","Mauritania",0.762044643362913,0.622242828445423,0.590207738946581,0.53538558959176,0.463843708074515,0.420038693365536,0.381219012724419,0.335183224000161,0.275534207178532,0.208934481443041,0.1458783540534,0.105924672595263,0.0745643621805177,0.0494678598073732,0.0318207200890634,0.0246554654980782,0.0300319298505678,0.041625150369103,0.055343875705862,0.072239453625216,0.0890668155697238,0.101636343279362,0.109589115322816,0.11093751235796
480,"MUS","Mauritius",0.252871263067125,0.296399857156365,0.348347010607766,0.338589043843721,0.266356220238103,0.182132130062594,-0.0190757072000658,0.0520176589663994,0.122341179673997,0.195174300991391,0.274629310354009,0.34834967191264,0.445558178432874,0.485725814643189,0.439012614756694,0.346011257135427,0.0776786112253522,0.0715839029601955,0.0703895459806569,0.0677857688124313,0.0655589860060148,0.0644285455362461,0.0634211460400556,0.0613724070976265
484,"MEX","Mexico",0.0941731637214653,0.105870722306723,0.11193875137756,0.100183331964209,0.0994955862247351,0.0819064815359725,0.0647036702404844,0.102957408616772,0.146782816271306,0.172608982235195,0.20206114963985,0.209702375600552,0.18815546817467,0.164640446243201,0.133470237997729,0.0970179755030518,0.0671250456257582,0.0507317942484133,0.04653852819908,0.0480534466627094,0.0502215158317856,0.0560051647352811,0.0620314549273244,0.060139733151898
583,"FSM","Micronesia",NA,NA,NA,NA,NA,NA,NA,NA,NA,NA,NA,NA,NA,NA,NA,NA,NA,NA,NA,NA,NA,NA,NA,NA
498,"MDA","Moldova",NA,NA,NA,NA,NA,0.318242137735234,0.261487517024597,0.236793540189594,0.23242722786575,0.240249303788741,0.241204049937416,0.235405195392499,0.222179110796566,0.201598346973142,0.184400510114364,0.165376762170693,0.143535303617403,0.119516589111545,0.104155604856411,0.093127382451992,0.0825228137124239,0.0760733673004497,0.0697278787892424,0.0641129964353473
492,"MCO","Monaco",NA,NA,NA,NA,NA,NA,NA,NA,NA,NA,NA,NA,NA,NA,NA,NA,NA,NA,NA,NA,NA,NA,NA,NA
496,"MNG","Mongolia",NA,NA,NA,NA,NA,NA,NA,NA,NA,NA,NA,NA,NA,NA,NA,NA,NA,0.462409559935982,0.321293989436847,0.233315481868535,0.172198341628109,0.132965261705322,0.111987382017016,0.108114056917046
499,"MNE","Montenegro",NA,NA,NA,NA,NA,NA,NA,0.0041468373802358,0.0206341653567454,-0.0103606957313988,-0.0677241148229133,-0.100932116834202,-0.121950297970345,-0.131027864396985,-0.165809567793268,-0.16332841914731,-0.159431625408672,-0.136970452562851,-0.07191828887301,-0.0270602055719549,-0.0069856796478126,0.018067568873215,0.0483873035608509,0.071982312524647
504,"MAR","Morocco",0.761819779997335,0.621968988583712,0.589876496423808,0.534768687610043,0.46337173735415,0.419746522864073,0.381419332014288,0.335344596688163,0.27586061227827,0.209102770374693,0.146007775487067,0.106010021370209,0.0745351858438807,0.0492901345199073,0.0316968211225512,0.0247148762199521,0.030126409177277,0.0417687377283256,0.0557897113832415,0.0724972279811336,0.0894386694900557,0.101771569251072,0.109767690935337,0.110928030475524
508,"MOZ","Mozambique",0.560666203159002,0.553929534932087,0.585360988342779,0.552302793161923,0.483759645634042,0.39700482339699,0.344140753763818,0.302286490107317,0.273086933722019,0.204973813717895,0.129368216232747,0.0373823800892286,0.00458816443448407,-0.0314755260825621,-0.0488935771629421,-0.0477286636500979,-0.0451815475245445,-0.0351354736246583,-0.0005886313589889,0.0170089468402657,0.0298343409348572,0.0434188517940315,0.0590311656275839,0.0659390891276506
104,"MMR","Myanmar",0.103162282158207,0.131325947613554,0.132955160578395,0.128766190018658,0.124102934921535,0.128281844089887,0.0990203855213301,0.0698020226133762,0.0506432741492995,0.0407339314281248,0.0419646428319898,0.0576288336617163,0.0548187770281239,0.0524860722911125,0.0572468994903532,0.080903256318978,0.076478741759175,0.067314785192998,0.0647254043351013,0.0606244785501489,0.0539331821534668,0.0542662299913597,0.0536052444799522,0.0532251950157387
516,"NAM","Namibia",0.762211855417938,0.622329202608995,0.589974195564819,0.534832520719401,0.463292492389753,0.419756080741448,0.381108048445153,0.335456954671073,0.276076409917219,0.209339792811626,0.146378399978994,0.106287953056629,0.0747781873487383,0.0493754388792511,0.0314607509155942,0.0245229617480007,0.0295649359906489,0.0413300482696732,0.055425786449228,0.0722932006965575,0.0892515704398777,0.101745304357834,0.10978076383762,0.111091171931072
520,"NRU","Nauru",NA,NA,NA,NA,NA,NA,NA,NA,NA,NA,NA,NA,NA,NA,NA,NA,NA,NA,NA,NA,NA,NA,NA,NA
524,"NPL","Nepal",NA,NA,NA,NA,NA,NA,NA,NA,NA,NA,NA,NA,NA,NA,NA,NA,NA,NA,NA,NA,NA,NA,NA,NA
528,"NLD","Netherlands",-0.0523890044728633,-0.0132959418896696,0.0190609138704112,0.0295788362352494,0.00488392356773737,-0.012317258695861,-0.0256132731700314,-0.0509298838858437,-0.0648382772643232,-0.0668129685006101,-0.0839425734867286,-0.0810171413956634,-0.0999877104787741,-0.0903225265110401,-0.0805052176403658,-0.051421589520021,-0.0304594542497467,-0.0142821005093448,0.0357268871813641,0.102270320423956,0.10704091649114,0.112247095021691,0.079587839003826,0.077159224590778
540,"NCL","New Caledonia",NA,NA,NA,NA,NA,NA,NA,NA,NA,NA,NA,NA,NA,NA,NA,NA,NA,NA,NA,NA,NA,NA,NA,NA
554,"NZL","New Zealand",-0.015261240937164,-0.0199727745875214,-0.0437834519350796,-0.0492482262694743,-0.0335083751386742,-0.01764355470733,-0.00336311365734998,0.0198630629783583,0.0569372317089567,0.074586986457998,0.0892252138196081,0.0974368668860566,0.0725290248032766,0.0574872765400789,0.0501673010518162,0.0369811942375013,0.0288345507903536,0.0245867588305639,0.03492861394024,0.0503639023259312,0.0470062560471993,0.0459669435697443,0.0451991342263356,0.0436015503687366
558,"NIC","Nicaragua",0.762082645344035,0.622581629217121,0.590438030065892,0.535126883607747,0.463731240580559,0.419857369010068,0.381334173509225,0.335264560556176,0.275670264924578,0.208930432463747,0.145807407222525,0.106019561456353,0.0746326365155456,0.0493560001632916,0.0317755271394273,0.0247729191417869,0.0301627959797406,0.0418797161054418,0.0555211224802434,0.0720984812796936,0.0888032066813209,0.101580302477572,0.109634446270907,0.111039075437799
562,"NER","Niger",0.761576564333876,0.622238666418533,0.590203201197006,0.534892393341384,0.463473552423274,0.42001421911884,0.381436269557567,0.335418297545002,0.27578651846465,0.208968652876011,0.1459886780301,0.106168279701567,0.0746507403182377,0.0494154734170815,0.0316960813254128,0.0248679109928909,0.0301572641826195,0.0419143227773835,0.0557955286916074,0.0725827526264835,0.0892399929592935,0.101802068824718,0.109497882480566,0.110777928461084
566,"NGA","Nigeria",0.18746095162982,0.292914551471792,0.37054009514244,0.415099864444482,0.415773094741712,0.394677192058889,0.3563782263687,0.313215040873126,0.256680494536811,0.197509326279704,0.140633426081543,0.103909325294287,0.0742226620098809,0.0504343733756349,0.033685724842317,0.0268591720165841,0.0315474822439981,0.0421371348916553,0.0546994843870252,0.0700455286707953,0.0856316589026072,0.0970961225680917,0.104608270966911,0.10609304119242
570,"NIU","Niue",NA,NA,NA,NA,NA,NA,NA,NA,NA,NA,NA,NA,NA,NA,NA,NA,NA,NA,NA,NA,NA,NA,NA,NA
408,"PRK","North Korea",NA,NA,NA,NA,NA,NA,NA,NA,NA,NA,NA,NA,NA,NA,NA,NA,NA,NA,NA,NA,NA,NA,NA,NA
807,"MKD","North Macedonia",-0.0374154890068336,-0.0361156502239089,-0.0339601086567695,-0.0313551713894852,-0.027549381952173,0.0810752299076445,0.178361909570254,0.168745625012078,0.202522206410743,0.228209417637764,0.232478314135964,0.225119666021375,0.193074266634324,0.14003653509271,0.0650079796135024,0.103348776793545,0.14539533667307,0.088985715827947,0.0788643190699629,0.0722291662969612,0.0626838132058656,0.0624092820558895,0.0613703376286563,0.0613902922360929
578,"NOR","Norway",-0.0826473948819536,-0.0566088890321567,-0.0348906541370262,-0.0518847674033378,-0.0559077214081748,-0.0487720324333623,-0.058097803725052,-0.0649193442448183,-0.0679587739185329,-0.0626433540450588,-0.0652275303513338,-0.0548126335148864,-0.0423185579833122,-0.0444350608185851,-0.0346367284860651,-0.0220058567985809,-0.0135562423266724,-0.00394989933081313,-0.000468839628359419,0.0105255461681493,0.00389512140743942,0.000644405164241357,-0.00121744677982516,-0.00493461295498798
512,"OMN","Oman",0.0986334106803921,0.132334125931956,0.167103315297564,0.195551034975593,0.215047346546858,0.226961270927419,0.231176538813547,0.220899956595247,0.195368447522182,0.158910110590855,0.13479604065828,0.118240432318426,0.0945471341875839,0.0670332419193242,0.0434319042732028,0.0298702151995107,0.025171562476368,0.024787887188267,0.0252538580164658,0.0299820570922817,0.0530215782511849,0.0780535978328536,0.0936178757856851,0.097426433448339
586,"PAK","Pakistan",-0.035304663397497,0.0264687050107515,0.100591471664953,0.175132567792514,0.233925011469606,0.269643148721636,0.276328479753038,0.2659459124235,0.235426102208721,0.189479243450672,0.140769757943123,0.104563398934034,0.0755773560297517,0.0524141387025054,0.0360200736541454,0.0289722729698243,0.032772649480685,0.0415468560220273,0.0520560221705055,0.065078631321164,0.0782936484616068,0.0883414835269349,0.094824642759924,0.0962149358548638
585,"PLW","Palau",NA,NA,NA,NA,NA,NA,NA,NA,NA,NA,NA,NA,NA,NA,NA,NA,NA,NA,NA,NA,NA,NA,NA,NA
591,"PAN","Panama",0.761783680512682,0.622434275725533,0.589954913578446,0.535136771520109,0.463628160675345,0.419970568560348,0.381424694140587,0.33515932480195,0.275698154410995,0.208899444256319,0.145899040018261,0.106174056798753,0.0745844111768326,0.0495703252233635,0.0318915107428734,0.0248493848483193,0.0300820051661981,0.0415846959436885,0.05543573894078,0.0720759757080149,0.0889069177633932,0.101611321269398,0.109636644265694,0.111035622087361
598,"PNG","Papua New Guinea",NA,NA,NA,NA,NA,NA,NA,NA,NA,NA,NA,NA,NA,NA,NA,NA,NA,NA,NA,NA,NA,NA,NA,NA
600,"PRY","Paraguay",0.585585590136714,0.556935918389551,0.548400585269958,0.511386557290934,0.452448317251317,0.413120145405968,0.376929014793403,0.332626290040724,0.274174884676166,0.208296966290639,0.145749936464844,0.105933883988235,0.0745011281340626,0.0494664512307821,0.0317918723653494,0.0246175661753039,0.0297679348781412,0.0413144769096156,0.0548955482966671,0.0716777577406496,0.0884014358638667,0.100948716082713,0.108933872591337,0.110444470825999
604,"PER","Peru",0.762141517187116,0.622243174622608,0.590403313344835,0.535254629550949,0.464049147477616,0.420280711969879,0.381486392333245,0.335301297394105,0.275760428278739,0.208935219787363,0.14592075624091,0.105706248056352,0.074449427626212,0.0492693820745085,0.0318282879602518,0.0247748960315368,0.030030744643935,0.041660700604941,0.0555333494145347,0.0722664015178516,0.0891316110939742,0.101657235139425,0.109630879473153,0.110899907990537
608,"PHL","Philippines",0.123385720336531,0.116049009308928,0.132366167933531,0.16003764548998,0.187716851173896,0.21372088608455,0.234265955341199,0.236260749165485,0.215979255217126,0.177264657206715,0.133230612117139,0.0997095311880161,0.0721966239631795,0.0499359074675589,0.0342842678635622,0.0277109373236986,0.0318912014750343,0.0414764616556014,0.0528954922206397,0.0668411632230455,0.0811302767980608,0.0919642358400521,0.0988121802996302,0.100035473762418
616,"POL","Poland",0.148066611879028,0.186916739285481,0.226075895120717,0.253807548546174,0.270808196163852,0.264919528706987,0.2699854608893,0.270264920139752,0.258019391919818,0.224332860367281,0.166301316291759,0.135394102882543,0.11331413576952,0.0966103130885889,0.0845753419516959,0.07614305415814,0.0599754114205553,0.0371721594178536,0.0187911770943316,-0.0158183288546055,-0.0567173165323689,-0.0862544575171509,-0.108738405817342,-0.143686970134823
620,"PRT","Portugal",1.86473062019736,1.88586593424803,1.68927046524337,1.31607475717513,0.831159897756756,0.325379051687412,0.288364473327303,0.248106343041629,0.222767952861559,0.204281825137601,0.18865421860531,0.170207264279654,0.15266114488533,0.136489136263682,0.121557028689277,0.104430236586033,0.0885098139075238,0.0741434519919586,0.0646831013182148,0.0588185295350021,0.0548441541640206,0.0509735557129298,0.0482586981442168,0.0456507558376258
634,"QAT","Qatar",NA,NA,NA,NA,NA,NA,NA,NA,NA,NA,0.145491182013742,0.107199982244291,0.081466476786777,0.0605733404517117,0.0451442669831916,0.0384713468164195,0.0437710568829504,0.0529085190130525,0.0627418039321224,0.074379705307037,0.0851003689542571,0.092560808195516,0.100511677288736,0.102806538921931
178,"COG","Republic of Congo",0.762799652966614,0.622865234810347,0.590377548001504,0.53495442206453,0.463425281891524,0.419745212585492,0.381155661672633,0.334712364397051,0.275377359301644,0.208708223447979,0.145876610266133,0.106087090950151,0.0746380283717314,0.0494742360358118,0.0319456794848152,0.0248974702142259,0.0302764058049638,0.0415554807338119,0.0552714228177473,0.071999413341137,0.0887278466622461,0.101388491804999,0.109404575968038,0.110965113478271
642,"ROU","Romania",0.032836754087415,0.0468110865245095,0.0452317589472824,0.0375426603741376,0.00929753695091118,0.00729717099272675,0.00817455942924417,0.0102567714092627,0.0335725365759219,0.0373873557244175,0.0222892761632356,0.00437261052699367,-0.0231024288993998,-0.0312317007804487,-0.0568599722549049,-0.047233115390528,-0.0408257090143155,-0.0207195599189682,0.0243901904681143,0.0508266505626833,0.0587661327501294,0.0617219182368995,0.0631642006474349,0.0632807510512037
643,"RUS","Russia",0.00548830196805694,-0.00371679028151894,-0.0242225816958364,-0.0329276302230415,-0.0561228241339798,-0.0621121556441891,-0.0656913118879375,-0.069842200749456,-0.0624555881228774,-0.0463298984667476,-0.0539766134726001,-0.0507243981806142,-0.0513594500707325,-0.0380934639675039,-0.0399545941112897,-0.0305015930385283,-0.0215514055780405,-0.0147620406351071,0.00963957147265071,0.0300297109643857,0.0289759571456667,0.0315847188252341,0.0372642157835767,0.0464764098442201
646,"RWA","Rwanda",0.141262734886719,0.137656503225182,0.127858576962664,0.115888262447613,0.104202404916772,0.0940908355774441,0.0857355371969697,0.079056476155464,0.0755151498906055,0.0727695915187752,0.0706438362905137,0.0679198681916349,0.0597881959638207,0.0515606858595752,0.0444843477965602,0.0384706499565035,0.0364658268397058,0.0323619538189439,0.0318672681164924,0.0401951119949839,0.045028977189002,0.0503248266952905,0.0508267417280721,0.0498063090119478
652,"BLM","Saint Barthelemy",NA,NA,NA,NA,NA,NA,NA,NA,NA,NA,NA,NA,NA,NA,NA,NA,NA,NA,NA,NA,NA,NA,NA,NA
659,"KNA","Saint Kitts and Nevis",NA,NA,NA,NA,NA,NA,NA,NA,NA,NA,NA,NA,NA,NA,NA,NA,NA,NA,NA,NA,NA,NA,NA,NA
662,"LCA","Saint Lucia",0.252953021423713,0.296339803533655,0.310006956107713,0.298327780640952,0.266023536670928,0.217659607913046,0.143405374213502,0.079842216497253,0.0312206701952948,0.000238447248668283,-0.00962643924263351,-0.00715951723498787,-0.00228756563895138,0.00676822894647744,0.0160253508055916,0.0269866992492214,0.0362249614426311,0.044213346107828,0.0546035390029393,0.0609573292217629,0.0642927380159806,0.0640449805251566,0.0625462954681475,0.0616838907679869
670,"VCT","Saint Vincent and the Grenadines",NA,NA,NA,NA,NA,NA,NA,NA,NA,NA,NA,NA,NA,NA,NA,NA,NA,NA,NA,NA,NA,NA,NA,NA
882,"WSM","Samoa",NA,NA,NA,NA,NA,0.832010772086379,0.638545719091535,0.504109715254815,0.390464511950926,0.301338095118989,0.21706603087839,0.136143602757862,0.0916138462440896,0.0881018555431226,0.0891339252265668,0.0949148400831474,0.0933044480002434,0.0843041375658347,0.070023618250187,0.0652221617826372,0.0613552890374145,0.057862682118498,0.05468605647062,0.0516491197851388
674,"SMR","San Marino",NA,NA,NA,NA,NA,NA,NA,-0.0933694925099428,-0.0869987658205453,-0.0691951277216528,-0.0413138471065975,-0.00719712320472277,0.0261694876008502,0.0497491135249453,0.0721906045226841,0.0686963714938893,0.0625897530001243,0.0603327865004006,0.0535319842840856,0.0489336909429245,0.0419433335065198,0.0356703540917207,0.0299774875599357,NA
678,"STP","Sao Tome and Principe",NA,NA,NA,NA,NA,NA,NA,NA,NA,NA,NA,0.0063968431943302,0.0063342995418787,0.00632796617359421,0.0632855800831738,0.145049349305127,0.236626326994975,0.325694919854251,0.402490310876052,0.457368835247977,0.467044673739053,0.436309188583367,0.363939225432463,0.254741271145891
682,"SAU","Saudi Arabia",0.0557323062598027,0.114548887763413,0.181214225396112,0.240691129913049,0.279486108332099,0.296322945290308,0.293048962378591,0.273948537543569,0.236555012847734,0.186567617165146,0.136325756792252,0.101165771267503,0.072647840969295,0.050091311368526,0.0339007827288607,0.0271748209752962,0.0320106212098141,0.0423761538671856,0.0547273401696071,0.0695454732254708,0.0844361317143101,0.095685971101894,0.102688101836723,0.103984079618911
686,"SEN","Senegal",0.762066543137966,0.622356544990502,0.59039844808865,0.535309612505177,0.463717489329456,0.419859207059064,0.381223499085782,0.335098519268783,0.275570138739337,0.208847492682042,0.145833741276595,0.106040471059327,0.0745961942285103,0.0494067285102526,0.0318105444778245,0.0248095875720842,0.0301919077496078,0.0417650931294797,0.0555171998512571,0.0722585438175232,0.0888262758699616,0.101318929419237,0.109264222248411,0.110675698184861
688,"SRB","Serbia",NA,NA,NA,NA,NA,0.13204732283062,0.049411755264374,0.00565109983681222,0.0189377274957294,-0.0130390337906549,-0.0703748352810908,-0.106999065386443,-0.138227831043971,-0.150180114982328,-0.184853947300043,-0.182219589516763,-0.178190522570302,-0.153622847904827,-0.0941932788805152,-0.0535596896336179,-0.0351065664972797,-0.00672175313441725,0.0291906358673701,0.0582021891003406
690,"SYC","Seychelles",NA,NA,NA,NA,NA,NA,NA,NA,NA,NA,NA,NA,NA,NA,NA,NA,NA,NA,NA,NA,NA,NA,NA,NA
694,"SLE","Sierra Leone",NA,NA,NA,NA,NA,NA,NA,NA,NA,NA,NA,NA,NA,NA,NA,NA,NA,NA,NA,NA,NA,NA,NA,NA
702,"SGP","Singapore",0.0886575593903194,0.102633881748712,0.123764124777486,0.148617652085222,0.176481756750184,0.189352293093841,0.200167667146055,0.199439665298518,0.168335324537264,0.131990046449945,0.0998402599706245,0.07895388504395,0.0536929146960243,0.0343452225456389,0.0296312723505889,0.0307369376447588,0.0427476678406409,0.0612993457133097,0.0671178092581004,0.0719522625093154,0.0793205917203448,0.0899233037076177,0.0961327856821381,0.0945486625748444
534,"SXM","Sint Maarten",NA,NA,NA,NA,NA,NA,NA,NA,NA,NA,NA,NA,NA,NA,NA,NA,NA,NA,NA,NA,NA,NA,NA,NA
703,"SVK","Slovakia",NA,NA,0.175954754050205,0.182008300144611,0.179876340207565,0.18214654145414,0.151756764393795,0.151296468160557,0.149428835778101,0.145430106483792,0.135124447249588,0.128245110180149,0.114590174097847,0.100611858020176,0.0867664843179996,0.0732393619909457,0.0613845558917965,0.0437130877174228,0.0365756023539705,0.0251279884864126,0.0168306786282446,0.0155949136097029,0.0147072908049974,0.0132001896996525
705,"SVN","Slovenia",NA,NA,NA,NA,NA,0.0206658489277216,0.0359997451109764,0.0354537536060104,0.0474964676928324,0.0218016941891896,-0.0209794226416425,-0.0585326336273609,-0.090036157080222,-0.0940115908665632,-0.100347853647326,-0.0743116607190802,-0.0474824238243174,-0.0182562300652446,0.0245128223536584,0.0347747524001172,0.0170244747742836,-0.00386237387746202,-0.0156174700603997,-0.0219435938401169
90,"SLB","Solomon Islands",NA,NA,NA,NA,NA,NA,NA,NA,NA,NA,NA,NA,NA,NA,NA,NA,NA,NA,NA,NA,NA,NA,NA,NA
706,"SOM","Somalia",NA,NA,NA,NA,NA,NA,NA,NA,NA,NA,NA,NA,NA,NA,NA,NA,NA,NA,NA,NA,NA,NA,NA,0.110616525646916
710,"ZAF","South Africa",0.0584847396588524,0.088989866984724,0.114184767876639,0.139796816973489,0.160838264243957,0.177593717120595,0.175063916707493,0.174204370142323,0.161508597897643,0.139094980457503,0.109148756557099,0.0842489726357118,0.0616148190107744,0.0424780749504274,0.0290613126515318,0.024436530770382,0.0279801768929155,0.0370892020520495,0.050094099840748,0.063730177105841,0.0767131271932608,0.0869139142055084,0.0935861796631168,0.0946575100678646
410,"KOR","South Korea",0.228786077880872,0.20575586606406,0.138259621561001,0.112118089365178,0.0589473584208786,0.0315813806880219,0.0217745132363094,0.0142869121717508,0.027093682616222,0.013902878370917,0.0298846663464776,0.0578289014131188,0.0542177451905064,0.068761992284897,0.0637001723151904,0.0608446773713962,0.0445374423267519,0.0195012511491834,0.0095323737736257,0.00500527015976049,-0.00188891415350001,0.00780678986400907,0.0140788471265798,0.0193563826287144
728,"SSD","South Sudan",NA,NA,NA,NA,NA,NA,NA,NA,NA,NA,NA,NA,NA,NA,NA,NA,NA,NA,NA,NA,NA,0.0924418300242071,0.101930043932196,0.10370272204185
724,"ESP","Spain",0.00308257967242187,0.0218530907198375,0.0472847401188177,0.0787820115950277,0.107429247186816,0.121186881439434,0.118294821391305,0.11904527745077,0.120092149922096,0.115944617655411,0.101113760729574,0.0831582959316266,0.0590401302621784,0.039893037541487,0.01614923424258,0.00181275062367359,-0.0384049707977396,-0.0644442127524574,-0.0856984133692467,-0.110818217274051,-0.131545974234502,-0.149298023530487,-0.160356473005086,-0.209621886199312
144,"LKA","Sri Lanka",0.76211295076231,0.622517658379746,0.590329646368374,0.534850906430924,0.463259723230145,0.419401364541806,0.381055392915409,0.335220983475486,0.275610626907877,0.208839358292563,0.146034763205692,0.106047879945918,0.0747261251716482,0.049674899949836,0.0319113177347448,0.0248134670290425,0.0302219657547587,0.0420085694218308,0.0555908745240297,0.0721837732874393,0.089080469580332,0.10145266202836,0.109391138304865,0.110798011150406
275,"PSE","State of Palestine",NA,NA,NA,NA,NA,NA,NA,NA,NA,NA,NA,NA,NA,NA,NA,NA,NA,NA,NA,NA,NA,NA,NA,NA
729,"SDN","Sudan",0.77025239842029,0.626367312690286,0.59108982980902,0.53363318416092,0.460755530296668,0.416000491575973,0.377201023337669,0.331330952654775,0.271675234010151,0.204789719719488,0.141599207326596,0.101409979450836,0.0699022184732001,0.0448642414254554,0.0277287244042195,0.0214100163784683,0.0276880104367521,0.0404495553216777,0.0553197581765903,0.0729875443680172,0.0909485830765899,0.104139379856744,0.111641990917377,0.112664323955857
740,"SUR","Suriname",-0.141650230161899,-0.168324054144734,-0.206389105234099,-0.281166327018399,NA,NA,NA,NA,NA,NA,NA,NA,NA,NA,NA,NA,NA,NA,NA,NA,NA,NA,NA,NA
752,"SWE","Sweden",0.0732744181870904,0.0815067864658747,0.0858346721541496,0.0879264164299842,0.085036533719828,0.0826090382961122,0.0673859648296391,0.0514716030232769,0.042366875914321,0.0258755581463901,0.0121481399250603,0.00337222111819946,-0.00500277659730852,-0.0104255107567678,-0.0149289414369299,-0.0149987472056692,-0.0106946214122052,-0.00485498058937017,-0.00193644465581722,-0.00278559751222585,-0.00675383839975396,-0.011736963668311,-0.0183385432734952,-0.0238658427854267
756,"CHE","Switzerland",0.0888816204421343,0.125816404920414,0.153133621412342,0.169497678280758,0.159693271775074,0.135024918727332,0.118469252280059,0.0975249953910324,0.0794754185890052,0.0698494423418317,0.0539777219182356,0.0424217194469523,0.0322799906155002,0.029105401397026,0.026277308952638,0.0283218927225188,0.0296174051715326,0.0244635432174987,0.0196568566708761,0.0164124839493791,0.00626314987537024,-0.00488294148030421,-0.0136830128952744,-0.0191217713435884
760,"SYR","Syria",NA,NA,NA,NA,NA,NA,NA,NA,NA,NA,NA,NA,NA,NA,NA,NA,NA,NA,NA,NA,NA,NA,NA,NA
158,"TWN","Taiwan",0.422907971620594,0.247243865828484,0.175280441359114,0.249776807727871,0.333038961388417,0.39323007965563,0.396175064692508,0.342348657660304,0.283402173330233,0.208738537533496,0.108209878120267,-0.0505573963817018,-0.177899869547431,-0.19695023457889,-0.196301725179143,-0.170982924615185,-0.147809466137977,-0.143059770734165,-0.118923874387074,-0.0773486012379077,-0.0344624192575818,-0.0219069941396312,-0.00236213194762092,0.00135736873770931
762,"TJK","Tajikistan",-0.0552213365347519,-0.0484394013446232,-0.0257752477201639,0.00498245094532823,-0.000251361618922696,0.017933680352858,0.0271732608907365,0.0266276093827826,0.0308751781575252,-0.00443469633193394,-0.0452825240519146,-0.0779530080215777,-0.12583294554816,-0.150411254222648,-0.200794790436049,-0.225702331780731,-0.243332745471116,-0.235249309275047,-0.205674601782368,-0.188146297271074,-0.164421425877122,-0.139349861670329,-0.121390312485085,-0.0949984826415424
834,"TZA","Tanzania",NA,NA,NA,NA,NA,NA,NA,NA,NA,NA,NA,NA,NA,NA,NA,NA,NA,NA,NA,NA,NA,NA,NA,NA
764,"THA","Thailand",0.0523638837399547,0.102243219481141,0.161675482383316,0.218777010374311,0.260458196086573,0.286774415872266,0.296715683885457,0.285022754428151,0.250125818077966,0.198745357723867,0.143822325558065,0.10543278654452,0.0747965624038296,0.050576503448104,0.033603816474622,0.0266292155648671,0.0315703898671515,0.0417492464140132,0.0541813437736329,0.0695997212612756,0.0846981925952959,0.096225501158635,0.103323579536518,0.104748998817104
626,"TLS","Timor-Leste",NA,NA,NA,NA,NA,NA,NA,NA,NA,NA,NA,NA,NA,NA,NA,NA,NA,NA,NA,NA,NA,NA,NA,NA
768,"TGO","Togo",0.761933370561164,0.622093776940952,0.589864804598216,0.534599887027201,0.463287190009978,0.41967359815737,0.381317881242564,0.335451682057184,0.276148061923412,0.209319472643216,0.146212589235627,0.106236807298425,0.0747102819149896,0.0493417585968556,0.0316028733232758,0.0244450602921782,0.0298086870397054,0.0415181778643117,0.0554286488233782,0.0722779409672958,0.0891443324449597,0.10167078280736,0.109648045954878,0.111066579929813
776,"TON","Tonga",NA,NA,NA,NA,NA,NA,NA,NA,NA,NA,NA,NA,NA,NA,NA,NA,NA,NA,NA,NA,NA,NA,NA,NA
780,"TTO","Trinidad and Tobago",0.762070667600129,0.622237225143534,0.590212253467108,0.535135127292766,0.463642188244393,0.419653292442202,0.381139670156453,0.335191429822251,0.275626150152213,0.208916275937483,0.145992861531895,0.106050051793039,0.0746981627270313,0.0494397819912411,0.0318145115142816,0.0248180694400886,0.0301340553307676,0.0417557433795308,0.0553845130487713,0.072079158595419,0.0888446596417327,0.10161772145572,0.109518236317205,0.111019837649742
788,"TUN","Tunisia",0.762240289301036,0.622340400078422,0.590037649960522,0.534966707845921,0.463618053568216,0.419998526773429,0.381246093282135,0.335370622106279,0.275815829189542,0.209183807090518,0.146215974167729,0.106191511517832,0.074599853677841,0.0493980579694173,0.0317503689787444,0.0247770576653983,0.0300679700333428,0.0416737776832254,0.0554545580219732,0.0719422967646002,0.0887162298918387,0.101320264030398,0.109171787390536,0.110485368907331
792,"TUR","Turkiye",-0.0354343287149836,-0.0242737369988936,-0.00538969498030339,0.034412896035074,0.0848230387859326,0.146189907586006,0.196970220808742,0.245095132737062,0.280800340526576,0.279125968219239,0.241167974517436,0.225596596699264,0.203324626877731,0.193117506525315,0.179853900149696,0.171900237460281,0.154559775481492,0.139435853212083,0.121774884572909,0.0968031133313199,0.0700862158470978,0.0591352862374372,0.0493983613333788,0.0475154634059667
795,"TKM","Turkmenistan",0.761798035422299,0.622274218622258,0.590098858636995,0.534967510161341,0.463551384564857,0.419950995296911,0.381433542942501,0.33544622193959,0.2758491706665,0.209089922247454,0.14591352790871,0.106113359712658,0.0745654681343006,0.0493260095412467,0.0316729177561754,0.0247397694241354,0.0302086014682454,0.0419205387906685,0.0555128173443984,0.0723276927419074,0.0891443074262113,0.101657471661217,NA,NA
796,"TCA","Turks and Caicos Islands",NA,NA,NA,NA,NA,NA,NA,NA,NA,NA,NA,NA,NA,NA,NA,NA,NA,NA,NA,NA,NA,NA,NA,NA
798,"TUV","Tuvalu",NA,NA,NA,NA,NA,NA,NA,NA,NA,NA,NA,NA,NA,NA,NA,NA,NA,NA,NA,NA,NA,NA,NA,NA
800,"UGA","Uganda",NA,NA,NA,NA,NA,NA,NA,NA,NA,NA,NA,NA,NA,NA,NA,NA,NA,NA,NA,NA,NA,NA,NA,NA
804,"UKR","Ukraine",-0.0138695850216056,-0.0467616111103754,-0.0937024660948536,-0.0964630889509399,-0.0752724555771284,-0.0407195635632988,-0.00143210108750469,0.0481170009393286,0.125084017579675,0.17922666843851,0.228848435685483,0.254883865004675,0.204481342639938,0.164802500743954,0.129528655570712,0.0868136706241183,0.0468361427491617,0.0249680752407082,0.0283836903308656,0.0518568801076189,0.0710746618186888,0.0944722163867671,0.120617078470382,0.139113436584062
784,"ARE","United Arab Emirates",0.0931419334550936,0.128775737763848,0.175948136363554,0.21990285131555,0.25275935522097,0.276423761334277,0.264844941225127,0.242178791359886,0.210539251877422,0.167771635888418,0.123499989123791,0.09435948434336,0.0697852822557814,0.0486966472529311,0.0333287612648341,0.0273579485840336,0.031386145391946,0.0409156171379625,0.0538435127052377,0.0676386545648602,0.0813886654956602,0.0920219359698091,0.0994987876322899,0.100860177985924
826,"GBR","United Kingdom",0.150736015269256,0.152117659483016,0.142487465762881,0.116054477250984,0.0868465926120703,0.0628556791127914,0.0464486942700868,0.0234260551887642,0.00790427411553618,-0.00330211089422749,-0.00463531295452368,-0.00500772867479171,-0.00487159930979952,0.00187128355619648,0.00762838788308207,0.0171012422302723,0.0256362588885577,0.0222160967232932,0.0212152624973836,0.0147008471729608,0.00514328916423601,-0.0038422850115376,-0.0115936814353464,-0.0162470960321397
840,"USA","United States of America",0.0911949915204773,0.0925923631099483,0.0849464171933052,0.0722756397940258,0.0563938146230116,0.0398987004842422,0.0293452980817417,0.0238987404171971,0.0225288999241633,0.0230935392604847,0.0262221484445817,0.0296753603849871,0.0310728907125963,0.0308745419210446,0.0289056404931616,0.026477732957332,0.0224796993010128,0.0181761910734213,0.0136645350716171,0.0099857101977967,0.00790631889715088,0.00735736371388263,0.00811465745737849,0.0078889233763455
858,"URY","Uruguay",0.119913875207867,0.0730798820448084,0.0962588208704849,0.143196760251721,0.157959211956233,0.138098156310964,0.141744855311963,0.164419200701939,0.252231544121023,0.352538691748087,0.384316576053595,0.25758788536913,0.15508736480374,-0.197774153563189,-0.107582730707591,-0.0220792478063047,0.0400151071963566,0.0743140039672296,0.182948677431131,0.341393016951072,0.482895831837664,0.548323520216128,0.521143752100921,-0.00105230951892965
860,"UZB","Uzbekistan",NA,0.259161379489803,0.188838930523022,0.0635774093702797,0.0675393108557036,0.159466583975114,0.16181272720736,0.230898121773355,0.198827287338607,0.237672142159501,0.22571099402329,0.213463170596355,0.264530373455316,0.187064665427426,0.191000965869655,0.283043607701605,0.267915555433135,0.315215017513069,0.245276274155436,0.232829473753721,0.162651731939102,0.0826759368666388,0.0706809810894575,0.0679651515729185
548,"VUT","Vanuatu",NA,NA,NA,NA,NA,NA,NA,NA,NA,NA,NA,NA,NA,NA,NA,NA,NA,NA,NA,NA,NA,NA,NA,NA
862,"VEN","Venezuela",-0.0592093103446135,-0.0451548714462292,-0.0297920651248702,-0.0017111397693601,0.0296278588873125,0.0587705045794022,0.0790295534451868,0.096778701696699,0.113528227122566,0.103428506140708,0.090863891330218,0.075241326031648,0.0520585089827541,0.0364765403760308,0.0223955859887548,0.0104552640645785,0.00304135978020992,0.00377631480296126,0.0134517600094102,0.0286638808966753,0.0443584444228138,0.0575040215345355,0.0707097467278963,0.0827250885814159
704,"VNM","Viet Nam",0.672678269629283,0.596141004677806,0.573819773277123,0.525515542203947,0.459155994104036,0.416971072484231,0.379425101383621,0.333877344613644,0.274830692508904,0.208434999344436,0.145756746515954,0.10613176933517,0.0748070524873197,0.0494582868003495,0.0319296794608885,0.0249600794642015,0.0305319232822252,0.0446396179211588,0.0655370684420582,0.087545606432452,0.10965580195083,0.126958488161399,0.138706583088542,0.141243126219247
876,"WLF","Wallis and Futuna Islands",NA,NA,NA,NA,NA,NA,NA,NA,NA,NA,NA,NA,NA,NA,NA,NA,NA,NA,NA,NA,NA,NA,NA,NA
732,"ESH","Western Sahara",NA,NA,NA,NA,NA,NA,NA,NA,NA,NA,NA,NA,NA,NA,NA,NA,NA,NA,NA,NA,NA,NA,NA,NA
887,"YEM","Yemen",0.762279398597178,0.6222659066301,0.590104071868301,0.534867547649609,0.46345882917685,0.419747523591318,0.381406947008228,0.335370016287341,0.275950269959695,0.209172361009945,0.14601139138956,0.106154309543327,0.0746214266927485,0.0493844836446957,0.0317935279246213,0.0245861869985085,0.0300476460851167,0.0416215959064261,0.0554381859698276,0.0722782396706683,0.0889394355250552,0.101589847112217,0.109447508718458,0.110838338679938
894,"ZMB","Zambia",0.139868320281877,0.128761707492398,0.105679442870223,0.0762424154078583,0.0450915798113505,0.0152155728281378,-0.0112798259143132,-0.0328051061346583,-0.0480522441443169,-0.0562424789455863,-0.0571317407497604,-0.0582507899064556,-0.0611456421717709,-0.0606695443767679,-0.0646409362888651,-0.0771093298755884,-0.0997923947029874,-0.135421003321239,-0.163218074169226,-0.205512737389025,-0.321087929802671,NA,NA,NA
716,"ZWE","Zimbabwe",0.762200607744627,0.622458642661964,0.590234790123244,0.535487283110288,0.463927511135934,0.420064971048032,0.381582305031706,0.335168010291246,0.275697824777925,0.209055369077185,0.145954937516815,0.105911703308082,0.074384886204488,0.0492856255111247,0.0317767757210599,0.0246304231338499,0.0300406770386394,0.0416711625506652,0.055507639540215,0.072245469478688,0.0891055970938461,0.101642980234237,0.109510463748263,0.110812483985777
