"code","iso","country","FSS.raw.1950","FSS.raw.1951","FSS.raw.1952","FSS.raw.1953","FSS.raw.1954","FSS.raw.1955","FSS.raw.1956","FSS.raw.1957","FSS.raw.1958","FSS.raw.1959","FSS.raw.1960","FSS.raw.1961","FSS.raw.1962","FSS.raw.1963","FSS.raw.1964","FSS.raw.1965","FSS.raw.1966","FSS.raw.1967","FSS.raw.1968","FSS.raw.1969","FSS.raw.1970","FSS.raw.1971","FSS.raw.1972","FSS.raw.1973","FSS.raw.1974","FSS.raw.1975","FSS.raw.1976","FSS.raw.1977","FSS.raw.1978","FSS.raw.1979","FSS.raw.1980","FSS.raw.1981","FSS.raw.1982","FSS.raw.1983","FSS.raw.1984","FSS.raw.1985","FSS.raw.1986","FSS.raw.1987","FSS.raw.1988","FSS.raw.1989","FSS.raw.1990","FSS.raw.1991","FSS.raw.1992","FSS.raw.1993","FSS.raw.1994","FSS.raw.1995","FSS.raw.1996","FSS.raw.1997","FSS.raw.1998","FSS.raw.1999","FSS.raw.2000","FSS.raw.2001","FSS.raw.2002","FSS.raw.2003","FSS.raw.2004","FSS.raw.2005","FSS.raw.2006","FSS.raw.2007","FSS.raw.2008","FSS.raw.2009","FSS.raw.2010","FSS.raw.2011","FSS.raw.2012","FSS.raw.2013","FSS.raw.2014","FSS.raw.2015","FSS.raw.2016","FSS.raw.2017","FSS.raw.2018","FSS.raw.2019"
4,"AFG","Afghanistan",NA,NA,NA,NA,NA,NA,NA,NA,NA,NA,NA,NA,NA,NA,NA,NA,NA,NA,NA,NA,NA,NA,NA,NA,NA,NA,NA,NA,NA,NA,NA,NA,NA,NA,NA,NA,NA,NA,NA,NA,NA,NA,NA,NA,NA,NA,NA,NA,NA,NA,NA,NA,NA,NA,NA,NA,NA,NA,NA,NA,NA,NA,NA,NA,NA,NA,NA,NA,NA,NA
8,"ALB","Albania",NA,NA,NA,NA,NA,NA,NA,NA,NA,NA,NA,NA,NA,NA,NA,NA,NA,NA,NA,NA,NA,NA,NA,NA,NA,NA,NA,NA,NA,NA,NA,NA,NA,NA,NA,NA,NA,NA,NA,NA,NA,NA,NA,NA,NA,NA,NA,NA,NA,NA,NA,NA,NA,NA,NA,NA,NA,NA,NA,NA,NA,NA,NA,NA,NA,NA,NA,NA,NA,NA
12,"DZA","Algeria",0,0,0,0,0,0,0,0,0,0,0,0,0,0,0,0,0,0,0,0,0.01,0.01,0.01000100010001,0.02,0,0.02,0,0.08,0,0,0,0,0,0,0,0,0.08,0.1,0.10998900109989,0.13,0.17,0.16001600160016,0.13998600139986,0.11,0.1,0.0999900009999,0.09000900090009,0.08,0.07,0.08,0.08000800080008,0.08,0.06999300069993,0.04999500049995,0.03999600039996,0.02,0.04,0.07,0.11001100110011,0.12998700129987,0.11,0.14998500149985,0.18998100189981,0.2,0.18,0.15,0.14998500149985,0.26,0.29002900290029,0.25
20,"AND","Andorra",NA,NA,NA,NA,NA,NA,NA,NA,NA,NA,NA,NA,NA,NA,NA,NA,NA,NA,NA,NA,NA,NA,NA,NA,NA,NA,NA,NA,NA,NA,NA,NA,NA,NA,NA,NA,NA,NA,NA,NA,NA,NA,NA,NA,NA,NA,NA,NA,NA,NA,NA,NA,NA,NA,NA,NA,NA,NA,NA,NA,NA,NA,NA,NA,NA,NA,NA,NA,NA,NA
24,"AGO","Angola",0,0,0,0,0,0,0,0.47,0,0,0,0,0.43004300430043,0.27,0.24002400240024,0.22,0,0.27,0.29,0.37,0.3000300030003,0.22,0.17998200179982,0.12,0.6,1.07,2.17,3.29,4.24,4.07,3.03969603039696,2.61026102610261,3.74,8.1,8.29,7.92079207920792,3.66036603660366,2.08,1.48985101489851,1.21,1.82,1.89,2.56,2.71027102710271,3.28032803280328,2.85,2.37,1.93980601939806,1.96019601960196,2.37023702370237,2.59,2.9,3.96960303969603,4.24042404240424,3.73,2.02,1.4001400140014,2.05,4.85,6.15,5.82,5.12948705129487,5.39,4.73952604739526,4.93950604939506,5.34946505349465,7.09,6.75932406759324,6,3.82038203820382
660,"AIA","Anguilla",NA,NA,NA,NA,NA,NA,NA,NA,NA,NA,NA,NA,NA,NA,NA,NA,NA,NA,NA,NA,NA,NA,NA,NA,NA,NA,NA,NA,NA,NA,NA,NA,NA,NA,NA,NA,NA,NA,NA,NA,NA,NA,NA,NA,NA,NA,NA,NA,NA,NA,NA,NA,NA,NA,NA,NA,NA,NA,NA,NA,NA,NA,NA,NA,NA,NA,NA,NA,NA,NA
28,"ATG","Antigua and Barbuda",0,0,0,0,0,0,0,0,0,0,0,0,0,0,0,0,0,0,0.96,0.81,0,0.41995800419958,0,0.45,0.34,0,0,0,0,0,0,0,0,0,0.29,0,0,0,0,0,0,0,0,0,0.05999400059994,0.29,0.38,0.27,0.21,0.47,0,0.84,0,0,0,0.40995900409959,0,0,0.18,0.17,0.16,0.13,0,0,0,0,0,0,0,0
32,"ARG","Argentina",0,0,0,0,0,0,0,0,0,0,0,0,0,0,0,0.01,0,0.44004400440044,0.43,0.49004900490049,0.02,0.09,0,0.7000700070007,1.26987301269873,1.55015501550155,1,0.52994700529947,0.38,0.32,0.36,0.3999600039996,0.39,0.32,0.21,0.26,0.24002400240024,0.22,0.15,0.16998300169983,0.17998200179982,0.16,0.24,0.2999700029997,0.32996700329967,0.19,0.18998100189981,0.23002300230023,0.31003100310031,0.31996800319968,0.33,0.3,0.26,0.18,0.28002800280028,0.31,0.28997100289971,0.2,0.2,0.21,0.22002200220022,0.25,0.27,0.2999700029997,0.27002700270027,0.49,0.58,0.58994100589941,0.38003800380038,0.36
51,"ARM","Armenia",NA,NA,NA,NA,NA,NA,NA,NA,NA,NA,NA,NA,NA,NA,NA,NA,NA,NA,NA,NA,NA,NA,NA,NA,NA,NA,NA,NA,NA,NA,NA,NA,NA,NA,NA,NA,NA,NA,NA,NA,NA,NA,NA,NA,NA,NA,NA,NA,NA,NA,NA,NA,NA,NA,NA,NA,NA,NA,NA,NA,NA,NA,NA,NA,NA,NA,NA,NA,NA,NA
533,"ABW","Aruba",NA,NA,NA,NA,NA,NA,NA,NA,NA,NA,NA,NA,NA,NA,NA,NA,NA,NA,NA,NA,NA,NA,NA,NA,NA,NA,NA,NA,NA,NA,NA,NA,NA,NA,NA,NA,NA,NA,NA,NA,NA,NA,NA,NA,NA,NA,NA,NA,NA,NA,NA,NA,NA,NA,NA,NA,NA,NA,NA,NA,NA,NA,NA,NA,NA,NA,NA,NA,NA,NA
36,"AUS","Australia",0,0,0,0,0,0,0,0,0,0,0,0,0,0,0,0,0,0.017872744893395,0,0.0276684065595331,0.0483548839487616,0.0309754116062155,0.0209060615047944,0.023831839392706,0.0289674511544849,0.0299981988581436,0.257613274933671,0.420167362826681,0.0982168881998952,0.352083848017285,0.374799321270497,0.369824722496384,0.328598711172042,0.202940832491627,0.125500943188608,0.0772567380624734,0.0777870424272049,0.0664002480957991,0.0445521344261258,0.0854187481250571,0.211987328738228,0.347579017789266,0.449764841330757,0.472294656388154,0.489811072750718,0.496629928793538,0.626687679851001,0.86475697553243,0.891081391889055,1.1480258130775,1.06173711561696,1.61109723501813,1.67588325134004,1.93339638382279,2.72922565777236,3.50840814520786,4.19785331157398,4.11442317779381,3.8659148547511,3.85373313794765,3.73777211217886,3.67114215260654,3.92489405585067,4.25587851349406,4.44462931169034,4.27626843105932,4.02868015772596,3.8879693054465,3.84242051799615,3.89272666069345
40,"AUT","Austria",NA,NA,NA,NA,NA,NA,NA,NA,NA,NA,NA,NA,NA,NA,NA,NA,NA,NA,NA,NA,NA,NA,NA,NA,NA,NA,NA,NA,NA,NA,NA,NA,NA,NA,NA,NA,NA,NA,NA,NA,NA,NA,NA,NA,NA,NA,NA,NA,NA,NA,NA,NA,NA,NA,NA,NA,NA,NA,NA,NA,NA,NA,NA,NA,NA,NA,NA,NA,NA,NA
31,"AZE","Azerbaijan",NA,NA,NA,NA,NA,NA,NA,NA,NA,NA,NA,NA,NA,NA,NA,NA,NA,NA,NA,NA,NA,NA,NA,NA,NA,NA,NA,NA,NA,NA,NA,NA,NA,NA,NA,NA,NA,NA,NA,NA,NA,NA,NA,NA,NA,NA,NA,NA,NA,NA,NA,NA,NA,NA,NA,NA,NA,NA,NA,NA,NA,NA,NA,NA,NA,NA,NA,NA,NA,NA
44,"BHS","Bahamas",0,0,0,0,0,0,0,0,0,0,0,0,0,0,0,0,0,0,0,0.18,0,0.14001400140014,0,0.18001800180018,0.16,0,0.12001200120012,0.01000100010001,0,0,0.01000100010001,0,0.03999600039996,0.04,0.1,0.11001100110011,0.14001400140014,0.15,0.23,0.27,0.25,0.26002600260026,0.23002300230023,0.25002500250025,0.21,0.31,0.4,0.44004400440044,0.39,0.25,0.2000200020002,0.46995300469953,0.4999500049995,0.78,0.6,0.75992400759924,0.65006500650065,0.63006300630063,0.62,0.47995200479952,0.52,0.46,0.51,0.53,0.6000600060006,0.63,0.63993600639936,0.64006400640064,0.67,0.72992700729927
48,"BHR","Bahrain",NA,NA,NA,NA,NA,NA,NA,NA,NA,NA,NA,NA,NA,NA,NA,NA,NA,NA,NA,NA,NA,NA,NA,NA,NA,NA,NA,NA,NA,NA,NA,NA,NA,NA,NA,NA,NA,NA,NA,NA,NA,NA,NA,NA,NA,NA,NA,NA,NA,NA,NA,NA,NA,NA,NA,NA,NA,NA,NA,NA,NA,NA,NA,NA,NA,NA,NA,NA,NA,NA
50,"BGD","Bangladesh",0,0,0,0,0,0,0,0,0,0,0,0,0,0,0,0,0,0,0,0,0,0,0,0,0,0,0,0,0,0,0,0,0,0,0,0,0,0,0,0,0,0,0,0,0,0,0,0,0,0,0,0,0,0,0,0.00999900009999,0.01,0,0,0.01,0.01,0.04,0.05,0.07,0.06999300069993,0.08,0.06999300069993,0.07,0.06999300069993,0.08
52,"BRB","Barbados",0,0,0,5.95,0,0,6.15061506150615,8.36,0,0,0,5.5994400559944,3.67,0,4.03,0,0,0,5.56,7.52,0,4.5,2.69026902690269,1.2,0.97,0.75,0,0,0.73,0,1.99,4.03,6.28,4.96950304969503,4.40955904409559,3.76,3.84,6.98069806980698,6.65,8.41915808419158,8.25,6.09,6.39,7.66,7.53075307530753,8.75,7.46,7.01929807019298,5.51,5.17,6.15,6.67933206679332,7.55924407559244,7.8,7.99,8.18,8.79,7.58075807580758,8.51,8.1,9.4009400940094,9.94,9.85098509850985,8.86,8.6,10.12,11.8988101189881,11.4688531146885,11.3311331133113,12.7
112,"BLR","Belarus",NA,NA,NA,NA,NA,NA,NA,NA,NA,NA,NA,NA,NA,NA,NA,NA,NA,NA,NA,NA,NA,NA,NA,NA,NA,NA,NA,NA,NA,NA,NA,NA,NA,NA,NA,NA,NA,NA,NA,NA,NA,NA,NA,NA,NA,NA,NA,NA,NA,NA,NA,NA,NA,NA,NA,NA,NA,NA,NA,NA,NA,NA,NA,NA,NA,NA,NA,NA,NA,NA
56,"BEL","Belgium",NA,NA,NA,NA,NA,NA,NA,NA,NA,NA,NA,NA,NA,NA,NA,NA,NA,NA,NA,NA,NA,NA,NA,NA,NA,NA,NA,NA,NA,NA,NA,NA,NA,NA,NA,NA,NA,NA,NA,NA,NA,NA,NA,NA,NA,NA,NA,NA,NA,NA,NA,NA,NA,NA,NA,NA,NA,NA,NA,NA,NA,NA,NA,NA,NA,NA,NA,NA,NA,NA
84,"BLZ","Belize",NA,NA,NA,NA,NA,NA,NA,NA,NA,NA,NA,NA,NA,NA,NA,NA,NA,NA,NA,NA,NA,NA,NA,NA,NA,NA,NA,NA,NA,NA,NA,NA,NA,NA,NA,NA,NA,NA,NA,NA,NA,NA,NA,NA,NA,NA,NA,NA,NA,NA,NA,NA,NA,NA,NA,NA,NA,NA,NA,NA,NA,NA,NA,NA,NA,NA,NA,NA,NA,NA
204,"BEN","Benin",NA,NA,NA,NA,NA,NA,NA,NA,NA,NA,NA,NA,NA,NA,NA,NA,NA,NA,NA,NA,NA,NA,NA,NA,NA,NA,NA,NA,NA,NA,NA,NA,NA,NA,NA,NA,NA,NA,NA,NA,NA,NA,NA,NA,NA,NA,NA,NA,NA,NA,NA,NA,NA,NA,NA,NA,NA,NA,NA,NA,NA,NA,NA,NA,NA,NA,NA,NA,NA,NA
60,"BMU","Bermuda",NA,NA,NA,NA,NA,NA,NA,NA,NA,NA,NA,NA,NA,NA,NA,NA,NA,NA,NA,NA,NA,NA,NA,NA,NA,NA,NA,NA,NA,NA,NA,NA,NA,NA,NA,NA,NA,NA,NA,NA,NA,NA,NA,NA,NA,NA,NA,NA,NA,NA,NA,NA,NA,NA,NA,NA,NA,NA,NA,NA,NA,NA,NA,NA,NA,NA,NA,NA,NA,NA
64,"BTN","Bhutan",NA,NA,NA,NA,NA,NA,NA,NA,NA,NA,NA,NA,NA,NA,NA,NA,NA,NA,NA,NA,NA,NA,NA,NA,NA,NA,NA,NA,NA,NA,NA,NA,NA,NA,NA,NA,NA,NA,NA,NA,NA,NA,NA,NA,NA,NA,NA,NA,NA,NA,NA,NA,NA,NA,NA,NA,NA,NA,NA,NA,NA,NA,NA,NA,NA,NA,NA,NA,NA,NA
68,"BOL","Bolivia",NA,NA,NA,NA,NA,NA,NA,NA,NA,NA,NA,NA,NA,NA,NA,NA,NA,NA,NA,NA,NA,NA,NA,NA,NA,NA,NA,NA,NA,NA,NA,NA,NA,NA,NA,NA,NA,NA,NA,NA,NA,NA,NA,NA,NA,NA,NA,NA,NA,NA,NA,NA,NA,NA,NA,NA,NA,NA,NA,NA,NA,NA,NA,NA,NA,NA,NA,NA,NA,NA
70,"BIH","Bosnia and Herzegovina",NA,NA,NA,NA,NA,NA,NA,NA,NA,NA,NA,NA,NA,NA,NA,NA,NA,NA,NA,NA,NA,NA,NA,NA,NA,NA,NA,NA,NA,NA,NA,NA,NA,NA,NA,NA,NA,NA,NA,NA,NA,NA,NA,NA,NA,NA,NA,NA,NA,NA,NA,NA,NA,NA,NA,NA,NA,NA,NA,NA,NA,NA,NA,NA,NA,NA,NA,NA,NA,NA
72,"BWA","Botswana",NA,NA,NA,NA,NA,NA,NA,NA,NA,NA,NA,NA,NA,NA,NA,NA,NA,NA,NA,NA,NA,NA,NA,NA,NA,NA,NA,NA,NA,NA,NA,NA,NA,NA,NA,NA,NA,NA,NA,NA,NA,NA,NA,NA,NA,NA,NA,NA,NA,NA,NA,NA,NA,NA,NA,NA,NA,NA,NA,NA,NA,NA,NA,NA,NA,NA,NA,NA,NA,NA
76,"BRA","Brazil",0,0,0,0,0,0,0,0,0,0,0,0,0,0,0,0,0,0,0.415307593757583,0.447977943031269,0.442561575780533,0.017299048266666,0.0150166431869481,0.0265881950649599,0.295626858794454,0.375939805835076,0.385925000107148,0.0998647494471809,0.0599156023292439,0.245733917619314,0.437491688669713,0.787877670649709,0.896763338280619,0.904451846936777,0.906971604371504,0.893364298443793,0.986218985167412,1.12075876416426,0.903892606751197,0.710685538985619,0.366908136807677,0.961562549399137,1.21686585164387,1.38422887260839,0.911911935691641,0.964802836847421,0.988003962060271,1.32851391465132,1.20239131047784,1.94402493921482,1.74219607078451,1.82479967497552,1.04503065184173,0.880594234275296,0.556606522298915,0.684844034574812,0.712121949324662,0.762125353118551,0.704391466249715,0.784063226131246,0.773720770069281,0.683672105208252,0.612599338681975,0.574680577740997,0.610835930536869,0.649575334583582,0.772230335636474,0.750763112319335,0.681318327283662,0.747284304072413
92,"VGB","British Virgin Islands",NA,NA,NA,NA,NA,NA,NA,NA,NA,NA,NA,NA,NA,NA,NA,NA,NA,NA,NA,NA,NA,NA,NA,NA,NA,NA,NA,NA,NA,NA,NA,NA,NA,NA,NA,NA,NA,NA,NA,NA,NA,NA,NA,NA,NA,NA,NA,NA,NA,NA,NA,NA,NA,NA,NA,NA,NA,NA,NA,NA,NA,NA,NA,NA,NA,NA,NA,NA,NA,NA
96,"BRN","Brunei Darussalam",NA,NA,NA,NA,NA,NA,NA,NA,NA,NA,NA,NA,NA,NA,NA,NA,NA,NA,NA,NA,NA,NA,NA,NA,NA,NA,NA,NA,NA,NA,NA,NA,NA,NA,NA,NA,NA,NA,NA,NA,NA,NA,NA,NA,NA,NA,NA,NA,NA,NA,NA,NA,NA,NA,NA,NA,NA,NA,NA,NA,NA,NA,NA,NA,NA,NA,NA,NA,NA,NA
100,"BGR","Bulgaria",NA,NA,NA,NA,NA,NA,NA,NA,NA,NA,NA,NA,NA,NA,NA,NA,NA,NA,NA,NA,NA,NA,NA,NA,NA,NA,NA,NA,NA,NA,NA,NA,NA,NA,NA,NA,NA,NA,NA,NA,NA,NA,NA,NA,NA,NA,NA,NA,NA,NA,NA,NA,NA,NA,NA,NA,NA,NA,NA,NA,NA,NA,NA,NA,NA,NA,NA,NA,NA,NA
854,"BFA","Burkina Faso",NA,NA,NA,NA,NA,NA,NA,NA,NA,NA,NA,NA,NA,NA,NA,NA,NA,NA,NA,NA,NA,NA,NA,NA,NA,NA,NA,NA,NA,NA,NA,NA,NA,NA,NA,NA,NA,NA,NA,NA,NA,NA,NA,NA,NA,NA,NA,NA,NA,NA,NA,NA,NA,NA,NA,NA,NA,NA,NA,NA,NA,NA,NA,NA,NA,NA,NA,NA,NA,NA
108,"BDI","Burundi",NA,NA,NA,NA,NA,NA,NA,NA,NA,NA,NA,NA,NA,NA,NA,NA,NA,NA,NA,NA,NA,NA,NA,NA,NA,NA,NA,NA,NA,NA,NA,NA,NA,NA,NA,NA,NA,NA,NA,NA,NA,NA,NA,NA,NA,NA,NA,NA,NA,NA,NA,NA,NA,NA,NA,NA,NA,NA,NA,NA,NA,NA,NA,NA,NA,NA,NA,NA,NA,NA
132,"CPV","Cabo Verde",0,0,0,0,0,0,0,0,0,0,0,0,0,0,0,0,0,0,0,0,0,0,0,0,0.11,0,0,0,0,0,0.06000600060006,0,0,0.04,0.03,0,0,0,0,0,0,0,0,0,0,0,0.02,0.01000100010001,0.01,0.02,0.01999800019998,0,0.05,0.04999500049995,0.06,0.04,0.03,0.03,0.03,0.03,0.04,0.02,0.12,0.23997600239976,0.35,0,0,0.27,0.33,0.62993700629937
116,"KHM","Cambodia",0,0,0,0,0,0,0,0,0,0,0,0,0,0,0,0,0,0,0,0,0,0,0,0,0,0.17998200179982,0.23997600239976,0.37996200379962,0.34,0.46995300469953,0.48995100489951,0.45,0.27997200279972,0.18001800180018,0.16,0.11,0.0699860027994401,0.02,0.02000200020002,0.01999800019998,0.02,0.06999300069993,0.07000700070007,0.08,0.05,0.04000400040004,0.04,0.04,0.04000400040004,0.05,0.05,0.05999400059994,0.18,0.21,0.27,0.21,0.31,0.58005800580058,1.28,2.28,2.98,2.76972302769723,4.06040604060406,4.41,6.44,6,6.35936406359364,5.22,5.14948505149485,5.22947705229477
120,"CMR","Cameroon",NA,NA,NA,NA,NA,NA,NA,NA,NA,NA,NA,NA,NA,NA,NA,NA,NA,NA,NA,NA,NA,NA,NA,NA,NA,NA,NA,NA,NA,NA,NA,NA,NA,NA,NA,NA,NA,NA,NA,NA,NA,NA,NA,NA,NA,NA,NA,NA,NA,NA,NA,NA,NA,NA,NA,NA,NA,NA,NA,NA,NA,NA,NA,NA,NA,NA,NA,NA,NA,NA
124,"CAN","Canada",0,0,0,0,0,0,0,0,0,0,0,0,0.00292069125292138,0,0.00210479809376572,0.00228229762924521,0.00315470446087605,0.0325348740615034,0.0746011485808045,0.157885309593408,0.249288201425022,0.17212856822392,0.103526756031043,0.0259305797558708,0.018867480451584,0.925949195760866,1.70741075890918,2.53595282378395,1.86406929509511,4.42185287192586,4.39098713038698,6.3053683889108,6.95384157100804,6.9412311071562,5.27019536934572,1.91647536916952,1.84368029644323,2.20342714769916,2.05882078733183,2.90842750318664,3.57164435625165,4.65181992922641,7.93749749504341,10.1249181303249,11.5731431103839,11.8750638783556,11.814333994618,13.2116412862518,14.9454741756638,15.8721531214066,18.4210155354677,16.1601043771777,15.0766586084362,12.6140793539118,10.4767123574197,10.7396727097185,10.8450156814775,12.1739156308233,11.8503690236697,13.2285990904671,13.6228247085633,14.5681213233643,15.5158437790277,17.2836871995652,18.2780830516235,18.1168410747471,19.3824228743388,19.6118981878939,19.860003660437,18.4654098566017
136,"CYM","Cayman Islands",NA,NA,NA,NA,NA,NA,NA,NA,NA,NA,NA,NA,NA,NA,NA,NA,NA,NA,NA,NA,NA,NA,NA,NA,NA,NA,NA,NA,NA,NA,NA,NA,NA,NA,NA,NA,NA,NA,NA,NA,NA,NA,NA,NA,NA,NA,NA,NA,NA,NA,NA,NA,NA,NA,NA,NA,NA,NA,NA,NA,NA,NA,NA,NA,NA,NA,NA,NA,NA,NA
140,"CAF","Central African Republic",NA,NA,NA,NA,NA,NA,NA,NA,NA,NA,NA,NA,NA,NA,NA,NA,NA,NA,NA,NA,NA,NA,NA,NA,NA,NA,NA,NA,NA,NA,NA,NA,NA,NA,NA,NA,NA,NA,NA,NA,NA,NA,NA,NA,NA,NA,NA,NA,NA,NA,NA,NA,NA,NA,NA,NA,NA,NA,NA,NA,NA,NA,NA,NA,NA,NA,NA,NA,NA,NA
148,"TCD","Chad",NA,NA,NA,NA,NA,NA,NA,NA,NA,NA,NA,NA,NA,NA,NA,NA,NA,NA,NA,NA,NA,NA,NA,NA,NA,NA,NA,NA,NA,NA,NA,NA,NA,NA,NA,NA,NA,NA,NA,NA,NA,NA,NA,NA,NA,NA,NA,NA,NA,NA,NA,NA,NA,NA,NA,NA,NA,NA,NA,NA,NA,NA,NA,NA,NA,NA,NA,NA,NA,NA
152,"CHL","Chile",0,0,0,0,0,0,0,0,0,0,0,0.3,0.24,0.22,0.22997700229977,0.19,0.17,0.15,0.17,0.15001500150015,0.21,0.28002800280028,0.59,0.54,0.57,0.48,0.74,0.5,0.63,0.58994100589941,1.02,0.95,0.9000900090009,0.76,0.67,0.56,0.48,0.43,0.47004700470047,0.57005700570057,0.68993100689931,0.78007800780078,0.82,1.8,3.05,4.11041104110411,3.89,3.8,4.42955704429557,5.19,5.55888822235553,3.91,4.04,3.6003600360036,4.06,3.4,3.13031303130313,2.51025102510251,2.21022102210221,2,3.42,3.67,3.67963203679632,1.86981301869813,7.28927107289271,8.28,17.78,10.52,10.6789321067893,5.33
156,"CHN","China",0,0,0,0,0,0.01999800019998,0,0,0.07,0,0,0.11,0.13,0.13,0.16,0.18,0.19001900190019,0.16,0.17,0.15,0.21,0.21,0.19,0.17,0.15998400159984,0.18,0.28,0.3,0.4,0.35,0.42,0.34,0.23,0.35003500350035,0.34,0.4000400040004,0.32,0.37003700370037,0.35996400359964,0.3,0.24,0.2,0.28,0.29,0.29002900290029,0.21002100210021,0.21002100210021,0.33003300330033,0.4,0.46,0.35,0.34,0.33,0.35,0.4,0.46995300469953,0.54005400540054,0.62,0.66993300669933,0.74007400740074,0.72992700729927,0.7,0.69,0.68,0.7000700070007,0.70992900709929,0.71,0.74,0.76992300769923,0.8
170,"COL","Colombia",0,0,0,0,0,0,0,0,0,0,0,0,0,0,0,0,0,0,0.0458116878526081,0.0833729107791818,0.8696373749962,1.18722501737318,0.95965848806366,0.591060425571672,0.750432343363804,2.5758126764079,2.46298641123274,4.04245327832141,2.32001929125309,5.5440907467803,8.68342161471345,8.68076996160572,9.15692398759327,7.52042072371174,6.84061216454211,3.21499603838366,2.49383812772448,4.63678078903692,5.01373949697126,4.12385271353756,1.5964223860302,2.07244288819664,2.64930617500686,4.98312995565112,8.75600899477314,8.40068937268823,5.44695308953647,5.15473466109276,10.1559237204916,5.39980884431557,5.63237947333681,6.45322580645161,3.80403960533171,12.7933627867274,9.9325326246382,8.07466772623423,15.2818267853807,13.6863993972391,14.0274201945148,13.8522303919603,11.4163769398658,11.61446681336,19.8424387011266,20.3701785567784,12.5026852129658,12.6528703736097,16.3177020010148,21.2874812787059,29.0220528295726,20.6995927100961
174,"COM","Comoros",0,0,0,0,0,0,0,0,0,0,0,0,0,0,0,0,0,0,0,0,0,0,3.37,3.16,0,0,0.15,0.15,0.11,0.06,0,0,0,0,0,0,0,0,0,0,0,0,0,0,0,0,0,0,0,0,0.02,0,0.1000100010001,0,0,0,0,0,0,0,0,0,0,0,0.36,0.78007800780078,0.91009100910091,1.18988101189881,0.76,0.54
184,"COK","Cook Islands",NA,NA,NA,NA,NA,NA,NA,NA,NA,NA,NA,NA,NA,NA,NA,NA,NA,NA,NA,NA,NA,NA,NA,NA,NA,NA,NA,NA,NA,NA,NA,NA,NA,NA,NA,NA,NA,NA,NA,NA,NA,NA,NA,NA,NA,NA,NA,NA,NA,NA,NA,NA,NA,NA,NA,NA,NA,NA,NA,NA,NA,NA,NA,NA,NA,NA,NA,NA,NA,NA
188,"CRI","Costa Rica",0,0,0,0,0,0.27,0,0.14,0,0,0.02,0.01,0.02,0.01,0.01,0,0,0.33,0.5,1.2,1.57,1.57,1.21,0.46,0.42,0.49,1.01010101010101,1.000100010001,0.56,0.48,2.54,3.26,7.54924507549245,7.87078707870787,5.52055205520552,1.63,0.58,0.32003200320032,0.46,0.38,0.73,3.16,3.35,4.37,2.26,1.67,1.94,2.04,1.9,0.59005900590059,1.89018901890189,4.47,4.61,4.8995100489951,1.97980201979802,1.98,0.22,3.12968703129687,4.73,6.35,6.44064406440644,6.38063806380638,5.39,4.73952604739526,5.18,5.56,5.51,6.11,7.12,6.78932106789321
384,"CIV","Cote d'Ivoire",0,0,0,0,0,0,0,0,0,0,0,0,0,0,0,0,0,0.07,0.10998900109989,0.1,0.62006200620062,0.66006600660066,1.18,1.07,1.08,0.56,0.27,0.1999800019998,0.37003700370037,0.31,0.84,1.27,1.26012601260126,1.58984101589841,1.71,2.39,1.85981401859814,1.65,1.23,1.09,1.05,1.65016501650165,1.85981401859814,1.81981801819818,1.49,1.58,2.28022802280228,2.18,1.75982401759824,1.45,1.75,2.34,2.3,2.15978402159784,1.99,1.99,2.26977302269773,2.36,2.23,1.64,1.14,0.88,0.97,0.98,1.09010901090109,0.96,1.10988901109889,1.15011501150115,2.29,3.93
191,"HRV","Croatia",0,0,0,0,0,0,0,0,0,0,0,0,0,0,0,0,0,0,0.48,0,0.47,0.55,0.31003100310031,0.25,0.22,0.17,0.12,0.07,0.07,0.07000700070007,0.10998900109989,0.08000800080008,0.05999400059994,0.01999800019998,0.01000100010001,0.02,0.02,0.14001400140014,0.21,0.39,0.53005300530053,0.51,0.39,0.27,0.67,1.08,1.27,1.22987701229877,1.26,1.21987801219878,1.2,1.35986401359864,1.22987701229877,1.22987701229877,0.94,0.77,0.57,0.54005400540054,0.59005900590059,0.66993300669933,0.69,0.71007100710071,0.71992800719928,0.72,0.71,0.6000600060006,0.51,0.64006400640064,0.69,0.63
192,"CUB","Cuba",0,0,0,0,0,0,0,0,0,0,0,0,0,0,0,0,0,0,0.12001200120012,0.09,0,0.04,0,0.04999500049995,0.04,0,0.08,0,0.21,0,0,0,0,0,0,0,0,0.1999800019998,0,0.21,0.12001200120012,0.32,0.48,0.60993900609939,0.52,0.57,1.05989401059894,1.53,1.65016501650165,1.22987701229877,0.94009400940094,0.99009900990099,1.41,1.78,1.80981901809819,1.73982601739826,2.12978702129787,2.53025302530253,3.02,3.19,3.07,2.96,2.80971902809719,2.98,1.99,1.11,1.14,1.24012401240124,2.26977302269773,3.36
531,"CUW","Curacao",NA,NA,NA,NA,NA,NA,NA,NA,NA,NA,NA,NA,NA,NA,NA,NA,NA,NA,NA,NA,NA,NA,NA,NA,NA,NA,NA,NA,NA,NA,NA,NA,NA,NA,NA,NA,NA,NA,NA,NA,NA,NA,NA,NA,NA,NA,NA,NA,NA,NA,NA,NA,NA,NA,NA,NA,NA,NA,NA,NA,NA,NA,NA,NA,NA,NA,NA,NA,NA,NA
196,"CYP","Cyprus",0,0,0,0,0,0,0,0,0,0.59,0.43,0.34,0,0,0,0,0.71,1.24,1.07989201079892,0,0.81,0,0,0,0,0,0,0,0,0,0,0,0,0,0,0,0,0.19,0.22997700229977,0.31,0.26997300269973,0.26002600260026,0.13,0.25997400259974,0.41,0.67,1.09010901090109,0.99,1.11,0.48,1.92019201920192,2.3,4.35043504350435,4.11,5.3994600539946,5,5.41054105410541,4.34,5.16,5.32,10.9410941094109,15.4415441544154,19.95199519952,20.85,17.07,14.1785821417858,8.81088108810881,9.03,9.23,9.84901509849015
203,"CZE","Czech Republic",NA,NA,NA,NA,NA,NA,NA,NA,NA,NA,NA,NA,NA,NA,NA,NA,NA,NA,NA,NA,NA,NA,NA,NA,NA,NA,NA,NA,NA,NA,NA,NA,NA,NA,NA,NA,NA,NA,NA,NA,NA,NA,NA,NA,NA,NA,NA,NA,NA,NA,NA,NA,NA,NA,NA,NA,NA,NA,NA,NA,NA,NA,NA,NA,NA,NA,NA,NA,NA,NA
180,"COD","Dem. Rep. Congo",NA,NA,NA,NA,NA,NA,NA,NA,NA,NA,NA,NA,NA,NA,NA,NA,NA,NA,NA,NA,NA,NA,NA,NA,NA,NA,NA,NA,NA,NA,NA,NA,NA,NA,NA,NA,NA,NA,NA,NA,NA,NA,NA,NA,NA,NA,NA,NA,NA,NA,NA,NA,NA,NA,NA,NA,NA,NA,NA,NA,NA,NA,NA,NA,NA,NA,NA,NA,NA,NA
208,"DNK","Denmark",0,0.00217463336329637,0.00158169148739665,0.00168225544320019,0,0,0,0,0.00252531746047301,0.00268127677635855,0.00466257592848594,0.648823379597947,1.0783329116858,0.687396270499367,0.112647823101865,0.789312241959533,0.0667941574453241,0.0353267693986564,0.0152426291207887,0.308040522335285,0.571360382570765,2.57007514564693,4.34781998090637,5.31323705131853,4.6896631042527,3.44293367541193,2.80865175531684,3.26398637967785,3.77001720289001,4.47694972254009,3.8713975306061,3.05931014214616,3.7506207340745,3.58974640198605,3.07524005685646,2.75031613696908,1.98107941036153,2.07257098023984,2.62061962543076,2.68642073102792,3.28163269600033,2.77216469748946,2.66148265582598,2.77176601357132,3.93904243936167,2.33076134969983,2.61972824984658,1.67682215280846,2.10474803234076,1.66291024050753,3.17408347596999,3.18416955907411,3.96302191080787,2.64375376568822,2.84886774771942,2.52207538839129,2.70900333304931,5.01293695347385,7.07982243990745,8.38638247518803,10.627972865873,12.8778917259777,14.6141758382415,8.95693131511473,6.35660949077723,5.85467494988947,4.25606244566681,3.63498797421048,3.48721269104467,4.18189583121683
262,"DJI","Djibouti",NA,NA,NA,NA,NA,NA,NA,NA,NA,NA,NA,NA,NA,NA,NA,NA,NA,NA,NA,NA,NA,NA,NA,NA,NA,NA,NA,NA,NA,NA,NA,NA,NA,NA,NA,NA,NA,NA,NA,NA,NA,NA,NA,NA,NA,NA,NA,NA,NA,NA,NA,NA,NA,NA,NA,NA,NA,NA,NA,NA,NA,NA,NA,NA,NA,NA,NA,NA,NA,NA
212,"DMA","Dominica",NA,NA,NA,NA,NA,NA,NA,NA,NA,NA,NA,NA,NA,NA,NA,NA,NA,NA,NA,NA,NA,NA,NA,NA,NA,NA,NA,NA,NA,NA,NA,NA,NA,NA,NA,NA,NA,NA,NA,NA,NA,NA,NA,NA,NA,NA,NA,NA,NA,NA,NA,NA,NA,NA,NA,NA,NA,NA,NA,NA,NA,NA,NA,NA,NA,NA,NA,NA,NA,NA
214,"DOM","Dominican Republic",0,0,0,0,0,0,0,0,0,0,0,0,0,0,0,0,0,0,0.27,0.2,0,0.1,0,0.13001300130013,0.11998800119988,0,0.12001200120012,0.04,0,0,0,0,0,0,0,0,0,0,0,0,0,0,0,0,0,0,0,0,0,0,0,0.02000200020002,0.06,0.11,0.16,0.16,0.15,0.15,0.14,0.14,0.17001700170017,0.23002300230023,0.26,0.28,0.18,0.14001400140014,0.09,0.13,0.12001200120012,0.0999900009999
218,"ECU","Ecuador",0,0,0,0,0,0,0,0,0,0.000788714204762595,0.00585643929695619,0.00354561251086012,0.0145949992660371,0.00292132846070439,0.0133820790584398,0.00287530192450262,0.00212305091861067,0.00346960370806444,0.0116522480517664,0.0238829744269075,0.0310764304847751,0.031324575410074,0.0216466900702106,0.0120159561876469,0.0107302534836496,0.0109572542727069,0.0105870505294029,0.0106111547437955,0.000497336830308142,0.128573352890249,0.148232201293821,0.256467138944055,0.207418631600161,0.158454312297889,0.0396292953703428,0.0295797341940007,0.0393485073453698,0.0189622363294892,0.0306033342154009,0.759905180082139,4.62728634593166,11.8287600471329,14.1052376397446,13.3620676579313,13.803072569657,8.52018814772898,8.28448739454939,6.24880861402893,13.8184110739328,13.2443171208244,13.5559308763475,16.0486945089934,11.0845759566693,14.9152880088906,12.3216772238437,15.369596269656,10.9192049635503,12.2256030252151,9.12286117198843,14.2940091834784,20.3141315706856,19.3723758198618,12.5912664592406,11.5739432277145,7.16294049120322,5.19341799931801,4.7635853809321,9.26048445172636,14.7580765538669,26.696862332048
818,"EGY","Egypt",0,0,0,0,0,0,0.0222757391836962,0.0218186508448343,0.0216626386854355,0.0206450823891159,0.0222033112861777,0.0147699324549725,0.0141065718451818,0.0327760879457763,0.035776356563592,0.0451416152902289,0.0418014224354944,0.0580243468554885,0.35164188622252,0.469276543434711,0.711605254095538,0.683726944024898,0.552359059971748,0.765786284770036,0.629540262870918,0.434484674506899,0.549025447096825,0.404601669960873,0.40617513321492,0.27138347291285,0.24464734958241,0.336985375658442,0.303120928840266,0.395914405986904,0.108107369092649,0.0834111166750125,0.0725128293603063,0.0851767215963589,0.270012836268147,0.255428625431092,0.515346540211483,0.408052912405514,0.48092048302333,0.144251130765991,0.255254863062765,0.31386646615647,0.316102082906152,0.177916698049258,0.32856219420735,0.289039602742674,0.310229191455607,0.273683030784036,0.694610611490023,1.37991934373882,1.7659273168642,1.24771343041895,0.537291059280855,0.173799564391974,0.29365836873552,0.570677789484653,0.747736626023905,0.826773683440315,0.842276762344644,0.914866463761115,1.02397985367923,1.25438894269945,1.30745390198349,0.942025835002841,1.14024347258783,1.91401581833972
222,"SLV","El Salvador",0,0,0,0,0,0,0,0,0,0,0.09,0.08,0.35,0.35003500350035,0.52,0.28002800280028,0.36996300369963,0.21,0.23,0.2,0.25997400259974,0.31,0.26,0.27,0.77,0.96009600960096,0.79,0.62993700629937,0.26,2.24022402240224,1.7001700170017,2.5,0.49,1.24,0.75,0.67,1.15,0.6,0.66,0.77,1.05,7.71,6.49,5.21947805219478,0.76007600760076,0.73992600739926,0.85008500850085,0.53005300530053,4.63046304630463,9.43,16.33,17.19,17.7,18.46,18.6418641864186,19,19.33,20.01799820018,19.44,22.2,30.1,100,94.67,85.7,100,47.93,29.94,22.63,40.93,53.5
226,"GNQ","Equatorial Guinea",0,0,0,0,0,0,0,0,0,0,0,0,0,0,0,0,0,0.55,0.52,0.54,0.37003700370037,0.3,0.21,0.16,0.30996900309969,0.25,0.34,0.26,0.43,0.52,0.55,0.55,0.51,1.03,3.52,6.45935406459354,5.93,5.78,6.06,5.68,5.27947205279472,2.54,4.8004800480048,2.61,5.52055205520552,3.1,3.11,1.52,1.79,3.57964203579642,3.41,3.32033203320332,1.13,0.85,3.68,3.58,3.58,0.8000800080008,0.77,0.64,2.15,5.1994800519948,6.5,6.87068706870687,4.84,7.19,5.94940505949405,6.66,8.03080308030803,11.96
232,"ERI","Eritrea",0,0,0,0,0,0,0,0,0,0,0,0,0,0,0,0,0,0.06999300069993,0.06,0,0,0,0.99,3.31,12.2887711228877,15.03,17.79,5.71,1.51,4.76,6.97069706970697,8.95089508950895,8.73,8.09080908090809,6.36,5.63,4.4,3.04,2.2002200220022,1.999800019998,2.3002300230023,2.16,1.1,2.04,1.41,1.28,1.31,3.47,2.14,1.45,1.23,1.33013301330133,1.39,1.28012801280128,1.58,2.4997500249975,7.20927907209279,9.92900709929007,25.5125512551255,18.95,18.9081091890811,11.35,9.65,7.57924207579242,7.64,7.66,7.33926607339266,6.5,5.27,3.94
233,"EST","Estonia",0,0,0,0,0,0,0,0,0,0,0,0,0,0,0,0,0,0,0,0,0,0,0,0,0,0,0,0,0,0.01000100010001,0.01000100010001,0,0.02,0,0.02,0.01999800019998,0,0,0.02,0.01000100010001,0.02,0.03,1.46,1.33,1.18,1.19,1.69016901690169,2.26,2.03,2.12,2.16,1.99,2.01,1.57,1.21,0.88,0.83991600839916,0.71,0.44995500449955,0.29,0.18001800180018,0.19,0.21,0.22,0.24,0.39003900390039,0.46,0.48,0.35996400359964,0.3
748,"SWZ","Eswatini",NA,NA,NA,NA,NA,NA,NA,NA,NA,NA,NA,NA,NA,NA,NA,NA,NA,NA,NA,NA,NA,NA,NA,NA,NA,NA,NA,NA,NA,NA,NA,NA,NA,NA,NA,NA,NA,NA,NA,NA,NA,NA,NA,NA,NA,NA,NA,NA,NA,NA,NA,NA,NA,NA,NA,NA,NA,NA,NA,NA,NA,NA,NA,NA,NA,NA,NA,NA,NA,NA
231,"ETH","Ethiopia",NA,NA,NA,NA,NA,NA,NA,NA,NA,NA,NA,NA,NA,NA,NA,NA,NA,NA,NA,NA,NA,NA,NA,NA,NA,NA,NA,NA,NA,NA,NA,NA,NA,NA,NA,NA,NA,NA,NA,NA,NA,NA,NA,NA,NA,NA,NA,NA,NA,NA,NA,NA,NA,NA,NA,NA,NA,NA,NA,NA,NA,NA,NA,NA,NA,NA,NA,NA,NA,NA
234,"FRO","Faeroe Islands",NA,NA,NA,NA,NA,NA,NA,NA,NA,NA,NA,NA,NA,NA,NA,NA,NA,NA,NA,NA,NA,NA,NA,NA,NA,NA,NA,NA,NA,NA,NA,NA,NA,NA,NA,NA,NA,NA,NA,NA,NA,NA,NA,NA,NA,NA,NA,NA,NA,NA,NA,NA,NA,NA,NA,NA,NA,NA,NA,NA,NA,NA,NA,NA,NA,NA,NA,NA,NA,NA
238,"FLK","Falkland Islands",NA,NA,NA,NA,NA,NA,NA,NA,NA,NA,NA,NA,NA,NA,NA,NA,NA,NA,NA,NA,NA,NA,NA,NA,NA,NA,NA,NA,NA,NA,NA,NA,NA,NA,NA,NA,NA,NA,NA,NA,NA,NA,NA,NA,NA,NA,NA,NA,NA,NA,NA,NA,NA,NA,NA,NA,NA,NA,NA,NA,NA,NA,NA,NA,NA,NA,NA,NA,NA,NA
242,"FJI","Fiji",0,0,0,0,0,0,0,0,0,0,0,0,0,0,0,0,0,0,0,0,0,0,0,0,0,0,0,0,0,0,0.04,0,0,0,0,0,0,0,0,0,0,0.22,0.25002500250025,0.24002400240024,0.15,0.2000200020002,0.35,0.85,1.32013201320132,1.88,2.09,1.8,1.61,1.2001200120012,1.51984801519848,1.37013701370137,1.20987901209879,0.94,0.88,0.77,0.97990200979902,1.69,2.95,3.68,2.98,2.11,1.38986101389861,2.05,2.52974702529747,2.93
246,"FIN","Finland",0,0,0,0,0,0,0,0,0,0,0,0,0,0,0,0,0,0,0,0,0,0,0,0,0,0,0,0,0,0,0,0,0,0,0,0,0,0,0,0,0,0,0.56994300569943,0.5,0,0.69,0.37,0.46,0.33,0.33996600339966,0.39,0.38996100389961,0.36,0.26002600260026,0.16,0.11,0.09000900090009,0.09,0.06000600060006,0.05000500050005,0.07999200079992,0.11001100110011,0.15,0.16,0.12998700129987,0.2,0.17,0.18,0.12,0.17001700170017
250,"FRA","France",0,0,0,0,0.016221519728369,0.0374007850664317,0.0558872848828352,0.0374624207361746,0.187886614760595,0.639826801676229,0.614857493536305,0.53207350877193,0.258736443553444,0.384951876708327,0.912352585680062,0.997808904760999,1.43584019689332,0.909788759711401,0.8256346116673,0.260502727111176,0.216637567607868,0.215560204894318,0.252952563099293,0.434584907103557,0.565313479381244,0.523265962480087,0.470563680704464,0.956888164555399,1.48857339899343,2.59882542049056,3.54606717267968,3.0221724584313,2.72552534426634,1.73151271072269,2.13278681739714,1.91908025200464,2.32999516878548,1.51899310189492,1.16354330883425,1.03797611706192,1.07309505770197,1.15915024008608,1.65758941641934,2.7188870294911,4.02215535927661,4.22873313817952,3.65560951215873,3.55708748738679,3.30148551358539,2.78297754116212,1.96610512503958,1.65892529385982,2.38324697510812,2.66600902518527,3.01951531812931,3.07204790615796,3.26486727675654,4.26071007783016,4.56879935411725,5.29435687369345,5.24590780834192,4.68441366140311,4.1599005142824,4.23265113213502,4.95373738644174,4.38756666288768,4.72713417973682,4.72056664028413,5.30402505487456,6.12808271692677
258,"PYF","French Polynesia",NA,NA,NA,NA,NA,NA,NA,NA,NA,NA,NA,NA,NA,NA,NA,NA,NA,NA,NA,NA,NA,NA,NA,NA,NA,NA,NA,NA,NA,NA,NA,NA,NA,NA,NA,NA,NA,NA,NA,NA,NA,NA,NA,NA,NA,NA,NA,NA,NA,NA,NA,NA,NA,NA,NA,NA,NA,NA,NA,NA,NA,NA,NA,NA,NA,NA,NA,NA,NA,NA
266,"GAB","Gabon",0,0,0,0,0,0,0,0,0,0,0,0,0,0,0,0,0,0,0.43,0.38003800380038,0.32996700329967,0.26997300269973,0.26997300269973,0.25,1.15,0.9,1.2,0.52,0.44,0.19,0.17998200179982,0.26,0.25,0.9,1.6,2.61,2.14,1.73982601739826,1.06,0.87991200879912,0.95,1.12011201120112,0.84008400840084,0.76,0.44995500449955,0.40995900409959,0.64,0.84,0.96,0.53005300530053,0.59,0.58,1.09,1.06989301069893,1.40985901409859,1.03,0.96009600960096,0.80991900809919,0.76,0.74,0.97,1.19,2.48,4.01,3.92039203920392,2.53,1.77,1.75,2.27,2.45975402459754
270,"GMB","Gambia",NA,NA,NA,NA,NA,NA,NA,NA,NA,NA,NA,NA,NA,NA,NA,NA,NA,NA,NA,NA,NA,NA,NA,NA,NA,NA,NA,NA,NA,NA,NA,NA,NA,NA,NA,NA,NA,NA,NA,NA,NA,NA,NA,NA,NA,NA,NA,NA,NA,NA,NA,NA,NA,NA,NA,NA,NA,NA,NA,NA,NA,NA,NA,NA,NA,NA,NA,NA,NA,NA
268,"GEO","Georgia",NA,NA,NA,NA,NA,NA,NA,NA,NA,NA,NA,NA,NA,NA,NA,NA,NA,NA,NA,NA,NA,NA,NA,NA,NA,NA,NA,NA,NA,NA,NA,NA,NA,NA,NA,NA,NA,NA,NA,NA,NA,NA,NA,NA,NA,NA,NA,NA,NA,NA,NA,NA,NA,NA,NA,NA,NA,NA,NA,NA,NA,NA,NA,NA,NA,NA,NA,NA,NA,NA
276,"DEU","Germany",0,0.01,0.01,0.01,0.01,0,0,0,0,0.01000100010001,0.01,0.02,0.01999800019998,0.01,0,0,0.00999900009999,0.01,0.01,0.01,0.03,0.11,0.12,0.09000900090009,0.04,0.07000700070007,0.91,1.55984401559844,2.78027802780278,2.52,3.14,3.53035303530353,4.7,4.94,5.45945405459454,6.53,6.3,7.19071907190719,5.97,8,5.74,5.42,3.22,3.3,1.44014401440144,2.2002200220022,2.66,3.93960603939606,2.7,2.33976602339766,2.2,3.09,4.54,4.05,4.32956704329567,4.32043204320432,5.79057905790579,6.54065406540654,9.3,10.3110311031103,11.38,8.8,8.28,7.84,8.53085308530853,9.91099109910991,12.95,12.958704129587,13.971397139714,17.7
288,"GHA","Ghana",0,0,0,0,0,0,0,0,0,0,0,0,0,0,0,0,0,0.14001400140014,0.08,0.04,0,0.02,0.03,0.02999700029997,0.01,0.11,0.29,0.48,0.52,0.42004200420042,0.33,0.9,1.17,1.98,2.27,2.41,1.61,1.18988101189881,0.98009800980098,1.44,1.57,1.52015201520152,1.21,1.54015401540154,1.60983901609839,1.51015101510151,0.71,0.5999400059994,0.58994100589941,0.93,1.02,1.03,1.03010301030103,1.35986401359864,1.52,1.78017801780178,2.04,2.06,1.88,2.03020302030203,2.47975202479752,2.75,2.35023502350235,2.03979602039796,1.54,1.24,0.97,1.02989701029897,1.23987601239876,1.61
300,"GRC","Greece",0,0,0,0,0,0,0,0,0,0,0,0,0,0,0.0476853303741587,0.0476512738853503,0.0479183130225014,0.0478912642387293,0.0477426397337799,0.0480230252987287,0.0468314121675474,0.0469016975391666,0.0473103435864376,0.056601861582345,0.0566683098591549,0.0567415450515515,0.0468373143844762,0.0469459074998206,0.0374728795781427,0.0376461827007944,0.0380004485232727,0,0.0172088287534081,0.0473877268607596,0.0194687120561495,0.0474998147300822,0,0.0561515592384085,0.0569701924956897,0,0.0281111834387126,0.0185973145409095,0.0182678701722456,0.0501797865792873,0.0463754320628457,0.102840763969691,0.0285044361821089,0.142511372414385,0.150886768676868,0.188441800059319,0.3431186443753,0.437211829513621,0.321942907088409,0.174730839794592,0.181070162611408,0.391518537818694,0.64414188831706,0.939831240405594,1.04449587096044,1.29931494818198,1.54100750299638,1.86628027396727,3.52286915944905,3.77412040482938,4.65388594661458,4.38661012696342,5.03775498822801,5.40389888977871,4.42513627474762,3.57115756756282
304,"GRL","Greenland",NA,NA,NA,NA,NA,NA,NA,NA,NA,NA,NA,NA,NA,NA,NA,NA,NA,NA,NA,NA,NA,NA,NA,NA,NA,NA,NA,NA,NA,NA,NA,NA,NA,NA,NA,NA,NA,NA,NA,NA,NA,NA,NA,NA,NA,NA,NA,NA,NA,NA,NA,NA,NA,NA,NA,NA,NA,NA,NA,NA,NA,NA,NA,NA,NA,NA,NA,NA,NA,NA
308,"GRD","Grenada",NA,NA,NA,NA,NA,NA,NA,NA,NA,NA,NA,NA,NA,NA,NA,NA,NA,NA,NA,NA,NA,NA,NA,NA,NA,NA,NA,NA,NA,NA,NA,NA,NA,NA,NA,NA,NA,NA,NA,NA,NA,NA,NA,NA,NA,NA,NA,NA,NA,NA,NA,NA,NA,NA,NA,NA,NA,NA,NA,NA,NA,NA,NA,NA,NA,NA,NA,NA,NA,NA
320,"GTM","Guatemala",0,0,0,0,0,0,0,0,0,0,0,0,0,0,10.86,0,7.58,0,0,0,3.83961603839616,0,0,0,0.5000500050005,0.08,0.05,0.04,1.93019301930193,2.18978102189781,2.68026802680268,1.35,1.33,2.73,2.44,2.49,0,0,0.88,0.8,0.49,0.78,0.46,0.38,0.17001700170017,0.12001200120012,1.2,1.23012301230123,1.33,0.19,1.9,3.41,3.11968803119688,2.33,0.95,2.35,1.62983701629837,1.78982101789821,0.72,0.4,0.35,0.01000100010001,0,1.64,2.36976302369763,2.5997400259974,0.86,0,1.28,3.1996800319968
831,"GGY","Guernsey",NA,NA,NA,NA,NA,NA,NA,NA,NA,NA,NA,NA,NA,NA,NA,NA,NA,NA,NA,NA,NA,NA,NA,NA,NA,NA,NA,NA,NA,NA,NA,NA,NA,NA,NA,NA,NA,NA,NA,NA,NA,NA,NA,NA,NA,NA,NA,NA,NA,NA,NA,NA,NA,NA,NA,NA,NA,NA,NA,NA,NA,NA,NA,NA,NA,NA,NA,NA,NA,NA
324,"GIN","Guinea",0,0,0,0,0,0,0,0,0,0,0,0,0,0,0,0,0,0,0.00999900009999,0.01,0.01000100010001,0.02,0.02,0.02,0.02000200020002,0.05,0.05000500050005,0.05000500050005,0.03000300030003,0.03,0.05,0.05999400059994,0.07,0.05,0.04000400040004,0.06,0.09,0.1,0.1,0.07999200079992,0.06,0.09,0.32,0.5,0.49004900490049,0.25,0.07999200079992,0.06,0.13,0.20997900209979,0.40995900409959,0.64,1.01,1.14,1.03989601039896,0.89,0.71007100710071,0.75,0.86,1.04,0.98,0.9,0.72992700729927,0.69,0.61993800619938,0.67,1.01010101010101,0.92,0.96009600960096,0.9
624,"GNB","Guinea-Bissau",0,0,0,0,0,0,0,0,0,0,0,0,0,0,0,0,0,0,0,0,0,0,0,0.16,0,0.11,0.06,0,0.03999600039996,0.06,0.1,0.11001100110011,0.11001100110011,0.2,0.24002400240024,0.36,0.29,0.37,0.35,0.73992600739926,1.60983901609839,2.85,3.11031103110311,2.85,2.54025402540254,2.79027902790279,3.38033803380338,4.03040304030403,4.38,3.87,2.86,2.36,2.24,2.58,2.57974202579742,2.38023802380238,2.24,2.15978402159784,1.99019901990199,1.77,1.46985301469853,1.75,2.5,3.92,3.94960503949605,2.97940411917616,3.05,2.46,2.22977702229777,1.28
328,"GUY","Guyana",0,0,0,0,0,0,0,0,0,0,0,0,0,0,0,0,0,0,0,0,0,0,0,0,0,0,0,0,0,0,0,0.58,0.67993200679932,0.77,1.23987601239876,1.31,1.43,1.27012701270127,1.43,1.36,1.08,0.72992700729927,0.72992700729927,0.91,1.000100010001,0.9,0.68,0.46,0.4000400040004,0,0.22,0.20997900209979,0.32,0.59005900590059,0.73,0.5,0.56,0.55,0.93990600939906,0.8,0.9000900090009,0.71,0.82008200820082,0.82,0.93990600939906,0.85,0.97,0.98,1.12,1.16
332,"HTI","Haiti",0,0,0,0,0,0,0,0,0,0,0,0,0,0,0,0,0,0,0.19,0.15,0,0.07,0,0.1,0.09,0,0,0,0,0,0.07,0,0.02,0.02000200020002,0.04,0.08,0.13,0.18,0.15,0.12998700129987,0.07,0.05999400059994,0.04000400040004,0.04,0.08000800080008,0.15,0,0.18,0.2,0.22,0.24,0.21,0.16,0.13,0.09,0.06,0.03999600039996,0.04,0.04999500049995,0.04,0.54,0.68,0.87,0.74,0.98,1.25012501250125,1.34013401340134,1.11011101110111,1.13988601139886,1.44
336,"VAT","Holy See",NA,NA,NA,NA,NA,NA,NA,NA,NA,NA,NA,NA,NA,NA,NA,NA,NA,NA,NA,NA,NA,NA,NA,NA,NA,NA,NA,NA,NA,NA,NA,NA,NA,NA,NA,NA,NA,NA,NA,NA,NA,NA,NA,NA,NA,NA,NA,NA,NA,NA,NA,NA,NA,NA,NA,NA,NA,NA,NA,NA,NA,NA,NA,NA,NA,NA,NA,NA,NA,NA
340,"HND","Honduras",0,0,0,0,0,0,0,0,0,0,0,0,0,0,0,0.07,0.06,0.12,0.12,0.12,0.07,0.05,0.06,0.1,0.12,0.10998900109989,0.13,0.19,0.23,0.26,0.29,0.34,0.31,0.3,0.24997500249975,0.21002100210021,0.18,0.16001600160016,0.21,0.22997700229977,0.27002700270027,0.26002600260026,0.25997400259974,0.27,0.24997500249975,0.34,0.26,0.34,0.34003400340034,0.3,0.27,0.24002400240024,0.49,0.50994900509949,0.58994100589941,2.55974402559744,5.14,6.77067706770677,4.7,3.36033603360336,1.73982601739826,1.49,0.27002700270027,0.38,0.53005300530053,0.62006200620062,0.62993700629937,0.6000600060006,1.63,3.78
344,"HKG","Hong Kong",NA,NA,NA,NA,NA,NA,NA,NA,NA,NA,NA,NA,NA,NA,NA,NA,NA,NA,NA,NA,NA,NA,NA,NA,NA,NA,NA,NA,NA,NA,NA,NA,NA,NA,NA,NA,NA,NA,NA,NA,NA,NA,NA,NA,NA,NA,NA,NA,NA,NA,NA,NA,NA,NA,NA,NA,NA,NA,NA,NA,NA,NA,NA,NA,NA,NA,NA,NA,NA,NA
348,"HUN","Hungary",NA,NA,NA,NA,NA,NA,NA,NA,NA,NA,NA,NA,NA,NA,NA,NA,NA,NA,NA,NA,NA,NA,NA,NA,NA,NA,NA,NA,NA,NA,NA,NA,NA,NA,NA,NA,NA,NA,NA,NA,NA,NA,NA,NA,NA,NA,NA,NA,NA,NA,NA,NA,NA,NA,NA,NA,NA,NA,NA,NA,NA,NA,NA,NA,NA,NA,NA,NA,NA,NA
352,"ISL","Iceland",0,0,0,0,0,0,0,0,0,0,0,0,0,0,0,0,0,0,0.08,0.18,0.26,0.26997300269973,0.22997700229977,0.2,0.2,0.23,0.23002300230023,0.27,0.27,0.35,0.41,0.56005600560056,0.76992300769923,0.71007100710071,0.57005700570057,0.36,0.28,0.2,0.18998100189981,0.2000200020002,0.22,0.2000200020002,0.21,0.19003800760152,0.2000200020002,0.17,0.13,0.11,0.12,0.13,0.19,0.24,0.25,0.2,0.28,0.34,0.46,0.6000600060006,1.56,7.02070207020702,6.85068506850685,5.05,1.14,1.6998300169983,2.69,3.20967903209679,3.66963303669633,3.89,4.11041104110411,2.23
356,"IND","India",0,0.339619256232926,0,0,0.289429654078908,0,0.1888332275575,0.0996241869944693,0,0,0,0,0,0,0,0,0,0,0,0.0794185881861111,0.0520194369252758,0.0451521675660912,0.0584146944829099,0.0221777743068193,0.0186677619548644,0.0527137098847436,0.0443977346363017,0.0199447843885293,0.0312643328667744,0.0500244102927394,0.109863697096644,0.100110870148508,0.0902176377002984,0.0408435971247469,0.0542691379525731,0.0697017346384542,0.114973984263087,0.114953486915871,0.0920423861753508,0.0760418908662506,0.100529573883018,0.123575609736462,0.138182211818563,0.116235506548754,0.08312116608252,0.0758595975231233,0.0772254200579652,0.085807158856105,0.086941560777148,0.086126510350992,0.0872873957733102,0.121217584985813,0.133044917059356,0.131851896551828,0.122982708623757,0.137640032475813,0.234342017746141,0.253756212445128,0.245998277309889,0.14577025277745,0.127779754228861,0.141118261124618,0.168393911684596,0.189622873991047,0.199215958367448,0.187248024189611,0.177987759736687,0.176438686978211,0.184606919176857,0.162611120278784
360,"IDN","Indonesia",0,0,0,0,0,0,0,0,0,0,0,0,0,0,0,0,0,0,0.0444965278139935,0,0.0451920562105397,0.0509891084974598,0.0550864206660552,0.0425538258789687,0.00490106369836462,0.0296534834936974,0.0077707491498508,0.00612259090772066,0.00589510546215196,0.0116770846499765,0.00561280379481074,0.00551982808335656,0.00688910989110012,0.00664791258907024,0.0133881316634239,0.00669906404532115,0.00827872455986797,0.0133488981048194,0.0165853016046595,0.0122312786659771,0.0133952030668022,0.0100004889525645,0.00468362501245009,0.00395702269477733,0.0612945881611165,0.0823375951935962,0.0868853056188743,0.0706155421980114,0.058535829915767,0.0547853773143143,0.021367148131733,0.0209249267509413,0.0556354949528971,0.0658556891363445,0.0742794140816565,0.0499904864712135,0.102395490409915,0.172051405063394,0.25534621138663,0.368784400384428,0.539270149473911,0.71429382640359,0.849812650789143,0.980710887114973,1.01498071304189,0.922574974349238,0.802828934773396,0.736641639120101,0.722010473798843,0.676486734560634
364,"IRN","Iran",0,0,0,0,0,0,0,0,0,0,0,0,0,0,0,0,0,0,0,0,0,0,0,0,0,0,0,0,0,0,0,0,0,0,0,0,0,0,0,0,0,0,0,0,0.0314079747690805,0.0314334696288128,0.0376081081637594,0.0345390008661657,0.0532164703961032,0.0485565683924214,0.077879376678872,0.428149242895463,0.661555584288595,0.759653774448814,0.662711579531009,0.618223274986905,0.684003993708801,0.815543481585883,1.04382079485644,1.10259008623849,0.893423546688539,0.644010772172842,0.464076987115398,0.547971961903308,0.449960445496045,0.281940666612887,0.220881191201168,0.221318303931431,0.242688668143774,0.235808940082426
368,"IRQ","Iraq",NA,NA,NA,NA,NA,NA,NA,NA,NA,NA,NA,NA,NA,NA,NA,NA,NA,NA,NA,NA,NA,NA,NA,NA,NA,NA,NA,NA,NA,NA,NA,NA,NA,NA,NA,NA,NA,NA,NA,NA,NA,NA,NA,NA,NA,NA,NA,NA,NA,NA,NA,NA,NA,NA,NA,NA,NA,NA,NA,NA,NA,NA,NA,NA,NA,NA,NA,NA,NA,NA
372,"IRL","Ireland",0,0,0,0,0,0,0,0,0,0,0,0,0.28002800280028,0.21,0.15,0.12,0.13,0.15,0.18,0.18,0,0,0.1,0.05000500050005,0.02,0.02,0.68006800680068,1.67,2.95970402959704,1.45,0.35996400359964,0.34003400340034,0.37,0.30996900309969,0.28002800280028,0.35003500350035,0.33996600339966,0.29,0.18,0.18,0.27,0.42,0.44,0.31,0.16,0.18001800180018,0.17,0.529894021195761,0.88,1.23987601239876,1.27,1.18,1.02,0.95009500950095,0.77,0.76007600760076,0.76992300769923,0.87008700870087,0.93,0.98,1.98,2.49,2.71972802719728,1.84,1.85018501850185,2.03,2.89,3.56035603560356,5.45945405459454,8.11
833,"IMN","Isle of Man",NA,NA,NA,NA,NA,NA,NA,NA,NA,NA,NA,NA,NA,NA,NA,NA,NA,NA,NA,NA,NA,NA,NA,NA,NA,NA,NA,NA,NA,NA,NA,NA,NA,NA,NA,NA,NA,NA,NA,NA,NA,NA,NA,NA,NA,NA,NA,NA,NA,NA,NA,NA,NA,NA,NA,NA,NA,NA,NA,NA,NA,NA,NA,NA,NA,NA,NA,NA,NA,NA
376,"ISR","Israel",NA,NA,NA,NA,NA,NA,NA,NA,NA,NA,NA,NA,NA,NA,NA,NA,NA,NA,NA,NA,NA,NA,NA,NA,NA,NA,NA,NA,NA,NA,NA,NA,NA,NA,NA,NA,NA,NA,NA,NA,NA,NA,NA,NA,NA,NA,NA,NA,NA,NA,NA,NA,NA,NA,NA,NA,NA,NA,NA,NA,NA,NA,NA,NA,NA,NA,NA,NA,NA,NA
380,"ITA","Italy",0,0,0,0,0,0,0,0,0,0,0,0,0,0,0,0,0,0,0,0,0,0,0,0,0,0,0,0,0,0,0,0,0,0,0,0,0,1.38521938825199,1.54884277324226,2.43692380007807,2.71206024071696,2.76688497328663,2.66888479394525,2.84496833841758,2.57933523318859,3.29049630864711,3.07860220276621,3.47201214819448,2.96885196244534,3.0049873338412,3.34182676732662,3.1731347477304,3.11365691091383,3.19295075641421,4.10292513667413,5.45466236322474,6.68035002841665,6.93018182740389,6.1950229746493,5.6874377418772,5.86581680010396,8.34526564625738,9.85017007322917,9.83282683029956,8.92903155098326,8.54999370920337,8.50902613918274,8.46507993644583,8.84981912548048,9.64714060864031
388,"JAM","Jamaica",0,0,0,0,0,0,0,0,0,0,0,0,0,0,0,0,0,0,0,0.03,0,0.03000300030003,0,0.04999500049995,0.03999600039996,0,0.04999500049995,0.04,0.05,0.05999400059994,0.06,0.07,0.08,0.09,0.09000900090009,0,0.08,0.08,0.1000100010001,0,0,0.13001300130013,0.13001300130013,0.12,0.11998800119988,0.1,0.09000900090009,0.14,0.18,0.33,0.46,0.46,0.35,0.16,0.17,1.64983501649835,3.47,3.56964303569643,1.9,0.14,0.15,0.15,1.77,3.55,5.39,5.42054205420542,5.18051805180518,5.21,5.33053305330533,5.93059305930593
392,"JPN","Japan",0,0,0,0,0,0,0,0,0,0,0,0.000735292534325996,0.000807483409024265,0.000650126956726194,0.0010610008229292,0.000787954873038838,0,0.000735941457371362,0.00988042505000366,0,0.00669160462567693,0.000717349346669128,0.00467843829595665,0.0155143067819262,0.0204703485844328,0.0209930984031877,0.0217600617864582,0.0827125582906279,0.122816742504378,0.142139795478495,0.10186691390603,0.0936774905733166,0.0940049686449233,0.118102880445644,0.114493223705933,0.102514801535689,0.0530572704732872,0.0533708279500907,0.142152722357896,0.188573113664876,0.251500199451502,0.28393783498566,0.408507446161071,0.468789114656506,0.458533232472748,2.25468090759212,3.92697734572336,4.97619223327669,5.2845504584976,4.66522675194221,4.86728039041683,3.26976503805405,2.64372972095528,1.79556636356219,1.57787086028525,1.61718468775682,1.81287739072745,1.93029888747082,2.13717514471282,2.20360500155462,3.14859891534628,3.65683760180005,4.70687598841638,4.975019705903,6.23031557633319,7.67421203891299,6.56337717209482,4.40978312503015,1.29310424563866,1.23860798217314
832,"JEY","Jersey",NA,NA,NA,NA,NA,NA,NA,NA,NA,NA,NA,NA,NA,NA,NA,NA,NA,NA,NA,NA,NA,NA,NA,NA,NA,NA,NA,NA,NA,NA,NA,NA,NA,NA,NA,NA,NA,NA,NA,NA,NA,NA,NA,NA,NA,NA,NA,NA,NA,NA,NA,NA,NA,NA,NA,NA,NA,NA,NA,NA,NA,NA,NA,NA,NA,NA,NA,NA,NA,NA
400,"JOR","Jordan",NA,NA,NA,NA,NA,NA,NA,NA,NA,NA,NA,NA,NA,NA,NA,NA,NA,NA,NA,NA,NA,NA,NA,NA,NA,NA,NA,NA,NA,NA,NA,NA,NA,NA,NA,NA,NA,NA,NA,NA,NA,NA,NA,NA,NA,NA,NA,NA,NA,NA,NA,NA,NA,NA,NA,NA,NA,NA,NA,NA,NA,NA,NA,NA,NA,NA,NA,NA,NA,NA
398,"KAZ","Kazakhstan",NA,NA,NA,NA,NA,NA,NA,NA,NA,NA,NA,NA,NA,NA,NA,NA,NA,NA,NA,NA,NA,NA,NA,NA,NA,NA,NA,NA,NA,NA,NA,NA,NA,NA,NA,NA,NA,NA,NA,NA,NA,NA,NA,NA,NA,NA,NA,NA,NA,NA,NA,NA,NA,NA,NA,NA,NA,NA,NA,NA,NA,NA,NA,NA,NA,NA,NA,NA,NA,NA
404,"KEN","Kenya",0,0,0,0,0,0,0,0,0,0,0,0,0,0,0,0,0,0,0,0,0,0,0,0,0,0,0,0,0.62,0,0.39,0,0.04,0,0.05,0,0,0.41004100410041,0,0.98,1.03989601039896,1.13,1.51,2.09,2.89,2.44,2.35023502350235,2.52,4,5.89,6.17061706170617,6.81,5.1,4.52045204520452,2.36,2.47024702470247,2.75,2.96,2.60973902609739,1.18,0.54,0.2,0.26,0.30996900309969,0.35,0.46995300469953,0.56,0.47995200479952,0.33,0.1999800019998
296,"KIR","Kiribati",0,0,0,0,0,0,0,0,0,0,0,0,0,0,0,0,0,0,0,0,0,0,0,0,0,0.0162597170893335,0.0107323076923077,0.00433592656853417,0.0483984695695277,0,0,0,0,0,0,0,0.384297094963883,0,0,0.0126664407626046,0.209213138788592,0.121829195714531,0,0,0.125709928912843,0,0,0,0,0,0.147457588000917,0.145786331572992,0.11952128622954,0.146570243358749,0.391400470011164,0.436231415261008,0.435393430621309,0.349229297138944,0.250483760870612,0.17393530277401,0.191262208001242,0.182209377895159,0.141497327349506,0.0743499460903429,0.0389350996501435,0.0203693379653855,0.0431074404948224,0.0652558514990023,0.0460491292638195,0.0354264745719286
689,"XKX","Kosovo",NA,NA,NA,NA,NA,NA,NA,NA,NA,NA,NA,NA,NA,NA,NA,NA,NA,NA,NA,NA,NA,NA,NA,NA,NA,NA,NA,NA,NA,NA,NA,NA,NA,NA,NA,NA,NA,NA,NA,NA,NA,NA,NA,NA,NA,NA,NA,NA,NA,NA,NA,NA,NA,NA,NA,NA,NA,NA,NA,NA,NA,NA,NA,NA,NA,NA,NA,NA,NA,NA
414,"KWT","Kuwait",NA,NA,NA,NA,NA,NA,NA,NA,NA,NA,NA,NA,NA,NA,NA,NA,NA,NA,NA,NA,NA,NA,NA,NA,NA,NA,NA,NA,NA,NA,NA,NA,NA,NA,NA,NA,NA,NA,NA,NA,NA,NA,NA,NA,NA,NA,NA,NA,NA,NA,NA,NA,NA,NA,NA,NA,NA,NA,NA,NA,NA,NA,NA,NA,NA,NA,NA,NA,NA,NA
417,"KGZ","Kyrgyzstan",NA,NA,NA,NA,NA,NA,NA,NA,NA,NA,NA,NA,NA,NA,NA,NA,NA,NA,NA,NA,NA,NA,NA,NA,NA,NA,NA,NA,NA,NA,NA,NA,NA,NA,NA,NA,NA,NA,NA,NA,NA,NA,NA,NA,NA,NA,NA,NA,NA,NA,NA,NA,NA,NA,NA,NA,NA,NA,NA,NA,NA,NA,NA,NA,NA,NA,NA,NA,NA,NA
418,"LAO","Laos",NA,NA,NA,NA,NA,NA,NA,NA,NA,NA,NA,NA,NA,NA,NA,NA,NA,NA,NA,NA,NA,NA,NA,NA,NA,NA,NA,NA,NA,NA,NA,NA,NA,NA,NA,NA,NA,NA,NA,NA,NA,NA,NA,NA,NA,NA,NA,NA,NA,NA,NA,NA,NA,NA,NA,NA,NA,NA,NA,NA,NA,NA,NA,NA,NA,NA,NA,NA,NA,NA
428,"LVA","Latvia",0,0,0,0,0,0,0,0,0,0,0,0,0,0,0,0,0,0,0,0,0,0.04,0.03000300030003,0.03999600039996,0,0,0,0.25,0,0.24,0.24,0.03999600039996,0.05000500050005,0.06999300069993,0.06999300069993,0.06,0.05,0.05,0.05,0.05999400059994,0.07,0.08,0.09,0.11998800119988,0.14,0.12,0.11,0.08,0.07000700070007,0.07999200079992,0.07999200079992,0.08,0.06000600060006,1.69,3.41034103410341,3.39,3.31966803319668,2.98,4.41955804419558,3.06,1.78,0.05000500050005,0.06,1.84,3.88,3.66,3.49,2.74027402740274,3.59,2.86
422,"LBN","Lebanon",NA,NA,NA,NA,NA,NA,NA,NA,NA,NA,NA,NA,NA,NA,NA,NA,NA,NA,NA,NA,NA,NA,NA,NA,NA,NA,NA,NA,NA,NA,NA,NA,NA,NA,NA,NA,NA,NA,NA,NA,NA,NA,NA,NA,NA,NA,NA,NA,NA,NA,NA,NA,NA,NA,NA,NA,NA,NA,NA,NA,NA,NA,NA,NA,NA,NA,NA,NA,NA,NA
426,"LSO","Lesotho",NA,NA,NA,NA,NA,NA,NA,NA,NA,NA,NA,NA,NA,NA,NA,NA,NA,NA,NA,NA,NA,NA,NA,NA,NA,NA,NA,NA,NA,NA,NA,NA,NA,NA,NA,NA,NA,NA,NA,NA,NA,NA,NA,NA,NA,NA,NA,NA,NA,NA,NA,NA,NA,NA,NA,NA,NA,NA,NA,NA,NA,NA,NA,NA,NA,NA,NA,NA,NA,NA
430,"LBR","Liberia",0,0,0,0,0,0,0,0,0,0,0,0,0,0,0,0,0,0.24,0.27,0.21997800219978,0.16,0.12,0.11,0.1,0.08,0.06999300069993,0.08,0,0.05000500050005,0.25,0.39,0.56005600560056,0.54,0.49,0.38996100389961,0.33,0.25,0.23,0.19,0.29,0.36,0.65,0.84,1.03010301030103,0.76,0.66,0.54,0.61,0.60993900609939,0.85008500850085,1.06,1.21,0.92990700929907,0.67,0.78007800780078,0.85991400859914,0.88,0.66,0.59,0.52994700529947,0.5000500050005,0.53994600539946,1.32,1.86,2.45024502450245,2.14021402140214,2.33,2.26022602260226,1.97,1.29
434,"LBY","Libya",0,0,0,0,0,0,0,0,0,0,0,0,0,0,0,0,0,0,0,0.01,0.01,0.03000300030003,0.15001500150015,0.27,0.32,0.31,0.34996500349965,0.36003600360036,0.34,0.31,0.27997200279972,0.27,0.24,0.2,0.16,0.13,0.12001200120012,1.04,1.5,2.03,1.62,1.6001600160016,1.53,1.47,1.43985601439856,1.36013601360136,1.32013201320132,1.32986701329867,1.23,1.21,1.08,1,0.8,0.67,0.66,0.87008700870087,0.9,0.84,0.73,0.69,1.18011801180118,1.5,1.62016201620162,1.13,1.4,1.41,1.31013101310131,0.74992500749925,0.83991600839916,0.86
438,"LIE","Liechtenstein",NA,NA,NA,NA,NA,NA,NA,NA,NA,NA,NA,NA,NA,NA,NA,NA,NA,NA,NA,NA,NA,NA,NA,NA,NA,NA,NA,NA,NA,NA,NA,NA,NA,NA,NA,NA,NA,NA,NA,NA,NA,NA,NA,NA,NA,NA,NA,NA,NA,NA,NA,NA,NA,NA,NA,NA,NA,NA,NA,NA,NA,NA,NA,NA,NA,NA,NA,NA,NA,NA
440,"LTU","Lithuania",NA,NA,NA,NA,NA,NA,NA,NA,NA,NA,NA,NA,NA,NA,NA,NA,NA,NA,NA,NA,NA,NA,NA,NA,NA,NA,NA,NA,NA,NA,NA,NA,NA,NA,NA,NA,NA,NA,NA,NA,NA,NA,NA,NA,NA,NA,NA,NA,NA,NA,NA,NA,NA,NA,NA,NA,NA,NA,NA,NA,NA,NA,NA,NA,NA,NA,NA,NA,NA,NA
442,"LUX","Luxembourg",NA,NA,NA,NA,NA,NA,NA,NA,NA,NA,NA,NA,NA,NA,NA,NA,NA,NA,NA,NA,NA,NA,NA,NA,NA,NA,NA,NA,NA,NA,NA,NA,NA,NA,NA,NA,NA,NA,NA,NA,NA,NA,NA,NA,NA,NA,NA,NA,NA,NA,NA,NA,NA,NA,NA,NA,NA,NA,NA,NA,NA,NA,NA,NA,NA,NA,NA,NA,NA,NA
446,"MAC","Macao",NA,NA,NA,NA,NA,NA,NA,NA,NA,NA,NA,NA,NA,NA,NA,NA,NA,NA,NA,NA,NA,NA,NA,NA,NA,NA,NA,NA,NA,NA,NA,NA,NA,NA,NA,NA,NA,NA,NA,NA,NA,NA,NA,NA,NA,NA,NA,NA,NA,NA,NA,NA,NA,NA,NA,NA,NA,NA,NA,NA,NA,NA,NA,NA,NA,NA,NA,NA,NA,NA
450,"MDG","Madagascar",0,0,0,0,0,0,0,0,0,0,0,0,0,0.34,0,0,0,0,0,0,0,0.16998300169983,0.16001600160016,0,0,0,0,0.06000600060006,0.04,0,0.13,0.14998500149985,0.3999600039996,0.3000300030003,0,0.24997500249975,0.04,0.09,0.13,0.11,0.05,0.05,0,0.04000400040004,0.04000400040004,0.02999700029997,0.01999800019998,0.02,0.02999700029997,0.04,0.05999400059994,0.05,0.04,0.04,0.03000300030003,0.03,0.03999600039996,0.07,0.06,0.04000400040004,0.03,0.04,0.1,0.97990200979902,1.95,2.89,2.56974302569743,2.24022402240224,2.56,3.06
454,"MWI","Malawi",NA,NA,NA,NA,NA,NA,NA,NA,NA,NA,NA,NA,NA,NA,NA,NA,NA,NA,NA,NA,NA,NA,NA,NA,NA,NA,NA,NA,NA,NA,NA,NA,NA,NA,NA,NA,NA,NA,NA,NA,NA,NA,NA,NA,NA,NA,NA,NA,NA,NA,NA,NA,NA,NA,NA,NA,NA,NA,NA,NA,NA,NA,NA,NA,NA,NA,NA,NA,NA,NA
458,"MYS","Malaysia",0,0,0,0,0,0,0,0,0,0,0,0,0,0,0,0,0,0,0,0,0,0,0,0,0.00532535804518065,0.0190724931361197,0.0253274092079036,0.0301451299033833,0.0257209401635492,0.0178344490428762,0.0357217900496001,0.0395467218099217,0.0355449705124495,0.255694766876456,0.245607375417397,0.52529792505287,0.453201251941565,0.950047613110944,1.15596278782894,1.09202821962107,0.774429693912005,0.466372003247278,0.464049814487133,0.504602641677247,0.497505953792526,0.432592409020185,0.432839842837601,0.4227750156094,0.40696818224981,0.511957724200368,0.565434395224967,0.648080467118949,0.63532441506886,0.601573602479433,0.633817189954245,0.581665047716881,0.697864568850491,0.729915646206429,0.899430857398633,1.00770275323314,1.13580498788316,1.12623242174598,1.18239972182762,1.22718950889495,1.26895441312557,1.17684972514055,1.06685019785091,1.04456497809395,1.11913538069848,1.12291505851742
462,"MDV","Maldives",0,0,0,0,0,0,0,0,0,0,0,0,0,0,0,0,0,0,0,0,0,0,0,0,0,0.14,0.15,0.15,0,0.06000600060006,0,0,0,0.02000200020002,0.01,0.01,0.01999800019998,0.01999800019998,0.01,0.01,0.01,0.01999800019998,0,0.01999800019998,0.01,0.00999900009999,0.01,0.02000200020002,0.02,0.03,0.03,0.06000600060006,0.07,0.06,0.03,0,0.01,0,0,0.14,0.25002500250025,0.38003800380038,0.30996900309969,0.2999700029997,0.59005900590059,0.92009200920092,1.4,1.60983901609839,1.58015801580158,1.08
466,"MLI","Mali",NA,NA,NA,NA,NA,NA,NA,NA,NA,NA,NA,NA,NA,NA,NA,NA,NA,NA,NA,NA,NA,NA,NA,NA,NA,NA,NA,NA,NA,NA,NA,NA,NA,NA,NA,NA,NA,NA,NA,NA,NA,NA,NA,NA,NA,NA,NA,NA,NA,NA,NA,NA,NA,NA,NA,NA,NA,NA,NA,NA,NA,NA,NA,NA,NA,NA,NA,NA,NA,NA
470,"MLT","Malta",0,0,0,0,0,0,0,0,0,0,0,0,0,0,0,0,0,0,0,0,0,0,0,0,0,0,0,0,0,0,0,0,0,0.85,0.93,0.95,6.03060306030603,0,13.1013101310131,22.022202220222,19.5219521952195,20.8220822082208,21.31,21.06,20.2,19.63,19.57,19.39,18.2818281828183,19.6519651965197,22.2877712228777,24.5424542454245,20.0679932006799,16.4683531646835,12.8312831283128,15.67,13.0813081308131,15.58,13,12.3,9.70902909709029,7.84,6.65066506650665,6.47935206479352,4.25,4.39,4.0995900409959,2.49,2.2,2.99029902990299
584,"MHL","Marshall Islands",0,0,0,0,0,0,0,0,0,0,0,0,0,0,0,0,0,0,0,0,0,0,0,0,0,0,0,0,0,0,0,0,0,0,1.83018301830183,0,2.52,0,0,1.13,1.25012501250125,0.96,0.83,0.87,0.82,0.67,1.03,0.38,0.28997100289971,0,0.02000200020002,0.11998800119988,0,1.02010201020102,1.97019701970197,1.57984201579842,1.21,1.57,2.03,1.65983401659834,1.12,1.00989901009899,0.9,0.5000500050005,0.44,0.38,0.51,0.56994300569943,0.7,0.86008600860086
478,"MRT","Mauritania",0,0,0,0,0,0,0,0,0,0,0,0,0,0,0,0,0,0.02,0,0.01,0.01,0.00999900009999,0.01,0.09,0.17,0.26,0.24,0.39,0.59005900590059,0.91,0.81991800819918,0.54994500549945,0.41,0.58,0.87,1.09,1.01,1.23987601239876,1.21012101210121,1.17,1.01,1.08,1.16011601160116,1.21,1.27,1.44,1.3998600139986,1.27987201279872,1.09,0.82,0.71,0.66993300669933,0.75992400759924,0.71,0.58,0.55994400559944,0.55,0.61006100610061,0.58,0.47,0.47004700470047,0.6,0.81008100810081,1.02,1.03010301030103,0.89,0.82991700829917,0.78992100789921,0.78,0.66993300669933
480,"MUS","Mauritius",0,0,0,0,0,0,0,0,0,0,0,0,0,0,0,0,0,0,0,0,0,0.37003700370037,0,0,0,0.58,0.73,0.7000700070007,0.54,2.54025402540254,4.39,4.55,2.19021902190219,1.69,1.64,2.59,1.87981201879812,1.81018101810181,0.94,0.52,1.16,1.93,2.9002900290029,2.01979802019798,2.53,1.76982301769823,1.65,0.17,0.39,0.59,0.75,0.64,1.11,1.5998400159984,1.98019801980198,1.55015501550155,1.06,0.73,0.71007100710071,1.06010601060106,1.49,2.37,3.02,3.42965703429657,2.6,2.44,4.01959804019598,5.99059905990599,7.81,7.51
484,"MEX","Mexico",0,0,0,0,0,0,0,0,0,0,0,0,0,0,0,0,0,0,0,0,0,0.0357517757609423,0.0434032403406607,0.0432177964760819,0.0432216026924305,0.0348205876230441,0.035719572025448,0.068364345426487,0.102533602086881,0.0841494592763566,0.0922314996286694,0.106943613838537,0.276914938046154,0.479847032583877,0.552685472658311,0.536611516032145,0.328413067634624,0.275361875234859,0.121620045701678,0.178477811947527,0.343837268612518,0.457544254575443,0.383580961585113,0.186930090927722,0.59112911785266,0.766715104925452,0.864040985838905,0.572144678120848,0.653526105237305,0.837612889867676,0.903915998527028,0.783453743783474,0.604158843957478,0.570519770436637,0.844519579786616,0.768126702791915,0.780640111289234,0.65784676819974,0.861824770040094,0.874177421461231,0.775278971066163,0.576155944478315,0.758008038899845,0.991042605286071,3.21892344098923,4.09098215088519,4.40538073340264,2.56462850594578,1.68551196841155,1.04426728394869
583,"FSM","Micronesia",0,0,0,0,0,0,0,0,0,0,0,0,0,0,0,0,0,0,0,0,0,1.14,0,0,0,0,0,0,0,0,0,0,0.35003500350035,0.27,0.26997300269973,0.14,0.11998800119988,0.11,0.11,0.25,0.22997700229977,0.22,0.13,0,0,0,0.31,1.24,1.9,0,1.94,2.04,1.26,1.19,1.09,1.3001300130013,1.26012601260126,1.53015301530153,1.14,0.8000800080008,0.4999500049995,0.64,0.57,0.51005100510051,0.63,0.77,0.56,0.38,0.28997100289971,0.48004800480048
498,"MDA","Moldova",NA,NA,NA,NA,NA,NA,NA,NA,NA,NA,NA,NA,NA,NA,NA,NA,NA,NA,NA,NA,NA,NA,NA,NA,NA,NA,NA,NA,NA,NA,NA,NA,NA,NA,NA,NA,NA,NA,NA,NA,NA,NA,NA,NA,NA,NA,NA,NA,NA,NA,NA,NA,NA,NA,NA,NA,NA,NA,NA,NA,NA,NA,NA,NA,NA,NA,NA,NA,NA,NA
492,"MCO","Monaco",NA,NA,NA,NA,NA,NA,NA,NA,NA,NA,NA,NA,NA,NA,NA,NA,NA,NA,NA,NA,NA,NA,NA,NA,NA,NA,NA,NA,NA,NA,NA,NA,NA,NA,NA,NA,NA,NA,NA,NA,NA,NA,NA,NA,NA,NA,NA,NA,NA,NA,NA,NA,NA,NA,NA,NA,NA,NA,NA,NA,NA,NA,NA,NA,NA,NA,NA,NA,NA,NA
496,"MNG","Mongolia",NA,NA,NA,NA,NA,NA,NA,NA,NA,NA,NA,NA,NA,NA,NA,NA,NA,NA,NA,NA,NA,NA,NA,NA,NA,NA,NA,NA,NA,NA,NA,NA,NA,NA,NA,NA,NA,NA,NA,NA,NA,NA,NA,NA,NA,NA,NA,NA,NA,NA,NA,NA,NA,NA,NA,NA,NA,NA,NA,NA,NA,NA,NA,NA,NA,NA,NA,NA,NA,NA
499,"MNE","Montenegro",NA,NA,NA,NA,NA,NA,NA,NA,NA,NA,NA,NA,NA,NA,NA,NA,NA,NA,NA,NA,NA,NA,NA,NA,NA,NA,NA,NA,NA,NA,NA,NA,NA,NA,NA,NA,NA,NA,NA,NA,NA,NA,NA,NA,NA,NA,NA,NA,NA,NA,NA,NA,NA,NA,NA,NA,NA,NA,NA,NA,NA,NA,NA,NA,NA,NA,NA,NA,NA,NA
504,"MAR","Morocco",0,0,0,0,0,0,0,0,0,0,0,0,0,0,0.0522707675417352,0.0487445871825568,0.0481140278119405,0.0608655731859228,0.0622529087106418,0.091443736788585,0.0607122074871596,0.0793847070165609,0.0750533991058111,0.349642199765588,0.548213686502887,0.663189124592537,0.397852667021177,0.241323801224219,0.185235605693804,0.26851316397106,0.379082838108011,0.564799407637851,0.779369901649965,0.831061212683529,0.896870480820669,0.699974779790107,0.709541209257334,0.55986704226984,0.563418141254648,0.499804580746747,0.483757154163003,0.532891790807696,0.475649491270846,0.399969897091196,0.340159753417172,0.689147477478355,1.14856637109854,1.31594203087073,1.05244871289285,1.06967917565313,1.02657547104001,1.18454660669618,1.24945791321349,1.36214856731725,1.24621354446064,0.956332340161653,1.11084351559745,1.1557069862813,1.20677885635746,1.09482195049698,1.12001566620833,0.977060179929657,0.834158398178667,0.841808226592359,0.903837699449171,1.14753029851701,1.06382724274534,0.942950754253009,0.836423487331432,1.15425387070173
508,"MOZ","Mozambique",0,0,0,0,0,0,0,0,0,0,0,0,0,0,0,0,0,0,0,0,0,0.15,0.09,0.09,0,0,0,0,0.03,0,0.03,0.01999800019998,0.2,0.21,0.22,0.02999700029997,0.04,0.05999400059994,0.04999500049995,0.05,0.02,0.02,0.01,0.06,0,0.11001100110011,0.14,0.09,0.0999900009999,0.09000900090009,0.14998500149985,0.31,0.43,0.55,0.47,0.52,0.59,0.64,0.73992600739926,0.71,0.72,0.66,0.78,0.63,0.39,0.11998800119988,0.05,0.05000500050005,0.05,0.02000200020002
104,"MMR","Myanmar",0,0,0,0,0,0,0,0,0,0,0,0,0,0,0,0,0,0,0.01,0.02,0.02,0,0.02,0.3,0.27997200279972,0.27,0.4,0,0.41,0.79,0.8000800080008,0.79007900790079,0.38,0.04000400040004,0.04999500049995,0.03000300030003,0.02,0.00999900009999,0.01,0,0.01,0.01,0.07,0.06,0.06000600060006,0.01,0.01,0.01,0.01,0.01,0.01,0.04999500049995,0.08999100089991,0.11998800119988,0.14998500149985,0.16,0.15,0.13998600139986,0.12998700129987,0.21002100210021,0.31003100310031,0.69,0.90990900909909,1.3,1.24,1.30986901309869,1.08989101089891,0.95009500950095,0.94990500949905,1.19
516,"NAM","Namibia",0,0,0,0,0,0,0,0,0,0,0,0,0,0,0,0,0,0,0,0.01,0.00999900009999,0.01,0.01,0.03,0.05,0.11,0.11,1.26,2.31976802319768,3.1,3.91039103910391,4.66,5.52,5.63,5.70942905709429,6.01060106010601,6.05,7.25927407259274,10.988901109889,18.991899189919,27.9072092790721,26.17,22.45,18.96,18.1,15.08,11.5211521152115,11.6,11.8188181181882,11.56,10.38,9.39,8.82088208820882,9.38093809380938,11,10.01100110011,9.5990400959904,9.84,10.5010501050105,9.5990400959904,9.75,9.98,10.57,10.27,10.03100310031,8.73,7.01,6.25,6.34936506349365,6.81
520,"NRU","Nauru",0,0,0,0,0,0,0,0,0,0,0,0,0,0,0,0,0,0,0,0,0,0,0,0,0,0,0,0,0,0,0,5.3005300530053,0,0,0,0,0,0,2.17,0.04,0.06,0,0.02,0.18,0.42,0.76,0.51005100510051,0.24,0.19,0,0.16,0.14998500149985,0,0.15,0,0.13001300130013,0.11,0.11001100110011,0.15998400159984,0.18,0.11001100110011,0.21,0.12998700129987,0.12,0.08,0.08000800080008,0,0.12998700129987,0,0.18
524,"NPL","Nepal",NA,NA,NA,NA,NA,NA,NA,NA,NA,NA,NA,NA,NA,NA,NA,NA,NA,NA,NA,NA,NA,NA,NA,NA,NA,NA,NA,NA,NA,NA,NA,NA,NA,NA,NA,NA,NA,NA,NA,NA,NA,NA,NA,NA,NA,NA,NA,NA,NA,NA,NA,NA,NA,NA,NA,NA,NA,NA,NA,NA,NA,NA,NA,NA,NA,NA,NA,NA,NA,NA
528,"NLD","Netherlands",0,0,0,0,0,0,0,0,0,0,0,0,0,0,0,0.00999900009999,0.02,0.02999700029997,0.02,0.01999800019998,0.02,0.02,0.03999600039996,0.04,0.04,3.29032903290329,4.88,6.47,3.38,3.24,5.59055905590559,5.83,6.1,4.11958804119588,4.51045104510451,4.4004400440044,3.92960703929607,3.02,2.1,1.8,1.37,1.25,1.37,1.37,1.51,2.19,5.65943405659434,8.97,10.59,9.74,10.8410841084108,12.57,14.6485351464854,12.1112111211121,9.79097909790979,10.66,15.6584341565843,19.56,16.49,12.21,11.3088691130887,10.65,10.93,7.12071207120712,9.05,11.8888111188881,15.94,12.59,14.24,23.19
540,"NCL","New Caledonia",NA,NA,NA,NA,NA,NA,NA,NA,NA,NA,NA,NA,NA,NA,NA,NA,NA,NA,NA,NA,NA,NA,NA,NA,NA,NA,NA,NA,NA,NA,NA,NA,NA,NA,NA,NA,NA,NA,NA,NA,NA,NA,NA,NA,NA,NA,NA,NA,NA,NA,NA,NA,NA,NA,NA,NA,NA,NA,NA,NA,NA,NA,NA,NA,NA,NA,NA,NA,NA,NA
554,"NZL","New Zealand",0,0,0,0,0,0,0,0,0,0,0,0,0,0,0,0,0,0.00974136550414171,0.0110590692723292,0.00432651561015126,1.09562377313489,0.00927640995976067,0.0128593491314339,0.0188384607768931,0.0315145969869776,0.492550423269102,0.0123750935725396,0.474922725066242,0.126979924408701,0.13298564571311,0.0845850362269456,0.0049395691433542,0.00935123784029857,0.0441178199341736,0.0455206966961144,0.0293741904191384,0.016245756331888,0.0609075321031618,0.124741064890706,0.174773347649035,0.163034141642222,0.396590406836243,0.448513952539183,0.731640128207406,0.548566362447907,0.584147885544607,0.375338851602005,0.349853848144825,0.375517425839822,0.373957540183505,0.658758940341112,0.900883490968864,0.840138091710079,0.553401964148772,0.297875367081849,0.321817823374944,0.432328564916318,0.553657531003273,0.660310169590175,0.59853282140935,0.944003913520684,1.25374056099741,1.53455984947216,1.63596328069848,1.2653556126527,1.07477410878445,1.0179224407959,1.79206362816446,2.28449982115789,2.85970224997051
558,"NIC","Nicaragua",0,0,0,0,0,0,0,0,0,0,0,0,0,0,0,0.12726391939026,0.0491906341270234,0,0.0334960092117098,0.0113382014135655,0.0109493056592504,0.0166416702845641,0.0182415706805674,0.242724552888771,0.589706755494839,0.744872694992535,0.470340519353258,0.573918782861618,0.561392093223322,0.519378372146645,0.0128865428304156,0.147776814943193,0.156061431216643,0,0.205378345333514,0.438552679539225,0.358736394435234,1.22057104391412,4.67887160289756,4.92482906207573,3.98462694625409,0.741458403496314,0.271372108393919,0.050578825391442,0.0523769240996294,0.141280276816609,0.672224985492829,0.631321519389701,0.516020927190815,0.293308448414912,0.332769635152969,0.342749928631954,0,0.220887615045408,0.284440392459752,0.706379178361827,0.814072095603308,1.55393977415307,2.0614348779547,1.30121642792891,0.295121877472677,0.316934940686329,0.0868048606147248,0.0844836298014952,0.0642828733907825,0,0.339104070181454,0.293688769312933,0.316283941039566,0.450408711052052
562,"NER","Niger",NA,NA,NA,NA,NA,NA,NA,NA,NA,NA,NA,NA,NA,NA,NA,NA,NA,NA,NA,NA,NA,NA,NA,NA,NA,NA,NA,NA,NA,NA,NA,NA,NA,NA,NA,NA,NA,NA,NA,NA,NA,NA,NA,NA,NA,NA,NA,NA,NA,NA,NA,NA,NA,NA,NA,NA,NA,NA,NA,NA,NA,NA,NA,NA,NA,NA,NA,NA,NA,NA
566,"NGA","Nigeria",0,0,0,0,0,0,0,0,0,0,0,0,0,0,0,0,0.4999500049995,0.34,0.19,0.21,0.12001200120012,0.03,0,0.02,0.01,0,0,0.09,0.08,0.09,0,0.03000300030003,0.11998800119988,0.18001800180018,0.17,0.19,0.17,0.26,0.21,0.18,0.18,0.16,0.15,0.0999900009999,0.06,0.55,0.54,0.55,0.12001200120012,0.29,0.29,0.34,0.19,0.18,0.14,0.12001200120012,0.18,0.15001500150015,0.16,0.11,0.13,0.33,0.95990400959904,1.45,1.78982101789821,1.72,1.59,1.46,1.34986501349865,1.4
570,"NIU","Niue",NA,NA,NA,NA,NA,NA,NA,NA,NA,NA,NA,NA,NA,NA,NA,NA,NA,NA,NA,NA,NA,NA,NA,NA,NA,NA,NA,NA,NA,NA,NA,NA,NA,NA,NA,NA,NA,NA,NA,NA,NA,NA,NA,NA,NA,NA,NA,NA,NA,NA,NA,NA,NA,NA,NA,NA,NA,NA,NA,NA,NA,NA,NA,NA,NA,NA,NA,NA,NA,NA
408,"PRK","North Korea",0,0,0,0,0,0,0,0,0,0,0,0,0,0,0,0,0,0,0,0,0,0,0,0,0,0,0,0,0,0,0,0,0,0,0,0,0,0,0,0,0,0,0,0,1.84018401840184,6.62,12.6987301269873,12.19,11.94,9.74,9.68,5.19,3.5003500350035,1.87,1.75982401759824,1.69,1.61,1.6,3.93,6.64066406640664,9.50904909509049,9.24,8.02,5.85941405859414,3.98960103989601,4.72,6.49,8.32083208320832,8.31,8.24
807,"MKD","North Macedonia",NA,NA,NA,NA,NA,NA,NA,NA,NA,NA,NA,NA,NA,NA,NA,NA,NA,NA,NA,NA,NA,NA,NA,NA,NA,NA,NA,NA,NA,NA,NA,NA,NA,NA,NA,NA,NA,NA,NA,NA,NA,NA,NA,NA,NA,NA,NA,NA,NA,NA,NA,NA,NA,NA,NA,NA,NA,NA,NA,NA,NA,NA,NA,NA,NA,NA,NA,NA,NA,NA
578,"NOR","Norway",0,0,0.00931137074426574,0.00930959628723988,0,0,0,0,0,0,0,0,0.00858664956707286,0.0386755180545273,0.0348279116722944,0.0291490626427184,0.0193513274069265,0.0185118141916692,0.0253170068191806,1.73558252708066,3.43244223819222,4.56619585041393,4.66247406861389,3.8728712698056,3.18059291807393,2.04094864174215,1.58624413483308,2.2530680150159,2.09790695885244,2.54860748134416,2.10470651942372,2.82582504117977,4.7286843856601,6.48720698735682,5.73508901052119,4.04201472017605,1.98756639284459,2.31558962594398,2.74627756517412,10.1909411917709,13.5304071882688,12.3293083802163,9.35203615151216,4.90410569595918,3.70195905517591,3.33126929204553,2.27796138464577,1.70117356634952,1.54430310108969,1.67695139087535,1.60007988608866,0.829358306697814,0.774650612929732,0.70896267866658,0.883105292330154,1.25951660127796,1.29123563238916,1.48273432330446,2.22732624130899,2.99671934884607,3.32376533814168,2.69577656075642,3.94694027108801,4.65805452124519,7.64639123697741,6.36424164430139,6.66127685059757,4.10621433172166,3.4638169281345,2.09754044035058
512,"OMN","Oman",0,0,0,0,0,0,0,0,0,0,0,0,0,0,0,0,0,0,0,0,0,0,0,0,0,0,0,0,0,0,0,0,0,0,0,0,0,0,0,0,0,0,0,0,0.02000200020002,0.03000300030003,0,0.05,0.04,0.02,0.01,0.01,0.01,0.00999900009999,0.01,0,0.05,0.1,0.1,0.05000500050005,0,0,0.01,0.01,0,0,0.00999900009999,0,0.15001500150015,0.4
586,"PAK","Pakistan",0,0,0,0,0,0,0,0,0,0,0,0,0,0,0,0,0,0,0,0,0,0,0,0,0,0,0,0,0,0,0,0,0,0,0,0,0,0,0,0,0,0,0,0.02,0.01999600079984,0.05999400059994,0.09,0.11998800119988,0.13,0.22,0.28,0.34,0.36003600360036,0.44,0.39,0.35,0.31,0.33996600339966,0.37,0.48995100489951,0.60993900609939,0.68006800680068,0.57,0.54,0.55005500550055,0.65,0.78,0.86008600860086,0.74,0.45
585,"PLW","Palau",0,0,0,0,0,0,0,0,0,0,0,0,0,0,0,0,0,0,0,0,0,0,0,0,0,0,0,0,0.46004600460046,0,0.71007100710071,0,0,0,0,0.55005500550055,0.75,0.74,0.38,2.89,1.62,2.09,2.56,4.31,4.92950704929507,1.28,1.33013301330133,2.18,7.48,10.36,8.88911108889111,9.10908909109089,3.38966103389661,3.65,3.48,9.97,10.8210821082108,6.98930106989301,7.64076407640764,10.69,28.69,26.94,9.62,13.01,10.4110411041104,45.96,24.79,11.22,5.4,9.92900709929007
591,"PAN","Panama",0,0,0,0,0,0,0,0,0,0,0,0,0,0,0,0,0,0,0,0,0,0,0,0,0,0,0,0,0,0,0,0,0,0,0,0,0,0.0999900009999,0.09,0,0.41,0.74,1.11,0.94990500949905,1.09,0.73992600739926,0.50994900509949,0.19,0.22002200220022,0.18998100189981,0.36,0.34,0.4,0.2,0.22,0.32,0.49,0.93009300930093,0.96,6.08,7.60847830433913,10.62,3.43965603439656,3.00969903009699,3.47,5.3005300530053,6.15,7.59,2.6002600260026,0.82
598,"PNG","Papua New Guinea",0,0,0,0,0,0,0,0,0,0,0,0,0,0,0,0,0,0,0,0,0,0,0,0,0,0,0,0,0.03,0.02000200020002,0.03999600039996,0.26997300269973,0.43004300430043,0.39003900390039,0.2000200020002,0.20997900209979,0.31,0.39,0.22,0.1999800019998,0.23,0.32,0.379924015196961,0.5,0.45,0.4,0.38,0.38,0.31,0.22,0.3000300030003,0.65006500650065,0.53,0.43,0.24,0.32,0.31003100310031,0.26997300269973,0.1999800019998,0.1,0.12001200120012,0.17,0.28002800280028,0.2,0.4000400040004,0.48,0.44,0.23,0.22,0.46
600,"PRY","Paraguay",NA,NA,NA,NA,NA,NA,NA,NA,NA,NA,NA,NA,NA,NA,NA,NA,NA,NA,NA,NA,NA,NA,NA,NA,NA,NA,NA,NA,NA,NA,NA,NA,NA,NA,NA,NA,NA,NA,NA,NA,NA,NA,NA,NA,NA,NA,NA,NA,NA,NA,NA,NA,NA,NA,NA,NA,NA,NA,NA,NA,NA,NA,NA,NA,NA,NA,NA,NA,NA,NA
604,"PER","Peru",0,0,0,0,0,0,0,0,0,0,0,0,0,0,0,0,0,0,0,0,0,0,0,0.07000700070007,0.17,0.2,7.09,17.59,31.24,29.83,31.38,17.8682131786821,13.43,2.32,9.11908809119088,5.81,4.87048704870487,0.04999500049995,0.02,0.02000200020002,0.04999500049995,0.05000500050005,0.05,0.03000300030003,0.04999500049995,0.05999400059994,0.05,5.48,6.86,6.93,2.02,1.39,1.01,0.69,0.61006100610061,0.55994400559944,0.5,0.42004200420042,0.24,0.58994100589941,1.06989301069893,1.21012101210121,0.76,0.32003200320032,1.27,2.46950609878024,3.31,1.94,0.96009600960096,0.16998300169983
608,"PHL","Philippines",0,0,0,0,0,0,0,0,0,0,0,0,0,0,0,0,0,0,0,0,0,0.01,0.02,0.03,0.04000400040004,0.02999700029997,0.03,0.03,0.1,0.14001400140014,0.20997900209979,0.16,0.16,0.15,0.22002200220022,0.23,0.18998100189981,0.11,0.1,0.18998100189981,0.24,0.26,0.21,0.18,0.17998200179982,0.14,0.28,0.40995900409959,0.64993500649935,0.8,0.68993100689931,0.48004800480048,0.18001800180018,0.26,0.26,0.36,0.24,0.24002400240024,0.14,0.13,0.1,0.05999400059994,0.06,0.26,0.4,0.51,0.44,0.41,0.35,0.31
616,"POL","Poland",0,0,0,0,0,0,0,0,0,0,0,0,0,0,0,0,0.06,0.07,0.09000900090009,0.06,0.04,0.04,0.05,0.03,0.02,0.01999800019998,0,0.04,0.05000500050005,0.04,0.03000300030003,0.02999700029997,0.05,0.04999500049995,0.04,0.04,0.04999500049995,0.05000500050005,0.06,0.06,0.05,0.05,0.04,0.05,0,0.03,0.02,0,0,0.00999900009999,0.01,0.01,0.02,0.04,0.08999100089991,0.11,0.11,0.08000800080008,0.12,0.08,0.11,0.1000100010001,0.11001100110011,0.0999900009999,0.09,0.26,0.43,0.78,0.96,1.21
620,"PRT","Portugal",0,0.039519082872134,0.0472071339549329,0.0469349834645938,0.0318577237418228,0.0471736726677378,0.03767501335362,0.0427119221888769,0.0233507347457538,0.0266672531658016,0.0220326783624586,0.00951763812205877,0,0,0.0068040219788435,0.00872149436908473,0.0618230387415225,0.147634645132955,0.0408754192563361,0.130164778534372,0.108633157146664,0.193641830084198,0.27692976737703,0.311956795799963,0.31593731863008,0.185780195945077,0.410797144680904,0.407880578430561,0.439201068336375,0.123350674009813,0.135352294590972,0.179168703460255,0.214867299807982,0.204807034251595,0.17076188039187,0.191238763729756,0.359794661262709,0.321856010786194,0.344822953207181,0.214220276228437,0.261170154984502,0.525434222109657,0.890681751126373,1.28193848832783,1.31228864720584,1.41834013887245,1.16849688785151,1.45129724336532,2.20334115502141,3.38907777352084,5.03996679166197,4.98246094525563,4.18251165146645,3.55702533699341,3.15309704679641,2.46183876717118,2.78559537629283,3.69461656284673,5.17497213036925,5.14831287701529,4.87867976437221,5.18166743526465,6.17748150546994,7.86539260593196,8.25283708857127,13.0399649669145,12.8608516893816,13.1867905474054,11.2153036778938,13.0389232388188
634,"QAT","Qatar",NA,NA,NA,NA,NA,NA,NA,NA,NA,NA,NA,NA,NA,NA,NA,NA,NA,NA,NA,NA,NA,NA,NA,NA,NA,NA,NA,NA,NA,NA,NA,NA,NA,NA,NA,NA,NA,NA,NA,NA,NA,NA,NA,NA,NA,NA,NA,NA,NA,NA,NA,NA,NA,NA,NA,NA,NA,NA,NA,NA,NA,NA,NA,NA,NA,NA,NA,NA,NA,NA
178,"COG","Republic of Congo",NA,NA,NA,NA,NA,NA,NA,NA,NA,NA,NA,NA,NA,NA,NA,NA,NA,NA,NA,NA,NA,NA,NA,NA,NA,NA,NA,NA,NA,NA,NA,NA,NA,NA,NA,NA,NA,NA,NA,NA,NA,NA,NA,NA,NA,NA,NA,NA,NA,NA,NA,NA,NA,NA,NA,NA,NA,NA,NA,NA,NA,NA,NA,NA,NA,NA,NA,NA,NA,NA
642,"ROU","Romania",NA,NA,NA,NA,NA,NA,NA,NA,NA,NA,NA,NA,NA,NA,NA,NA,NA,NA,NA,NA,NA,NA,NA,NA,NA,NA,NA,NA,NA,NA,NA,NA,NA,NA,NA,NA,NA,NA,NA,NA,NA,NA,NA,NA,NA,NA,NA,NA,NA,NA,NA,NA,NA,NA,NA,NA,NA,NA,NA,NA,NA,NA,NA,NA,NA,NA,NA,NA,NA,NA
643,"RUS","Russia",0,0,0,0,0,0,0,0,1.02306236641681,1.2632284919956,0.859947079159323,1.07918911934926,0.690553118616839,0.719807397769032,0.694004048793525,0.791045994844628,0.693807576863214,0.762522133910926,0.65861821906804,0.740010846085795,0.828428774486454,0.905299381103076,0.685897052326727,0.599715279850995,0.584856326846104,0.844807826635095,0.832514807013369,0.78967063499833,0.755925009566496,0.768739730438646,0.793178347527966,1.14010873948282,0.772985228593736,0.662752268481515,0.310101100823384,0.78725592751213,0.425733444546804,0.635803455717315,0.187068802078439,1.28571625894441,1.06487532281122,0.699909022368188,0.525089893929629,0.422041305188232,0.641544728634971,0.658599418888367,1.04506213226018,0.903285767196082,1.69849129555537,1.5403137800153,1.31690261709989,0.923934581796474,1.45502387735817,1.2225048075089,1.61489312351414,1.46295193594641,1.74053307661254,1.48901062141311,2.26505144884147,2.86956300534253,3.33617952612782,2.35662709892278,2.20676361164046,2.12161430155292,1.81920105278905,1.77926649694813,1.9821324687247,2.04900950436765,1.46701233523972,1.13869662477508
646,"RWA","Rwanda",NA,NA,NA,NA,NA,NA,NA,NA,NA,NA,NA,NA,NA,NA,NA,NA,NA,NA,NA,NA,NA,NA,NA,NA,NA,NA,NA,NA,NA,NA,NA,NA,NA,NA,NA,NA,NA,NA,NA,NA,NA,NA,NA,NA,NA,NA,NA,NA,NA,NA,NA,NA,NA,NA,NA,NA,NA,NA,NA,NA,NA,NA,NA,NA,NA,NA,NA,NA,NA,NA
652,"BLM","Saint Barthelemy",NA,NA,NA,NA,NA,NA,NA,NA,NA,NA,NA,NA,NA,NA,NA,NA,NA,NA,NA,NA,NA,NA,NA,NA,NA,NA,NA,NA,NA,NA,NA,NA,NA,NA,NA,NA,NA,NA,NA,NA,NA,NA,NA,NA,NA,NA,NA,NA,NA,NA,NA,NA,NA,NA,NA,NA,NA,NA,NA,NA,NA,NA,NA,NA,NA,NA,NA,NA,NA,NA
659,"KNA","Saint Kitts and Nevis",NA,NA,NA,NA,NA,NA,NA,NA,NA,NA,NA,NA,NA,NA,NA,NA,NA,NA,NA,NA,NA,NA,NA,NA,NA,NA,NA,NA,NA,NA,NA,NA,NA,NA,NA,NA,NA,NA,NA,NA,NA,NA,NA,NA,NA,NA,NA,NA,NA,NA,NA,NA,NA,NA,NA,NA,NA,NA,NA,NA,NA,NA,NA,NA,NA,NA,NA,NA,NA,NA
662,"LCA","Saint Lucia",NA,NA,NA,NA,NA,NA,NA,NA,NA,NA,NA,NA,NA,NA,NA,NA,NA,NA,NA,NA,NA,NA,NA,NA,NA,NA,NA,NA,NA,NA,NA,NA,NA,NA,NA,NA,NA,NA,NA,NA,NA,NA,NA,NA,NA,NA,NA,NA,NA,NA,NA,NA,NA,NA,NA,NA,NA,NA,NA,NA,NA,NA,NA,NA,NA,NA,NA,NA,NA,NA
670,"VCT","Saint Vincent and the Grenadines",NA,NA,NA,NA,NA,NA,NA,NA,NA,NA,NA,NA,NA,NA,NA,NA,NA,NA,NA,NA,NA,NA,NA,NA,NA,NA,NA,NA,NA,NA,NA,NA,NA,NA,NA,NA,NA,NA,NA,NA,NA,NA,NA,NA,NA,NA,NA,NA,NA,NA,NA,NA,NA,NA,NA,NA,NA,NA,NA,NA,NA,NA,NA,NA,NA,NA,NA,NA,NA,NA
882,"WSM","Samoa",0,0,0,0,0,0,0,0,0,0,0,0,0,0,0,0,0,0,0,0,0,0,0,0,0,0,0,0,0,0,0,0,0,0,0,0,0,0,0,0.88,1.16,1.17,0.68,0.23,0.16,0.67,0.98,1.01,0.64,0.35,1.02,0,1.97,3.17968203179682,3.49,3.13968603139686,2.74,2.6997300269973,2.83,2.99,3.03030303030303,3.03,3.18,3.48034803480348,3.86961303869613,3.89038903890389,3.64963503649635,3.6,3.71,3.78
674,"SMR","San Marino",NA,NA,NA,NA,NA,NA,NA,NA,NA,NA,NA,NA,NA,NA,NA,NA,NA,NA,NA,NA,NA,NA,NA,NA,NA,NA,NA,NA,NA,NA,NA,NA,NA,NA,NA,NA,NA,NA,NA,NA,NA,NA,NA,NA,NA,NA,NA,NA,NA,NA,NA,NA,NA,NA,NA,NA,NA,NA,NA,NA,NA,NA,NA,NA,NA,NA,NA,NA,NA,NA
678,"STP","Sao Tome and Principe",0,0,0,0,0,0,0,0,0,0,0,0,0,0,0,0,0,0.39,0.53,1.07,1.3,1.18,0.45,0.61,0.64,1.87,1.64016401640164,3.35033503350335,3.49,5.19,2.82,5.67056705670567,7.91079107910791,10.27,10.43,8.16918308169183,6.34,3.96,6.02939706029397,6.17938206179382,5.98059805980598,4.43,4.72,5.17,4.82,8.2991700829917,10.48,11.51,7.79,6.26062606260626,5.67943205679432,3.88038803880388,3.07,1.67,3.45,4.71,6.91069106910691,7.12071207120712,6.54,5.64,7.6007600760076,9.96,11.26,6.13061306130613,3.28,3.13968603139686,3.62036203620362,8.37083708370837,10.66,19.63
682,"SAU","Saudi Arabia",0,0,0,0,0,0,0,0,0,0,0,0,0,0,0,0,0,0.0273268973162733,0.0250172634901845,0.0228907134767837,0.0228782979521065,0.0287212477437867,0.0293431424067262,0.031852642161081,0.0279976970843443,0.0263077338615288,0.0260114943869748,0.021093411825816,0.68367487030892,0.463633800430749,1.35958361799288,0.678418584293334,0.49870287165462,0.0995000866901693,0.0701832358674464,0.0676977483887168,0.0611312460216423,0.0586453375798484,0.0725610935932349,0.171473839422105,0.178664738124239,0.177646453376882,0.0811253603051591,0.197756694418424,0.483551889747338,0.718792258433141,0.297628824476651,0.314135338345865,0.559480145308781,0.584726551199481,0.46219985775395,0.480165688337141,0.481019830251706,0.553444217236254,0.674914145705704,0.613408064054575,0.638084751128822,0.640853865151881,0.716197563802178,0.758188354283129,0.852784209014246,0.939426446575679,0.943291096005539,0.91865953124888,0.926865047344586,0.931709080388068,0.96557611496589,0.961318094424268,0.969083027169496,0.944556381299742
686,"SEN","Senegal",0,0,0,0,0,0,0,0,0,0,0,0,0,0,0,0,0,0,0,0,0,0.04,0.03,0.01,0.02,0.01999800019998,0.03000300030003,0.03,0.05000500050005,0.13,0.56,0.91,1.30986901309869,1.26,0.95,0.68,0.38003800380038,0.82008200820082,1.18011801180118,1.6001600160016,1.39,1.29,1.46,1.72,1.90980901909809,1.92,1.9,2.44,2.8,3.52,3.66,4.22042204220422,5.12948705129487,5.76057605760576,5.71,5.03,4.78,6.48,6.5,6.42,4.67,5.35,6.27,7.18,7.1007100710071,6.57934206579342,6.9006900690069,7.65,8.79,9.65
688,"SRB","Serbia",NA,NA,NA,NA,NA,NA,NA,NA,NA,NA,NA,NA,NA,NA,NA,NA,NA,NA,NA,NA,NA,NA,NA,NA,NA,NA,NA,NA,NA,NA,NA,NA,NA,NA,NA,NA,NA,NA,NA,NA,NA,NA,NA,NA,NA,NA,NA,NA,NA,NA,NA,NA,NA,NA,NA,NA,NA,NA,NA,NA,NA,NA,NA,NA,NA,NA,NA,NA,NA,NA
690,"SYC","Seychelles",0,0,0,0,0,0,0,0,0,0,0,0,0,0,0,0,0,0,0,0,0,0,0.93,1.04989501049895,0.68,0,0.4,0.14,0.16,0.59,0.86991300869913,1.17,1.01,0.69,0.54,0.27002700270027,0.23,0.19,0.22,0.21,0.55994400559944,1.29,4.01959804019598,6.27,9.87,14.3314331433143,18.1,13.1213121312131,11.7811781178118,7.75077507750775,12.85,13.6786321367863,15.21,16.6016601660166,16.5816581658166,16.18,14.8985101489851,12.16,11.18,10.27,9.93900609939006,8.33916608339166,7.1,5.89,7.56075607560756,9.3,12.8587141285871,13.9213921392139,12.53,7.4992500749925
694,"SLE","Sierra Leone",0,0,0,0,0,0,0,0,0,0,0,0,0,0,0.02,0.02,0.02,0.02,0.03,0.21,0.26,0.24,0.07999200079992,0.05,0.07000700070007,0.09,0.21,0.27,0.35,0.38,0.34,0.37996200379962,0.33,0.42,0.46,0.44004400440044,0.35,0.31,0.34996500349965,0.47,0.59,0.74,0.99,1.11,1.21,1.05,1.27,1.16011601160116,1.46985301469853,1.35,1.39,1.07,0.7,0.48,0.37,0.39,0.42995700429957,0.5,0.54,0.54,0.54,0.55,0.52,0.40995900409959,0.31,0.25,0.28002800280028,0.26,0.23997600239976,0.19001900190019
702,"SGP","Singapore",NA,NA,NA,NA,NA,NA,NA,NA,NA,NA,NA,NA,NA,NA,NA,NA,NA,NA,NA,NA,NA,NA,NA,NA,NA,NA,NA,NA,NA,NA,NA,NA,NA,NA,NA,NA,NA,NA,NA,NA,NA,NA,NA,NA,NA,NA,NA,NA,NA,NA,NA,NA,NA,NA,NA,NA,NA,NA,NA,NA,NA,NA,NA,NA,NA,NA,NA,NA,NA,NA
534,"SXM","Sint Maarten",NA,NA,NA,NA,NA,NA,NA,NA,NA,NA,NA,NA,NA,NA,NA,NA,NA,NA,NA,NA,NA,NA,NA,NA,NA,NA,NA,NA,NA,NA,NA,NA,NA,NA,NA,NA,NA,NA,NA,NA,NA,NA,NA,NA,NA,NA,NA,NA,NA,NA,NA,NA,NA,NA,NA,NA,NA,NA,NA,NA,NA,NA,NA,NA,NA,NA,NA,NA,NA,NA
703,"SVK","Slovakia",NA,NA,NA,NA,NA,NA,NA,NA,NA,NA,NA,NA,NA,NA,NA,NA,NA,NA,NA,NA,NA,NA,NA,NA,NA,NA,NA,NA,NA,NA,NA,NA,NA,NA,NA,NA,NA,NA,NA,NA,NA,NA,NA,NA,NA,NA,NA,NA,NA,NA,NA,NA,NA,NA,NA,NA,NA,NA,NA,NA,NA,NA,NA,NA,NA,NA,NA,NA,NA,NA
705,"SVN","Slovenia",NA,NA,NA,NA,NA,NA,NA,NA,NA,NA,NA,NA,NA,NA,NA,NA,NA,NA,NA,NA,NA,NA,NA,NA,NA,NA,NA,NA,NA,NA,NA,NA,NA,NA,NA,NA,NA,NA,NA,NA,NA,NA,NA,NA,NA,NA,NA,NA,NA,NA,NA,NA,NA,NA,NA,NA,NA,NA,NA,NA,NA,NA,NA,NA,NA,NA,NA,NA,NA,NA
90,"SLB","Solomon Islands",0,0,0,0,0,0,0,0,0,0,0,0,0,0,0,0,0,0,0,0,0,0,0,0,0,0,0,0,0,0,0,0,0,0,0,0,0,0,0,0,0,0,0,0,0,0,0,0,0,0,1.41,1.15,0.21997800219978,0.23,0.22,0.16998300169983,0.13,0.10998900109989,0.11998800119988,0.13998600139986,0.13998600139986,0.21,0.24,0.29002900290029,0.19,0.12,0.07000700070007,0.09,0.09000900090009,0.12002400480096
706,"SOM","Somalia",0,0,0,0,0,0,0,0,0,0,0,0,0,0,0,0,0,0,0,0,0.2,0.2,0.15001500150015,0,0.09,0.02000200020002,0,0.00999900009999,0.02000200020002,0.07,0.12,0.13,0.12,0.1,0.08,0.08,0.08,0.1000100010001,0.11,0.09,0.07000700070007,0.05,0.09,0.08,0.32003200320032,0.48004800480048,0.47,0.24997500249975,0.09,0.10998900109989,0.1,0.11998800119988,0.14001400140014,0.15001500150015,0.12,0.09000900090009,0.08,0.08,0.08,0.11,0.12,0.11,0.11,0.16,0.2,0.17001700170017,0.37,0.59,0.85991400859914,0.88008800880088
710,"ZAF","South Africa",0,0,0,0,0,0,0,0,0.0197650438031308,0.00983452008996659,0.00987362746514484,0,0,0,0.00987405344062726,0.00985770146391908,0.00985354184126805,0.00987329366613427,0.00988595974897339,0.0197470808685475,0.0194891218322485,0.0232306458678649,0.0271908967407272,0.0258853009121586,0.0252321122543451,0.032392674719465,0.022710137540134,3.32903799676093,5.59178076993398,7.80771668779609,7.8180938176769,8.09851151715373,8.52451708377978,8.23281518317359,9.49470746963999,10.2171969002656,8.7811122134546,7.76833612472486,7.84891210191453,8.58326941986915,9.98249288330251,8.88474701754543,8.41707078728302,10.1011332430496,14.0181812121883,20.6315687312388,26.1252362100863,26.9695881522003,25.4466277317551,21.4378614852197,13.7993696634074,7.10010641046228,1.26258149473049,1.11157671954982,0.176485864924179,1.34076225348155,7.53553630521253,12.6814532940079,16.7356409108373,15.7859927545736,17.5496339900575,16.4765792670683,23.2418120549073,22.7007672885398,24.7250060401463,16.8574291201073,15.0384367624078,12.4577322305601,9.06880168173217,5.27275961341687
410,"KOR","South Korea",0,0,0,0,0,0,0,0,0.22,0,0,0.32003200320032,0,0.26,0.26,0.12998700129987,0,0.51,0.83008300830083,0.97009700970097,0.57,0.52005200520052,0.52,0.55005500550055,0.53005300530053,0.6,0.72,0.71007100710071,0.7,0.6,0.55,0.36996300369963,0.28,0.36,0.34,0.49,0.27,0.34003400340034,0.21,0.36996300369963,0.43995600439956,0.73,0.91990800919908,1.1998800119988,1.35,1.74,2.48,3.2,2.89,2.4002400240024,2,2.14021402140214,2.06979302069793,2.1,2.04979502049795,1.91019101910191,1.73982601739826,1.61983801619838,1.63,1.65,1.60983901609839,1.62,1.74982501749825,1.87018701870187,2.12,2.31,2.69,2.83,3.06030603060306,3.39033903390339
728,"SSD","South Sudan",NA,NA,NA,NA,NA,NA,NA,NA,NA,NA,NA,NA,NA,NA,NA,NA,NA,NA,NA,NA,NA,NA,NA,NA,NA,NA,NA,NA,NA,NA,NA,NA,NA,NA,NA,NA,NA,NA,NA,NA,NA,NA,NA,NA,NA,NA,NA,NA,NA,NA,NA,NA,NA,NA,NA,NA,NA,NA,NA,NA,NA,NA,NA,NA,NA,NA,NA,NA,NA,NA
724,"ESP","Spain",0,0,0,0,0.0167023610444227,0.0348916696068592,0.0430166160266078,0.0539989548143862,0.0347206926393665,0.0884044569756656,0.136609582906524,0.229999647960082,0.228966903654616,0.338564127198631,0.406830469578835,0.488488075523698,0.433363635300232,0.327178987871959,0.319327066769982,0.364464604034664,0.366220880083285,0.382864383771554,0.352855374226224,0.588886572698373,0.697130143528245,0.820365140357006,0.669332428979835,0.419379303026401,0.419639059788981,0.552533154267967,1.1625146187377,1.91158354815573,2.6462293353452,2.0816336955356,2.41945561225626,2.06769284318304,2.32138127263321,2.1556910424037,2.1400854044975,2.27660414490606,2.54557483274959,2.45957316913551,2.31048194164532,1.95786951627568,1.58317271083347,1.66097918407622,2.17964637355227,2.54600362458056,3.01104759504923,2.90473404933326,2.75778797662821,3.48436081230573,4.01108279230191,5.65297767940652,5.16791150573116,4.89995306297575,4.1591492102815,4.35147397863891,4.61082959812896,5.29235444553232,5.3629754362991,5.19069779308175,5.53558982101332,6.61837476121484,7.11540679702873,5.51481434526656,5.54471291253445,6.13779318847043,6.55521654597351,5.54958368505945
144,"LKA","Sri Lanka",0,0,0,0,0,0,0,0,0,0,0,0,0,0,0,0,0,0,0,0,0.12,0,0.12,0.11,0.09000900090009,0,0.09,0.09,0.08999100089991,0.06999300069993,0.04,0.01,0,0.01,0.02,0.02,0.02,0.01,0.01,0.01000100010001,0.02,0.02,0.01999800019998,0.02,0.02,0.02,0.10998900109989,0.10998900109989,0.2,0.19001900190019,0.2000200020002,0.15001500150015,0.09,0.08,0.33003300330033,0.65,0.87,0.61,0.49004900490049,0.58005800580058,0.48,0.39,0.24,0.31,0.33003300330033,0.38,0.4000400040004,0.38996100389961,0.38003800380038,0.42
275,"PSE","State of Palestine",NA,NA,NA,NA,NA,NA,NA,NA,NA,NA,NA,NA,NA,NA,NA,NA,NA,NA,NA,NA,NA,NA,NA,NA,NA,NA,NA,NA,NA,NA,NA,NA,NA,NA,NA,NA,NA,NA,NA,NA,NA,NA,NA,NA,NA,NA,NA,NA,NA,NA,NA,NA,NA,NA,NA,NA,NA,NA,NA,NA,NA,NA,NA,NA,NA,NA,NA,NA,NA,NA
729,"SDN","Sudan",0,0,0,0,0,0,0,0,0,0,0,0,0,0,0,0,0,0,0,0,0,0,0,0,3.65,2.95,0,1.74,1.04010401040104,0,0.45,0.61,0.75,1.08,1.07,1.02,0.85,0.66,0.43,0.44,0.66,0,0,0,0,0,0,1.09,1.07,0.81,0.58,0.42,0.23002300230023,0.51,0,0,0,0,0,0,0.97990200979902,1.49014901490149,0.93,0.42,0.14,0.13,0.13,0.13,0.13,0.13
740,"SUR","Suriname",0,0,0,0,0,0,0,0,0,0,0,0,0,0,0,0,0,0,0,0,0,0,0,0,0,0,0,0,0,0,0,0,0,0,0,0.04999500049995,0.04,0.09000900090009,0.09,0.12,0.98,0,1.18,1.9,1.0998900109989,0.67,0.04999500049995,0.04000400040004,0,0,0.06,0.06,0.04,0.03,0.07,0.09,0.11,0.72992700729927,2.72,2.87,2.28,0.76,0.73992600739926,2.2997700229977,2.75,3.06030603060306,1.81,1.86,3.09030903090309,6.27937206279372
752,"SWE","Sweden",0,0,0,0,0,0,0,0,0,0,0,0,0,0,0,0,0,0,0,0,0,0,0,0,0,0,0,0,0,0.07,0.04000400040004,0,0,0.02,0.02,0.02000200020002,0,0.00999900009999,0.03,0.03,0.04000400040004,0.04,0.04000400040004,0.04,0.03,0.02,0.00999900009999,0.00999900009999,0,0,0,0,0,0.06000600060006,0.14,0.21002100210021,0.2,0.17,0.15001500150015,0.14998500149985,0.15,0.15,0.14,0.11998800119988,0.11,0.13001300130013,1.88981101889811,3.68963103689631,5.11051105110511,4.33956604339566
756,"CHE","Switzerland",NA,NA,NA,NA,NA,NA,NA,NA,NA,NA,NA,NA,NA,NA,NA,NA,NA,NA,NA,NA,NA,NA,NA,NA,NA,NA,NA,NA,NA,NA,NA,NA,NA,NA,NA,NA,NA,NA,NA,NA,NA,NA,NA,NA,NA,NA,NA,NA,NA,NA,NA,NA,NA,NA,NA,NA,NA,NA,NA,NA,NA,NA,NA,NA,NA,NA,NA,NA,NA,NA
760,"SYR","Syria",NA,NA,NA,NA,NA,NA,NA,NA,NA,NA,NA,NA,NA,NA,NA,NA,NA,NA,NA,NA,NA,NA,NA,NA,NA,NA,NA,NA,NA,NA,NA,NA,NA,NA,NA,NA,NA,NA,NA,NA,NA,NA,NA,NA,NA,NA,NA,NA,NA,NA,NA,NA,NA,NA,NA,NA,NA,NA,NA,NA,NA,NA,NA,NA,NA,NA,NA,NA,NA,NA
158,"TWN","Taiwan",0,0,0,0,0,0,0,0,0,0,0,0,0,0,0,0,0,0,0,0,0,0,0,0,0.02999700029997,0.02,0.02,0.1,0.12,0.15001500150015,0.1,0.18001800180018,0.19,0.21002100210021,0.12001200120012,0.19,0.27,0.39,0.41,0.41995800419958,0.56994300569943,0.94990500949905,1.32,1.68,1.57015701570157,1.4,1.23,1.40985901409859,2.09020902090209,3.07030703070307,5.40945905409459,6.67,6.65,4.89,3.94039403940394,3.54035403540354,3.78962103789621,5.14948505149485,6.05,6.56934306569343,5.53,2.93,2.02,1.45,1.67,1.88,1.79,1.75982401759824,1.65,1.96980301969803
762,"TJK","Tajikistan",NA,NA,NA,NA,NA,NA,NA,NA,NA,NA,NA,NA,NA,NA,NA,NA,NA,NA,NA,NA,NA,NA,NA,NA,NA,NA,NA,NA,NA,NA,NA,NA,NA,NA,NA,NA,NA,NA,NA,NA,NA,NA,NA,NA,NA,NA,NA,NA,NA,NA,NA,NA,NA,NA,NA,NA,NA,NA,NA,NA,NA,NA,NA,NA,NA,NA,NA,NA,NA,NA
834,"TZA","Tanzania",0,0,0,0,0,0,0,0,0,0,0,0,0,0,0,0,0,0,0,0,0,0,0,0,0,0,0,0,0,0.02,0,0.01,0,0.01,0.01,0.01,0.01,0.01,0.05,0.06,0.0999900009999,0.1,0.12,0.11,0.1,0.08,0.09,0.09,0.08,0.09,0.07,0.17998200179982,0.23002300230023,0.25002500250025,0.19,0.11,0.1,0.08,0.09,0.09,0.08000800080008,0.06,0.06999300069993,0.07999200079992,0.09,0.1,0.11001100110011,0.15,0.2000200020002,0.26
764,"THA","Thailand",0,0,0,0,0,0,0,0,0,0,0,0,0,0,0,0,0,0,0,0,0.234671106610769,0.178044398898999,0.14986280220204,0.15640573073104,0.286050635644687,0.363859958397167,0.358080704907484,0.325772227677818,0.311835349089917,0.388570443306199,0.424009561971179,0.37343745337713,0.298946869448389,0.344253630980748,0.450123161001015,0.741769965718979,0.748357581604179,0.902181869061249,0.933486637291022,1.41987500059731,1.45305913304722,1.08679907892649,0.59938926149469,0.339143708242136,0.810610439064157,0.946687835934581,1.20839247908587,0.984587732710312,0.797300842415971,0.565909198907456,0.348499412562115,0.265291694051585,0.35134231384304,0.333489922135756,0.36229911429122,0.290764568209808,0.530716400340768,0.805468960726589,0.876252170113866,0.723332276024597,0.733758631368339,0.92983604576591,0.978247173378318,1.0353274576647,1.02252512359305,1.32958833774586,1.49160451936829,1.35308897723099,1.63470261094472,2.26070948981288
626,"TLS","Timor-Leste",0,0,0,0,0,0,0,0,0,0,0,0,0,0,0,0,0,0,0,0,0,0,0,0,0,0,0,0,0,0,0,0,0,0,0,0,0,0,0,0,0.58,0,0,0,0,0,0,0,0,0.22,0,0,0,0,0,0,0,0,0,0,0,0,0,0,0,0,0.28002800280028,0,0.13001300130013,0
768,"TGO","Togo",NA,NA,NA,NA,NA,NA,NA,NA,NA,NA,NA,NA,NA,NA,NA,NA,NA,NA,NA,NA,NA,NA,NA,NA,NA,NA,NA,NA,NA,NA,NA,NA,NA,NA,NA,NA,NA,NA,NA,NA,NA,NA,NA,NA,NA,NA,NA,NA,NA,NA,NA,NA,NA,NA,NA,NA,NA,NA,NA,NA,NA,NA,NA,NA,NA,NA,NA,NA,NA,NA
776,"TON","Tonga",0,0,0,0,0,0,0,0,0.42,0,0,0,0.43004300430043,0.34,0.28002800280028,0,0,0,0.25,0.34996500349965,0.41995800419958,0.38,0.43,0.35,0,0.39,0,0.34,0.37,0,0,0.18,0.06000600060006,0.05,0.02,0,0,0,0,0.19,0,0.27997200279972,0.47,0.38,0.35,0.27002700270027,0.38,0.49,0.55,0.59,0.42,0.36,0.17,0.15,0.03000300030003,0.03000600120024,0.03,0.03,0.03,0.03000300030003,0.03,0.02000200020002,0.02,0.01999800019998,0.02,0.02,0.17,0.35,0.3,0.01
780,"TTO","Trinidad and Tobago",0,0,0,0,0,0,0,0,0,0,0,0,0,0,0,0,0,0,0,0,0,0,0,0,0,0,0,0.24,0.25,0.26,0.26,0.25,0.25,0.25997400259974,0.32996700329967,0.69006900690069,0.67,0.64,0.41,0.47,0.36,0.43,0.5999400059994,0.85008500850085,0.90990900909909,0.83991600839916,0.82008200820082,1.21,1.34,1.69,1.21012101210121,1.13011301130113,1.23,1.49,1.78,1.63,1.73,1.74,1.90980901909809,2.15,2.01979802019798,1.79017901790179,1.3998600139986,1.31986801319868,1.54,1.84,2.15,2.13042608521704,2.04020402040204,1.9
788,"TUN","Tunisia",0,0,0,0,0,0,0,0,0,0,0,0,0,0,0,0,0,0,0,0,0,0,0,0,0,0,0,0,0,0.13,0.14,0.16,0.15,0.13,0.13,0.16,0.17998200179982,0.16,0.49,0.88,1.34,1.35986401359864,1.4001400140014,1.58,1.68016801680168,1.7,1.45,1.43,1.5,1.66033206641328,1.93,1.92019201920192,2.02979702029797,1.99,2.07,2.22977702229777,2.15,2.00979902009799,1.63,1.90980901909809,1.85,1.78017801780178,1.52,1.94019401940194,1.75017501750175,1.48,1.1,1.4998500149985,1.69,1.57
792,"TUR","Turkiye",0,0,0,0,0,0,0,0,0,0,0,0,0,0,0,0,0,0.827124687121289,0.51117270714267,0.627820772599516,0.537696910474477,0.839048677230088,1.14571391280981,1.06087537527738,1.17869585468095,1.09242547404694,1.07456598929317,0.617717950062148,0.541050240258118,0.478311236542838,0.437926946797688,0.356961079679998,0.266340705531821,0.211010907406226,0.18320053765202,0.243461402813367,0.253837571362064,0.226850746268657,0.213753493163095,0.304719044658718,0.435170862203274,0.609060700750674,1.06167903334905,1.47078678855235,1.35218874226466,1.42090038652616,2.15440373760649,3.22171222732965,3.67064649458493,2.53428221818694,2.43085172616699,2.21961518920453,2.81700996953178,2.40132415908436,2.34093414319107,2.05513342851676,1.59659690912734,1.45612901304671,1.39051719536886,1.28299994924588,1.32170432126437,1.13563957477517,1.11491358194816,3.14028005500788,4.260476833669,6.57951011467954,4.45492732444437,6.39565386649472,4.72995458078533,4.86135164185497
795,"TKM","Turkmenistan",NA,NA,NA,NA,NA,NA,NA,NA,NA,NA,NA,NA,NA,NA,NA,NA,NA,NA,NA,NA,NA,NA,NA,NA,NA,NA,NA,NA,NA,NA,NA,NA,NA,NA,NA,NA,NA,NA,NA,NA,NA,NA,NA,NA,NA,NA,NA,NA,NA,NA,NA,NA,NA,NA,NA,NA,NA,NA,NA,NA,NA,NA,NA,NA,NA,NA,NA,NA,NA,NA
796,"TCA","Turks and Caicos Islands",NA,NA,NA,NA,NA,NA,NA,NA,NA,NA,NA,NA,NA,NA,NA,NA,NA,NA,NA,NA,NA,NA,NA,NA,NA,NA,NA,NA,NA,NA,NA,NA,NA,NA,NA,NA,NA,NA,NA,NA,NA,NA,NA,NA,NA,NA,NA,NA,NA,NA,NA,NA,NA,NA,NA,NA,NA,NA,NA,NA,NA,NA,NA,NA,NA,NA,NA,NA,NA,NA
798,"TUV","Tuvalu",0,0,0,0,0,0,0,0,0,0,0,0,0,0,0,0,0,0,0,0,0,0,0,0,0,0,0,0,0,0,0,0,0,0,0,0,0,0,0,0,0,0,0.82991700829917,1.27,0,0.96,1.9,0.36,0.56,0,0,0,0,0.89,1.64,1.26,0.87,0.57,0.36,0.26,0.21,0.26,0.28,0.2,0.13998600139986,0.05000500050005,0.03,0.02,0.02,0.01999800019998
800,"UGA","Uganda",NA,NA,NA,NA,NA,NA,NA,NA,NA,NA,NA,NA,NA,NA,NA,NA,NA,NA,NA,NA,NA,NA,NA,NA,NA,NA,NA,NA,NA,NA,NA,NA,NA,NA,NA,NA,NA,NA,NA,NA,NA,NA,NA,NA,NA,NA,NA,NA,NA,NA,NA,NA,NA,NA,NA,NA,NA,NA,NA,NA,NA,NA,NA,NA,NA,NA,NA,NA,NA,NA
804,"UKR","Ukraine",0,0,0,0,0,0.05000500050005,0,0,0,0.05,0,0.03,0.36,0,0,0,0,0.55005500550055,1.1,0.79,0.51994800519948,0,0.06,0.04,0.04,0.03,0.04,0.04,0.03,0.03,0.02,0.04,0.04,0.06000600060006,0.05999400059994,0.06,0.65,1.07,1.52,1.1,1.81981801819818,1.47,2.51025102510251,0.93009300930093,0.88,3.33,4.0995900409959,6.77932206779322,6.24062406240624,4.9,2.3,0.04000400040004,0.06,0.08000800080008,3.05,6.66,7.13,4.16,0.25,0.21997800219978,0.19,0.18,0.16,1.64,4.07,8.29,8.63913608639136,7.92,7.2992700729927,6.54
784,"ARE","United Arab Emirates",0,0,0,0,0,0,0,0,0,0,0,0,0,0,0,0,0,0,0,0,0,0,0,0,0,0,0,0,0,0,0,0,0,0,0,0,0,0,0,0,0,0,0,0,0,0,0,0,0,0,0,0.07999200079992,0.08,0.08,0.07000700070007,0.06999300069993,1.10988901109889,2.21,3.2,2.5,1.61,2.47,3.01,3.6,3.19,2.95,2.86971302869713,2.49,2.49,2.48024802480248
826,"GBR","United Kingdom",0,0,0,0,0,0,0,0,0,0,0,0.00996412800637724,0.00995925821625217,0.00583012718092925,0.00486612602650312,0.000112018204261376,0.00436649949929582,0.00308338930281898,0.00726233165233155,0.0039244370765542,0.225543035535719,0.511041327778541,0.426108839550705,0.603615623342408,0.796733897357495,0.581160696441098,0.926649542897495,1.3098717146251,2.69395516804591,3.40268113171596,2.49544009451771,1.67019797705213,1.02894862983525,1.30362377768279,0.702849499344287,1.26110580506757,1.2644983508981,1.34763228644762,0.59478145248819,1.59230213514583,1.44524592704833,1.38575355983866,0.921354836703434,1.009862652043,0.667130452821161,1.09742795699507,1.08604475802997,1.07309986584382,1.03351043979041,1.48920697182736,1.8583231912953,1.53358542256101,2.52571394671397,3.47468607819526,3.58792950710096,4.02828677895487,4.64616257126563,4.8881730322759,4.72311761620888,5.7771071909467,5.85636616347061,6.46920764338456,5.16706119746518,5.065224627061,4.37158890677859,5.5591737586673,5.3197598605243,5.65327473222669,5.4631935980007,8.01434035831176
840,"USA","United States of America",0,0,0.300973666447418,0.134932945236788,0.0700322218568534,0.448427495115047,0.828108031978588,0.830699145943247,0.295955867140537,0.380991968896443,0.539840951883696,0.686801865203382,0.406761608067557,0.375237723465452,0.385316078718332,0.251024378671844,0.309191048975544,0.34763286733753,0.23211862205153,0.220491744708089,0.136951595129936,0.147040371072433,0.262703808650883,0.507728400706981,0.757925489958145,0.83601932024346,0.896514368537102,0.950297422139591,1.24806759048706,1.66966351366917,1.68557398444833,1.5569334925076,1.47798766828692,1.58522924913702,1.55867163009044,1.37761122740487,1.14060544553372,1.18579766586278,1.08955747761489,1.17222962331006,1.18152032553092,1.66493934601569,1.71245475682769,1.72436321745703,1.55594224657878,1.74454334671386,2.09493968038475,2.4960303227037,2.72051013639874,2.89563694158643,2.82223967425662,2.85871424756005,2.39273735631244,2.12001960664418,2.02858556131637,2.08618231546528,2.24551450000946,2.36711850672584,2.59097285347924,2.70117471247573,2.30732483334402,1.8524888484001,1.36975414235246,1.43106351991856,1.68750797518005,1.72917821605129,2.34538369849556,2.97222190114984,3.32840255345734,2.36111117406764
858,"URY","Uruguay",0,0,0,0,0,0,0,0,0,0,0,0,0,0,0,0,0,0,0,0,0,0,0,0.2999700029997,0,0.22997700229977,0.15,0.04,0,0,0,0.00999900009999,0.01,0,0.02,0.13,0.24,0.42,0.35,0.27002700270027,0.12,0.12001200120012,0.12,0.11,0.11,0.12,0.17,0.2,0.27997200279972,0.21,0.36,0.45,0.7,0.64006400640064,0.50994900509949,0.31,0.2,0.22,0.20997900209979,0.5,0.64006400640064,0.67993200679932,0.46004600460046,0.26,0.32,0.42995700429957,0.97990200979902,1.27012701270127,1.27,1.11977604479104
860,"UZB","Uzbekistan",NA,NA,NA,NA,NA,NA,NA,NA,NA,NA,NA,NA,NA,NA,NA,NA,NA,NA,NA,NA,NA,NA,NA,NA,NA,NA,NA,NA,NA,NA,NA,NA,NA,NA,NA,NA,NA,NA,NA,NA,NA,NA,NA,NA,NA,NA,NA,NA,NA,NA,NA,NA,NA,NA,NA,NA,NA,NA,NA,NA,NA,NA,NA,NA,NA,NA,NA,NA,NA,NA
548,"VUT","Vanuatu",0,0,0,0,0,0,0,0,0,0,0,0,0,0,0,0,0,0,0,0,0,0,0,0,0,0,0,0,0,0,0,0,0,0,0,0,0,0,0,0.77,0.8,0.75992400759924,0.76,0.82008200820082,0.85,0,0.79,0.88991100889911,0.91,1.06989301069893,0,0,0,0,0.75,0.75,0,0.5,0.33,0.28,0.3,0.30996900309969,0.26,0.32003200320032,0.32,0.2999700029997,0.15,0.16998300169983,0,0.11001100110011
862,"VEN","Venezuela",0,0,0,0,0,0,0,0,0,0,0,0,0,0.00999900009999,0,0.01,0,0.01000100010001,0.06,0.09,0,0.14,0,0.18,0.42,0.46,0.43,0.26,0.43004300430043,0.55,0.54,0.28,0.18,0.19,0.24,0.27997200279972,0.21997800219978,0.21997800219978,0.21,0.18,0.13,0.05,0.04,0.03,0.04,0.04,0.06,0.0999900009999,0.13,0.19,0.19,0.21,0.15998400159984,0.13998600139986,0.18998100189981,0.57,1.50984901509849,2.26,2.11021102110211,2.21,2.52,4.41,4.49,4.91049104910491,3.93039303930393,4.15,3.9003900390039,4.0995900409959,4.1,4.06040604060406
704,"VNM","Viet Nam",0,0,0,0,0,0,0,0,0,0,0,0,0,0,0,0,0,0,0,0,0,0,0,0,0,0,0,0,0,0,0,0.01,0.00999900009999,0,0.02,0.04999500049995,0.10998900109989,0.15,0.17998200179982,0.19,0.15,0.1,0.07,0.05000500050005,0.04000400040004,0.01999800019998,0.01000100010001,0.04000400040004,0.04000400040004,0.03,0.01,0.02,0.05,0.07,0.06,0.05000500050005,0.02999700029997,0.03,0,0,0,0,0,0,0,0,0,0,0,0.01
876,"WLF","Wallis and Futuna Islands",NA,NA,NA,NA,NA,NA,NA,NA,NA,NA,NA,NA,NA,NA,NA,NA,NA,NA,NA,NA,NA,NA,NA,NA,NA,NA,NA,NA,NA,NA,NA,NA,NA,NA,NA,NA,NA,NA,NA,NA,NA,NA,NA,NA,NA,NA,NA,NA,NA,NA,NA,NA,NA,NA,NA,NA,NA,NA,NA,NA,NA,NA,NA,NA,NA,NA,NA,NA,NA,NA
732,"ESH","Western Sahara",NA,NA,NA,NA,NA,NA,NA,NA,NA,NA,NA,NA,NA,NA,NA,NA,NA,NA,NA,NA,NA,NA,NA,NA,NA,NA,NA,NA,NA,NA,NA,NA,NA,NA,NA,NA,NA,NA,NA,NA,NA,NA,NA,NA,NA,NA,NA,NA,NA,NA,NA,NA,NA,NA,NA,NA,NA,NA,NA,NA,NA,NA,NA,NA,NA,NA,NA,NA,NA,NA
887,"YEM","Yemen",0,0,0,0,0,0,0,0,0,0,0,0,0,0,0,0,0,0,0,0,0,0.0155346548979887,0.0213008162612036,0.0225346010700163,0.0171360932378293,0,0,0,0.00759059765995573,0.00394753666427727,0.00366749680507712,0.00403614753695791,0.0043454205136885,0.00508457273254999,0,0.0034829105271153,0.00371492929981599,0,0.0039621457572333,0.0267439621178894,0.477980665370506,0,2.02597280334728,0,3.20288917128075,2.28177480662228,0,0,0,0,0.411540942342484,0,0,0.180193885393301,0,0.594838484415819,0.91850500927166,1.00469350762994,0.891155750399884,0.627393734071625,0.691966334657928,0.600076801543586,0.565468809288913,0.576834399020897,0.58723444265758,0.593227371360176,0.675787964556909,0.773471874232375,0.881721034660381,0.890863308727519
894,"ZMB","Zambia",NA,NA,NA,NA,NA,NA,NA,NA,NA,NA,NA,NA,NA,NA,NA,NA,NA,NA,NA,NA,NA,NA,NA,NA,NA,NA,NA,NA,NA,NA,NA,NA,NA,NA,NA,NA,NA,NA,NA,NA,NA,NA,NA,NA,NA,NA,NA,NA,NA,NA,NA,NA,NA,NA,NA,NA,NA,NA,NA,NA,NA,NA,NA,NA,NA,NA,NA,NA,NA,NA
716,"ZWE","Zimbabwe",NA,NA,NA,NA,NA,NA,NA,NA,NA,NA,NA,NA,NA,NA,NA,NA,NA,NA,NA,NA,NA,NA,NA,NA,NA,NA,NA,NA,NA,NA,NA,NA,NA,NA,NA,NA,NA,NA,NA,NA,NA,NA,NA,NA,NA,NA,NA,NA,NA,NA,NA,NA,NA,NA,NA,NA,NA,NA,NA,NA,NA,NA,NA,NA,NA,NA,NA,NA,NA,NA
