"code","iso","country","GHA.raw.1999","GHA.raw.2000","GHA.raw.2001","GHA.raw.2002","GHA.raw.2003","GHA.raw.2004","GHA.raw.2005","GHA.raw.2006","GHA.raw.2007","GHA.raw.2008","GHA.raw.2009","GHA.raw.2010","GHA.raw.2011","GHA.raw.2012","GHA.raw.2013","GHA.raw.2014","GHA.raw.2015","GHA.raw.2016","GHA.raw.2017","GHA.raw.2018","GHA.raw.2019","GHA.raw.2020","GHA.raw.2021","GHA.raw.2022"
4,"AFG","Afghanistan",NA,NA,NA,NA,NA,NA,NA,NA,NA,NA,NA,NA,0.080502304751011,0.0863944196857056,0.0857911446209774,0.0776391655952184,0.0663221372712541,0.04833464638838,0.029591093646141,0.0169227829341316,0.00764839911963655,0.00556745234832023,0.0119596889453379,NA
8,"ALB","Albania",-0.0267759733930737,-0.00920388211976261,0.0106603816458721,0.0183762579629996,0.0275472498614675,0.0355702788678856,0.0429731988203592,0.0413956496867054,0.0280519652745399,0.0136641794452648,0.0075394877794408,0.00398092556052654,0.00288380915640296,0.00238055353862565,0.00845897097641313,0.0165984020766146,0.0164884285408331,0.012570735713753,0.0109301025841964,0.00653897239612355,-0.00114145523874287,-0.00654232244101083,-0.0101814266346477,-0.0154167288803658
12,"DZA","Algeria",0.0247728677494483,0.0195183893843944,0.0105134722995091,0.00139193380398317,-0.00228298120001302,-0.00633990288145903,0.000959947007518336,0.00897967573382585,0.0106384300597206,0.0185274619365168,0.0216963101717655,0.0242353672991291,0.0235228414784683,0.0233057153581027,0.0248189465928381,0.0248428835848438,0.0306755300494974,0.0334923926423183,0.0346309665609295,0.0349998259174782,0.0332931989245646,0.0266961516625455,0.0228375944109835,0.0192403314423018
20,"AND","Andorra",NA,NA,NA,NA,NA,NA,NA,NA,NA,NA,NA,NA,NA,NA,NA,NA,NA,NA,NA,NA,-0.00422614118090275,-0.00716644849713998,-0.0166592413857223,-0.0258559283174331
24,"AGO","Angola",0.0847437720795017,0.0787656389017286,0.0646566810127662,0.0435128815840962,0.0235281077901845,0.0179184892854569,0.013319344288468,0.00689945101405942,0.00211113860383638,0.00259516083608569,0.00291532289521501,0.0055135062448648,0.0055538382828022,0.00631118081387871,0.00977892490056997,0.0138861399071333,0.0193322189443899,0.0164779766929757,0.0117004780205194,0.00226760497380774,-0.00500605689139397,-0.007325304267954,-0.00998232485569101,-0.0069907685895483
660,"AIA","Anguilla",NA,NA,NA,NA,NA,NA,NA,NA,NA,NA,NA,NA,NA,NA,NA,NA,NA,NA,NA,NA,NA,NA,NA,NA
28,"ATG","Antigua and Barbuda",0.0328652970376264,0.0356466244479197,0.0381760842969077,0.0410849884417961,0.0433418342256633,0.0452254560343182,0.0456618453725455,0.0473324806171638,0.0486934826279157,0.0467765305798726,0.0447487359748577,0.0366311064863678,0.0264240516427239,0.0189738130966681,0.0119726691761499,0.00649357972473852,0.00376928950599931,0.00485961916868627,0.00705840135449209,0.00968563329455985,0.0151133087744595,0.0145371271411638,0.0106210797006594,0.00756939684548863
32,"ARG","Argentina",0.0142026185161863,0.0148149918381184,0.0132420739982411,0.0105862500647071,0.0104488728058185,0.0137532327581125,0.0171776044557848,0.0217085711841991,0.0246861682317807,0.0266952449159579,0.0256992345901592,0.0228215240732133,0.0167892660243243,0.00825361026005877,0.00255673416469415,0.000778512128305708,-0.00037401344312038,0.00169278807480322,0.00396780760195781,0.00681387704724079,0.00594760124722793,0.00277808246556499,0.0033202204315026,0.00463203315831406
51,"ARM","Armenia",-0.0333571001808294,-0.0224562171587784,-0.00635654071400149,0.0169758012999059,0.0162093784384687,0.0175269297966156,0.0313945556313904,0.0329497912923493,0.0438165258111494,0.0550318333213144,0.0454956623344587,0.0373444596746386,0.034140781698889,0.030356591602037,0.0257666188238461,0.0208507071417592,0.0197666037823687,0.0212460440400777,0.0245133351339264,0.0315682213241404,0.0279571214118901,0.0220424035263957,0.0205986888127294,0.0203489620401778
533,"ABW","Aruba",0.0593291749789109,0.113437036569679,0.155523125786731,0.179583695257384,0.200052174275438,0.203844370330188,0.19568248657277,0.169519141669725,0.131885111519576,0.0791809593017216,0.0140474277834786,0.00621444905299917,-0.000283646732927819,-0.00888272448924362,-0.027022579615567,-0.0548023155372394,-0.0965089781677706,-0.140903213843574,-0.14098081209103,-0.127513523330049,-0.102015702300382,-0.0672317341425323,-0.0213290568511518,NA
36,"AUS","Australia",0.0143735990255716,0.0204310542404664,0.026804082434545,0.0298100926290368,0.0235605699964405,0.0220082190151456,0.0158858393815031,0.0119693534549397,0.00704395454715034,0.000185897829082293,-0.00176857794969498,-0.00364763299821802,0.00634839553182287,0.0150632214956468,0.00690624384866556,0.00577972111140124,0.00139010749828161,-0.00125355940172289,0.000767410679261227,-0.000442299618340047,-0.00365003315832001,-0.0132976771825548,-0.0119223927112517,-0.00696410351738586
40,"AUT","Austria",0.00417705855293682,0.0038138057516679,0.0088394786098196,0.00980330381388206,0.0130257106109952,0.0134982783522779,0.0149075603322768,0.0157600009783678,0.0136048463758449,0.00988037661024221,-5.89125865623874e-05,-0.00641284180665469,-0.0114326782043715,-0.0166016069532108,-0.0162613203930364,-0.0175208575125675,-0.0146910120476044,-0.01094543947444,-0.0063280007237555,-0.00359897213116578,-0.00437844339222038,-0.00525297761609123,-0.00333470059271595,-0.00651270927009739
31,"AZE","Azerbaijan",-0.0188046052487831,-0.0233795130320344,-0.0362969748369018,-0.0325318828170603,-0.0138756304415937,0.00315249716906041,0.0136562538176561,0.0210768668115031,0.0241405851817078,0.0344437027827897,0.0324123998154222,0.0284080145149566,0.0232912129924918,0.0190426613136625,0.0162604192078564,0.0149067447140769,0.0160030895237349,0.0165884162115004,0.0148017298563683,0.0193584340349167,0.0214219919663883,0.0183841242893306,0.019219416293851,0.0215436291963822
44,"BHS","Bahamas",0.000887314732409994,0.00952501848534082,0.0153801666832825,0.0195945881881214,0.0189585240100172,0.017590766834207,0.013467685873422,0.00733881100498102,-0.00514345146670725,-0.00541890349364982,0.000482661533326878,0.00706722473904331,0.0083383961507244,0.00982672389343109,0.011320451604478,0.0150817462707944,0.0162255485120559,0.0134500766858487,0.0155939321564555,0.0143565972760342,0.0175768754487808,0.0159236492288746,0.0100633977382809,0.0029851676248247
48,"BHR","Bahrain",0.0318343505665877,0.0305510312607489,0.018382301696418,0.00547851457196669,0.0056698969567528,0.00293187458658828,0.00270614954605031,0.00384887391215538,0.012494230263856,0.0262509396705541,0.0382384935704179,0.049367319310768,0.0506188542287591,0.0476453927608742,0.0472491915808537,0.0431930015981921,0.0389897720533039,0.0276229267179078,0.0250470693338407,0.0256834492602449,0.0284516604719487,0.0282974151759643,0.0254258807840899,0.0201853852257339
50,"BGD","Bangladesh",0.0231008645681103,0.0239278111577355,0.025432293430439,0.026270934100646,0.0257842762170339,0.0251639579275733,0.0268513559942656,0.0286219310188758,0.0291600258068168,0.0292081912664541,0.0302790686000434,0.0315742975817566,0.0333491273120996,0.034330849590845,0.0334075579741577,0.031890663980483,0.0311998875667037,0.0304342595470959,0.0290960421897517,0.0281252900878559,0.0304042287305681,0.0297566452781641,0.0297392133238097,0.0289337927372553
52,"BRB","Barbados",0.022241475680765,0.0307954327153952,0.0387936360463865,0.0426598729297618,0.0332375999231211,0.023775864029848,0.0168893125271836,0.00935673369000734,0.00749611182045151,0.0126617757833822,0.0159168890831218,0.0169466361405624,0.0164949714800831,0.0103037349507797,0.00524240945322973,-0.00176705745025012,-0.00650060084328291,-0.00928085290413161,-0.016660999961382,-0.0186751704978461,-0.0147464825288275,-0.0271689424362043,-0.0272571165390427,-0.0198945720788495
112,"BLR","Belarus",-0.0278332283058535,-0.0414698463327674,-0.0401705144543418,-0.028973840067969,-0.0190874916927843,-0.0119195807722358,-0.00799061260381417,-0.00131295801163567,0.00409630131458449,0.0109835675484771,0.0146045210306589,0.0159776135466387,0.022000764738106,0.0251301409818594,0.0269080446351244,0.0280015537839524,0.0243866294805606,0.0204098282564456,0.0145743232265272,0.0112997042294813,0.00497202670334462,-0.00148202714974655,-0.00165956615817036,-0.00119511744634536
56,"BEL","Belgium",0.00610567636559689,0.00478315140957664,0.00365747499859981,0.0023636227849344,0.000227744257939033,-0.000227789888675314,-0.00143557403299899,-0.00159913582175331,-0.00485894463796255,-0.00488457237347095,-0.0111290139768392,-0.0122418327479936,-0.0166945411836817,-0.0201233096667484,-0.0212986704505804,-0.0226052796591623,-0.0209888864392619,-0.0189733141676132,-0.0166462613189605,-0.0121066261853731,-0.0119618012427398,-0.0111725839512906,-0.0101993694823128,-0.0127612458335086
84,"BLZ","Belize",0.00161322566050437,0.000867548438564514,0.0111634464351202,0.021612231447625,0.0343006452307808,0.0335114527708529,0.0325337309138132,0.0268034267431176,0.0300761260783935,0.0279673159704577,0.0285261852738694,0.0286613794979149,0.0338671928239784,0.0320964009074913,0.0374772351450483,0.0285312534240536,0.0284040579400096,0.0282323896689751,0.0278207206231491,0.022978680770144,0.0275035742979106,0.0260951495113333,0.0311589825327911,0.0268278126832711
204,"BEN","Benin",0.0479244704733639,0.0494674559485382,0.0436408928797412,0.0427672027094681,0.0395160442410474,0.0370968582464155,0.0328101935741074,0.0365846721336724,0.0419824365941495,0.0427928170038554,0.044653789521653,0.0495412879848558,0.044333651209786,0.0424823347119729,0.0399198096305828,0.0350904738476541,0.0334562371003244,0.0374564909193245,0.0424771684148586,0.0454407878322742,0.0468636769697608,0.0500265249278915,0.0506377085981022,0.0475112473015433
60,"BMU","Bermuda",0.00317880244863744,0.00085402457322048,0.00403799954223172,0.000128425475694138,0.00459796991861694,0.00979408840021301,0.0138837211322034,0.0226614439951016,0.0346651160025824,0.0354990122138465,0.0153560101025794,0.0103549922068906,-0.00297280824212882,-0.0060633569438964,-0.00870829671153695,-0.0158368682209246,-0.0177612256836398,-0.00909258577789097,0.0161445362636736,0.0417999562708691,0.036401685643151,0.0305023823498274,0.00468666768042802,-0.0227177897989364
64,"BTN","Bhutan",0.0439863673737475,0.0474576757922904,0.0437029219809033,0.0366177418625886,0.0226359075740676,0.00443866547951477,0.0025655749604907,0.00383482826458836,0.00776787248917676,0.0123012921855512,0.014540803836913,0.0194036151303962,0.028823343308759,0.0387887215270135,0.0468828303209476,0.0495222792012,0.0551359266531137,0.0622830109013532,0.0659993988262617,0.0688210320835401,0.06059421325966,0.0473677367373986,0.0316471263412887,NA
68,"BOL","Bolivia",-0.00661668458888032,-0.0136887951675391,-0.0176846631120291,-0.0113175116571598,-0.00184465595301442,0.0112331705625386,0.0163825503857966,0.0187476591731721,0.027715741555961,0.0316505016991351,0.0344751160063674,0.0354460454824685,0.0310697065971772,0.0322666738130726,0.0320882162367784,0.0329965361263405,0.0357319459059771,0.0362490670111479,0.0342697353046724,0.0295592579648343,0.0228651405995244,0.0163411963207227,0.0125460316173887,0.0100963665861136
70,"BIH","Bosnia and Herzegovina",NA,NA,NA,NA,0.155651820786,0.138055552566522,0.104773317967885,0.0664641905396417,0.0522225890444079,0.049524962628313,0.0426798584472314,0.0451278607636294,0.0460568180461405,0.0420916947715824,0.032935917895198,0.022854549627654,0.0102097460153201,0.00765903143161539,0.0047069747558548,0.0050792901547867,0.00188696135220057,-0.000349039796425263,0.000786128274560038,-0.000868680024384781
72,"BWA","Botswana",0.0106196461752113,0.0117837456380407,0.0204005003200858,0.0260165726398751,-0.00519652237490411,-0.0284665665412852,-0.0361806184700011,-0.0285444369439153,-0.0292833271151448,0.00232617082120079,-0.00794859456305841,0.0293386478964683,0.0853916100220791,0.102941169083141,0.073172237222678,0.0354384890237709,-0.00225309702196953,-0.0292035254334612,-0.0467556698175626,-0.0358831739117889,-0.0730959158517932,-0.0542610809077433,0.0118174694073041,0.0446062886741398
76,"BRA","Brazil",0.0249894719421355,0.0247934055838974,0.025190863350794,0.0256948609825496,0.0258861061898985,0.0274458783116545,0.0280448922841674,0.0257318776882558,0.0245853943283458,0.0236005981104002,0.0197870854980924,0.0196832297847058,0.0193884349437041,0.0202520849310404,0.0215963497822333,0.0250504721726554,0.0253289472662546,0.0217093449335932,0.0187456193035296,0.0137346361934381,0.006040989809315,0.00152634766261528,0.000537996270439489,0.000328420232606152
92,"VGB","British Virgin Islands",NA,NA,NA,NA,NA,NA,NA,NA,NA,NA,NA,NA,NA,NA,NA,NA,NA,NA,NA,NA,NA,NA,NA,NA
96,"BRN","Brunei Darussalam",0.00330015041392584,-0.00130647826128638,0.00516934254722079,0.00428065812869449,0.00883975144089932,0.00680209006119226,0.00488934839426536,0.0148894314645915,0.0267680586987276,0.0410867608740584,0.0447955289243052,0.043412373209724,0.0478672936253621,0.0409676694551304,0.0283391868776683,0.0161906755288641,-0.00772315386381399,-0.0120724070909935,-0.0119633856041561,-0.00234279496210211,0.0019920062365113,0.00676556383657356,0.0177468957357079,0.0255609435858588
100,"BGR","Bulgaria",-0.0117557058477724,-0.0107397608685247,-0.00867054317434628,-0.0150804635223027,-0.0118446669707248,-0.00979533640755076,-0.00794770070765352,-0.00236115343373832,0.00776465759123601,0.0151359394927912,0.00750280662866043,0.000914463797002663,0.0029807549830243,-0.00369525678286875,-0.0111072946919167,-0.0150853759082686,-0.0142457738141212,-0.0144813563425119,-0.00690772034621927,-0.00358578801011988,-0.00874077687558317,-0.0169361563628749,-0.0104370862941883,-0.00395187288661347
854,"BFA","Burkina Faso",0.0298879547403481,0.0315749269042356,0.0303821798538724,0.029662299812764,0.0363656325840893,0.0413739407833109,0.0447743851186033,0.0464573329433555,0.0479265077833853,0.0476419822335603,0.0446881394634446,0.0437785222655074,0.0372066214848157,0.0293489186138933,0.0297864834796335,0.0299166166869516,0.031045804968471,0.0315994721092487,0.0320688629430359,0.032431124415774,0.0326212767434833,0.0330357115123203,0.033122392471375,0.0321837371651001
108,"BDI","Burundi",0.00613498342995578,0.00581587385047766,0.00635190784791662,0.00671346457845479,0.00714116676198118,0.00842681011078428,0.0120547161225255,0.0173746635013163,0.0240279887477355,0.0296189347519946,0.0325766813917898,0.0389606779488865,0.0444109481164576,0.0463007643121482,0.0505320989342382,0.051869762026225,0.0497066881546087,0.0497019798189842,0.0519267049421441,0.052249405220679,0.0460168896505446,0.0412745771996916,0.0382320439232744,0.0323839289682102
132,"CPV","Cabo Verde",0.0426442365768813,0.0476181607254678,0.051279086134072,0.0597918146497642,0.062556130610139,0.0587190216578319,0.0584708776889087,0.0543462799581946,0.0482133718170032,0.0377661794218509,0.0349272395200477,0.0319152137059533,0.0341345946217908,0.0279004391276361,0.0199692772136255,0.0120855414159333,0.00579541269034167,0.00325889418250225,0.000842876638470713,-0.00315557067590511,-0.00135756047705995,0.000712541894700491,0.0113018047110207,0.0139773032730228
116,"KHM","Cambodia",NA,NA,NA,0.0225235840426274,0.0227201321521706,0.0150859516607669,0.0183346670226725,0.0234657034727133,0.0278218147236378,0.0311788079112028,0.0374869256273755,0.0385834562229719,0.0385724594183618,0.0344817902696923,0.0306876269965124,0.024668358730112,0.0220673928214912,0.0239801568849665,0.0290913375944204,0.0343184169287014,0.043556852880487,0.0501695028637759,0.0552619192920356,0.0544673225424892
120,"CMR","Cameroon",0.0156001517535169,0.0226465298943446,0.0246843110351096,0.0221634562671305,0.0193524392371636,0.0134443408803457,0.0103059584003551,0.00724353232215602,0.00501204613444628,0.00363701781930059,0.00366278589020608,0.00630991902003375,0.00540007360845385,0.00295600715722455,0.00604008321525384,0.00891953291239966,0.0176095115356081,0.0223984596099787,0.0245741221475313,0.0249992723056887,0.0264442295552298,0.0265585742926164,0.0231276612292457,0.016042184308052
124,"CAN","Canada",0.0200213051562514,0.0220322640633552,0.0200428806932058,0.0183470484442012,0.0162325662334046,0.0142099988360902,0.0113804563288316,0.00883513062549657,0.00845172329984623,0.00585455419914527,0.000591421779940315,-0.00137139215433713,-0.00307495345663222,-0.00369110206141232,-0.00265033101071044,-0.00118500286972176,-6.28706926516139e-05,-0.000508326064037723,0.00267457617082956,0.00531729593399821,0.00398969720559905,-0.0010091866595103,-0.00385414933195425,-0.00562420569156896
136,"CYM","Cayman Islands",NA,NA,NA,NA,NA,NA,NA,NA,NA,NA,NA,NA,NA,NA,NA,NA,NA,NA,NA,NA,NA,NA,NA,NA
140,"CAF","Central African Republic",0.0243793618883488,0.0295633670757429,0.0226049982105756,0.00876839111732886,0.0101356529189378,0.00187350571370071,-0.00386129349355446,-0.00290507854477462,-0.000936098875314983,0.00998934993962397,0.0011863073694931,0.00889670115636765,0.00915428756905046,-0.00781110461642787,-0.00486588581946705,-0.0105053112850154,-0.0102249071057646,-0.00477305737424585,-0.00321781107519892,0.00482871702862764,-0.00437366801514148,-0.0029193357354306,0.00316138852230385,0.00114466404071378
148,"TCD","Chad",0.0715402628852382,0.0569313621330345,0.0510785576401562,0.0472758321752687,0.0443598856884959,0.0426659273747299,0.0410100239815638,0.0435229666210608,0.0454971041452057,0.0450980541645112,0.0460221678318888,0.0509372397935828,0.0473224128160545,0.0455813662746258,0.0446146485730323,0.045266446601854,0.0489451855503855,0.0518913455150773,0.0543554285377665,0.0552859271192683,0.0544213624608265,0.0544176343735365,0.053502295749307,0.0525273329255771
152,"CHL","Chile",0.0639972598927665,0.0647239700204374,0.0538720180054135,0.0419266462465804,0.0283585005021567,0.0189665164125237,0.0114594624248141,0.0093401822555641,0.0150667558879933,0.0202758838208956,0.0239214119562117,0.0265158123664464,0.0282348388481197,0.0292877907248423,0.0267205725250357,0.0223421906140864,0.0188453025365145,0.0164696629622973,0.0169751516548238,0.0175158054467428,0.0163595027197649,0.00936085266732989,0.0112454423915895,0.0118744932498713
156,"CHN","China",0.0344483632143653,0.0305449175543882,0.026350602071844,0.0248492085500531,0.0301120899012728,0.037713168184542,0.0513728480820823,0.0666040094353915,0.0778284861931373,0.0824647540575312,0.0841473708600864,0.0831535129264027,0.0794147530703337,0.0718824734621559,0.0654035789233356,0.0564482512215301,0.0469640877938666,0.0372690188462794,0.0284087794005397,0.021169361272962,0.0149616910281216,0.0117432344797777,0.0140656991780719,0.016552319958832
170,"COL","Colombia",0.00951578868437553,0.00572188772209947,0.00179899219557811,5.67507983553206e-05,0.000390544704852891,0.00193457414983955,0.0031454715814192,0.00487792614277405,0.00922140729464571,0.0164418389973773,0.0186177775684651,0.022217990283365,0.0235558981326511,0.0229682469913703,0.0240373730330961,0.0248020247765612,0.0239519661856058,0.0230471193907733,0.0188180715421813,0.0149943548900109,0.0150354854031505,0.0144579770665503,0.0137358083103776,0.0126309647547422
174,"COM","Comoros",0.0263695006728537,0.0250511880458233,0.0243428381006583,0.0237698934468054,0.0249915795492717,0.0258960209008809,0.0263885132330564,0.0289679489790851,0.0221414043147941,0.0197570628685537,0.0205981101893222,0.0216965601665535,0.0224025236094882,0.0236540221454227,0.0275749288548424,0.0300339769530484,0.032587408967226,0.0393955567718325,0.0388124150181015,0.0387385531374367,0.0389387145937266,0.0436073539132775,0.0461680434471197,0.0461159965901752
184,"COK","Cook Islands",NA,NA,NA,NA,NA,NA,NA,NA,NA,NA,NA,NA,NA,NA,NA,NA,NA,NA,NA,NA,NA,NA,NA,NA
188,"CRI","Costa Rica",0.0188200458986134,0.0118693466367017,0.00670142339249158,0.00618549534233281,0.00767047670929744,0.014390055837834,0.0141879258622701,0.0133640336249401,0.0185376740156653,0.0244711945403417,0.0259872329164605,0.0232385634664574,0.0191672636013134,0.0153540706663116,0.014505596892205,0.0132372218910761,0.00841533434057595,0.00590271656253871,0.00943053212344469,0.0142024134003529,0.0153986688703194,0.0101667535352712,0.00788385347780518,0.0056013076519783
384,"CIV","Cote d'Ivoire",0.0422161420408744,0.0423709479028787,0.0418258721572418,0.0376622462760734,0.0283132874913374,0.0188140644235364,0.0206924805450033,0.0232160410406761,0.0242780903253166,0.0214652348469411,0.0114310655282945,0.00600069468916664,0.00738627251253043,0.0159463559148461,0.0196335474849276,0.0234761346300278,0.0309758826656363,0.0423636810353016,0.0481058668855785,0.0459546422219879,0.0366812173281446,0.027982190125037,0.0211012771181747,0.0181726185024451
191,"HRV","Croatia",NA,NA,NA,NA,NA,0.0273693302763733,0.0267525126752168,0.0262302991872672,0.0294413364632458,0.0262312274669694,0.018194373007516,0.00725675288073324,-0.000907948060779606,-0.00712036762050582,-0.00976899567924108,-0.00583137380305073,-0.00164173231924205,-0.00843213799496973,-0.0105420371659609,-0.0159344290470779,-0.0148215978206518,-0.0126443212897036,-0.0079382090254625,-0.00671191985579622
192,"CUB","Cuba",-0.00160645755036113,0.00382169449440695,0.012691581612692,0.0124889451061376,0.00759248859855144,0.00324829071354094,-8.00625604290762e-05,-4.42281002760549e-06,0.00115613331725029,0.00346192669930789,0.00537814151579319,0.0141861586751182,0.0152804949202348,0.0157856183634026,0.013892109941005,0.00932801890194823,0.00551818188522302,0.0013550120446888,-0.00839660220561178,-0.0167494600820429,-0.0235333507553331,-0.0243517252589193,-0.0278077287110564,-0.0233016696195732
531,"CUW","Curacao",NA,NA,NA,NA,NA,NA,NA,NA,NA,NA,0.0219701905178828,0.0033282568241737,0.0019219969930595,0.0085442249890959,0.00894757442288752,0.0178186974000438,0.0269039252373817,0.0249103775451149,0.0167920427802177,0.000683013890414808,-0.0288424809271244,-0.034937847551301,-0.0221310580465228,NA
196,"CYP","Cyprus",0.0364769681375068,0.031751290138736,0.0275530417728225,0.0261886468229606,0.0269707005458104,0.0285336848512554,0.0267544190122881,0.0265536301658631,0.0259142228561198,0.0260375308187808,0.024147175405665,0.0217290958190755,0.0148033641587573,0.00464893126301957,-0.00309179689240256,-0.00541985317666037,-0.00573366281177708,-0.00655040903431567,-0.00434105158111357,-0.00289095881558101,-0.000805769159130858,0.00085878839753506,0.00532659224171317,0.00702209880702975
203,"CZE","Czech Republic",-0.0306483599189105,-0.0219252206345415,-0.0165190377350217,-0.0125440912859545,-0.00770880029469523,-0.00494791720667564,-0.00345404112140746,0.000626742189466567,0.00429621096398081,0.00342363829363501,-0.00506161638887193,-0.00693721527140667,-0.00859171027808603,-0.0125138122690064,-0.0157948796587692,-0.0179766568464135,-0.0188962078768926,-0.0168646094085978,-0.0118750055605421,-0.00835320615609603,-0.00980125953274003,-0.0131833979462618,-0.0125124456548402,-0.0110686342279054
180,"COD","Dem. Rep. Congo",-0.00329582623486964,-0.0028593068165447,-0.00349915309672889,-0.00416240298727461,0.00411446192898257,0.018242180103883,0.0330280877886602,0.0402627717977033,0.0405207729210759,0.0407922897422563,0.0336983727932614,0.025746051293652,0.0155333045250192,0.0161203662295277,0.0218701960153151,0.0296006752448776,0.0346343961660667,0.0385584286461138,0.0393589668690255,0.037130483984356,0.0328579537294647,0.0285430364824406,0.0216251892244719,0.0182533284087982
208,"DNK","Denmark",0.00757851631933204,-0.00571437600125801,-0.00843152207394182,-0.015553336956443,-0.0163125396978276,-0.0182771279291891,-0.0237953449358808,-0.0116336256427289,-0.00760427272500075,-0.00797170792002633,-0.0111016994858706,-0.0156736591638303,-0.0219626597215942,-0.030401159193693,-0.0280307077041139,-0.0345549840683393,-0.0417808578646361,-0.0367624382364474,-0.034047053773839,-0.0307867751584467,-0.0310433376846159,-0.0299279548224105,-0.028299296256406,-0.0286235790481424
262,"DJI","Djibouti",NA,NA,NA,NA,NA,NA,NA,NA,NA,NA,NA,NA,NA,NA,NA,NA,NA,NA,NA,NA,NA,NA,NA,0.00682387646878646
212,"DMA","Dominica",0.0148920472320195,0.0215288621736276,0.027968990639768,0.0259513014813482,0.0278839654291885,0.0370718854221006,0.0468661431189046,0.0461984956308721,0.0525531317565635,0.0498848335302378,0.0470798252409641,0.044139366941564,0.0360681690630151,0.0232443581032646,0.0108575880076662,0.00653530524985824,0.00590896821297293,2.78726663585083e-05,-0.00154828358506011,-0.00219965916955795,0.00270718162915107,0.0027930464920316,-0.000436919600328475,-0.000949592045922432
214,"DOM","Dominican Republic",0.0585305481854523,0.0538965381711711,0.048578944935008,0.0444790128819437,0.0383778161986559,0.0231357621897539,0.0155076463394856,0.0131403378857351,0.0146165399483444,0.0165215492327038,0.0148411046300629,0.0151684993801269,0.0163242973912323,0.0205438381558023,0.0241707456973224,0.0208312635426837,0.019061902749111,0.0197468861120185,0.0209895147875254,0.0244793960786658,0.0283743210466434,0.0249871761600422,0.0220966164563818,0.0175591589646318
218,"ECU","Ecuador",0.0288761337235284,0.0162194702875367,0.00728256482401868,0.00805553378372781,0.0148167822108498,0.0103588542531305,0.0177500184245971,0.0266504319760186,0.0311195147850283,0.0318456587123062,0.03277353120716,0.0293374490560938,0.0297352630192069,0.0267834176010207,0.0258793913468971,0.0287368682751756,0.0269310153283453,0.0206955244460409,0.0167829632478187,0.00624271470776305,0.000983227725823044,-0.00648297372682784,-0.00597652649144995,-0.00573330403191834
818,"EGY","Egypt",0.0460091158415745,0.0482620387808681,0.0450425381787622,0.0395948130100134,0.0419301999872395,0.0390649429678707,0.0418794645234093,0.0425025614355421,0.0444457168522607,0.0473016693687509,0.0487384377368918,0.049382578575756,0.0442582873187909,0.0349311673379613,0.026959325373952,0.0200756252578984,0.0150539792578785,0.0139636488363657,0.0168720501627948,0.0176105865345921,0.0197883101343028,0.013911891517574,0.0141708940882632,0.0145841517970142
222,"SLV","El Salvador",0.0433302563273894,0.0321952368871425,0.0268702826533438,0.0219210252780768,0.0192728697050253,0.0180409061755882,0.0170403543499136,0.0156714021075184,0.0188428876692499,0.0176671667228245,0.0140433078278348,0.00632791550354828,0.000225404739573998,-0.00361610361999887,-0.00980830385361231,-0.0138927715402651,-0.0133157294455226,-0.0107222339886438,-0.00990753420960155,-0.0088968164327623,-0.00363691199960525,-0.00248412076220739,0.00296177271821363,0.00950397815633197
226,"GNQ","Equatorial Guinea",0.47541071857526,0.376763769533077,0.319275280663219,0.248712553259514,0.185415045200112,0.156749372576738,0.112160499686218,0.088356037266321,0.0782817193488976,0.0733542608762969,0.0577908703036065,0.0534185224875459,0.0487344390071145,0.0299824485606157,0.0135643590464178,0.0134643804488286,0.00879667678787466,0.00645996898461476,0.0039252369904399,-0.00314241185308914,-0.00626976950100943,-0.00659263544134278,-0.00572637830133033,-0.00798685787265076
232,"ERI","Eritrea",NA,NA,NA,NA,0.0212668228562618,0.015344868560047,0.00926006030250015,0.00468081692600153,0.00761067892479494,0.00621717300320901,0.00673594857460147,0.00788659125644586,0.00862752980878079,0.00809187550456447,0.00931545920689536,0.0113200071115611,0.0137072255193764,0.0121673023628288,0.0128852590450264,0.0121610825166658,0.0116277111228362,NA,NA,NA
233,"EST","Estonia",NA,NA,NA,NA,NA,-0.00981681666063106,-0.00551164908937418,-0.000203736378487045,0.0142861075817222,0.018028521670131,0.00847653994187403,0.0104093329017885,0.0116068503737308,0.00760715822155111,0.0125315194703983,0.0147574583787469,0.00753997492799563,0.00104018017010366,0.00799359659418819,0.00725655523637103,-0.0198694686913011,-0.041763086020465,-0.0534272723181402,-0.0630805532689144
748,"SWZ","Eswatini",0.0130567288222585,0.0147170073524252,0.0120095841261767,0.011125459979543,0.00149240803932105,0.00105875893932272,0.00102973651513683,-0.00632755946180563,-0.00420103261961868,-0.0042244738334879,-0.0020514504203738,-0.00477351280699034,-0.0123487603030186,-0.0127273270234138,-0.0076628111869651,-0.0139779960632811,-0.0163224036255899,-0.0152912014773644,-0.0121500662096068,-0.00774185930467219,-0.00319359457860935,-0.0038330053845822,-0.00576032131191051,-0.000553316047644045
231,"ETH","Ethiopia",0.0177020260042358,0.0193858080856071,0.0225969397627745,0.0317042542657409,0.0317649434209499,0.0310057044175105,0.0300717491528073,0.0312431182695276,0.035569258480157,0.042478204844707,0.046775133011139,0.0462349999064127,0.0432803957268781,0.0447897273314262,0.0427491173517718,0.0401591679618094,0.0364768007044345,0.0334186264924534,0.0331376151203195,0.0323543824698032,0.0337548649679598,0.0366420428129173,0.0338686341998926,0.0317893353662286
234,"FRO","Faeroe Islands",NA,NA,NA,NA,NA,NA,NA,NA,NA,NA,NA,NA,NA,NA,NA,NA,NA,NA,NA,NA,NA,NA,NA,NA
238,"FLK","Falkland Islands",NA,NA,NA,NA,NA,NA,NA,NA,NA,NA,NA,NA,NA,NA,NA,NA,NA,NA,NA,NA,NA,NA,NA,NA
242,"FJI","Fiji",0.0158513865114371,0.0158928874767625,0.016482018051766,0.0130600134235366,0.0133613674184661,0.021026484278353,0.0222398392257546,0.0258909431558805,0.0253223146234698,0.0152691380690617,0.000971065329949061,-0.00279461097487561,-0.00340325341709954,-0.00990188430384309,-0.00924869225198455,-0.0085302337001194,-0.00916563179755958,-0.00685437222545726,-0.00015767197716123,0.00137854382572455,0.000272672706515653,-0.00187577688701569,-0.00315452060338051,-0.00353432188566039
246,"FIN","Finland",0.00437902116344535,0.0030835900037296,0.00398178198909394,0.00356433192621264,0.0083818370792279,0.0149767589919665,0.00856885450257661,0.014122585944454,0.0142753844722903,0.00532837471250236,-0.00497921412972078,-0.0102724947026889,-0.0169303462905243,-0.0236277380528677,-0.0228656172327647,-0.0229357227491816,-0.0297106660065401,-0.0224002410588238,-0.0300629990941157,-0.0306996123042625,-0.0342472638728926,-0.0328453282816348,-0.0333415315400122,-0.035190416474446
250,"FRA","France",-0.00141759260374252,-0.00357561435915943,-0.00176066439221367,-0.00112035190709925,-0.00194133535582608,-0.00351000313503769,-0.00419841127980336,-0.00355813306585984,-0.00438577157853814,-0.00482615204209524,-0.00806942902111196,-0.0101048173270505,-0.0135297586255217,-0.0159003497290425,-0.0159655806378433,-0.018306238531555,-0.0179180863581866,-0.0165249791384318,-0.0140314242717522,-0.0130728007130286,-0.0140887850230034,-0.0173380861916217,-0.0180561390328026,-0.0183848729934013
258,"PYF","French Polynesia",NA,NA,NA,NA,NA,NA,NA,NA,NA,NA,NA,NA,NA,NA,NA,NA,NA,NA,NA,NA,NA,NA,NA,NA
266,"GAB","Gabon",0.0441129475864808,0.04123380314323,0.0375139216916156,0.0328519260646991,0.0308514554392647,0.0199657137713016,0.0101811632380548,-0.0016769105112896,-0.0242686093579285,-0.0304058794943223,-0.0387757752050312,-0.0414723758683471,-0.0396493957914524,-0.0374182041870107,-0.0261116729890873,-0.013422994909979,0.000858276775238087,0.00794081824943293,0.00195222108963655,-0.00362609307645778,-0.00534941504657571,-0.00494698803354199,-0.00714532171753879,-0.0109498167157126
270,"GMB","Gambia",0.0180512970183462,0.0204332993409582,0.0194849358863403,0.0164681206508257,0.0154173869638572,0.0181535167047402,0.0213351115225164,0.0276252367253078,0.0285858031202548,0.0339779557604047,0.0454736968688247,0.0589367489666435,0.054350135193648,0.0470503171423635,0.040921538581751,0.0384261762540388,0.0381784958078435,0.0331176895360872,0.0234737520714841,0.0154282687922664,0.0189568286356843,0.0256409784626253,0.0223408510796121,0.0189185932681404
268,"GEO","Georgia",-0.0431045489021999,-0.04989990999478,-0.0590801647370657,-0.0310876935471324,-0.00271094352065415,0.0130705473219463,0.00492727744421328,0.0138699584651245,0.0250228342252392,0.0292739334500487,0.0337878524652759,0.0358102425556655,0.0362993236355185,0.0351062785325267,0.0316491211569154,0.0316483106908063,0.0340052528620758,0.0397106270617249,0.0439563782873789,0.036341499381723,0.0324693495400779,0.0215923902174289,0.0179771667643758,0.0161728855870202
276,"DEU","Germany",-0.0162809082311013,-0.0141733166139304,-0.0117697764130202,-0.0119057487678401,-0.0117175966919968,-0.0120108048186224,-0.0126512192592698,-0.0102974037780773,-0.00979696726253698,-0.00951028680980048,-0.0139487369685155,-0.0140461996913575,-0.0139595023700108,-0.0132736638340615,-0.0101838553982448,-0.00936664854016767,-0.00858317051723567,-0.00610720582654378,-0.00536607625047347,-0.00578727805727675,-0.0127992689421915,-0.0198114462679714,-0.0236923662850921,-0.0262844721930999
288,"GHA","Ghana",0.0344255024078244,0.0347558778478447,0.0319939245963945,0.0257579670940078,0.0223643016637225,0.0178416585046419,0.0157816307837491,0.020384725307014,0.0251706061306682,0.0327955829553788,0.0302473316836742,0.034451814804241,0.0404692060173353,0.046637421873881,0.0531039468712473,0.0534861268075983,0.0555260260798467,0.0568394300328574,0.0552927902915099,0.0557732792686645,0.0489779252407267,0.0466214903758808,0.0477098272261613,0.0481530698821915
300,"GRC","Greece",0.0162630428395789,0.0203146809171251,0.0225331198663725,0.0235278847930191,0.0234655060388829,0.0228050107541768,0.0219672281478853,0.0190548450977586,0.0176219415759529,0.0152417090824135,0.00801732876524808,-3.15355282822849e-06,-0.00159106508849209,-0.00285529270316569,-0.00293610922340488,-0.00343273799354226,-0.00196970905905967,-0.00162003894054559,-0.00445006600490868,-0.0106839437402456,-0.0225686703368976,-0.0258379961050878,-0.041075174696918,-0.036474966944164
304,"GRL","Greenland",NA,NA,NA,NA,NA,NA,NA,NA,NA,NA,NA,NA,NA,NA,NA,NA,NA,NA,NA,NA,NA,NA,NA,NA
308,"GRD","Grenada",0.0546570021683515,0.0528539293455701,0.0485309389806876,0.0450147545287067,0.0402166438068243,0.0359940271587222,0.0334312221633284,0.0320262408371157,0.0332292646086525,0.036011183442552,0.0401532166182088,0.0414521049919825,0.0389345458410832,0.0402409061938114,0.0468342976712195,0.0356461156125396,0.0295481941437172,0.026055681590736,0.0239607136997249,0.0272863245402557,0.0313990749255437,0.030184577783692,0.0305955092609864,0.0338511866845177
320,"GTM","Guatemala",0.040146058811628,0.0408626305516628,0.039907214333291,0.0427439121042288,0.0411114769468313,0.0416615415032129,0.0432049387670808,0.0388159505092975,0.0352213499888778,0.0294252310692684,0.0259265513083573,0.0227041052678199,0.0200398592235702,0.0191985701580175,0.0187839936060168,0.020670017895138,0.0278213421059816,0.0345010935665806,0.0404319304362843,0.0421135678528284,0.0443570935965838,0.0405455382087647,0.0376034930900893,0.0316747285541483
831,"GGY","Guernsey",NA,NA,NA,NA,NA,NA,NA,NA,NA,NA,NA,NA,NA,NA,NA,NA,NA,NA,NA,NA,NA,NA,NA,NA
324,"GIN","Guinea",0.0269890741451226,0.027822896078167,0.0305022623163163,0.0348890638497941,0.038282973382342,0.0404541201130637,0.0467629027633407,0.0478402053553011,0.0446798455531459,0.0432200275901486,0.0393902427836761,0.0408016775246012,0.0429310381914705,0.0477176454682762,0.0484373588086213,0.0454523628820285,0.0446628406840313,0.0463887947643362,0.0450550513770158,0.0401518489801076,0.0350527700221905,0.0350887384607526,0.0348468167827243,0.0356620696755672
624,"GNB","Guinea-Bissau",0.00856500546339545,0.00863954895867969,0.0148136724032717,0.0212425037165904,0.027495585990531,0.0307090744138885,0.032478468701747,0.0347120268500403,0.032548718635262,0.023856482579784,0.0207278356282923,0.0162163410452254,0.0163220693074284,0.019818014137893,0.0221145043767506,0.0213411268686725,0.0204984878813468,0.0216051325357802,0.0219327357155872,0.0189678109929785,0.0173360750330811,0.0161928147260184,0.012893575724463,0.0126481868744359
328,"GUY","Guyana",0.0589695586771297,0.0461438679315764,0.0347948509509022,0.017977156696966,0.00723196132949822,0.00151340042636394,-0.00613667948680818,-0.0140383824609847,-0.0117215686845518,-0.00876923708958688,-5.3726882247641e-05,0.00365230302832753,0.00889025205938587,0.0119351642207794,0.0211209542636055,0.0320714296213702,0.0342776118712904,0.0295200487179799,0.0280277372630546,0.0265227484473571,0.0289936056247748,0.0338512931705424,0.0368952252199728,0.0371962389286595
332,"HTI","Haiti",0.0283313944066073,0.0312659666394097,0.0328178552976524,0.0370657315156493,0.0354747564266884,0.0286207436245531,0.0259507627080942,0.0227623797367855,0.0223848431552356,0.020223043630748,0.0177121885673426,0.0194030334711197,0.0205763497703391,0.022550060285299,0.0246537191453648,0.0247294237515017,0.0240954270331597,0.0241068141185119,0.0235051378316691,0.022062364020426,0.0191752752248517,0.0137023981725199,0.00863287145625313,0.00393578576504638
336,"VAT","Holy See",NA,NA,NA,NA,NA,NA,NA,NA,NA,NA,NA,NA,NA,NA,NA,NA,NA,NA,NA,NA,NA,NA,NA,NA
340,"HND","Honduras",0.0243095520749887,0.0261329386355895,0.028800918520862,0.031792309405732,0.0364310648681403,0.0408409178429632,0.0454474719972107,0.0480888339486985,0.0497148150172917,0.0517345590080163,0.0449006126172109,0.037265628232583,0.0327228235852566,0.0267662981695629,0.0262996370531969,0.0250902549314971,0.0245368996514093,0.0229696291155082,0.0227410667913031,0.0221969740904731,0.0219984074544106,0.0167543664451666,0.0161893386665048,0.0158136603096053
344,"HKG","Hong Kong",0.0302914604234918,0.0304821171717118,0.0260708275253463,0.0292541871033041,0.038341126953878,0.0362210793100577,0.0337864487356812,0.0208592480503731,0.00922023089893087,0.00759840083981844,0.00927629732604252,0.00591129719998507,0.00243736216797519,-0.000510732849568707,0.00272687161221641,0.00458766852769199,0.00505116860040045,0.00448889596209701,0.00488483229490555,0.00462720741327183,0.0019905826307367,-0.0134139901708983,-0.0234383758612389,-0.0342643599936808
348,"HUN","Hungary",NA,-0.0108381507395369,-0.00450972192543941,-0.00325798434560021,-0.000193720228813365,0.000941187756551498,0.00018421945363789,0.000809163930335588,-6.99756023403442e-05,-0.00272624688287404,-0.0095125169596475,-0.0169362849532029,-0.0229111084959702,-0.0279379294691312,-0.0317032326689982,-0.0328003458349673,-0.029171320698509,-0.0232556417554816,-0.0137640914738151,-0.00391924978063962,0.000901947941260861,0.00485060700017259,0.00879684821934146,0.00587705472328537
352,"ISL","Iceland",NA,NA,NA,NA,NA,0.0225401148524003,0.0179391946779206,0.0160018065765395,0.0191113223804715,0.0242212360834326,0.0276403830784959,0.0291472638791952,0.0251743232252677,0.0209865133590834,0.0145644479588385,0.00814932400270774,0.000725103482160705,-0.00561021652944604,-0.00510285237057384,-0.000187684186631734,0.00164632089268912,0.000736305847828689,0.000905023592410847,0.000802118680376163
356,"IND","India",0.032499276530672,0.0318218197673565,0.0303935747489508,0.0283211216397599,0.0259774276622542,0.0247725689879843,0.024667900088206,0.0274187142630091,0.0315339869870841,0.035405806258237,0.0410151944200918,0.0449173534233669,0.0470522197428898,0.0480389958681946,0.0463457919439789,0.0450562115688591,0.042527709431863,0.0407092008980596,0.0388137722792041,0.0383398231896444,0.0369680211194681,0.0307573075722045,0.0279009381088795,0.0275899467694261
360,"IDN","Indonesia",0.0423512785431777,0.0347370192731136,0.0310057083186908,0.0281595608738094,0.0277331833632721,0.0262986705409602,0.0234119470980854,0.0238047049442738,0.0291219048087992,0.0254391490195991,0.0279138028876884,0.0300972891315818,0.0389234062612245,0.0440279881969712,0.0455675499167927,0.0444865124030585,0.0428537113703387,0.0380253139390527,0.0360410508872744,0.0321613028452026,0.0310317450360029,0.0265589550129135,0.0269979682352779,0.0341027786306505
364,"IRN","Iran",0.0414963864837661,0.0401255769588291,0.0413355042589212,0.0412130497776884,0.0418163940074321,0.0468572700833949,0.0499535058457168,0.0530917496940435,0.0496139521071139,0.0444550639059191,0.0443228612024955,0.0418579710195448,0.0374878705433428,0.0307829552904741,0.0250266464044087,0.022746791998294,0.0206170824774339,0.0220559305313259,0.0252101158210443,0.0277814762860449,0.0263345094338592,0.0230105648593308,0.0199611195544065,0.0163186633359005
368,"IRQ","Iraq",0.046848158211519,0.08053245197104,0.0681985321418677,0.0603460188029463,0.0518583760792752,0.054058060534935,0.052088235264903,0.0362444467980638,0.00982873435655129,0.00297997292091723,0.00402630216849875,0.00950246863617044,0.0227771565120956,0.0356678298455027,0.0457804664477888,0.0593609343084918,0.0717342718828213,0.0832059880282288,0.071385793252082,0.0671826333014538,0.063922439221431,0.0502180653441922,0.0388934752901993,0.0334591691434338
372,"IRL","Ireland",0.0205072033300218,0.0248446287671338,0.0289415473523145,0.0282615295931052,0.0257129751927527,0.0213843701463585,0.0171476541875708,0.012217538646691,0.00643550197090281,0.00111839652022638,-0.00702734089115786,-0.0123175871358715,-0.0173712669736508,-0.0209264248955584,-0.0230632470075552,-0.0240505428011096,-0.0192154358880546,-0.0104900100594561,-0.00414168556603787,0.000994421960080816,0.0017705683814484,0.000131119088997211,-0.00179619562998123,-0.00204741206252956
833,"IMN","Isle of Man",NA,NA,NA,NA,NA,NA,NA,NA,NA,NA,NA,NA,NA,NA,NA,NA,NA,NA,NA,NA,NA,NA,NA,NA
376,"ISR","Israel",NA,NA,NA,NA,NA,0.0230125461082427,0.0145428541730377,0.0119351187760119,0.0113158419744623,0.0149935415131186,0.0112025623332819,0.0144524491566043,0.0204113430949524,0.0253652713764825,0.0236469073791665,0.0157595835265809,0.00789295667410572,0.00339225777180041,-0.00278529064551036,-0.00254414868270769,-0.00727011310400616,-0.00858095547846727,-0.00759434540007409,0.000735744899550417
380,"ITA","Italy",0.00614159458627617,0.00824266499534798,0.00885618985096004,0.00921054810138244,0.00917063183323141,0.00734745167451445,0.00769930862849422,0.00554391937550736,0.00281038329217553,-0.000155248863450441,-0.00719281921528911,-0.00999604798536658,-0.0177996134309353,-0.0168146625584543,-0.0104038524071851,-0.00504225361576821,-0.00293303168634975,-0.00393190614467731,-0.00892056658991724,-0.0153196932330908,-0.021680596459876,-0.018065431143729,-0.0158508527125395,-0.00993193875656984
388,"JAM","Jamaica",0.0329008526021355,0.0317123708236917,0.0303010791519109,0.0242300945113454,0.0199123288215055,0.0129011506888042,0.0089326439045947,0.0103335221411129,0.00857663498321193,0.00427944742224295,-0.00971756762374145,-0.0208600954957481,-0.0193237353039802,-0.0222327981539778,-0.00987408143311527,-0.00665218959068672,-0.00819191844592407,-0.00651287804961134,-0.00794070133536786,0.00133870761790078,-8.5466703982937e-05,-0.0115160060190539,-0.0125416257021675,-0.0186488516262207
392,"JPN","Japan",0.00860965918631473,0.00660542634815875,0.00353045501324223,0.00175823388728347,-0.000380822983015735,-0.000472453777138063,0.000337638791895412,0.00103912757443414,0.00294985142346005,-0.000405909080729132,-0.00412634640244144,-0.00525239854666019,-0.0056671108965593,-0.00263927900149338,-0.00036805365323405,5.99956113143119e-05,8.09802784735858e-05,-0.00103416212303797,-0.000707326385540497,-0.00485663790844471,-0.013603652740897,-0.021949771159027,-0.025001729414883,-0.024481706527008
832,"JEY","Jersey",NA,NA,NA,NA,NA,NA,NA,NA,NA,NA,NA,NA,NA,NA,NA,NA,NA,NA,NA,NA,NA,NA,NA,NA
400,"JOR","Jordan",0.0407995023202605,0.036862232885845,0.0288174175480835,0.0301837336849384,0.0295159212437914,0.0357225670838217,0.0431180813295313,0.0483434675781478,0.0522870989820314,0.0513339345183992,0.0470571624452225,0.039791159855507,0.0325727154597815,0.0301500429770707,0.0261501499345254,0.0277118215961807,0.0311242917024397,0.0310853189900233,0.0332609871646761,0.0311997380926674,0.0277913621017298,0.0149068910979344,0.00617501490704009,0.00277658064273956
398,"KAZ","Kazakhstan",-0.0182815772626308,-0.034297275124151,-0.0525729197302448,-0.038971091168981,-0.0109621556906092,0.0110901914741626,0.0332315144929123,0.0532317934016382,0.066114241378362,0.0726198950916404,0.0606874223073945,0.0579907416336587,0.0450168909415476,0.0371407204009218,0.0305063385070365,0.027263771150754,0.0236678596409403,0.022840021004223,0.0250133548462554,0.027041350171306,0.0200668992136541,0.014084784112484,0.0051287693729043,0.000233502602329683
404,"KEN","Kenya",0.0169178567148052,0.0187036593953549,0.0160360348912565,0.0127866073182128,0.0105525803307538,0.0114566117678243,0.0127426243523145,0.0141941848289382,0.0284411007990713,0.0421194640091609,0.0546547978766678,0.0605027000705245,0.0625011399367068,0.0580486871706078,0.0495496286878971,0.0414368903028122,0.0314752159577809,0.0206339806334976,0.0210514421066175,0.0225227935880938,0.0276589701303698,0.0357192328811586,0.0396467706035881,0.0406734925820031
296,"KIR","Kiribati",0.0246444710074822,0.0276046540910064,0.026410870703454,0.027938756385286,0.0345951033384329,0.0380278709292987,0.04482385851417,0.0479030211488285,0.0468933437045578,0.0418339212165426,0.0323241236013161,0.0368780154027792,0.0349462926656463,0.0284486646792794,0.0231177723650375,0.0204210898718979,0.0200065714079845,0.0186519295084762,0.0227966456755417,0.0240592968505835,0.0223615260684122,0.0270248289993387,0.0294541558213655,0.026750400942223
689,"XKX","Kosovo",NA,NA,NA,NA,NA,NA,NA,NA,NA,NA,NA,NA,NA,NA,NA,NA,NA,NA,0.00525281265624122,-6.06187597581576e-05,0.00230138127606594,0.00665637499717509,0.00798473797006394,0.00542143904579007
414,"KWT","Kuwait",NA,NA,0.0386874051285924,0.0115272428432704,0.0141696483885627,0.0242337369528736,0.0361472638546352,0.0422481254588964,0.0493811962888377,0.0502673491063088,0.0477355451783981,0.0438729580779844,0.0377299963364177,0.0353544519067626,0.0259525598099617,0.0127285677998588,0.0138063199750988,0.0205600719062826,0.0209883633505046,0.0236705287983185,0.0265961606878009,0.0238114569779779,0.0218659942466231,0.0292671454126121
417,"KGZ","Kyrgyzstan",-0.028266806275292,-0.0420546471011131,-0.0564112913251446,-0.0352480169234266,-0.0120207225062288,0.00344814335179722,0.00437735435936348,0.00865712235859051,0.0173436698716405,0.0321936182620788,0.0356432902872874,0.034903338344598,0.0325249962974674,0.041524022581461,0.0492480700574647,0.0576695475800137,0.0592053578884437,0.0517771950027668,0.0452870117468069,0.0473759904255826,0.0360513014184456,0.0181891106582803,0.00758747880345023,0.00586925405887229
418,"LAO","Laos",0.020034349926467,0.019846422741278,0.019214232716882,0.020349346189515,0.0205656858386432,0.0236806519999109,0.0258087121274198,0.0288244127541093,0.0339852146730073,0.0354487413428335,0.0365528552713501,0.041255448800317,0.0427770232158606,0.046132345378771,0.0492329301432197,0.0513058769548256,0.0634600738993107,0.0878586845660039,0.109319862314152,0.121937827204139,0.125796006512111,0.124031418050208,0.116246840612829,0.101209061054466
428,"LVA","Latvia",NA,NA,NA,NA,NA,-0.0190404618147254,-0.0122285786949681,-0.00074264147056876,0.010399881463657,0.0166594625315504,0.0154540187510441,0.0136339259899465,0.00983776518246504,0.00474651417739791,0.000246121460767634,-0.00347675816502694,-0.00630721860660502,-0.00732932247777175,-0.00541691286138546,-0.00183061800799733,-0.00268859020004264,-0.00127539180413472,-0.0010214300335708,-0.00399280727925422
422,"LBN","Lebanon",0.0835725570852728,0.0733113017546843,0.061446734380856,0.052369745534149,0.0482494833631912,0.0385402127187284,0.0287012366271497,0.0126173676170245,0.00109343152383223,0.0045665057232811,0.0158527167169626,0.0189320285308796,0.0239471109275817,0.0310251584459713,0.0424131552322302,0.0519937555357124,0.0597955901454925,0.0576208752977649,0.0476665348154102,0.0402284267059836,0.0382117490933225,0.0251261706955044,0.0140595555982368,NA
426,"LSO","Lesotho",0.0138681820459534,0.0152677114230497,0.0155211024725985,0.0150753719690326,0.0151270053317334,0.013868648223053,0.0136806184652054,0.0114534906635886,0.0106947676121187,0.00496770261261137,0.00829754700440266,0.0108839256570041,0.0216704401504519,0.0271512838193433,0.0210681918833584,0.0151409041029487,0.00827425615157495,8.35405159116398e-05,-0.00149874681619733,-0.00787357914595688,-0.0140014555068066,-0.025338710880914,-0.0175078244638681,0.000235760866987844
430,"LBR","Liberia",NA,NA,NA,NA,NA,NA,NA,NA,NA,NA,0.0456258276766419,0.0481915325965343,0.0495654934375096,0.0510662803172344,0.0483614664787626,0.0452609649111646,0.0390378221281253,0.0334936682382245,0.0313065560886894,0.0191868612598411,0.0212066282235943,0.020462072032237,0.0219629260403957,0.0256631345348335
434,"LBY","Libya",NA,NA,NA,NA,NA,NA,NA,NA,NA,0.0122483213875424,0.00614336069905153,0.00911252062529977,-0.00512530464047056,-0.0112625666904393,-0.0146829921476986,-0.0106080078269182,-0.00451263044989419,-0.00336492549532816,-0.00430506611605022,-0.00277878678856418,0.00221339207662297,0.00474222503596278,0.0113811420912082,0.029727499567265
438,"LIE","Liechtenstein",NA,NA,NA,NA,NA,NA,NA,NA,NA,NA,NA,NA,NA,NA,NA,NA,NA,NA,NA,NA,NA,NA,NA,NA
440,"LTU","Lithuania",NA,NA,NA,NA,NA,-0.0143649873846946,-0.0102563581971341,-0.00268870779775421,0.0084421409194122,0.0194583797459384,0.0169135831429035,0.0118554815056868,0.00893328411766992,0.00649659718001816,-4.25933861510916e-05,-0.00395173506999157,-0.00570215736861018,-0.00750021762232631,-0.00232692249817777,0.000345637158002843,-0.00226508334455988,-0.00331891891997149,-0.0018390985846739,-0.00353507185095422
442,"LUX","Luxembourg",-0.051711318087501,-0.0505510045066564,-0.0404264118587156,-0.0237864586016661,-0.00167174504162215,0.0250240339247843,0.0385295439101545,0.0485854370819125,0.048430913257494,0.0375802573047173,0.0237676922308006,0.01358949258835,0.00348582621586013,-0.00456168166425264,-0.0132154743467281,-0.0166505814312258,-0.0193544666039824,-0.0214260985701739,-0.0227151414968035,-0.0211051477804082,-0.0198195377878071,-0.0236643656601044,-0.0224003378624896,-0.0249970150600203
446,"MAC","Macao",0.0484175089084786,0.047764936448697,0.0471336492143231,0.035189681840281,0.0256100099423118,0.0239105064924563,0.0200391422787509,0.0137684781752794,0.00076207005079798,-0.0175414688120955,-0.00798189702459176,-0.0184967701357288,-0.0211516693598744,-0.0336457588162449,-0.0487394300381491,-0.0397369415946152,-0.00791070896766344,0.0178765076961533,0.0363339247329135,0.0163344610430114,0.0265898023202518,0.00672281347196391,-0.00625239680564493,-0.0229436283952145
450,"MDG","Madagascar",0.0102044821878065,0.00970424346053322,0.00619723612819212,-0.000699932584697871,-0.000898016248418254,-0.0041492675336362,0.000821127401047228,0.0035378997376958,0.00889710530217624,0.0135676264963378,0.0186989914595639,0.0228561388850952,0.0232861622494236,0.0187165344318341,0.016435727575979,0.0118711985463378,0.013258349401662,0.0134717385413008,0.0155919036323093,0.012639867006512,0.0130081396611583,0.0128694772759534,0.0114327833304158,0.0106789505094116
454,"MWI","Malawi",0.0103587900301307,0.0128442356441145,0.013768686826255,0.0180804975650015,0.024269915950107,0.0244575698461327,0.0251076509704691,0.0272531920525645,0.0299308549485142,0.03532317177839,0.0382305601268469,0.0434666481526607,0.0435331854286469,0.0449666592852807,0.0469387881905281,0.0472825164302622,0.0460104938789927,0.0432386115117755,0.0419155809741554,0.0475090605266875,0.0522922931275021,0.0608473660912541,0.0660966032958863,0.068989167889747
458,"MYS","Malaysia",0.0701360294370597,0.0585143487986841,0.0507417728905455,0.0421524046575437,0.0435079300424173,0.044805887469552,0.0510427688636075,0.053895190602294,0.0588621976024721,0.0585583846358297,0.0483466113409585,0.042615457819464,0.0357486063965042,0.0274649383253891,0.0290059878596312,0.0330527483895324,0.0326623912402613,0.0296486525104864,0.0258076555714486,0.0275222412570166,0.0263204214787827,0.0233308559187402,0.0203824538485777,0.0188007254244413
462,"MDV","Maldives",NA,NA,NA,NA,NA,0.0991945217041379,0.0891835298397776,0.0893662724693611,0.0889050952339705,0.0772625780553702,0.0762883996744925,0.0749341220168702,0.0692300439526319,0.0768801279457363,0.0664329689969598,0.0742229815074658,0.06540760231699,0.0672414186737715,0.0672108320743032,0.0716506306451536,0.0768298924445381,0.067502162068446,0.0574677692764611,0.0483898788199384
466,"MLI","Mali",0.0292685352550248,0.0352557977897654,0.0367308987062391,0.0366310786595003,0.0355576484934479,0.0372554175057003,0.0375388093140308,0.0369897457527366,0.0354019321959353,0.0362921938051244,0.0367393062253865,0.0387515420362925,0.0370667233168267,0.0345941218539247,0.0317090945744911,0.03271712721963,0.0341829770905768,0.0382115078526324,0.0412246657088768,0.0446953273238146,0.0458336623717386,0.0482540784704646,0.048809126209522,0.0480112785613489
470,"MLT","Malta",0.00831887910256723,0.0051560086773923,0.00304482073900436,-0.000136431081942945,0.0128308425121275,0.0185614961176515,0.0153321469623673,0.01392147222392,0.0137919128401149,0.0111438743372341,0.00577894046325356,-0.000771411663935558,-0.00214036222200265,-0.00196599545566678,-0.00350849328625336,-0.00555327570503683,-0.0246823269652368,-0.0463119391531577,-0.05508919075364,-0.0588641056145943,-0.0582204129380446,-0.0530887987052808,-0.0431224532136806,-0.0253193006902509
584,"MHL","Marshall Islands",NA,NA,0.0254903283791161,0.0279266205624353,0.0301268433279469,0.0346451980759686,0.0362142771237768,0.0382273701899467,0.0380545007855646,0.0379713234549441,0.032766858713573,0.0328216541462063,0.0320436144739917,0.0305853849351347,0.0257608988187792,0.0252725265896265,0.0203785402726007,0.0167729946900388,0.0145071998773318,0.0124415510000406,0.0109476267860327,0.0103960991530576,0.0121949901326284,0.0107457368469159
478,"MRT","Mauritania",0.0298525021766876,0.0365650096996046,0.0424867334642121,0.0439192627780522,0.0441600854823438,0.039627093731851,0.0328934539193102,0.0303179867605146,0.0264494646504345,0.0189806809761133,0.0170455509425103,0.0184445082512714,0.019554336345835,0.0213264162330107,0.0218423569412907,0.02304992493608,0.0260168488954262,0.0286689075747075,0.0324650249891385,0.0307026372554118,0.0308607627063837,0.031719710934861,0.0322621863228576,0.0323169826088645
480,"MUS","Mauritius",0.0405928749569509,0.0465522441944626,0.0512884915017586,0.0551376499261109,0.0576379915993497,0.0511716644320763,0.0476019090474886,0.0513163846881528,0.0504806936627626,0.0485913704631575,0.0459390401270878,0.0465643786043213,0.0465470425754408,0.0428476566433271,0.0381680831762441,0.031561951963786,0.0228544539186728,0.0232642931882745,0.0251430976832376,0.0252403110854635,0.0235071284628852,0.0162653049565984,0.0122106853862554,0.00978448034146506
484,"MEX","Mexico",0.025942921822353,0.0264823562172332,0.0274775726297387,0.0265429502219032,0.0270265963749738,0.0274159911252829,0.0262124015306704,0.0248373860265272,0.0245970041631571,0.0247417698525296,0.0222848339506763,0.0183516355383369,0.0166976427663794,0.0144281320018738,0.0129644475005348,0.00938600956710944,0.00696960669204727,0.00570181711924,0.00357544409249821,0.0022437070582404,-3.97268787855065e-05,-0.00424358199324182,-0.00332799291538266,0.00225727427041167
583,"FSM","Micronesia",NA,NA,0.063625670704951,0.0350513659045177,0.00864181227897376,-0.0217035552038056,-0.0349909290764513,-0.0447213346647319,-0.0421675574438408,-0.0409378964512971,-0.0243853759395604,-0.0184258555533447,-0.0155128853623383,-0.00998937534903229,0.00414252300607765,0.015094742664651,0.0188983415969814,0.0192972535195801,0.0239221545405304,0.0191000985364793,0.0269207311874171,0.0182674978748285,0.0153792263296169,0.012299919473808
498,"MDA","Moldova",NA,NA,NA,NA,NA,-0.0828129067326702,-0.0547867554830248,-0.0193977910629064,-0.00298286658690269,0.0135521314039539,0.0137072333708108,0.00771573340681231,0.00366752725131847,-0.000718357711122295,-0.00112457754645356,-0.00103103031447083,0.000146159129877699,0.00348210666704607,0.00892086949403081,0.0157134456612344,0.0133592746005282,0.0118359545199866,0.0141583318954694,0.0116800198911253
492,"MCO","Monaco",NA,NA,NA,NA,NA,NA,NA,NA,NA,NA,NA,NA,NA,NA,NA,NA,NA,NA,NA,NA,NA,NA,NA,NA
496,"MNG","Mongolia",-0.00232915575112099,-0.00135540726088259,0.00142070901511526,-0.000424150127184459,-0.00540576285657268,-0.0130156181912257,-0.0116550194211565,-0.0048870208866818,0.0110306376060216,0.0257623272684724,0.0444856216580467,0.0632654441902567,0.0871596235446537,0.110038466797678,0.127032612808757,0.119763955614255,0.10174973803752,0.0882439597070148,0.0860920156416469,0.0821387261187074,0.0754840755409436,0.0524524004145901,0.0370577380805663,0.0326283795024991
499,"MNE","Montenegro",NA,NA,NA,NA,NA,NA,NA,0.00925173107525801,0.0171111767064631,0.0329260086033301,0.0129663578873394,0.0133854982128556,0.0137373560133953,0.0109013360856252,0.00721716700660036,0.00595507995112943,0.000172694483753677,-0.00375707643749923,-0.003645297301198,0.00965323117855066,0.00376637384387069,0.00996813029618493,0.0133402147979438,0.0127925120214378
504,"MAR","Morocco",0.0269617357507059,0.0275085043594001,0.0304036595811201,0.0313739768538759,0.0300123475388892,0.0342772380053067,0.0373210003810369,0.0402161890944592,0.041634961303876,0.0418916474454334,0.0393244968777813,0.0374091373637522,0.0364827983146669,0.0339468120617867,0.027762863368638,0.0249267914996907,0.0232418762049298,0.0203783190382503,0.019860740274207,0.0200230391648186,0.0212648150356096,0.0207232797692236,0.0240462685021459,0.024074225867877
508,"MOZ","Mozambique",0.00792194326594875,0.00519845008278574,0.0065661992360424,0.012822137264642,0.0197741124527611,0.0245994550038366,0.0322019825085342,0.0345435792118556,0.0321137766471349,0.0351752610383755,0.0285208692067591,0.0212171923473965,0.0208676296484844,0.0267774380608856,0.0343833805415541,0.0449031762172134,0.0515395689191389,0.0525416944754626,0.0520803583057357,0.0552154271888401,0.0435536130472329,0.028558235623799,0.0198227223812255,0.0148692804052581
104,"MMR","Myanmar",0.026818740746192,0.029063483972136,0.0265722840380012,0.0252109881123463,0.0254030106232477,0.0285985595056755,0.0322157062878377,0.0358730129619131,0.0357972378112645,0.0319085862750115,0.0301833211365905,0.0306045304353388,0.0276976275700689,0.0208672656557907,0.0152912654892274,0.0148170343555303,0.0173680918573851,0.0214190600664645,0.0281443461805968,0.0247200977290383,0.0203595271937504,0.0180959070014775,0.014208077290828,0.00745111284895783
516,"NAM","Namibia",NA,0.00999105298409853,0.0131043728143219,0.00855942030466572,0.00723289299802388,0.0096665330451533,0.015922986276331,0.025282935962623,0.0257701705228854,0.0211125729480868,0.0287190793514924,0.0346987743508855,0.0554002817988599,0.0676009798350283,0.0431251355571387,0.0222105377144599,0.0068549533645772,0.00219302942215593,-0.00578175967582018,-0.0256829669016124,-0.0345468517834094,-0.0323991795019204,-0.0084142320501972,0.0270442874212713
520,"NRU","Nauru",NA,NA,NA,NA,NA,NA,NA,NA,NA,NA,NA,NA,NA,NA,-0.0292347766029407,-0.00365312056035994,0.0229837729851976,0.0274214535605817,0.0337264649034463,0.0374969652532193,0.0332940639363224,0.0274825139364181,0.0166762933471749,0.00746812491010806
524,"NPL","Nepal",0.0258566113763843,0.025824215283947,0.0247636842767844,0.0199798487862706,0.016099467168291,0.0121379582068584,0.011668988900766,0.0104818013139913,0.00981040824814494,0.0106107761728078,0.0148680442002551,0.0191356300072736,0.0237490384059231,0.02574024356703,0.0282460369337605,0.0308704594310965,0.0303443794343119,0.0315866232919033,0.0329805325628587,0.0365470339054528,0.0374414301366024,0.0379012439355928,0.0374404623809999,0.0338637761408345
528,"NLD","Netherlands",-0.0057600621921613,-0.00490273637585759,-0.0017465952650505,-0.00143285576869889,-0.00323716253707818,-0.00395653060371326,-0.00560343428707688,-0.00625655030829841,-0.00785669493801966,-0.0085136530877491,-0.0125109195377839,-0.011031371976012,-0.0131198545367618,-0.0145903055519389,-0.014584418466517,-0.0134617794044214,-0.0113647191033409,-0.00943618492649168,-0.00595715786599982,-0.00230474985634377,-0.00527767512171495,-0.00775924889617408,-0.0118678115854131,-0.0177203196460334
540,"NCL","New Caledonia",NA,NA,NA,NA,NA,NA,NA,NA,NA,NA,NA,NA,NA,NA,NA,NA,NA,NA,NA,NA,NA,NA,NA,NA
554,"NZL","New Zealand",0.00942477422383337,0.00897009509747826,0.00937848782556383,0.0104419368714557,0.0114776096317357,0.0121740058972253,0.0133134624440612,0.0137159206854318,0.0138507646989148,0.0104945346943319,0.00626375930513179,0.00166614057230019,-0.00176948594612381,-0.00282538251247599,-0.00329973841346975,-0.00329239236125589,-0.00226102962927233,-0.0016561649828658,-0.000358762865307671,0.000924361202694346,0.000739320291309742,-0.00134798034116657,-0.00349419467613676,-0.00515081121459227
558,"NIC","Nicaragua",0.0209733099878739,0.0307855609698673,0.029137507453497,0.0313509862061216,0.0375932382162993,0.0407258667835209,0.0386362217507628,0.0326605912814313,0.0279701929318001,0.0198898301968617,0.016851772051081,0.0145549362813628,0.015813195371434,0.0168173373209548,0.0207873158910092,0.0236151944801717,0.0288219055182957,0.0324100919758081,0.0334402590203331,0.0308965373933601,0.0275553193327704,0.021955563477986,0.0204584886084695,0.017936110723995
562,"NER","Niger",0.0404666294573737,0.0403148096698394,0.0401318145061984,0.0394373570185478,0.0395233550608076,0.0392225634030823,0.0386148264454373,0.0383645911700397,0.0387751246875574,0.0400240445041775,0.0416998979105672,0.0396313129904247,0.0378438396847676,0.0379752810100584,0.0395118692770966,0.0415472078255048,0.0427974168750198,0.0438109591838438,0.0450994304296375,0.0461724275690303,0.0484717458882584,0.048139196853616,0.0465701918757351,0.0457729624735612
566,"NGA","Nigeria",0.0606904107053512,0.051619207451743,0.040057492156955,0.0208236990192061,0.00525126581115121,-0.00172995857405189,-0.00474576978458707,-0.0027701800867348,-0.00557340785064742,-0.010751570916379,-0.0199410277674867,-0.0139994665536881,-0.00272172643819779,-0.001074574936128,0.00580887286391629,0.0130688538358603,0.0185295475828609,0.0196787921493164,0.0167298302531269,0.0121012757497101,0.00636428249457599,0.00358140802845819,0.0048621340659718,0.00399784358131905
570,"NIU","Niue",NA,NA,NA,NA,NA,NA,NA,NA,NA,NA,NA,NA,NA,NA,NA,NA,NA,NA,NA,NA,NA,NA,NA,NA
408,"PRK","North Korea",NA,NA,NA,NA,NA,NA,NA,NA,NA,NA,NA,NA,NA,NA,NA,NA,NA,NA,NA,NA,NA,NA,NA,NA
807,"MKD","North Macedonia",-0.00348004193455218,0.00668691480732209,0.00240062973357347,-0.00297725275793492,-0.00815712999361318,-0.010509798999225,-0.0115950227135848,-0.00558651706175006,-0.00184323467698855,0.00681611595985632,0.00699446192658781,0.00648808714371896,0.00782235411562393,0.00275800023086537,-0.00405455587777159,-0.0107766497189525,-0.0166574064548175,-0.0221732915406478,-0.0197877297845651,-0.0188145382650946,-0.0153605776502328,-0.0141053682120968,-0.00395754058183173,0.00470554622053143
578,"NOR","Norway",0.0227275803456761,0.0243327566912024,0.0233046412334528,0.0177639658427318,0.0143079713705292,0.0125253172940041,0.00777909739756732,0.00649151109031476,0.00644156756649639,0.00470882979569343,0.000779699283986579,-0.000691288737453789,-0.00287523144184842,-0.00548302708573145,-0.00574046668255013,-0.0044662375251121,-0.0036779711574122,-0.00325438964354946,-0.00124976466321774,-0.000292640040473299,-0.00340606198476578,-0.00467117688787222,-0.00641298366274279,-0.00780671775641772
512,"OMN","Oman",0.0498719194116437,0.05067069146072,0.0555535252176342,0.0574687005211976,0.0630720698953393,0.0624483823673638,0.0637658736777122,0.0663139599288562,0.0684919091985836,0.060875292883938,0.0510508718606868,0.0468712652771324,0.0432003066687825,0.0441801829323518,0.0537524490065968,0.0517019820783138,0.047655536779555,0.0450797919848926,0.0429770361589541,0.037646882039921,0.0221587229409597,0.0130667429380402,0.0104305880052102,0.011981572782962
586,"PAK","Pakistan",0.0354514065972276,0.036063638337875,0.0331101380860153,0.031766611918379,0.0314265317659985,0.0332691495886674,0.0342557202081062,0.0382524547392749,0.04128922619246,0.0422990042418359,0.0420013505817152,0.0389988215772512,0.0338222791668299,0.0281319334003705,0.022508124097331,0.0190168125743546,0.0170684283050935,0.0207574398452823,0.027694426714528,0.0318264416841831,0.0354069722012755,0.0355386042846808,0.0370909906050323,0.0329956412245833
585,"PLW","Palau",NA,NA,NA,NA,NA,NA,NA,NA,NA,NA,0.00133198003433055,0.00247364559955376,0.0081532086717413,0.00831346760853924,-0.000368426892623919,-0.00712846545679127,-0.0163475294008825,-0.016977869575262,-0.0132186384507247,-0.0180225956254388,-0.0167747807972484,-0.016528062485866,-0.0108610568617075,NA
591,"PAN","Panama",0.0409086123610041,0.0349895867058008,0.0377472618955357,0.039177587714847,0.0372618674046181,0.0329802527841567,0.0288389097345696,0.029516629086064,0.024824365918148,0.0268662208361505,0.0294669924852677,0.0310135768111175,0.0424595135157115,0.0435004972947952,0.0449202048723936,0.0396030113942283,0.0368985619843516,0.0330222438096246,0.0275989802818817,0.0187442207404596,0.0208227350312984,0.0132655607239518,0.013828447466155,0.0130879938545461
598,"PNG","Papua New Guinea",0.0467631871252474,0.0499312173485171,0.0492510425760626,0.0511658657158873,0.0506342649086056,0.0514492017555841,0.0526823502776059,0.0509580782785195,0.05063437940433,0.0688540165470659,0.0492127532307272,0.0298869237668449,0.0121846564075014,-0.00259687688461663,-0.0140461380741689,-0.00727323752649178,0.0065931216102979,0.0229963366944843,0.0396160360661488,0.057007141187637,0.0614692411220226,0.0518486681315087,0.0422061512714362,0.0259184317397871
600,"PRY","Paraguay",0.0303357052746596,0.0248501188559291,0.0179552771596083,0.00958928241652712,0.00848865355676054,0.00530479903549552,0.00778500763428869,0.0088768924574889,0.0147324039437386,0.0181513200718471,0.0228357293288746,0.0246748551533216,0.0294708720720265,0.0313298592368252,0.0365291961973639,0.0368830821503261,0.0348968257065334,0.0323284754758069,0.0341915852378334,0.0287474498834104,0.0237449648141488,0.0212882461553412,0.0189974673880271,0.0159918792225986
604,"PER","Peru",0.0298597329552157,0.0318907859142621,0.0268609404313225,0.0199494012395449,0.0143110141895257,0.0117791455015854,0.0126900563834693,0.00993204847343598,0.0146585857850552,0.0189255191049371,0.0278249697899535,0.036831065645742,0.0400281524970372,0.0419502902050857,0.0377671285076899,0.0376027345521224,0.0364202691886746,0.0317950679994674,0.0305302358151283,0.026130934979268,0.0243581750859809,0.0164266037342515,0.0144377744375532,0.0160342585442714
608,"PHL","Philippines",0.0374537398632797,0.0368342091134966,0.0332419562972119,0.0282854902136545,0.0216741080168563,0.0183197575916163,0.0161558305292913,0.0122324658558357,0.0132649037375876,0.0120091014097345,0.0128947646574651,0.0164684149902783,0.0184897193272968,0.0206834952590795,0.0237812858878952,0.0281883814430284,0.0328252213346021,0.0349035963093174,0.0393355417983914,0.0437773346461816,0.0447056240597408,0.0411284280283211,0.0371817255373856,0.0331177312224253
616,"POL","Poland",-0.0145500859045754,-0.0181936882283585,-0.0213347967775268,-0.0250216501246109,-0.0252487900513805,-0.0238186220766429,-0.020320041169726,-0.0114093754350491,-0.00234537297678639,0.00158204284037833,0.00162859195677223,0.00267901419599759,0.00246947467181169,-0.000206830717245265,-0.00230785395682809,-0.00579919560293696,-0.00840037424629592,-0.006846446551664,-0.00313036875505113,-0.00086112059416954,-0.00420121600269996,-0.00657620123961022,-0.00364960910696144,-0.00243354552438391
620,"PRT","Portugal",0.0305931010092293,0.0321870935888089,0.0311991565213094,0.0340734519285395,0.0283984304387577,0.0230372375367318,0.0206807330465217,0.0110750374591737,0.000984442532060426,-0.00766232837715808,-0.0119002123945031,-0.0190494250908646,-0.0258524396712164,-0.0284839770408779,-0.023988855755046,-0.0130693516170641,-0.00402533760862536,-0.00187423586560703,-0.00100726699849026,-0.000421252141169626,0.000993838213531495,-0.0024641731526574,-0.00886357237736195,-0.0140083539047842
634,"QAT","Qatar",NA,NA,NA,NA,NA,NA,NA,NA,NA,NA,0.0533785204482691,0.0639919508519273,0.076759571021157,0.0863494028239344,0.0880273875136881,0.0854218474280033,0.0732492895379784,0.0625969821865031,0.0524289637515096,0.0387430120735186,0.0254455786727861,0.0166915314989118,0.0146579153383348,0.0154698688281811
178,"COG","Republic of Congo",0.0805628182213978,0.0858221451681791,0.080144972304655,0.0482278776971368,0.0223363127707905,0.00575343237514936,0.00314833065862752,0.00936208608923805,0.00963651109289132,0.0127442111037885,0.0212404299915276,0.0380205216620288,0.0485939137522353,0.0316587625099602,0.0180759950880478,0.00586247924348626,0.004114475249269,0.00775355448056225,0.0060866093143217,0.00946219469410359,0.0170004109311626,0.0252124434938601,0.026811982686461,0.0270534062874586
642,"ROU","Romania",-0.031996418423927,-0.0395083907372381,-0.0354942729434167,-0.031670571588707,-0.0276265561616779,-0.0204379105707078,-0.0135387760507585,-0.00185618324075865,0.00983445957715556,0.0154591218811975,0.00325182512315281,-0.00509138579994046,-0.0112499328343148,-0.0163900877615782,-0.0232407537828959,-0.026689280439705,-0.0290992647473994,-0.0284481709693863,-0.0207486935359419,-0.0106596194289943,-0.0102033873310767,-0.0114531808013993,-0.00657528534397356,-0.0032757792062752
643,"RUS","Russia",-0.00273610271159803,-0.0103680327081354,-0.0108616975231345,-0.0111068175186718,-0.00762520914946418,-0.00297252999270192,0.00133230001990947,0.00763633363359584,0.0098961378354141,0.0113619551848896,0.00857286527032475,0.00792179891466804,0.00907947452350499,0.0094383935711666,0.00799779283730584,0.00616244947910416,0.00434338661966183,0.00398842054532933,0.00493087461733377,0.00787661483076163,0.00600422275369539,0.0041253134814212,0.00626020551486883,0.00695366861386582
646,"RWA","Rwanda",-0.0136855124258177,-0.0176146364179331,-0.0154758681317118,-0.0135256707152867,-0.0109904374057348,-0.00631454083124483,-0.00139965901241612,0.00913208168367197,0.0289635481009749,0.0315933913000934,0.0369748522463207,0.0376575886097741,0.0361743979991243,0.0341109601956355,0.0331488642950268,0.0312085580615522,0.0316687376567748,0.0309468085270568,0.0306063411906479,0.0309507810575791,0.0320273462620269,0.0330592330162396,0.0326478299754971,0.0307690872694555
652,"BLM","Saint Barthelemy",NA,NA,NA,NA,NA,NA,NA,NA,NA,NA,NA,NA,NA,NA,NA,NA,NA,NA,NA,NA,NA,NA,NA,NA
659,"KNA","Saint Kitts and Nevis",0.0399414849646857,0.0449936141837328,0.0463177662835412,0.04871284784375,0.0474948767879271,0.0474136034138124,0.0412076204314671,0.032960291778209,0.0288537761952474,0.0237922884227437,0.0204417646883066,0.0174123033412261,0.015213305028581,0.0117441176699411,0.00820305463386872,0.00905956653860018,0.00655923500718192,0.00382071698198994,0.00408558467818465,0.00487247557767545,0.00841076277186859,0.00613577513978192,0.00479187371849621,-5.16166113250665e-07
662,"LCA","Saint Lucia",0.054624185224726,0.0536355609708417,0.0501622322869144,0.0454440262395055,0.041314616791575,0.0385236145056949,0.031659388850199,0.0268790933093841,0.0211495370577968,0.0182946754904956,0.0161409645584505,0.0203920044658645,0.0227641547397688,0.0230177888882774,0.0227843569765529,0.0233526208865908,0.0198519494491423,0.0164318313949601,0.0145521676956495,0.0124422839738279,0.00793291730382006,0.00714040375267055,0.00504710997513036,0.00425973679575198
670,"VCT","Saint Vincent and the Grenadines",0.0628403342634938,0.055355831602941,0.052234473730878,0.0428295685269933,0.0384223228480021,0.0408854975537654,0.0413060508706213,0.0377206020141965,0.0336964762715042,0.0320940584836773,0.0397852904234393,0.0261427281457052,0.0184354245280542,0.0121872331728157,0.00397169975938039,0.00627115233121378,0.00400164886418297,0.00164188917021302,-0.0023365956751751,-0.00305708350412839,0.00345341715869818,0.00396920038770721,0.00159914989580989,0.0022945026985739
882,"WSM","Samoa",0.0224730749581918,0.0233124975434289,0.027522806214402,0.0298612630529083,0.0305111925290584,0.0284917951079167,0.0271136889147183,0.0257017123702876,0.021588983552975,0.0163853838846195,0.0109824650845631,0.00967354924876695,0.0129431439076093,0.0161431537241055,0.0189629056316607,0.0224015858381275,0.0291717993073228,0.0321159922765286,0.0316361210767626,0.0226486995423878,0.0146166228336522,0.0080661757143834,0.00597902329104083,0.00165120065664448
674,"SMR","San Marino",NA,NA,NA,NA,NA,NA,NA,NA,NA,NA,NA,NA,NA,NA,NA,NA,NA,NA,NA,NA,NA,NA,NA,NA
678,"STP","Sao Tome and Principe",NA,NA,NA,NA,NA,NA,NA,NA,NA,NA,NA,0.0484046905354427,0.0416367844464698,0.0387498710027314,0.0367531876729998,0.0405500152183833,0.0444235940018549,0.0509692288853947,0.0509472223375329,0.0469354444775258,0.0429743421500564,0.0390169010587036,0.0327235738075884,0.0238410962293358
682,"SAU","Saudi Arabia",-0.0139349409213356,-0.0216677908486798,-0.0145603546195471,0.00125787129198618,0.0221932807731069,0.0505295936774621,0.065136514275907,0.0786572612769387,0.0722953220291409,0.0624677918759127,0.0510072932085641,0.0524448675987075,0.0465106291313659,0.0458667063242166,0.0390598133823334,0.0428707671413318,0.0482872124799805,0.0546956183589795,0.0490352907021767,0.0445878302178984,0.0400875446043516,0.0305191241880014,0.0189752622142316,0.0143815444646425
686,"SEN","Senegal",0.0183221265132274,0.0207261489631143,0.0204960676115087,0.0182245678820143,0.0154061583759395,0.0180231934679489,0.0193453781670094,0.0211602629242695,0.0188158807435563,0.0155797286553423,0.0171373015381118,0.0264780947862875,0.0339368262574935,0.0341972827520882,0.0323806414219099,0.0338503106440649,0.0367918627862298,0.0377976388697141,0.0365516373758974,0.0331295726681857,0.0322092271189223,0.0319068871024777,0.0333906463018949,0.0302990474135221
688,"SRB","Serbia",NA,NA,NA,NA,NA,0.0228763067626876,0.0149738892063307,0.020429089815881,0.0276481689281891,0.0283689361493207,0.00457498962127256,-0.0108038273948738,-0.0183992939356403,-0.0266626845632457,-0.0294828350772431,-0.0337239740977545,-0.0353525062043328,-0.0250571075578508,-0.0118617395274386,-0.00592596357516151,-0.00418096397683321,-0.00108828901343029,0.0037079281456609,0.00402479892144791
690,"SYC","Seychelles",0.0669687601379956,0.0668033138570512,0.0710416079985374,0.067725061419222,0.0594390299390939,0.0546729789096747,0.0437243043969759,0.0356413988192061,0.0331189545333321,0.0305657270006758,0.0298679415863201,0.0284167394399037,0.0240888550711182,0.0206925278853582,0.0125959099014437,0.0130700908951729,0.0169184577335788,0.0240526419018721,0.0314824571461372,0.0386580399228056,0.0447018954798146,0.0488163603117084,0.0484675502955232,0.0451593579106759
694,"SLE","Sierra Leone",-0.00163065038879232,-0.00453802324189268,-0.00587975952460424,-0.000782385188078608,0.0177756192378875,0.038758646126396,0.0566239300653746,0.0748272931603993,0.0779172347129411,0.072412212414724,0.0613492168389236,0.0459033814940288,0.034879665448617,0.033179496559671,0.034378260719039,0.0380778474203693,0.0376041728703704,0.047471603458717,0.0449224291004084,0.040776904763191,0.0275093991716786,0.0136049478716389,0.00856305348456665,0.00928997207818738
702,"SGP","Singapore",0.022272966979566,0.018167442007524,0.0162760300048261,0.00916966627303739,0.00253976909201392,0.00582350216220218,-0.0154279250004223,-0.0254806657143576,-0.0376963632542892,-0.0299972231579183,-0.0228912476908268,-0.0153306697361885,-0.0141219794023765,-0.00225579679342058,0.0173175882503973,0.0312790147165856,0.0463840372593887,0.0389090469518647,0.0139567850465496,0.01851135774727,0.00450099378647528,0.0113265696391736,0.00365017005866464,0.00885163280191636
534,"SXM","Sint Maarten",NA,NA,NA,NA,NA,NA,NA,NA,NA,NA,NA,NA,NA,NA,NA,NA,NA,NA,NA,0.0320082663226025,0.0330726905392857,0.00507738381244027,-0.000770577845506889,-0.00164233028951527
703,"SVK","Slovakia",NA,NA,-0.0127707628226035,-0.00927579861353811,-0.00681358452318703,-0.00589066549398753,-0.00458185972271652,-0.00238043097916874,-0.00194644680952294,-0.000793321338637409,-0.00517738001498846,-0.00985359348628778,-0.0111783436687146,-0.0158456412043424,-0.0185936744574333,-0.0216051969514203,-0.0209584971814355,-0.0177733933824386,-0.013294738182328,-0.00684259561046929,-0.00729775618511419,-0.00904429429832332,-0.00373202840025055,-0.00236210185312657
705,"SVN","Slovenia",NA,NA,NA,NA,NA,0.00515148496749052,0.00606199638435778,0.0079521886053675,0.0114848346780592,0.0143351240654281,0.0074324198996023,-0.000220106324783127,-0.00368133454484376,-0.00727833565318594,-0.0118435247596825,-0.0165121906345391,-0.0188909029052932,-0.0183333529837831,-0.0236843796182913,-0.0164959171773751,-0.0152019278308689,-0.015751496310016,-0.0137783798646854,-0.0127877525283694
90,"SLB","Solomon Islands",0.0377844666260907,0.0346900049722119,0.0325594623885237,0.0300966654560679,0.0290800392016641,0.030121151961622,0.031768419261653,0.0333776758577495,0.0348226557287785,0.0362700620294929,0.0360086791515781,0.0351881767595381,0.0341688963419304,0.0322557168953639,0.0321796958186837,0.02790865307873,0.0195794434302046,0.0114230055660811,0.00461300271144016,0.000399744310851657,-0.00294945799968471,-0.00485905846372126,-0.00291546822120814,0.000211157071025481
706,"SOM","Somalia",NA,NA,NA,NA,NA,NA,NA,NA,NA,NA,NA,NA,NA,NA,NA,NA,NA,NA,NA,NA,NA,NA,NA,0.00876973534524006
710,"ZAF","South Africa",0.0248409972472778,0.0237560059758528,0.0218711949226236,0.0127520616929324,0.0108361564191979,0.0139846188629786,0.0145974590709448,0.0171530739597225,0.0231371827661684,0.0290859498920126,0.030199860195147,0.0276922377385309,0.0222366687416882,0.0121020806964736,0.00621522231541416,0.00616550693550533,-0.000952195047464577,-0.00425971898884181,-0.00680300147836477,-0.00575773194014839,-0.00235484567912769,-0.003641700382507,-0.00496853661694596,-0.00824953009858942
410,"KOR","South Korea",0.0555340621514693,0.0465651736190058,0.0386429208879433,0.0323744452541626,0.0269116609062188,0.0227932291548165,0.0208068146230886,0.0223699808381688,0.0281508292628296,0.022347618804726,0.0189586647770237,0.0222672928768091,0.0262174773862041,0.0296789422177237,0.0312702388813577,0.030371229842737,0.0278025145353107,0.0232635152450202,0.0199499984061502,0.0163460776392832,0.00884308665444133,0.00202137358754428,-0.000459604172749574,-0.00361450408254105
728,"SSD","South Sudan",NA,NA,NA,NA,NA,NA,NA,NA,NA,NA,NA,NA,NA,NA,NA,NA,NA,NA,NA,NA,NA,0.00866037349739157,0.00564089648386878,0.0116257787897227
724,"ESP","Spain",0.0208884160368954,0.0247357601317733,0.0279800945552064,0.0329258730083979,0.0333432887677156,0.034928959283016,0.0372902249657967,0.0330438431961089,0.0293023397768286,0.0196079350668596,0.00694067100144569,-0.00435767474719997,-0.0150295606650926,-0.0225213046608001,-0.0254436634468546,-0.0174633846974111,-0.00917411096086508,-0.0114868175670164,-0.0107142363023551,-0.0093371816787444,-0.0108030513599418,-0.0160444659533858,-0.0171817540841212,-0.0140981509159596
144,"LKA","Sri Lanka",0.0254350367796485,0.0284284077878432,0.0267760268223791,0.0285902836649659,0.0280346509059157,0.0292400144052034,0.0299138479883647,0.0287676342471042,0.027013070680048,0.0224650135610893,0.019624264307728,0.0203632825872826,0.0222273462440692,0.0251406319539242,0.0232418142805246,0.0257621360612579,0.0323876968523742,0.0389706737230169,0.039244107853633,0.0347468308094181,0.0304780722798188,0.0254695989571043,0.0204105071075449,0.0102925706769594
275,"PSE","State of Palestine",NA,NA,NA,NA,0.0440415023850087,0.0653397818827219,0.0877827499381738,0.0918123974418068,0.0739635384751269,0.0737245837081015,0.065320230632526,0.0637249753557771,0.0506242205498164,0.0195403729754449,-0.00611185783483503,0.00486904820238987,0.0311792767222967,0.0477944468127736,0.0625161794995268,0.0584013359946245,0.0565331888781784,0.0481731917701795,0.04226051852251,0.0308380846419374
729,"SDN","Sudan",0.050737322348656,0.0483990275791328,0.0433574833465245,0.0408357033990938,0.0385957857517698,0.0392480279641212,0.0378695519142918,0.0353342192276862,0.0338599221482629,0.0306046775859043,0.0273778120867809,0.0240416709302287,0.0178986708424347,0.0151762183411606,0.0144286170214594,0.0143072031076079,0.0159385766957625,0.0163708486986918,0.0174816641016238,0.0186433337328602,0.0192536045914893,0.0183043272216643,0.0147558669519017,0.0114515771068857
740,"SUR","Suriname",0.00784474180567107,-4.21074736156601e-05,0.00130941177970967,-0.0134642149092182,-0.0249199204231121,-0.0322532258777862,-0.0366350704551073,-0.0332817821023388,-0.0289039524373496,-0.0174232299378011,-0.00280880953709955,0.018844797290952,0.0502323378694689,0.0527242106842016,0.0616170010466486,0.0661907442525289,0.0558197111718131,0.0489466105222218,0.0294065821995306,0.00649479490471916,-0.0027701882996393,-0.00541302564894328,0.00625327960000854,0.0101612076794728
752,"SWE","Sweden",0.00124748750184955,-0.0019539394082615,-0.00462927815619008,-0.00632343063781549,-0.00699196716281092,-0.00572994268844917,-0.00451859531962173,0.00139224187088649,0.00372127099035979,0.00290622172147281,-0.00230754741410253,-0.00417053377610377,-0.00886888813954423,-0.0140445582981744,-0.0185777595855323,-0.0229323043928935,-0.0248258883260192,-0.0226561981833771,-0.0194167315842187,-0.0180322732859722,-0.0205685387883083,-0.0192580099138715,-0.0168147415152339,-0.0162010294705537
756,"CHE","Switzerland",-0.00448368077191375,-0.00475625096789545,-0.000647831793560175,0.00152270243475261,0.00219896275210463,0.00206113985581724,0.00306669794585801,0.00406313397447544,0.00119957813948246,0.00187025523995099,0.000415991067302279,-0.000307200155589098,-0.00361918166092423,-0.00663132247201603,-0.00692970669151827,-0.0102598894615582,-0.0119833851811496,-0.0121078313121269,-0.0143535395919923,-0.0149949823389308,-0.0160651994953601,-0.0165804429548851,-0.0176150015003095,-0.0161102628047202
760,"SYR","Syria",NA,NA,NA,NA,NA,NA,NA,NA,NA,NA,NA,NA,NA,NA,NA,NA,NA,NA,NA,NA,NA,NA,NA,NA
158,"TWN","Taiwan",0.0576650829292302,0.0563602171722994,0.0539065836406263,0.0602380294913742,0.0656841024156436,0.0687441023312647,0.0660979775964572,0.0583132335524235,0.050767140522241,0.0379688377266538,0.0200332373993861,0.00591622282008508,-0.00773925231611017,-0.0115354273079182,-0.0122996113323767,-0.00910870280313703,-0.00626125663237864,-0.00304548710303397,0.00268295255803053,0.0056685473365159,0.00264750918431722,0.000473560651724547,0.00311479063457676,0.00160521827625293
762,"TJK","Tajikistan",-0.00836473475890872,-0.0128672036617689,-0.0160108206358979,-0.0115511737812297,-0.00860681697714083,0.00328565980249507,0.0121849158744156,0.0212700201017273,0.0300040461054825,0.0288781472416528,0.0234491622512898,0.0187007510015371,0.00785297592203604,0.00419012492254534,-0.0062894552693088,0.00329698999455053,0.0120942124022105,0.0240935606444102,0.0467489213552696,0.061896651253152,0.0721073675812693,0.0764520988025015,0.0721015411019947,0.066850809632963
834,"TZA","Tanzania",0.0239000196082526,0.0232324245095288,0.0229905155202563,0.0252170367103501,0.030407211172752,0.0317254203007404,0.0385699529566055,0.0373206295856303,0.0347078707097255,0.0351475595943205,0.0347729217003867,0.0317296864480587,0.0285395562523569,0.0288497831783696,0.0333545352436158,0.0342132749560542,0.0380521430642855,0.0364726357531,0.0338408720983459,0.0309392204555443,0.0282674449561222,0.026470716448846,0.0251991978489203,0.0237041981593462
764,"THA","Thailand",0.0474980363542461,0.0375918024746102,0.0292310520637837,0.023201298609618,0.0204426551519679,0.0216017882031041,0.0246849927101638,0.0300066548185713,0.0378219395091401,0.0369792045269719,0.036343325949169,0.0348705727171934,0.0311819458715767,0.0295310736393537,0.0270337892337806,0.0256925928995042,0.0234246094771482,0.0209327152970613,0.0190758388620127,0.0158026286080488,0.0110439845235435,0.00733105433540904,0.00331392723083512,0.00235189075890174
626,"TLS","Timor-Leste",NA,NA,NA,NA,NA,NA,NA,NA,NA,NA,0.196267313917071,0.178790574221587,0.157124036769366,0.132125927233765,0.0886095763147421,0.0410945404965855,-0.00378065984129206,-0.0202630758444117,-0.0314934220441279,-0.0334854385370027,-0.0389002907562427,-0.0492179953485338,-0.0502625817704603,-0.0441837424867074
768,"TGO","Togo",0.0370947518977709,0.0434813111080679,0.0421286981678668,0.0411974212885495,0.0437057291616483,0.0395284253994403,0.0402442264874272,0.035304868424207,0.0244876989613731,0.0236904988135114,0.0363973292886357,0.0413808780071605,0.0400327469519206,0.0357887230666556,0.0338091951045041,0.024474603122085,0.0277704087608028,0.0269955177495622,0.0191352075888347,0.0134726245909382,0.0193902322647364,0.0254440002327174,0.0327933795716093,0.0358221493781818
776,"TON","Tonga",0.00861879964778178,0.0089465101520041,0.00803252110322927,0.00612081331041692,0.0105405045665672,0.0139242267436974,0.0169253689213642,0.0164127654512205,0.0163113059549189,0.013520750170384,0.018098796010849,0.0143212609222327,0.00371136626906221,-0.00203967307177744,-0.00213253119969181,-0.0040501066354317,-0.00413940421394898,0.0012364356178336,0.00497496432031386,0.00962091128070441,0.0213048149033566,0.0316498889062415,0.0361753975199894,NA
780,"TTO","Trinidad and Tobago",0.0268181544103347,0.0413437898703188,0.0555934156272824,0.0747301896583332,0.091890984009269,0.0966286149868392,0.0962577512774314,0.103349187700017,0.10282714732802,0.0942115712671057,0.0829916390171102,0.0722359132047159,0.0579258977835375,0.0409563764004612,0.0279684678136598,0.0143396493575301,0.0039163737280099,-0.00682309559423734,-0.0122621872429297,-0.014250722342231,-0.017071369506179,-0.0127115706064006,-0.00447654347112017,-0.00486454682451754
788,"TUN","Tunisia",0.0247017400440912,0.0235386223919252,0.029170131131431,0.0305072565209885,0.0330664074342881,0.0326438988768325,0.0306321893558203,0.0293043166839719,0.0284027661441058,0.028746802656191,0.0286818583574815,0.0309975277833343,0.0290806023335859,0.0275424089524421,0.0234334858382441,0.0208972954386404,0.0194199281007241,0.0158981452210287,0.013650443167452,0.0124052564161932,0.00893541562902245,0.0057987743376906,0.00851759965196264,0.0125066752146596
792,"TUR","Turkiye",0.0369349993432617,0.0395439334120578,0.0356889643148155,0.0315845351108133,0.0295167813012001,0.0227507899889774,0.0204563590080078,0.023917712985231,0.0325233739059978,0.0372316127743697,0.0392985310485974,0.0434694600138048,0.0438410824872386,0.044119147265183,0.0420281516999577,0.0385268581604756,0.0366385266685945,0.0369598510615896,0.0411710605425375,0.0398882579121544,0.0342495510037704,0.0277907990780277,0.026249100430382,0.0245884711528077
795,"TKM","Turkmenistan",-0.00303443883935919,-0.00113137982445362,0.0138063452526223,0.0229733569933623,0.0426937332958754,0.0620274762671809,0.0744486635160937,0.0808544555682231,0.0686284540481414,0.0603010091651677,0.0469486890374005,0.0430461009453402,0.0379866403539977,0.0278924391383235,0.0269183103234536,0.0295061262710508,0.0300654254607813,0.0287411687370944,0.0241511390214104,0.0262032765316755,0.0146431497629969,0.00641742538073209,NA,NA
796,"TCA","Turks and Caicos Islands",NA,NA,NA,NA,NA,NA,NA,NA,NA,NA,NA,NA,NA,NA,NA,NA,NA,NA,NA,NA,NA,0.0325567082153144,0.0277673363607311,0.0211548797486611
798,"TUV","Tuvalu",0.0523117669256774,0.0520222311285867,0.0637300312569518,0.0705656412123226,0.0700110645168932,0.0639678609405818,0.0516776286207163,0.0335325032246183,0.0104071183857621,0.0128997213436435,0.0156451721233348,0.00447611501945411,0.00420151997435747,0.00445782901196279,0.00453247522251554,0.00473697036175058,0.00471030936137851,0.00457498377545096,0.00446029994180352,0.00457527010835479,0.00484925134802872,0.00487997266329065,0.0059766915509567,0.00648765383250138
800,"UGA","Uganda",0.0262938596047424,0.0256026865750145,0.0250634629576618,0.0253962210791834,0.0284697557701061,0.028285796914703,0.0306606066156081,0.0290434867141371,0.0322352391507366,0.0456394991613411,0.0529618430540322,0.0590612929883836,0.059664438530141,0.058283415670652,0.0561607742795194,0.0510136806995045,0.0470618361037012,0.0343891750260481,0.0231557944583241,0.021579169385689,0.0196050217521344,0.0201949903751197,0.0196887221306692,0.0196696851747284
804,"UKR","Ukraine",0,-0.00987895051851493,-0.0158749453343655,-0.028448422646789,-0.0283969383781406,-0.0248870692094226,-0.0134176456393084,-0.0030358301817575,0.00624995708788134,0.0120679299210815,0.00477990129740813,-0.000865459800929304,-0.00100845456545802,-0.00276257148652324,-0.0040438206284633,-0.00588586779908947,-0.00528367504703426,-0.00190363598008848,-0.002839747296522,-0.00339519532685286,-0.00698295493854491,-0.0111629007551343,-0.0172480090719589,-0.020636463909395
784,"ARE","United Arab Emirates",0.0419804325486894,0.0481066604031029,0.0480190812185646,0.0357814874809153,0.0380593906844897,0.0435225177601308,0.0456523298928442,0.0491696016330849,0.0491852847320327,0.0529380963176174,0.0517858767750392,0.067527120448011,0.0767056646083133,0.0716147188987399,0.0715114948217126,0.0658985635230238,0.0600099604939792,0.0514190253196436,0.0376540601528785,0.0257553653169833,0.017995318879976,0.012065590015599,0.0121881004321196,0.0146619451017207
826,"GBR","United Kingdom",-0.00986658804866747,-0.00984804296678199,-0.00755384413414573,-0.00775334980062337,-0.00802455137044344,-0.00832969668834194,-0.00917195750579902,-0.00812587774306095,-0.00896736880609739,-0.0103004273718332,-0.0167939113008096,-0.0197553575305901,-0.0244211590710504,-0.0265364968360497,-0.0269708273634147,-0.0287681196206608,-0.0299329687264328,-0.0309902193931952,-0.0305562546936987,-0.0291453562835238,-0.0316095225147021,-0.0344494630708164,-0.0350686386430548,-0.0344455664326018
840,"USA","United States of America",0.0146375355983002,0.0160424114737585,0.0140006201539504,0.0119057929528172,0.0101413448436329,0.0089804843455028,0.00733166523593765,0.00606934387703872,0.00558174965013647,0.00314333495799768,-0.00200601109666169,-0.00439506419386637,-0.00795350636788805,-0.0122792651441193,-0.0136780043127014,-0.0127820433857871,-0.01208681012747,-0.0117466570519771,-0.00932658813607545,-0.00546400022072124,-0.00602012609807157,-0.00945191623938191,-0.00920345998708239,-0.0099220995046001
858,"URY","Uruguay",0.01431763570093,0.00618775740384758,0.000421463181420778,-0.00105531585006694,-0.00108307671690748,0.000721219522160421,0.00300691775367556,0.0102387055399864,0.0140882711415065,0.0223116340886289,0.0292587313675337,0.0258912159740863,0.022382397067606,0.0182996812369085,0.0124666871291614,0.00957865890935938,0.00652092907999169,0.00618983760123171,0.00187803535170183,0.00394261391159345,0.00553216407713086,0.00280030126364261,0.00618682701767925,0.00939950686116942
860,"UZB","Uzbekistan",0.0150079538194303,0.0175647719985559,0.019366320513114,0.0246198046230843,0.0277690725606117,0.026940336169299,0.0216675619640496,0.0179792288539251,0.0118275818283242,0.011917567854939,0.00326780815295313,-0.00418077398296623,-0.00580602272653252,-0.0017166698404899,-0.00164963483220981,-0.00399490556951121,-0.00691903472033606,-0.00418451903814521,-0.00213574347445344,0.00314895052100228,0.00291256159013509,0.00143164127627537,0.00574900300189718,0.0125742997785223
548,"VUT","Vanuatu",0.0238227379202125,0.0172165763949588,0.00862129042664028,0.00133953858721503,-0.000836000191720327,-0.00486821389580605,-0.00692245058617791,-0.00652309993744693,0.00666240238785853,0.0182413383501709,0.0284632340781994,0.0352241036763943,0.0393584552178607,0.0382632938881919,0.0358475987838138,0.032435115693694,0.0200376284579395,-0.00124833312523718,-0.0134818910501415,-0.0147611548862712,-0.0202953981173052,-0.0211161457714657,-0.0178001126675758,-0.0163048572096877
862,"VEN","Venezuela",0.0319516872910206,0.0349958735863807,0.030605663645209,0.0283114481250202,0.0265958698358548,0.0192206701931386,0.0147700048882087,0.00814315334169158,0.00390284849839762,0.0115367489952438,0.00977826132691773,0.0149462369439706,0.00978407401698411,0.0148252311105843,0.0209726972600977,0.0175321974219107,0.011767449648002,0.0037341777855473,-0.00267672810862411,-0.00621343286375441,-0.00684113794401489,-0.000860880535320406,0,0
704,"VNM","Viet Nam",0.0592652815289325,0.0603942626421452,0.0600250883298514,0.0587353597973859,0.056973693444551,0.0586351284016138,0.0591757923195328,0.0587788535415872,0.0583705559361072,0.0574190015353617,0.0568512615708023,0.0558000052517988,0.0529272861382972,0.0461830428857528,0.0403841267216747,0.0420258546789847,0.0474913877551699,0.0499959801855883,0.0492542216585874,0.0502902068717659,0.0613495302739449,0.0705607272119753,0.0743483736352033,0.0679214178393872
876,"WLF","Wallis and Futuna Islands",NA,NA,NA,NA,NA,NA,NA,NA,NA,NA,NA,NA,NA,NA,NA,NA,NA,NA,NA,NA,NA,NA,NA,NA
732,"ESH","Western Sahara",NA,NA,NA,NA,NA,NA,NA,NA,NA,NA,NA,NA,NA,NA,NA,NA,NA,NA,NA,NA,NA,NA,NA,NA
887,"YEM","Yemen",0.0440220668736437,0.0539973857211178,0.0593187300042244,0.0602758625077198,0.0607136828922652,0.062989147697887,0.0659551041556456,0.0701776170666768,0.0710309604480233,0.0651488553061428,0.0625639375660134,0.0600331390529627,0.0493356384805321,0.0286580375279539,0.0225447518826112,0.01349217446004,-0.00260838555943405,-0.00529024794039924,-0.00368157699020378,-0.00412440271566724,-0.00774691751105457,-0.0140088370553059,-0.0219858327757679,-0.0268530624974562
894,"ZMB","Zambia",-0.00175222223745597,-0.00430400011540422,-0.00470113759096213,0.000466489445318574,0.0091885675476282,0.0158127660810952,0.0224211746280485,0.0191982903029477,0.0181215968236601,0.0205610139332952,0.0163746013121664,0.0125676094293417,0.00617623642650722,0.00946519003762836,0.0162587309485804,0.0205110983785282,0.0267079518206883,0.0270265103991971,0.0260269880035391,0.0244702747797232,0.0207964302484238,0.0182446093763915,0.0127533118036269,0.0124505147276015
716,"ZWE","Zimbabwe",0.000685197647374736,0.0020734975268033,0.000661367935867574,-0.000876952648756067,-0.0059807541703032,-0.00323793810623891,-0.00489557504118054,-0.00262092136439926,-0.00319172615704549,-0.00315372149691986,-0.00229940658203738,-0.00229747107670366,0.000845356178820644,0.00978706297094023,0.0143278374408715,0.0141923336973613,0.018704150939225,0.0144450844438337,0.00843335492327668,0.000913001498763277,-0.0070224409795302,-0.0175751369107827,-0.019346327261655,-0.0181405116167693
