"code","iso","country","GHN.raw.1999","GHN.raw.2000","GHN.raw.2001","GHN.raw.2002","GHN.raw.2003","GHN.raw.2004","GHN.raw.2005","GHN.raw.2006","GHN.raw.2007","GHN.raw.2008","GHN.raw.2009","GHN.raw.2010","GHN.raw.2011","GHN.raw.2012","GHN.raw.2013","GHN.raw.2014","GHN.raw.2015","GHN.raw.2016","GHN.raw.2017","GHN.raw.2018","GHN.raw.2019","GHN.raw.2020","GHN.raw.2021","GHN.raw.2022"
4,"AFG","Afghanistan",NA,NA,NA,NA,NA,NA,NA,NA,NA,NA,NA,NA,85394.357260079,88857.5710840378,88693.1023655213,85666.3856763499,79149.1160574269,66991.2544588282,55777.5134198266,48330.9097907207,41368.646242999,39853.2802463557,46800.56972322,NA
8,"ALB","Albania",1185.70816416367,5563.63595751537,9967.89277374599,12197.241524444,14819.1609388472,16180.8137060949,17724.5271759826,16886.4319768185,14188.7063741301,11555.5517744018,10067.5330434476,9681.20009204504,10035.3443815068,9523.22898005952,11469.6506170079,14363.3859908459,13067.950851783,12015.0645835027,12249.8639055979,10680.0556033889,8478.22454867627,7037.7757996463,5782.71596179161,4429.71073160666
12,"DZA","Algeria",288409.511634117,263925.853050523,215050.545101256,172752.081325819,166708.830446916,142181.405135587,200074.368137637,238829.423710424,248385.514161996,292460.753055361,310452.701694522,328631.864947024,334101.957690536,351373.6550039,366598.53955548,388078.118846692,435649.723352353,459480.914479479,477959.808121028,492091.60373242,492098.771336414,439713.215109329,436550.367706944,412369.264377865
20,"AND","Andorra",NA,NA,NA,NA,NA,NA,NA,NA,NA,NA,NA,NA,NA,NA,NA,NA,NA,NA,NA,NA,548.975274049586,393.555750413223,235.878350680426,88.2049007363424
24,"AGO","Angola",246913.976321691,234005.935178564,209323.869983981,175766.720045807,146080.060190124,140784.72465512,129616.098090092,105498.200598736,94740.9495272053,96544.3927954951,97959.23359132,113548.643697165,113387.943738998,117347.200641819,128055.9964851,135813.592427514,154899.014214483,145348.336690751,130651.754568371,98605.324475408,78454.209464617,66771.4250840005,58300.0408263162,63264.8671077491
660,"AIA","Anguilla",NA,NA,NA,NA,NA,NA,NA,NA,NA,NA,NA,NA,NA,NA,NA,NA,NA,NA,NA,NA,NA,NA,NA,NA
28,"ATG","Antigua and Barbuda",793.449427272726,841.99803090909,894.182007878787,982.533007272726,1054.30123454545,1121.6731169697,1185.22236727273,1276.3563430303,1339.96458545455,1339.09024666667,1347.14015333333,1206.56595393939,1055.15532,953.733273333332,843.174192727273,765.21214,735.731112121212,772.863772121211,817.195987878788,877.351526060606,1004.07577575758,970.631345454546,876.914489264216,826.068189138851
32,"ARG","Argentina",420748.064501007,426081.873399701,404258.727964276,377626.880941844,401384.069265861,459946.430931287,495526.784471977,556997.077979072,584288.260933146,615945.883224069,584831.789037675,556816.045438542,506202.270418676,435426.163076192,383523.317595968,367151.141194756,360018.15966391,384870.129242019,412333.666227576,435047.094709573,426292.582856261,383781.455545819,411585.380773557,430427.752770759
51,"ARM","Armenia",0,672.039161625072,3863.50316215224,7230.88236213308,7599.38914390591,8196.62627700177,11022.6985336434,11984.0334080032,14382.0996796722,16897.9918529067,14169.2469076508,12582.3404306746,12814.6871658197,13593.8120081728,12976.4245942151,12332.4836903338,12191.405973852,12796.3016091917,13365.8690359677,14948.2395343146,14764.9882346215,14438.7012236833,14694.299577938,13983.1440944206
533,"ABW","Aruba",1936.02932363636,5901.52954424242,7748.32575939394,8998.56057030303,10091.1460678788,10564.5377248485,10642.6572818182,9865.76027333332,8769.87402181819,6517.83524606061,3721.74796666666,3018.32319212121,2536.8247351405,866.668731504132,0,0,0,0,0,0,0,0,225.649806732961,NA
36,"AUS","Australia",816350.148696979,937054.564645282,1073137.5275066,1117341.04394831,946158.57420999,981560.504731655,846342.955581316,829988.043880874,753501.389797388,610421.08546198,587712.85155544,531845.437248937,810416.425879432,968433.159895923,734994.533200364,726530.969560888,654579.316758222,580764.832989682,658759.712659866,635155.969062133,546933.07926787,332314.110476086,366945.221390096,471785.457576214
40,"AUT","Austria",93348.1357559797,92599.0484411034,108551.20109416,113054.358881014,127557.935710751,128135.202834656,133132.970588199,132590.744450981,124042.733850891,114108.756984346,82795.2516131599,71899.4358224319,56914.792549052,40876.4976739205,42632.9427579829,36454.0233173532,45941.2470683396,56493.510172724,70072.1171718893,73349.3003834822,72489.4218232708,65011.8944739532,73260.3869356207,61649.5469717032
31,"AZE","Azerbaijan",12024.6172934139,6802.26423766912,0,0,24690.2125653798,48527.5148537914,64395.3378347843,74980.92162707,78872.3988391956,98159.5417952858,90455.5727316362,84119.1048418682,80244.7206856708,79157.058540364,77571.8951270083,77793.9779523299,80473.0042444754,81193.1647723655,78269.7986839024,85574.8055822517,94825.0988449607,90483.7596765848,97623.1408833712,102751.622650684
44,"BHS","Bahamas",2442.32862424243,2957.47960606061,3225.23666666667,3569.86448484848,3558.61974545455,3493.26298181818,3071.267,2636.0315030303,1916.89313939394,1950.75723636364,2566.13593939394,3090.32532121212,3082.35706666666,3109.75801818182,3190.4498969697,3530.13246666667,3736.14997575757,3536.39874545454,4047.84586060606,3898.98270909091,4179.4484,3777.59493333333,3259.71661632368,2760.74515698878
48,"BHR","Bahrain",66578.2362480646,67200.9260204024,53126.8856872281,40683.9013383768,40826.5926783737,39080.4990055183,41244.1509532911,41749.0780376854,60259.910159498,81566.8518856249,94218.3161177535,106925.682322297,108150.808263677,106488.838485555,115598.778118023,113759.24859005,112287.076008117,99243.5571804058,97266.4571138231,98095.158778482,109698.603021097,110516.533327463,108968.546669392,101896.911407169
50,"BGD","Bangladesh",196722.161721905,204035.731404691,216777.011601045,225108.782049376,228177.245045872,231176.995872364,243467.272528617,259668.087959328,266439.294853018,279305.632398034,292596.719368787,309567.167633153,325609.50567177,338049.950480114,340231.424791406,343862.832836864,355124.592786241,358634.833930312,365531.150834309,367759.437122312,405731.310871621,398719.984985295,411169.551857891,414249.605694859
52,"BRB","Barbados",3012.60983761588,3538.07874528185,3776.06163444317,3912.98211647263,3563.25980215494,3188.39920638199,2905.99773493561,2542.86796419627,2469.94876505988,3086.33573280961,3193.65559008033,3086.55348537114,3163.88498569252,2665.27057915146,2386.14558130852,1840.72554845602,1557.10027040697,1399.07235287674,909.259694559162,823.903109555178,1080.61123511775,54.1493537460374,111.488097441692,504.302247976144
112,"BLR","Belarus",0,0,0,4379.7088423379,35324.189723627,57732.6398378991,68158.0875397483,87881.3370940593,99300.6138171377,120214.55508867,127000.351881588,132674.228534193,162331.762349847,173940.887344181,182075.954431165,185224.080822982,170752.064563041,158216.529164397,144168.697602129,137881.966354385,120443.717569645,99679.9909802858,101378.984313439,100395.75682299
56,"BEL","Belgium",178318.609538555,173994.279238116,167733.081218582,163649.762224311,154918.004612248,153738.329472194,145227.912218547,142649.327779315,125998.165053818,126077.41350847,88265.9493592778,91305.5274351971,64173.986274871,48040.6146228566,44247.9551870213,34996.0893754992,45923.0120193692,52676.8796447335,61082.0775296589,79641.124728028,79180.0678811262,75217.3227101664,83616.283900134,68584.5317295997
84,"BLZ","Belize",775.125187878788,809.225593939394,1096.25608484848,1384.22991515151,1746.98344242424,1556.37432727273,1582.90796969697,1562.7402,1729.88887272727,1667.25144848485,1848.9248,1896.65872727273,2152.66713333333,1954.11923030303,2173.38801818182,1953.51883030303,2207.12437575758,2231.80245454546,2209.78609090909,2090.80993939394,2388.0766060606,2256.73736427349,2533.68741322018,2459.85433178386
204,"BEN","Benin",16908.9234060606,18024.3334666667,16392.1532242424,17682.9227844156,17457.8448415584,17425.3313212121,17857.8409038962,19774.1735584416,22391.000230303,22639.9650129871,24035.1459896105,26616.5420415585,25961.2634025975,25859.4820467532,26330.6302268399,25676.2972727273,26361.2510770115,30235.7002915794,32997.1542684639,36344.847259851,37932.3728220285,40599.61494955,42270.2866541373,42095.4714511816
60,"BMU","Bermuda",555.240339393939,524.085236363636,580.466424242424,560.036848484849,630.851975757575,732.422496969697,794.599466666666,1008.46603636364,1298.05527272727,1230.50443636364,751.142206060606,796.620218181818,404.825079913667,282.162721535475,405.997932909349,436.01061671258,251.19213134986,449.672592690542,866.413866666666,1322.28208484848,1118.96339393939,882.046933333332,481.805252521948,108.055840468167
64,"BTN","Bhutan",2984.83676746719,3086.07099343558,2909.61024901807,2712.59727463121,2217.23250029837,1514.14008810149,1637.36419367586,1724.65115842236,1902.87488955873,2159.42354471451,2165.40766522848,2486.06205727516,3216.86180002975,3812.71484300716,4417.33474789875,4833.46797323404,5227.36219403978,5977.60867220927,6439.7539049041,6930.01868880012,6665.52436317036,5900.42358513909,4595.06964648692,NA
68,"BOL","Bolivia",30689.2924247409,20066.3393108696,15302.8543912358,26121.1670071368,37038.8667146444,53535.5145166833,62758.3512301173,65180.7665222549,75546.4196165292,80673.5478747126,84196.8817006039,92492.5861106455,89906.9040888764,95708.8711497944,98814.621727793,102827.134764521,108295.254472832,112298.944938827,111150.430338157,105389.324192867,97958.8202895443,84023.2507890968,82766.5645279261,79304.1848964697
70,"BIH","Bosnia and Herzegovina",NA,NA,NA,NA,69957.892968555,69826.0252846555,63537.0564068659,56545.8888403328,52484.2442046595,54889.8177786633,53266.2783745291,55749.0356972851,60974.3171611029,57309.6747299792,51184.0947398713,42720.6367438728,32989.7331243386,34726.1155340872,33297.8804390024,33729.658864408,29465.4638683881,27736.7404798042,27175.8905121095,25602.0822238332
72,"BWA","Botswana",18024.6227975757,18712.3365333333,25670.4380121212,28692.8858909091,9435.15536080809,1335.73793939394,0,3767.93151515151,1070.5662787879,24610.9047757576,9196.18974712258,39751.7951354378,71096.957261728,61340.4817623821,47523.7551453471,29442.0261476755,10545.154336204,0,0,0,0,0,29907.0659945553,44785.853220346
76,"BRA","Brazil",1430615.23636364,1457579.73333333,1504972.37575757,1560483.60606061,1605581.25454545,1711016.65454545,1749153.47878788,1703839.77575758,1722756.18181818,1723851.03030303,1600417.87878788,1705842.5030303,1732573.52727273,1815939.52121212,1910147.55151515,2071676.04848485,2065532.20606061,1925518.15151515,1846676.32034193,1659191.94214394,1424139.34272713,1260948.8865828,1302175.5447216,1288400.12335355
92,"VGB","British Virgin Islands",NA,NA,NA,NA,NA,NA,NA,NA,NA,NA,NA,NA,NA,NA,NA,NA,NA,NA,NA,NA,NA,NA,NA,NA
96,"BRN","Brunei Darussalam",12209.2035868745,10612.6887888984,12924.7231505374,11682.8358436152,14383.2219984429,13503.8388405383,12562.0802548819,18727.4586440043,23636.9616291304,31912.3683171172,30318.2232668083,29543.6343830224,33132.0676431733,30934.5966956585,23847.0058159688,20315.7462616645,9481.19542898891,8098.84908077938,9983.07227565234,14369.7597563793,17075.6176337053,19253.4434281951,23643.2753713276,26084.4942892463
100,"BGR","Bulgaria",34340.7912984958,37899.1048202225,46104.7883444897,31129.2212658857,42384.6206197178,45337.8062949767,49363.2644128947,60739.0526998952,83586.0613823325,95353.7799569751,73499.4142962598,63633.7522553986,73492.0916888388,55590.6436885931,36931.7910494083,32417.5938783307,37101.4399223896,33850.1481842714,50144.594056095,52300.7317481154,41509.9377358469,22744.1962882876,40394.8341589424,55297.9453776537
854,"BFA","Burkina Faso",30777.2343655313,33254.3905709952,32500.4480534765,33260.5315020366,41204.1357664228,45583.481718126,49177.2521810221,50881.9884052275,53125.6062249521,54604.7805356155,54586.4810069399,56170.4440463477,53817.5144868138,50733.1153207851,52761.7006663127,53987.766676802,56720.0194326228,59641.5118449422,62042.9509602274,64250.8023556816,66519.4212343788,68366.4705342847,70807.3467050427,71658.359982065
108,"BDI","Burundi",3845.23528242424,3933.25958787879,3999.4953939394,4069.61547878788,4152.9313939394,4486.28025454546,4968.06678787879,5705.43167272727,6549.18157575758,7331.5208,7880.56673939394,9100.29196363635,10163.1739878788,10629.7692879654,12139.9222892929,12552.0251191919,12515.323209697,13270.5648517172,14675.2382876768,15418.4548733462,14453.3169842252,14030.0231617261,14071.7041661942,13416.256334393
132,"CPV","Cabo Verde",1036.41230618182,1125.46966084848,1259.31297915152,1432.15242472727,1503.95975515152,1516.77844921212,1567.1931129697,1603.19668969697,1560.94225575757,1376.33875030303,1411.61425454545,1436.00190909091,1577.41443030303,1343.11172727273,1182.45936363636,1018.5394,895.048872727273,847.522369696969,790.277836363636,737.669212121211,804.243204628098,813.563454545454,1104.60189513318,1178.80872477702
116,"KHM","Cambodia",NA,NA,NA,37226.0590607494,39327.9651225149,35198.1356392621,39225.7441521744,44773.0012614625,49274.3912495588,52813.4508363636,59267.8023780773,61511.7248458254,63645.8749971601,60879.6099453344,58137.2473419935,54721.7242938577,55044.5228504827,60348.8135596904,69719.2921251751,78395.1915922473,94019.6086709241,103408.788252228,111012.710308273,111328.833617234
120,"CMR","Cameroon",45748.8777653993,54139.9809962189,54708.2448291041,51994.867974601,51908.9352967609,45430.3915954217,44218.7274815461,39852.1823947298,39469.9103493694,37987.5236931984,39242.6453802826,41345.3525080597,39762.9294884629,37477.9423858364,42051.8723015739,47260.1044062287,59956.7724429652,66615.1354899013,66908.9432255196,67959.7273538082,70283.8513935023,71846.8229743814,68914.0472621987,60970.9415106607
124,"CAN","Canada",1072057.29292419,1137453.27331588,1096912.44821626,1080109.36169733,1061769.61595697,1028704.06224222,969599.071517021,917179.197587267,942773.300038155,867531.933160783,719757.534422074,693035.870069735,669975.954976636,661308.760648953,687743.081058238,720258.136344553,745763.955974276,718885.934394268,797235.302252368,865430.085416697,838770.062373174,670147.369944773,629263.645720519,606965.25379658
136,"CYM","Cayman Islands",NA,NA,NA,NA,NA,NA,NA,NA,NA,NA,NA,NA,NA,NA,NA,NA,NA,NA,NA,NA,NA,NA,NA,NA
140,"CAF","Central African Republic",33106.8186836364,39246.8790060606,31643.1357090909,22263.8793212121,28396.190569697,20902.8381818182,18750.1791272727,19465.6021818182,20766.229260606,28487.3141090909,18894.7849454545,25488.3827151515,26744.7408969697,14354.0592,17191.0438519008,13391.1292826446,13965.4243304316,18873.1284961616,17753.6805105601,22926.4900363636,16244.6926157576,18346.720990854,21969.7538956833,21229.2980630218
148,"TCD","Chad",81236.8419449939,80260.2293832726,73342.8629298181,74221.4148089697,76208.3336768,80101.7308025697,83935.6379676122,89107.6145184,95648.2147259878,97993.1867258667,102483.16864863,112310.076178473,114275.819493231,118894.63730743,123384.272023754,129979.023204596,144196.057287412,157119.630897635,167403.378249785,178148.40454086,184534.092343769,195103.986400146,202212.762838362,209612.023516956
152,"CHL","Chile",216934.715215763,217508.07081731,193024.663956413,173140.24121398,147121.981027711,134858.229172498,121453.153982156,121000.715736296,144090.649590342,159732.606539466,162990.051307486,173250.394364945,190165.681603106,198622.114236561,193996.450628413,177152.080550527,172203.467165854,169175.99594075,171891.676562781,175624.117141385,182863.351982985,149750.286315014,166201.580460416,164544.277022363
156,"CHN","China",9191614.68891289,8928901.5552263,8612837.50529834,8994269.69784888,10886257.3719436,12856988.5014959,16167419.5516965,19789132.9867545,22694578.2237258,24763674.354822,26249142.9138846,27922624.7150979,29702362.188342,29710765.1797707,29373786.3560827,28018265.3440886,25743408.6160242,23120197.0655285,21029674.5487336,19456270.142374,18139781.4459705,17515171.9257197,18931982.6961405,20019864.2828003
170,"COL","Colombia",183745.077331917,172171.213696806,158887.832047382,151643.643283891,156624.29137153,161192.599456896,172790.173179031,183430.594220321,203603.201120544,242578.037346415,261047.145958711,286309.054731485,290862.712859491,290374.818319884,305197.805570142,323905.115144098,318499.394480179,321545.114492058,297983.787334417,278960.475917504,292393.376727998,285559.204414376,291773.695306135,293177.50059848
174,"COM","Comoros",849.874121212122,829.346981818181,849.777030303029,861.562575757574,910.397903030303,957.677145454545,981.295024242426,1076.39317575757,900.988654545455,902.273466666668,957.183381818181,1037.18468484848,1064.18575151515,1126.48205454545,1251.38915757576,1293.65452727273,1379.56848484848,1554.52366060606,1656.14382424242,1727.54987272727,1791.1204,2009.09715151515,2159.53191463304,2196.37478591004
184,"COK","Cook Islands",NA,NA,NA,NA,NA,NA,NA,NA,NA,NA,NA,NA,NA,NA,NA,NA,NA,NA,NA,NA,NA,NA,NA,NA
188,"CRI","Costa Rica",16896.3657294489,14624.9615823851,13240.3175440627,13682.6680029233,14699.3938264462,17075.5709501501,16797.9656901515,16775.6273973807,20028.6736493469,22458.7735613885,22635.206925084,21765.6500609576,20596.634977038,19160.3547736404,19423.892574241,19047.4510692644,17171.8911196717,17153.0894504578,18933.5824860709,21137.7537874145,21488.3708308618,18109.6097403774,17877.5209274708,17371.739264909
384,"CIV","Cote d'Ivoire",37524.5141382892,38775.4017550392,40677.2794404153,40650.7510538883,34059.9883064831,31520.8276912178,35339.9460227301,36061.1210658509,36721.5373573662,34902.3605031329,27764.737854317,25619.2697094214,27887.275681066,36052.7480706463,41459.6250697599,44020.01721818,49112.9986994517,62251.5218811866,65867.8647405504,62779.2008405538,57480.8999430078,52915.8332663456,49598.8541002537,48247.0169256963
191,"HRV","Croatia",NA,NA,NA,NA,NA,51104.1889145078,51250.0129439617,52298.4932234411,57062.932033527,53682.5317311556,44401.3439543006,34972.4100442641,27874.3783934229,20532.661541243,17558.0344027683,19988.7326186658,23859.9236856436,18469.4300118551,17644.6056708325,12583.299033751,13618.3885501049,14505.7392838444,18556.3062548113,19411.4434150751
192,"CUB","Cuba",41843.4252477387,49498.1359174033,59905.3123720338,59609.0167722949,54315.919646425,48059.2619981801,44054.1359232404,45571.9861777735,46466.8750404787,51656.5859909784,54770.5573741023,72094.4656232721,68928.3673650264,69881.327898459,65735.0893595159,59320.2830259603,55596.835534031,48818.8217295159,32391.3317762812,19750.7481410198,10342.6396001967,8550.35778677226,4216.89601797501,10087.2903425456
531,"CUW","Curacao",NA,NA,NA,NA,NA,NA,NA,NA,NA,NA,9172.56510772415,4844.56701213063,5661.65458745463,7806.2748931052,7463.53135827325,9776.41734566193,11917.3072748763,10300.9621058862,7667.2231317216,4531.6916648664,0,0,0,NA
196,"CYP","Cyprus",14566.9440690593,14295.4910316368,13596.0482165638,13697.3977139473,14413.0246736801,15097.8782188727,15060.0206347989,15395.8674345496,15790.6319127564,16213.6864689335,15611.4802164777,15020.5866871325,13039.0997341488,9941.51053503936,7251.29444020478,7009.75389814296,6975.31064964442,7178.78074980285,7907.08769516959,8118.70137444856,8693.4206847893,8683.6341626501,9933.9963882696,10422.8682314715
203,"CZE","Czech Republic",0,50512.4419302352,75952.3403319597,90195.2377095391,115042.966598933,127419.131843039,130514.5449961,148675.888827253,165907.701277659,156848.836853673,115074.587115699,110479.958030329,102054.504936367,83099.9611178524,65821.9895513928,55776.7719119628,53894.7759883006,64001.42832942,84859.2846867343,96905.1404297057,86255.6876392935,66062.2693895986,74431.8367815933,81221.850254603
180,"COD","Dem. Rep. Congo",33465.12140889,34413.2654846584,35049.5321118804,39886.3175082545,53322.3475671065,72701.3710562024,90329.0935537977,100472.602308653,98567.4354061799,100870.70818299,93120.313846538,86845.897990302,74545.2844507748,82513.9903385186,96586.7074572118,111834.793111588,120875.373420052,128073.603347927,134656.148739722,130439.071202961,126709.613036981,121973.800254124,114036.762021461,109922.253722084
208,"DNK","Denmark",92572.2806041944,59649.0252796948,55088.6988776558,38332.3633058505,41106.1477493249,30447.2273948059,14805.0347573084,50719.4208541588,55073.6571028291,51295.0805158306,42673.3716192659,34020.9103084475,17299.585528409,0,5790.41750182099,0,0,0,0,249.370857730173,0,0,4312.98656607707,3851.8945929691
262,"DJI","Djibouti",NA,NA,NA,NA,NA,NA,NA,NA,NA,NA,NA,NA,NA,NA,NA,NA,NA,NA,NA,NA,NA,NA,NA,2239.71380653933
212,"DMA","Dominica",215.121666484849,268.753026121212,307.512782787879,288.11755169697,316.173669818182,393.954943878788,454.169431333334,447.304490484848,524.808062242424,515.418062036364,534.38494430303,507.102639490909,442.822343224243,384.477090715152,304.579877236364,283.686082181818,292.901217793939,250.687442981818,220.770931967236,223.640746574545,271.03380969697,256.401606666667,229.289794032137,227.385059362025
214,"DOM","Dominican Republic",64475.3239626259,63819.8502795969,62197.6070468695,63618.3783969339,60958.7726023632,47434.1008883916,42314.3870933386,42138.4836240467,45558.7289441062,47978.4330765108,46713.7590636861,48439.0934797892,50664.513812777,54441.2182174854,57835.4039293537,56092.2802059128,57275.2486177691,60313.8864970512,61639.4623630948,68325.7036034766,76271.7744913952,68187.7560508543,65611.9669572901,60924.3550872239
218,"ECU","Ecuador",81464.1829719218,63399.7388159117,57877.5123745072,59764.9739709796,71152.7165995256,71180.6243288466,83077.7587841562,94661.6532777305,106054.309490246,103146.771444601,109948.88515547,111405.990706537,116026.768798444,111789.562893446,114440.95553611,123927.541628156,117316.528048561,105251.590400871,97716.9064139239,77799.7887551227,70365.4662706281,49100.130627794,56518.3242338928,59278.9593774799
818,"EGY","Egypt",410686.382756899,450432.837392845,425912.999445456,410477.898044978,453580.891645475,455997.165136231,507108.428672626,540285.620214322,575870.792850678,617717.541893385,645741.809403902,646718.722253893,638633.243378803,580404.374003937,519444.893947763,488431.165846112,447102.503464499,459538.602086214,516072.093688973,510693.470463115,541626.298850812,458543.249602373,484544.674421069,502950.546501186
222,"SLV","El Salvador",22502.2517317467,19523.0831969633,18881.8842054311,18110.341201908,17887.0059851421,17582.21306404,17626.8416077403,17929.6128214182,19118.19306322,18158.0591039786,16703.6187044666,14051.5268384255,11858.2115409216,10680.5971315008,7769.13999530237,6624.39651588968,7338.46104336084,7984.92004377018,7639.96876873662,8223.48571047402,10871.6768852179,10525.6830635348,13280.9618643113,15606.8708103004
226,"GNQ","Equatorial Guinea",41414.7412479029,47256.4133586426,51536.5729132364,45371.6508205044,42369.8790828054,48962.4028258201,45738.9938950654,45453.6431669829,45248.7667230773,45625.660127456,37872.1314554731,38275.9940144449,35552.8286688064,30694.8816710223,25546.0935569547,25022.5253222635,22380.4192009795,20732.1565153863,18927.7165845408,12215.8616261306,8654.49749215197,9359.30172417539,9813.87221313398,7613.89177687447
232,"ERI","Eritrea",NA,NA,NA,NA,9234.51567117239,8557.63437732229,7795.29208225032,6731.55776419566,7558.14425026859,7213.29277165777,7426.23574962779,7526.06682079466,8017.41539611852,8056.18916804482,8313.6653444682,8736.34833010711,9212.0974774298,9049.11866664323,9221.41425552961,9235.91926762499,9211.91316627814,NA,NA,NA
233,"EST","Estonia",NA,NA,NA,NA,NA,15772.1541110351,18006.981033754,20511.0420929639,33108.7361756224,33196.9759204229,24222.1058710288,30137.5128390075,30877.7830902205,27816.2040165107,32824.4275852126,33466.0074251979,25844.4912776004,22779.7716777963,28535.5444909494,26899.7540351648,5634.48376091533,0,0,0
748,"SWZ","Eswatini",4373.79364848485,4372.16792727273,3931.9027030303,3949.04615757575,3147.56709090909,3136.70997575757,3140.74884848485,2433.03724848485,2741.71099393939,2650.55535757576,2777.2888969697,2381.17446060606,1660.48701818182,1806.77842424242,2519.16841212121,1423.05536969697,1307.71957575757,1536.59752727273,1715.39383030303,2124.78233939394,2498.53084848485,2342.88578600551,2238.732114323,2780.45055400378
231,"ETH","Ethiopia",127309.721381905,128172.996011449,139903.796069963,171659.436369857,172242.164613731,175145.04788141,179940.692348942,191429.373278902,217824.83369555,245023.771367878,265416.831670572,275611.798104556,271522.370213879,285540.92716879,288905.549363218,293776.992803817,290818.372903204,292114.614069282,299812.747079797,302852.831658265,324918.762783588,352314.147359657,340164.175896234,340496.416646471
234,"FRO","Faeroe Islands",NA,NA,NA,NA,NA,NA,NA,NA,NA,NA,NA,NA,NA,NA,NA,NA,NA,NA,NA,NA,NA,NA,NA,NA
238,"FLK","Falkland Islands",NA,NA,NA,NA,NA,NA,NA,NA,NA,NA,NA,NA,NA,NA,NA,NA,NA,NA,NA,NA,NA,NA,NA,NA
242,"FJI","Fiji",3094.91978954653,3145.06478836676,3512.30695864039,3142.23520863486,3307.55819576209,4231.14526808018,4048.52962534944,4410.30044304156,4310.89207062627,3360.2098055779,2276.14458275627,2368.94129498644,2226.12635755363,1731.98852258375,1925.15813086474,1644.89067461854,1687.27504742465,1807.45668032173,2432.1167123452,2598.39535834653,2651.83738736237,2095.89257554768,1988.1346597977,1985.40250109759
246,"FIN","Finland",97688.3212121213,92604.3557575755,100755.428484848,102108.861212121,124073.370909091,140115.507272727,109415.256969697,137347.909090909,131264.743030302,100006.784848484,70127.7000036731,65246.2206060606,39651.3569696968,18664.1012121214,21528.3369696974,18835.8919669423,0,18774.0765840222,1264.23818181809,1243.66181818183,0,0,0,0
250,"FRA","France",533531.684333942,493420.536962189,526557.585541063,530391.961253272,522654.52275683,497644.930196574,487199.103793425,487140.501055522,466095.660865411,452996.863343977,383775.583108506,360115.139323205,286153.462845928,254340.513750868,257196.811299856,195988.803533841,209691.303731157,233725.26520062,273275.711271071,271347.037774429,250787.958440363,180100.096506577,194558.743844472,181046.272112246
258,"PYF","French Polynesia",NA,NA,NA,NA,NA,NA,NA,NA,NA,NA,NA,NA,NA,NA,NA,NA,NA,NA,NA,NA,NA,NA,NA,NA
266,"GAB","Gabon",50420.43967701,49765.77573718,49092.7427004263,45704.0670894361,47758.2847035827,39661.1442512866,31694.9381116796,20501.1910219185,3235.67214923551,684.38892267221,0,0,0,0,2934.47558196356,11600.3516631343,21103.4866787047,25141.9707894018,20440.596176185,16050.6117885017,16612.9711295374,16805.8208755112,14667.637027089,12136.2599232443
270,"GMB","Gambia",2071.83438787879,2255.92095757576,2150.26939393939,2037.89631515151,2109.88504242424,2359.55450909091,2560.78683636364,2934.63953939394,3005.1651030303,3429.55918787878,4418.58854545455,5335.62701818181,4812.18052121212,4602.98463030303,4424.49642424242,4498.15869090909,4825.0736,4457.38690909091,3932.11806060606,3481.30078787879,3890.09090909091,4350.46967272727,4244.83255543186,4076.91104673749
268,"GEO","Georgia",0,0,0,0,7886.79699143448,12626.4100488231,11974.2925437734,15634.3937339352,19127.0537556219,18830.2697673941,20930.1764058802,20935.392286169,23298.8081310904,24532.3118867687,23755.2734883741,25336.6917113275,26944.5754161327,29406.7390047222,30975.3011285144,28436.5503332027,28028.3066534616,24254.5193448818,23427.8266293679,22859.7458572903
276,"DEU","Germany",528274.148799928,611526.902119615,702901.067753952,680838.155131016,686950.344258704,663452.330084906,624785.176268045,710214.165668326,702829.680405676,713409.228979524,523925.823167093,565362.495040984,546390.26830271,572762.770488561,681503.327900307,667894.68394046,692544.052859918,763768.644209316,768236.409823486,727425.229830715,500650.956712278,275314.157071799,210989.098563364,135354.129456748
288,"GHA","Ghana",35971.7940864381,37688.0094219572,35339.7914181818,33146.8263232727,32846.9023041939,30212.835443903,31125.9499790545,36843.1703788364,40171.2533816,46127.532019297,42697.4519649066,47986.7167379029,57733.4350455203,65904.9594700474,73967.3145101567,77466.5307395155,83374.47749543,84379.6988840651,85416.2274665065,90647.8492837414,91778.3314027195,98736.4917510814,103287.513586434,106363.06096843
300,"GRC","Greece",169869.620965923,188769.713854207,198153.656508249,202339.793433382,207868.267464099,208319.46341088,212407.236330635,202868.725924197,202272.692510636,190316.996734008,157420.362931871,121760.742427782,112597.884460831,104821.881204084,94716.7030216487,89698.3521915637,90716.2870023362,88066.5450868318,82583.3523865535,59926.760290756,19473.3766289751,3512.56307101273,0,0
304,"GRL","Greenland",NA,NA,NA,NA,NA,NA,NA,NA,NA,NA,NA,NA,NA,NA,NA,NA,NA,NA,NA,NA,NA,NA,NA,NA
308,"GRD","Grenada",553.891127272729,549.719986666668,542.000953333332,549.14691939394,550.86786969697,519.604067272727,524.845286666667,548.582223636364,581.996756969697,639.73488909091,686.628406666668,724.917977575758,709.039640606061,761.805921212122,890.092850303029,720.984549696968,707.427143030303,695.048827272727,698.868806060606,783.568121818181,876.330735757574,832.24677090909,900.025676880405,969.110676802673
320,"GTM","Guatemala",41902.8965717428,44297.3477682276,45703.5761101022,49293.0720179055,49122.345667537,51253.0288965356,54651.5065207824,53295.3846404599,52660.9665740266,48073.850445078,47676.6215693847,46028.8075386981,45059.3986786071,45422.2086973255,47394.9753244787,51017.5505753342,60583.095629899,68755.2479877148,75558.6293519209,79998.8115704797,84499.8437943561,80087.0737621972,81009.5768300185,76156.7916100412
831,"GGY","Guernsey",NA,NA,NA,NA,NA,NA,NA,NA,NA,NA,NA,NA,NA,NA,NA,NA,NA,NA,NA,NA,NA,NA,NA,NA
324,"GIN","Guinea",21748.9468363636,23047.1869818182,25077.872969697,28488.3672,30500.6098424242,31754.9164121212,36329.8997818182,37691.5479515151,37618.429769697,38241.3362181818,37798.7138424242,42224.3149090909,45761.4546666667,50487.6124848485,51813.9138181818,51654.1504,52280.9077575757,57442.301136978,58430.0530449512,56224.7498684716,55941.6052434037,58347.1696273453,59286.9819360741,61515.5683902809
624,"GNB","Guinea-Bissau",2570.11890909091,2562.99735757576,3220.60112727273,3697.23967272727,4165.78875151515,4324.52064242424,4406.75546666667,4764.28027878788,4687.40732121212,4093.46281212121,4072.54404848485,3950.60078787878,3976.82243636364,4445.23850909091,4594.02071515152,4562.1341939394,4695.95192727273,4791.60018181818,4890.52990303031,4780.35492121212,4704.79664242424,4633.22333333334,4359.40336580509,4381.2946547881
328,"GUY","Guyana",9419.26018181819,7956.63581818181,7007.16753939394,5348.50401212121,4733.61368484848,4180.62711515151,2886.4993090909,1904.58829090909,2468.46437575757,2835.08876363636,3971.64693333333,4441.84953939394,5106.88618181818,5536.63644848485,6671.61980606061,8093.66316765498,8562.29345182772,8152.46687703716,8154.38697371892,8259.09875198573,9059.26241036159,10368.4521165601,11046.7762094704,11251.6933315164
332,"HTI","Haiti",16775.6253538499,18516.3202327542,19137.7531238412,20769.3733712627,20610.8654323193,19195.7132607244,18981.5371387552,18452.1643894219,18709.9270730752,18390.9757974552,18123.8401216112,19258.1451539549,20176.208496141,21176.8131335898,22644.5391126144,22959.0287035751,22928.79180481,23694.097940703,23878.8121854659,23804.7494853753,22757.7365603237,19960.7083009302,17950.3344027729,16162.2525137212
336,"VAT","Holy See",NA,NA,NA,NA,NA,NA,NA,NA,NA,NA,NA,NA,NA,NA,NA,NA,NA,NA,NA,NA,NA,NA,NA,NA
340,"HND","Honduras",19538.8662984028,21032.200659006,22901.1621156482,24647.1492256019,29038.7659725435,31605.3990939007,34022.9007128545,36496.1478634193,38551.2416943929,40343.7265372664,38093.1427918387,35448.5585125537,35440.8164698657,33721.9471901238,34280.0861415628,34381.2148825065,35568.7291230746,34601.0516398702,35142.362037367,35111.6533715887,36653.8707471723,32830.3560370445,33710.3145515457,34186.5760447806
344,"HKG","Hong Kong",80987.371043265,79859.4607860495,72819.9992898863,77514.4185351897,91328.7988801373,87331.5306416752,87301.3525004145,71775.1334651636,60952.5439596837,58109.0819956112,59085.3788163568,53120.6630663264,52002.4040204452,47802.3194291955,53798.2914987219,57673.2389439885,55141.3392171127,55423.1722574162,55032.3310919079,54835.7431305807,50588.3890925309,22657.7880471452,9416.37444112146,0
348,"HUN","Hungary",NA,51271.9472292162,68473.2451401656,73410.4720753945,81548.4529699074,83056.6515992818,80133.3679580179,80304.2126493424,77413.0899854896,69779.0612469083,48771.8240066321,33083.2459330708,18815.3910217412,5781.16488292783,0,0,6255.18861686103,19163.487304965,40439.2074598775,59665.2513562653,68265.5353453317,73794.9183316636,82074.4233017373,72535.5968945237
352,"ISL","Iceland",NA,NA,NA,NA,NA,6653.62367248712,6072.80261756417,6152.60329012794,7073.55601526156,8148.55040996241,8422.19641959486,8547.0004824884,7945.91970385583,7363.97109682515,6531.49254050741,5665.78686907759,4912.36673433449,4015.78721109332,4201.47812122966,4906.48489170271,5036.32875385796,4719.96694775663,4913.87839426823,4933.73744097706
356,"IND","India",3321218.84582218,3361176.22249773,3352012.02288921,3302951.53734465,3285393.68998486,3353071.4979779,3475999.87110295,3807450.18302908,4226785.78544551,4647772.9651381,5190311.31316631,5589873.09775822,5924382.75161185,6288098.69819857,6346103.88234933,6569470.33584577,6634094.84127707,6768817.9462036,6831940.21843486,7121798.70446795,7137361.5693565,6464667.67451378,6566864.33692846,6804403.17553959
360,"IDN","Indonesia",1111628.42101457,1024313.34773999,1033086.45313098,998639.874206997,1040823.43743825,1041857.15373881,1020614.56434336,1044712.76960401,1187082.39397998,1125389.45490248,1228753.00455737,1348016.95959776,1647279.38468548,1814948.30719649,1828961.71457502,1832064.46950178,1865096.33233341,1789669.92636649,1813413.56958159,1841783.04601048,1935410.05312108,1786525.42072068,1818103.77229557,2182737.68158794
364,"IRN","Iran",994021.129750883,1009316.35713829,1057486.26475474,1083742.5977707,1155415.6965282,1288365.73004804,1393465.96894599,1520057.97321828,1514570.95449986,1482729.07506505,1512914.50864493,1516191.95662289,1472963.89663275,1386150.04750244,1304774.96882979,1315361.19206511,1287805.17861597,1361397.44451985,1510697.9536093,1614181.2052966,1554587.63401473,1458578.46587347,1410921.9855471,1336864.39111474
368,"IRQ","Iraq",283557.952825917,395943.884141515,403561.631731533,383738.617929491,362500.722768119,401346.507330004,398570.791683551,328583.961939522,179703.662571077,186266.396676366,212248.583264778,258159.489762714,344696.541529848,438940.172864125,506325.531380753,578267.399027964,659031.576856986,786082.545440553,799551.275134894,817956.114654647,837347.521770744,697434.071292175,625698.72006214,610553.019512882
372,"IRL","Ireland",109255.501941755,121957.232210477,133106.99649784,130400.287246873,126364.901569177,117503.141151027,111149.083034257,101194.828648759,88642.2510423064,76941.9410333174,54780.9856682241,42652.8568166661,29217.1084255737,23251.9809479344,18468.8938821832,16487.8295791582,28503.4836610165,48824.9616559225,60530.1621438472,68198.850697952,67743.6913453817,62525.1698829672,61850.0683675202,62179.5606937788
833,"IMN","Isle of Man",NA,NA,NA,NA,NA,NA,NA,NA,NA,NA,NA,NA,NA,NA,NA,NA,NA,NA,NA,NA,NA,NA,NA,NA
376,"ISR","Israel",NA,NA,NA,NA,NA,109814.297205571,92842.6808899436,94907.8117089685,95332.3850406528,109758.475248145,97620.397800075,110017.622551621,123854.981250287,141446.721866471,127281.958153397,107931.534703816,96538.1584180694,86127.8952492044,70075.4380771369,72414.6535253564,60826.3933122007,56592.3902289244,59271.9373281809,81041.0644238902
380,"ITA","Italy",667152.6216851,703021.179728063,705003.266458218,716402.146033454,733660.845269772,706942.641512403,712717.04647224,668842.061983116,618805.390483944,558763.153935574,395345.216457932,363096.630957252,228122.342461348,225928.630664365,293452.391714162,354482.481352342,397620.849174043,381738.354528509,309796.824551295,226105.128355481,134561.667749083,156446.507175629,223070.851439831,299850.625635589
388,"JAM","Jamaica",21533.1485348815,21733.9186451738,21762.2334698654,19703.2806076731,19095.6672760288,16868.3487452389,15381.1570807932,16819.272385139,15345.623152869,13868.9118566633,6555.77664131262,2794.42322218275,3781.12498087864,2478.57469944354,6926.03656736397,7167.72434089767,6947.385550423,7697.68713297006,6928.6944836603,10060.8608428513,9360.0370322308,5107.62890170308,5033.47318048645,3374.49182638166
392,"JPN","Japan",1669627.4881937,1604870.23818277,1469232.93637979,1431249.25045253,1360210.23882684,1351929.44734013,1388109.69310544,1391422.67823036,1498970.39667081,1296807.30149655,1085760.37996579,1096608.08573245,1127524.36473857,1281181.44788471,1376017.6307639,1338757.7844054,1297067.9223974,1234728.54011255,1233498.62203469,1037090.04326023,687250.341731271,330409.856872568,247550.598857983,268816.833038098
832,"JEY","Jersey",NA,NA,NA,NA,NA,NA,NA,NA,NA,NA,NA,NA,NA,NA,NA,NA,NA,NA,NA,NA,NA,NA,NA,NA
400,"JOR","Jordan",35471.7484874077,35271.9278069034,33354.8610796944,35659.423025806,36945.2520404672,42911.1653150635,50298.9578084039,54334.2432407998,58789.973499704,58724.0288133315,57655.2513735124,53142.1338255877,50198.4201597572,52689.5411757248,51353.6332555271,56237.8848172437,59685.4634185036,59594.7958349241,63138.3164490838,61417.5495835056,58897.4950318674,44749.6262088008,39285.616796736,36783.7863079941
398,"KAZ","Kazakhstan",23976.9910309066,0,0,0,160428.0982321,305938.258648023,450603.207378857,596574.340602997,681517.265250515,731561.035720778,677390.220570037,709004.633488929,630009.330581971,594795.013199941,562906.20255219,570095.869858511,547031.192083743,542422.597603403,594538.484345118,630474.550031572,538343.688090858,460438.575806325,375998.879644144,346575.322313142
404,"KEN","Kenya",71505.1608112176,72071.877933553,68382.8711278503,64392.265897144,62407.1434577366,67313.6305120368,69969.3466814452,72890.3391169106,115361.045980183,139701.744970802,161024.592958025,171890.179845664,180083.977098997,174189.224955628,163091.529393107,152977.990980626,141803.575845935,132486.501717768,130920.602903812,138156.292880055,160525.351295223,194244.674066923,201314.922564083,208852.604270602
296,"KIR","Kiribati",82.9420666666668,98.1137660606061,99.1788472727271,104.254572121212,119.312136969697,125.76786969697,147.402276363636,155.253040606061,156.482182424243,150.815801212121,137.096087272727,160.817487878788,155.846101818182,141.231092121212,131.575258181818,136.205224848485,132.785995757576,130.992492727273,154.757903636364,159.897143636364,158.371697575757,170.165829090909,180.857991801707,175.055963055419
689,"XKX","Kosovo",NA,NA,NA,NA,NA,NA,NA,NA,NA,NA,NA,NA,NA,NA,NA,NA,NA,NA,9218.83449459954,8058.42216985056,8910.63652597391,9936.95881385714,9838.74359508169,9160.85335413933
414,"KWT","Kuwait",NA,NA,157267.394010599,115665.656365692,132342.62357236,161498.42989167,205954.004399377,227083.529074785,245471.732870236,258616.549972679,258586.491017571,253851.198080761,239836.709528698,257242.637954455,211441.069407713,161531.785633624,185865.368340033,231185.167922736,228124.265879198,243478.125568383,260815.388304535,238971.485646912,238597.050176269,277464.758294618
417,"KGZ","Kyrgyzstan",0,0,0,0,7296.23260929698,12582.7802851481,12685.7841354534,13697.3646482948,17571.0686640477,23514.3582350716,24345.6172855063,23983.0281859366,25384.2943642331,32180.0486143581,35894.6723856952,40953.4350843051,42334.3881707937,39745.934451906,37372.6375368662,41176.4118121212,34274.8332054936,26162.0616839063,22641.9720710523,22110.5071059934
418,"LAO","Laos",13262.3456840912,13961.1261479677,14376.194587775,15120.2175045506,15603.5027906316,17053.7132412467,17678.8077149959,19087.3103057202,21210.7541892673,22494.9942899717,24467.1513034622,27528.2667466788,28236.663521499,31035.3808929043,33721.9264384032,35496.3531694932,48006.0318217602,72472.4508449354,91629.3544952774,103440.758701174,107649.887612982,109579.618144168,113442.671448717,107897.320040584
428,"LVA","Latvia",NA,NA,NA,NA,NA,5088.07596373703,7686.11196214549,12336.9801655531,16638.6674836106,18118.7436661392,16948.8791818788,17515.4217517525,15614.6732771346,13749.1802759546,12078.4358995541,10657.8038775497,9818.67020194607,9386.50720846037,10053.7890019478,11811.2219246925,11361.3357220679,11229.2220338665,11509.1643166418,9935.59339170533
422,"LBN","Lebanon",51654.7274423497,48165.9615426558,46293.0714526195,43288.5766055285,45506.2187197957,40708.0169153679,35888.0771748498,26061.3775903468,18886.070051665,24622.8472329954,35434.5057609178,36726.7232941003,40448.8932329677,47790.1577569406,54937.8337000886,63642.1242544507,71678.2523388241,73125.6285233929,71300.512948044,65417.0543748298,63837.5777602286,50411.2780930947,43093.5135088911,NA
426,"LSO","Lesotho",5945.35566060606,6105.19833939394,6172.44958787879,5931.37650909091,6022.81909090909,5862.85803636364,6074.80962424243,5796.91818181818,5821.0548,5152.12970909092,5690.64286060606,6053.61161212122,8361.52096969697,9207.68289696971,7521.63544242426,6851.10945454546,5673.58295757576,4507.90547878788,4708.91444848485,3520.09690909091,2548.30235151515,561.7692,2217.16142966097,5347.68248922559
430,"LBR","Liberia",NA,NA,NA,NA,NA,NA,NA,NA,NA,NA,6196.81091035896,6738.24199024498,7185.79029234492,7763.28559756337,7687.81472263678,7687.88508798443,7048.03653678691,6568.8293947764,6948.65605676233,5508.19289309039,6674.66209436009,6453.59312637378,6821.83473772404,7282.23277126347
434,"LBY","Libya",NA,NA,NA,NA,NA,NA,NA,NA,NA,127620.098529896,108857.414375544,127141.28773377,63603.5738120772,64498.4550432971,37541.7273561309,56636.4873655457,64680.5724881862,64771.527025602,71316.0686506199,79105.5471630021,110169.744223199,83478.498019849,130519.047076457,175601.034828472
438,"LIE","Liechtenstein",NA,NA,NA,NA,NA,NA,NA,NA,NA,NA,NA,NA,NA,NA,NA,NA,NA,NA,NA,NA,NA,NA,NA,NA
440,"LTU","Lithuania",NA,NA,NA,NA,NA,13601.1301551772,16986.0006905982,22322.9804721552,31787.5648978208,38127.8401027045,33792.843272757,31580.6369345312,30421.6003934271,29043.5275187684,23390.3329114081,20603.5353354629,19856.8477436514,18479.4790435475,22292.6054266162,23789.3320632938,22306.7084298184,21238.3414942084,22392.3540677686,19643.0625791772
442,"LUX","Luxembourg",0,0,0,3299.98360344411,10716.3209341395,20333.2214001045,24619.3456022786,27336.4012752487,26599.3325137993,23514.9428758864,18890.7992107496,16433.3318062415,13134.1309042412,10199.5061835729,6755.18914287502,5175.20607834363,3978.55057809684,3257.38973559188,3080.26658773812,3878.83200407844,4417.7523484095,1834.84815199662,2763.60096348701,1465.91131857426
446,"MAC","Macao",3427.52318606061,3583.28508181818,3676.70612242424,3071.41957212121,2713.32119030303,2862.98015393939,2886.4929369697,2396.2762830303,1549.44236969697,537.953072727271,1759.54327017447,615.190792727271,534.403998787878,0,0,0,1629.96309212121,2741.67052363636,3683.81455030303,2103.55925818182,2521.85476363636,1496.6295830303,932.12259720811,182.624124733913
450,"MDG","Madagascar",38716.7653211234,38170.9696849745,34102.5606880566,26420.6786079799,29022.693051486,25355.2725671783,33458.1518825212,34712.2049555718,41140.0587201646,44153.8334572574,49317.2423144979,53112.9086817989,53776.2920792783,51886.1370901204,49325.2717068586,46961.4838825169,48465.9519307948,50398.607557765,52695.4397985681,48666.7832078803,51154.7332871633,51538.379478051,50123.9954868349,49102.376544557
454,"MWI","Malawi",7932.23921410828,8618.55151023219,8552.53814567781,9788.67019051541,11247.2751430327,11459.7211303787,11844.591169496,12643.35420163,13824.9274078697,15688.6895218948,16640.4944356799,18671.0607723321,19474.9505773522,20490.1998287422,21687.598733361,22767.7500214573,23467.7770429739,23602.2261446173,24383.8314199915,28656.704311932,32344.0127479766,38031.2752408826,41455.3364682712,44489.6706293446
458,"MYS","Malaysia",381209.326541723,381692.63383003,375436.299301909,357659.037942822,403618.151496972,450921.75818557,493141.094451961,514374.385431653,547495.489167693,578893.640742032,535884.226355178,518059.370703377,489342.626198802,459397.155592589,513206.197528905,553431.96049545,545936.656542914,530480.136019009,511187.94268451,547223.040281753,549223.792218177,529118.027065289,523453.847368152,530813.667660231
462,"MDV","Maldives",NA,NA,NA,NA,NA,2102.98901333333,1981.72540787879,2256.65609333333,2395.73120242424,2447.35845575757,2572.05051636364,2701.35036848485,2762.25955878788,3173.1330569697,3052.23528,3647.57477454545,3515.04634787879,3871.28980121212,4093.65195151515,4680.90485454545,5360.75207272726,4766.85227272726,4519.95785261842,4147.10387638549
466,"MLI","Mali",38314.7276338683,42634.0855363958,43369.929801057,44425.3277146268,45077.4191214555,49615.4410332965,51801.5041684185,52440.3751285181,53565.4972848485,56828.9703030303,57445.8103030303,61434.3599515152,62036.7226424242,62297.841090909,62556.8614879903,65531.3406542233,69148.6750154979,79135.9580325822,84788.0034647634,90982.3337476268,96607.441122568,103635.597259154,107966.633676734,111159.143826695
470,"MLT","Malta",3397.12156151337,3043.30755955611,3182.9416272499,2970.24372110609,4263.63737239057,4614.7164662744,4196.70499926938,4141.30757539601,4220.37886683585,3990.86518616005,3401.75100123577,2970.16111186432,2855.7630619808,2956.10229009033,2520.49941146595,2356.63199992216,281.609697299306,0,0,0,0,0,0,355.132186837385
584,"MHL","Marshall Islands",NA,NA,178.697426969697,196.70911,200.330972181818,227.652063333334,229.949651757576,246.408026060606,253.957141393939,262.025264727273,256.740567090909,265.805790909091,269.246572666666,261.837762848485,251.232204424243,254.998940363636,239.059622424242,226.512736848485,222.87191030303,215.738377575757,210.454803151515,208.825999151515,224.210757013893,217.331419759517
478,"MRT","Mauritania",16351.7844848485,18615.0531636364,20345.0964606061,21004.1206666667,21532.0509575757,20754.0522666667,19664.4975518545,20047.9303542061,19284.4786261576,16630.7097589818,16940.2830242424,18027.055427297,18697.9738864198,19981.4988255875,20237.195006388,21518.4536869677,23622.8663208783,24344.0866411949,26826.5672322286,27114.1987256001,28044.3297805046,29160.4238194698,30464.7431851368,30968.4807003869
480,"MUS","Mauritius",6258.45965454545,7197.34208484848,7976.84849696971,8376.15978787878,8834.84904242426,8514.42676969697,8500.5774,10014.1231393939,10421.0005272727,10674.7988242424,10562.2123030303,11052.0199151515,11228.2063757576,11035.4656787879,10722.0950909091,10297.5834606061,9335.55328484848,9668.09059393939,10368.3754242424,10403.5922727273,10349.8546363636,8532.25724848485,8249.54441744686,8089.09883707584
484,"MEX","Mexico",997093.24765093,1022605.17926301,1063468.60055826,1062940.66995597,1116042.91174164,1133790.32173375,1162864.02369344,1174159.63916728,1187326.19310955,1203156.86578691,1155029.73174418,1082806.52477515,1090986.09328199,1070091.54159297,1041974.50254714,962107.698463709,906142.387224576,883696.183516066,826023.731934565,803796.373263043,755359.284199494,648505.250181788,699533.606780104,872789.942368154
583,"FSM","Micronesia",NA,NA,548.710622999636,384.709158216173,253.577420246597,61.8990309090907,0,0,0,0,68.1278646244261,63.6815471625345,98.9474549311293,134.864859970616,224.628624242424,282.632733333333,311.353711515152,316.088206666667,338.513470909091,315.470427878788,362.652834545455,322.088996363636,317.163005013894,300.651343759517
498,"MDA","Moldova",NA,NA,NA,NA,NA,0,0,2787.66065589675,6964.57157388974,10784.0999277964,10017.9728756612,9402.23170373277,8792.39103180426,7611.79264534151,7731.56422249261,7687.72819723071,7878.6178586078,8854.25271770049,10504.3063233974,12342.3235977096,11756.5832985572,11069.6847846941,12061.3155918516,11256.3215802691
492,"MCO","Monaco",NA,NA,NA,NA,NA,NA,NA,NA,NA,NA,NA,NA,NA,NA,NA,NA,NA,NA,NA,NA,NA,NA,NA,NA
496,"MNG","Mongolia",27239.1592171402,28314.6655063973,28395.3018284091,25032.1388357636,21137.7506702026,15386.7340781648,19241.3126894632,27139.1697293834,46084.2399044023,58832.7168183655,78896.9719713934,97537.5891110374,136368.375896462,184988.0359112,227845.156069391,216782.271280143,192282.614561355,189644.707785742,208464.606652596,230298.609673236,238682.249964015,192767.610580701,162707.62883746,152558.795925404
499,"MNE","Montenegro",NA,NA,NA,NA,NA,NA,NA,3858.41335441863,4571.59000746547,6362.46348985447,3842.1371711602,4677.56957205137,4665.34957123343,4203.50259033331,3785.30225339955,3567.9805285488,3285.27268778696,2690.28910909091,2792.23440606061,4316.10093333333,3958.27051515152,4449.2643939394,4632.19863441594,4559.38587710308
504,"MAR","Morocco",96250.4376914849,99995.3550022753,109920.846131565,114002.995465625,112942.223877026,128809.147213167,139579.397033817,149471.779663251,157041.220679953,163113.535109607,160116.294313113,163508.671404587,165364.76313913,164479.139671897,155191.583048117,151549.945954328,151466.656122637,144751.496686948,149372.303491811,152629.018365192,165276.506996389,160897.211586114,181277.0618327,178412.408839221
508,"MOZ","Mozambique",26978.8964256493,24564.3092097719,27208.9162987547,33674.8934065955,39110.4285113664,42244.6194739497,49724.7804226895,50381.6159725679,50702.9302650798,53979.5622879797,47263.5207043672,45063.5325351885,49003.049641905,57134.0354055596,66808.0858788526,83570.2058158158,87536.0500439507,90274.2945980217,90939.2998514667,100363.821422457,88019.6783451534,71540.1454183321,65673.4734571967,62957.585892709
104,"MMR","Myanmar",131350.700295211,140824.335201973,137146.136628684,136878.789682654,142267.594044816,157359.654014588,169128.801820475,185642.452385942,191421.201600312,181763.318068997,180465.094748165,187738.793169545,182740.190604347,162894.655522377,151379.197375721,157724.167867229,176194.870764032,191405.750224917,222304.496878234,199539.943267783,185947.033934818,180502.41206175,166409.574000555,145504.552629206
516,"NAM","Namibia",NA,13342.0453333333,14018.9108363636,11703.7520484849,11900.9503030303,13166.9223030303,16045.7800242424,20475.4439030303,19929.5516848485,17098.1798060606,22858.5853575758,23950.1042181818,37189.9279030303,45807.9738431701,28859.2793849883,21319.3240260401,15243.1929502106,13458.407306281,9967.04302328734,1426.19361025842,0,0,9798.92167971127,25179.0777263016
520,"NRU","Nauru",NA,NA,NA,NA,NA,NA,NA,NA,NA,NA,NA,NA,NA,NA,4.08989629752052,49.0140603735537,92.7272368484848,95.0900487272729,107.876820060606,113.253286727273,108.402490363636,96.0846746666668,83.628718754863,69.5103877703768
524,"NPL","Nepal",49618.853769056,50053.1802089063,49963.3567740967,46164.0675952588,43959.6123171491,41300.4729547394,41828.3426129711,40846.0024133843,40635.7701503013,43268.5242774951,48944.6368893029,54126.3469914483,59787.7778362993,62576.2128315515,66892.7471357157,72067.955314333,70984.6714191129,77119.7023151566,83342.6458296211,92185.067947806,93375.801056541,96515.6417706466,98022.730425017,94517.0150184626
528,"NLD","Netherlands",204196.811367936,213893.5887482,236515.040495807,230874.80150212,217138.073523847,218100.380811418,201575.606105651,191606.929579464,178112.406158637,171991.33497153,134676.009820953,157309.064598051,127136.64742351,121547.894690146,123687.373417539,125653.461539748,141836.192624356,154418.061545861,181007.055866496,203933.45193629,171692.954603797,145231.16940966,126452.650810993,80644.0637441252
540,"NCL","New Caledonia",NA,NA,NA,NA,NA,NA,NA,NA,NA,NA,NA,NA,NA,NA,NA,NA,NA,NA,NA,NA,NA,NA,NA,NA
554,"NZL","New Zealand",103105.748840514,102035.834707318,105789.849568001,109906.468057204,114921.133947091,116674.679911193,121401.121948108,122944.360649636,122205.096539133,114170.765331615,101229.646269537,90701.5724672198,81912.9302121793,81657.8722182014,79251.6345678129,79938.3271964336,82003.6435685199,81960.7932632461,86540.8871515582,89647.0258006581,89922.0108860724,81669.9048008706,76453.7885617977,70268.3715713809
558,"NIC","Nicaragua",19243.3721012937,22774.1397362203,23007.0133384536,24338.7925348017,27515.6351453646,28363.218124642,28351.3934729708,27006.0327684363,25762.6680849864,22899.6877008249,22068.2972207817,21510.7095806837,23552.8086425651,24414.4754583491,26728.0325448795,28985.3165416448,32864.9413826663,34936.7532569134,35598.4688334589,34728.2101475656,33940.700311488,31495.1819294279,31695.4723907584,30919.4066085298
562,"NER","Niger",34584.0778579458,35468.4679505145,36785.5874414781,37870.9063642961,39524.889482473,41043.0770003943,42371.4011739356,43844.2313911332,45954.2859650428,48687.4249605639,51808.5562917332,51212.191650131,51875.2544255355,55058.3191269525,59146.0320819916,63543.7084125745,66951.809863895,70740.3204251726,74904.7131531932,78466.1183111872,84245.4868104796,88467.9627919488,91279.0381761639,94358.1345319711
566,"NGA","Nigeria",881855.452891199,858739.392040682,774536.774611393,549135.373058474,446495.461087035,365193.054636121,335405.064971063,333653.334295014,287183.002475457,234091.017743513,120450.229882693,230270.663039457,378285.316242605,384931.987907957,454505.010938809,541884.587269167,582603.289045044,594986.500296862,568225.493748971,518203.93674394,498507.085776821,445827.28778532,461383.39470195,447960.065535388
570,"NIU","Niue",NA,NA,NA,NA,NA,NA,NA,NA,NA,NA,NA,NA,NA,NA,NA,NA,NA,NA,NA,NA,NA,NA,NA,NA
408,"PRK","North Korea",NA,NA,NA,NA,NA,NA,NA,NA,NA,NA,NA,NA,NA,NA,NA,NA,NA,NA,NA,NA,NA,NA,NA,NA
807,"MKD","North Macedonia",9892.65358957982,13122.9688629885,11462.1803723467,9284.80116873653,8358.79762536083,7642.42991029846,7586.42600077068,9320.30706755785,10981.6427764455,13704.1427505139,12968.717398541,12940.382615997,14106.5623115868,12154.9588153511,9057.20256136642,6780.70605350823,4630.62995507975,2915.21619371195,4230.92135645858,4073.12321453808,5927.83433735992,5612.53793420791,9273.03933430334,11722.9609367546
578,"NOR","Norway",112325.721212121,115855.291515151,116222.176969697,105945.178787878,102674.93090909,100441.815757576,89067.1642424238,86724.8103030302,88160.3466666668,83996.1690909088,72959.1575757578,72195.3359228652,65711.6478787884,60120.6363636373,59580.5430303036,62651.9981818184,65513.4490909091,65485.9960257113,69245.8596694219,70741.8784462811,61937.2606060604,58646.2909090907,55630.4357575755,52807.8775757574
512,"OMN","Oman",92157.6041671112,100714.744766232,108980.338347535,120930.16032771,147674.634020212,143412.371832732,149436.286050047,164882.460702674,175641.442500268,173425.785228763,158209.565812457,162645.223794974,169834.855237858,185354.073321871,212148.422759419,213754.079899686,213175.757485649,209109.333020926,209599.196083475,196370.262624632,153858.40469537,138064.49099521,139988.373265458,149318.882941907
586,"PAK","Pakistan",483194.687810773,501716.809512122,493271.922286171,505838.40621595,524240.538035152,565121.870601636,595388.95637944,656376.960174727,708581.443541464,732614.89156275,750087.469968089,728910.125137962,699423.042805678,656943.467146989,616485.572894366,599179.925104592,601403.596966752,688692.960127368,808039.57835449,860724.939930739,917619.469477948,928350.396757561,990865.831646182,927623.119592849
585,"PLW","Palau",NA,NA,NA,NA,NA,NA,NA,NA,NA,NA,315.819505454545,321.211469090909,379.753420606061,414.175038787879,285.594979379247,218.164856951332,129.598639393939,131.658558787879,171.234618181818,124.252381212121,141.142425454546,134.512333333334,190.383174391358,NA
591,"PAN","Panama",19877.7433176358,18941.6795473998,22063.3398157082,21373.3357197947,21374.1148118623,19842.3584867958,20643.8584758053,21900.9039866661,20621.23090965,21575.2502872696,24025.7146756542,25749.3729908409,31122.4277232862,31836.3676819021,33719.4359665913,32679.5000216794,31759.0214351453,30032.1943711606,28977.0241107595,25287.8666898514,29572.3498620712,23267.5278870878,25135.5532476967,25148.9921463297
598,"PNG","Papua New Guinea",14755.6829048727,16344.1366532606,16270.4600464,17529.2016057697,17904.7339913455,19598.4777047758,21629.5149740364,22792.5853843152,24291.3559889454,28220.8166647757,22241.2392313212,16545.5370502788,12595.2650015214,8457.13294575489,5721.73218720193,10425.7688089068,15639.1614432433,21077.2181661823,25620.6430285009,31842.9370761564,33425.6419133786,30034.0977497643,27461.7226775917,22296.0550226383
600,"PRY","Paraguay",50001.9984424242,44221.6533575757,41935.8279696969,35437.5779393939,37344.0619636364,32983.6332060606,35855.0222727273,37736.8182545454,45494.0638666666,47540.9654666666,53036.7542787878,57748.1743090908,63395.6865515151,67069.8544244484,73362.3725476005,76968.1528716628,76147.0229435635,75806.6237517236,80760.5308302194,74408.745500305,70580.3812223251,69448.913492793,68301.2806947781,64988.8920061108
604,"PER","Peru",111670.190547317,114957.541505187,104113.64361289,94578.7570576174,85569.0658567138,85746.9317540552,91444.7327138384,85164.4971591389,102041.859671078,110513.628869499,133646.6886973,156748.43249861,166791.469616048,176503.301772181,167948.361049261,177217.436971298,176505.371938401,173996.222035535,174995.88155178,167767.290992668,168062.777769984,136027.096238595,141435.073075142,152768.097321149
608,"PHL","Philippines",277245.57495273,283974.684424134,273409.403128517,259274.878341379,239164.208874985,233544.143906316,226895.791648025,206218.290197616,216576.895300051,221934.786293007,228437.381752447,252380.985163393,264937.357730598,282378.532313428,308269.114147398,338824.115967029,375836.046734615,406000.004895392,457401.151087457,496305.954416957,512229.216891659,484677.885689387,478872.709612445,470495.65393056
616,"POL","Poland",237270.157338555,178090.789395334,136013.51085599,82966.5817204584,91539.6440328338,112807.272281568,157514.613565578,285317.329417943,396522.869938554,435069.930165943,417454.716240885,449865.454655065,445920.900436202,409754.913873319,379550.464826893,324416.642536356,295609.80996953,323098.560060107,379305.205451846,401696.947344179,343942.451904461,300601.472700122,363031.107359233,367092.690015593
620,"PRT","Portugal",144534.625175253,147485.12079933,145218.460438773,156623.655173555,140314.487820671,132578.371795846,130020.161786722,105408.744975653,81156.0903808591,58930.8950766651,46752.5555881405,27241.4476021285,11516.957982341,5080.28345391194,13166.417070481,36709.4178227444,60173.6836191974,63064.8702237513,70298.2905755544,67543.7262875118,66776.7664523938,54819.7616218915,42096.6142491338,34704.5993313237
634,"QAT","Qatar",NA,NA,NA,NA,NA,NA,NA,NA,NA,NA,253116.068329539,308093.608808055,376157.995294485,440830.261055403,449079.794282173,460689.113155756,437633.396670163,403854.997936264,388396.974858806,337258.816360964,296774.214315139,263667.224541381,262637.914407624,261683.859145779
178,"COG","Republic of Congo",51347.5928601827,55676.3801227241,53424.8224308534,34592.6170084076,26183.7956107328,20326.0434119045,23680.3300982456,29383.0488594393,25839.4730244604,26609.3570511039,32464.5973731524,43710.5739308042,48185.1653692015,39958.9360532186,32514.4277085875,25440.540392595,24220.6583251933,26426.5953627947,27091.4441587295,33694.7144648458,40352.2164730672,44270.8063213633,43618.6662485446,44270.4507971176
642,"ROU","Romania",0,0,0,1879.45260326276,22597.0781805843,53238.9687248358,80110.7203752282,131980.309923059,184272.934538929,203829.528914461,137368.607792004,104247.367782793,86368.1328626873,64122.9645229194,28063.0873826547,16620.8774747905,7036.66005634035,9406.05032254568,42657.980479357,81049.8053812501,79030.0264843241,71142.0358665889,91620.7804189008,99313.3544106629
643,"RUS","Russia",1762966.46907693,1248952.9023388,1300079.87808401,1301247.61833183,1562247.30550762,1848581.35426936,2114662.69080753,2534911.25348564,2677095.68893643,2797995.26214177,2506518.47870149,2580553.18689398,2719536.711598,2773349.31728876,2632736.23911701,2525923.79376341,2423630.33010242,2406798.75097175,2513699.56425317,2757095.0712589,2664392.08376113,2470006.71536081,2703893.56669497,2679961.40850657
646,"RWA","Rwanda",2892.2281712419,2108.0850603719,2634.52990780359,3006.2716425118,3580.86109084628,4391.51439245438,5105.08807832256,6910.24322457592,10149.4673045312,10893.2022831707,11947.7800628097,12608.1807392447,12496.2925541637,12565.3441179743,12782.596474151,12663.2037319839,13778.0027695336,13845.6263764218,14142.7613454204,14671.4469742295,15486.0378939937,15901.5236798229,16415.5102333825,16238.2075600823
652,"BLM","Saint Barthelemy",NA,NA,NA,NA,NA,NA,NA,NA,NA,NA,NA,NA,NA,NA,NA,NA,NA,NA,NA,NA,NA,NA,NA,NA
659,"KNA","Saint Kitts and Nevis",410.32078969697,457.127192727273,475.998918787879,519.305372121212,522.687343636364,549.6159,503.983343030303,461.906400606061,458.729986060606,433.192396969697,424.048996363636,402.305587272727,400.951090909091,355.922428484848,333.09925030303,345.468222424242,332.486413939394,316.166095757576,320.135483636364,331.083436969697,368.334090909091,327.855785454546,309.638713283181,274.467174434224
662,"LCA","Saint Lucia",1039.20929393939,1077.33875515152,1069.76587757576,1032.82573818182,1022.44040545455,1030.09014727273,940.300596969697,910.418865454545,862.089397575758,827.621960606061,800.020715151515,936.521864848484,984.342314545455,1006.57891454545,1005.8132169697,1019.8231230303,966.372792121213,909.68822,900.052768484849,890.749555151515,817.378973939394,788.528711515151,738.155652651048,731.689905481232
670,"VCT","Saint Vincent and the Grenadines",543.901047272729,493.860132727273,527.08784,495.549021212121,493.118043636364,543.18344969697,554.717067878788,535.344091515152,540.428278787879,515.661772727273,647.310975757577,493.406550909091,431.487227272727,398.911650909091,320.053801818182,372.279089090909,333.766375757576,320.634361212121,258.719982093664,278.595098607897,322.965686666667,345.588226060606,317.9335349154,325.767067327596
882,"WSM","Samoa",532.571287272727,553.132821818182,623.991598787879,662.949515151515,674.332328484848,674.775687272727,670.954824242424,664.625993939394,627.313472727273,554.152084848485,517.476472727273,541.624775757576,600.049048484848,641.833860606061,691.034248484849,743.316606060606,876.86129090909,904.691539393939,896.32689090909,769.217927272726,678.494648484849,582.112836363636,581.653388727468,511.912264536538
674,"SMR","San Marino",NA,NA,NA,NA,NA,NA,NA,NA,NA,NA,NA,NA,NA,NA,NA,NA,NA,NA,NA,NA,NA,NA,NA,NA
678,"STP","Sao Tome and Principe",NA,NA,NA,NA,NA,NA,NA,NA,NA,NA,NA,366.580015757576,347.567852121212,356.546092727273,358.681347272727,407.888403636364,447.99818,510.88795030303,512.059454545455,502.092937575758,493.129915757576,473.768026666667,454.852262837739,393.236771109237
682,"SAU","Saudi Arabia",162039.421397399,175801.234801152,244043.043631513,436061.922996922,663593.04320762,1039549.34772538,1212362.93018957,1414131.91401983,1319528.91501624,1308528.07046846,1259400.81141459,1372094.59684401,1309116.03006041,1413771.0314514,1322105.52154483,1485200.81688641,1693739.13935617,1863067.12517799,1791404.8755967,1749223.26958986,1712848.45356194,1421807.58243503,1217182.85458492,1163612.62884702
686,"SEN","Senegal",24258.1393630437,26756.8529073865,26187.3860750848,25071.9677755275,23755.8142241531,26576.1369742344,28241.2831202515,28686.9237126825,27811.0088721299,26991.6083796064,28911.2898273203,36278.562978151,42183.7881034443,41709.1379367694,42143.6266104429,44020.3627443224,47028.9794848945,49853.8753968133,50980.1092255806,50201.8253754772,52864.4325585199,52299.5911156143,54180.8623853015,53169.549103004
688,"SRB","Serbia",NA,NA,NA,NA,NA,116000.756010299,92418.3767618947,111797.82511753,123862.302680116,114613.830066282,68529.1184495334,39555.5557492169,28241.3283238795,7906.00935534536,3231.98075939126,0,0,14050.6620304151,38693.863526589,47106.415205775,49945.8968271737,56649.0766666562,62140.339239844,62099.4710410053
690,"SYC","Seychelles",882.318712727274,929.212566060606,1017.47720545455,1019.38897030303,959.375661212122,975.508221212122,913.849724848484,858.505774545455,860.382227878787,856.510235151516,891.1201,886.15983090909,794.566706666668,773.991487272727,661.614734545455,721.856506060606,828.704026666667,1011.71246727273,1162.84386727273,1313.35678363636,1403.11016363636,1487.44569151515,1568.38288621206,1532.73373471305
694,"SLE","Sierra Leone",3086.9883144169,2862.70276584022,3056.84573076217,4077.70866145087,6672.35846060606,9367.6761090909,11549.9144,15188.4696,14805.1236848485,14060.8742545455,13251.8632242424,11734.3070666667,11155.0100363636,12301.2478181818,13013.1514787879,14311.1180969697,14208.6326424243,16116.8920213966,15656.507093263,15810.1100201114,12419.8133068902,10026.1797457246,10079.5259476862,10349.0671681903
702,"SGP","Singapore",95599.3206449341,88828.8292341197,87737.3153098344,66799.5619128357,59186.3143441512,62235.4089209212,25532.0647219335,10227.0989103836,0,10497.837339796,19652.8836090476,30100.6774782994,24444.7301575757,57742.9333696969,92623.1445818181,110482.97910303,145522.201151515,110637.352836364,76721.8376242424,93640.9868484848,55387.2308848485,88426.2628,81699.9866194746,87280.4541119167
534,"SXM","Sint Maarten",NA,NA,NA,NA,NA,NA,NA,NA,NA,NA,NA,NA,NA,NA,NA,NA,NA,NA,NA,1223.40244548125,1220.46539753994,733.75116535181,613.677284814569,602.570365647652
703,"SVK","Slovakia",NA,NA,32715.4472446794,37019.6518805802,41400.566115198,43383.0327160531,45100.9981321936,48486.6713709234,47447.162249246,49617.406581899,39525.1629338617,33764.3626501865,31754.5761182678,23112.1236962629,19217.2167911204,13385.234168353,15719.0154540168,20549.8293127758,27760.0966715351,36446.0014958925,33678.2981232556,29222.7177913928,40135.3579630509,40670.7517407543
705,"SVN","Slovenia",NA,NA,NA,NA,NA,25244.6942883556,26163.8178654818,27460.1283340028,29670.1455706564,31992.8183412905,25445.0157709992,20912.8834897145,18722.3878059836,15857.1831644429,12364.1000269954,8027.11406703385,6894.0727856141,8228.35223585893,5340.37418293709,9516.88694193505,9742.35854550235,8460.59851453264,9806.05085170732,10137.2129518308
90,"SLB","Solomon Islands",691.004907878787,684.3023,684.347498787878,686.297618181819,703.696297575758,752.356219393939,793.373323636364,833.865225454545,877.497997575758,918.172667878787,941.175866666668,961.753723636364,986.21367878788,987.137855757577,1038.67800606061,946.613472727274,801.122945454545,685.839163636364,590.697763636364,545.464248484848,496.225381818182,467.10376969697,512.952288160015,562.416317652322
706,"SOM","Somalia",NA,NA,NA,NA,NA,NA,NA,NA,NA,NA,NA,NA,NA,NA,NA,NA,NA,NA,NA,NA,NA,NA,NA,41035.8162283829
710,"ZAF","South Africa",780035.959228898,773848.806130367,743233.477184325,621717.392107473,654277.391092929,754865.867996302,733463.874541456,802183.136558171,910134.195835814,1034468.90856278,1038183.14633072,984749.048951892,909763.555144986,761552.721227808,671398.623502274,684693.838989543,545958.869308348,502599.868011135,447267.257009163,462143.229189319,548219.611105119,496667.884245044,467523.52178835,395832.632129725
410,"KOR","South Korea",1065398.78852469,1027814.26848702,974325.198837489,941282.068835531,895448.300514187,861630.363285979,849942.135162684,878113.080839085,981865.906337316,923203.486720825,887341.260288025,1014611.1773698,1121013.24582706,1194217.282169,1236384.4619382,1223362.93083547,1188078.34715771,1117621.10030538,1083387.15834995,1043919.13304141,886883.340101476,709131.950270574,680940.56313426,603653.1426792
728,"SSD","South Sudan",NA,NA,NA,NA,NA,NA,NA,NA,NA,NA,NA,NA,NA,NA,NA,NA,NA,NA,NA,NA,NA,70161.5615706521,63116.3496638971,79650.0265893894
724,"ESP","Spain",566759.11096389,622828.070834223,660558.083821632,736266.951036008,755227.261474778,799821.639800062,847619.614970179,806172.778904074,787179.848146845,647543.017909034,465734.184253099,322613.840294347,198630.718907779,103912.150125513,45369.283421139,140249.089814642,246011.168990415,210744.012855455,236610.618763335,248281.012364706,216727.246652783,136728.658270105,145420.674947356,187722.969455066
144,"LKA","Sri Lanka",34359.7566562735,38075.300755969,37698.8042662991,40101.3599773143,40424.1970810456,42421.7579239519,44019.4111060812,43454.4737632197,42705.2570086091,41432.4363655804,40416.7222262577,41980.839437496,45817.8853787468,49262.628814687,46875.9344606787,51662.6306130734,60754.4938749524,70147.9647019988,70029.569137401,64533.8700814075,62757.8559888674,59304.2853086862,53911.1333076956,41568.4185378075
275,"PSE","State of Palestine",NA,NA,NA,NA,2655.33410909091,4627.72082424242,6606.21420606061,6396.63340606061,6073.49081212122,5626.39398787878,5164.99646060606,4830.2400969697,4379.32383030303,2936.67625776548,2010.82380391015,3175.25973427607,5168.93950696415,6590.20217952365,7651.90740463409,7070.6137921579,7332.95806521289,6942.45402096651,6702.85711588777,6053.56297965454
729,"SDN","Sudan",162714.868555633,166876.396145798,163674.86380565,166935.089233052,169897.453450318,177566.96585349,179100.330669803,176769.034681866,179392.613031372,175160.723362978,171118.340576977,164014.81271236,147030.73460441,145548.931617208,147876.684778112,149043.626290132,159781.638898362,162802.175184311,167365.572242294,173773.064547878,176429.856296044,174496.917647458,166213.582720964,155081.648627926
740,"SUR","Suriname",3927.39364363518,3250.11488206323,3577.7473816441,1415.05766860724,519.163998024879,0,0,0,304.395474945086,1499.60608584238,2828.18190612699,5033.18103635462,8156.55270037319,8147.95688902083,9812.54007572913,10561.8810045,9201.4479224443,8922.99147840408,6594.03450778136,3936.2675612444,3604.61854711206,3611.13872461819,5751.36003337488,6159.63950220824
752,"SWE","Sweden",81242.7969489766,73262.5610098602,67645.0413164226,64961.6798886789,64087.6398862897,66664.9581773512,69789.8116523682,85495.1268259527,89397.6831474045,83615.1100611448,67283.2455253229,69265.3128684919,54551.7668115437,39974.5025851471,28733.2272403245,18036.1129260768,14338.1804082395,19767.550869109,26648.2674200912,28645.7873709334,21958.5890921631,22747.7424918083,29836.4455787908,30400.409961826
756,"CHE","Switzerland",47025.4180366717,45724.6899319173,53634.611097715,55276.4108068963,57380.7926498626,57875.7308442642,60117.9511181045,61227.5116318807,54932.9048328733,57509.4252390509,53686.3302096376,54150.0642656033,45224.9134202226,42006.4769713254,42549.3668717162,33896.5443261116,31084.53181659,31464.7109203446,27270.2072434752,25338.468384726,23686.0702301972,21242.4129753386,21425.879847494,23288.4264569178
760,"SYR","Syria",NA,NA,NA,NA,NA,NA,NA,NA,NA,NA,NA,NA,NA,NA,NA,NA,NA,NA,NA,NA,NA,NA,NA,NA
158,"TWN","Taiwan",518045.658181819,548164.308484848,556505.678787878,680797.62909091,752146.449696971,810230.033333332,803883.203636364,754687.419393939,717344.803636364,607181.587272726,450944.78969697,345300.752121212,240035.961818182,200345.032727273,194599.011515152,226670.631515152,250492.506666667,281633.088980716,337600.416363636,363019.677575757,327300.765454545,306022.271868372,348907.429762516,321650.664497479
762,"TJK","Tajikistan",6120.91106622248,4873.76370748673,3815.79175583868,6260.18337774273,6836.54185478346,12474.6879589597,14382.7374232174,17623.3944983316,22047.164833914,20022.7172013769,17751.8646694765,16129.1914763593,12490.1499547008,12370.1324474559,9231.97422660616,14259.6699781275,18460.1856321602,23300.4647895605,32734.537187169,39853.9723259671,45860.2743592792,49245.2395625306,49834.7672031015,49190.664415549
834,"TZA","Tanzania",82893.0463287188,80685.7644850382,82302.9764083505,91313.4858329876,105412.171608893,108278.104610845,123811.603441627,121025.858165051,121234.370759047,125236.414749488,126722.179394933,128059.575055369,128825.692923311,134979.438538167,149286.298500239,153894.180641968,166870.007435054,166498.408918457,163476.048230341,161065.406343029,162512.465818191,162774.188582255,164023.53925459,162681.031232618
764,"THA","Thailand",585304.683183177,530377.787326292,489798.325415111,470741.64768578,473064.266488925,511705.090635943,555341.581862564,606140.377816203,692520.016330281,695494.885444465,706382.455467835,725034.285657349,703292.629716661,720167.966867553,705852.975112528,701957.567942405,680250.140582927,671071.847281881,654717.615579013,624709.247796482,564678.018302487,516097.530918339,471516.298218723,464711.58563335
626,"TLS","Timor-Leste",NA,NA,NA,NA,NA,NA,NA,NA,NA,NA,15029.7600550303,14387.0115965576,14090.0258112446,13433.1531198222,10985.8794258977,6660.46924757992,3075.70919884525,1091.04165042997,0,0,0,0,0,0
768,"TGO","Togo",11370.4052718223,12006.0413926176,11371.6930748921,11825.9139649765,13163.0429239111,12567.5133272727,14097.8192060606,12904.656569697,11085.9562787879,11278.1314666666,15429.3167757576,16484.7832969697,17236.0896727273,16189.8466242424,15624.986169697,13305.014169697,14899.2384853116,15489.4256683629,13753.2147039748,13276.0247588352,15238.4907371495,17490.9666467213,19500.6776668119,20639.2627090182
776,"TON","Tonga",293.571709090909,281.801678787879,268.105460606061,273.113587878788,317.783951515152,331.466472727273,354.864084848485,371.548193939394,354.731927272727,346.130363636364,388.344418181818,347.979557575758,262.658727272727,227.951727272728,234.647557575758,221.39823030303,224.848848484848,271.535890909091,310.71276969697,343.972903030303,457.405248484848,561.317072727273,612.283444903729,NA
780,"TTO","Trinidad and Tobago",50407.7986333564,65314.7539039111,80478.2528181816,99638.9519949929,124128.642334608,135098.558624768,151122.051046858,174783.665920675,188015.628593745,184353.757800996,176804.17910148,171378.963779688,154814.331790534,131823.414356026,111946.826244915,92343.7999680642,72545.8974180048,45988.773462219,37020.7890519726,34207.2234099693,29689.3840859001,30618.289862796,44030.1735094594,42855.818266536
788,"TUN","Tunisia",48390.2003229012,49591.2288013166,55358.0867993726,56999.9210469802,59856.7676249719,61547.0163725858,61698.3791695367,62357.915535064,64250.6465857622,67270.4625107407,68057.5058772753,73766.2851555326,70061.6827483396,71160.1779225874,66981.5571638376,66162.0677096953,66819.3819259245,62475.5049132845,60649.7408173219,59399.2692590449,54547.0830999002,48727.6617663855,60169.5247859712,65819.6912832634
792,"TUR","Turkiye",552356.513593175,605369.602211293,562767.840680766,538859.080042866,544799.39367334,506962.668550791,519933.606829794,583830.873564532,706738.842065046,752944.084664523,792564.710705093,840284.478524325,887769.895432718,948155.672345134,939681.207845898,944550.981017465,967633.214920348,1016312.27517498,1111267.78819351,1104244.22385552,1019050.05166233,963142.51674783,1001746.96527656,971173.251909523
795,"TKM","Turkmenistan",57394.1703401876,68391.6699495238,90291.0161754502,103358.311420916,153940.344310026,201967.677252254,224782.738242212,242705.063188386,229246.490675834,238936.859966419,191140.877177263,191129.63604334,199125.797818781,187803.383734052,190943.504824611,198048.914625442,204377.739377056,198661.297147771,184182.800997425,189694.3234393,161638.130557394,139336.225041021,NA,NA
796,"TCA","Turks and Caicos Islands",NA,NA,NA,NA,NA,NA,NA,NA,NA,NA,NA,NA,NA,NA,NA,NA,NA,NA,NA,NA,NA,675.974524121213,619.389316352961,562.969102978489
798,"TUV","Tuvalu",42.3867278181818,38.3987552121212,47.299586969697,50.6691010303029,50.7999044242423,48.6642153939394,43.7073089090909,36.1844469090909,26.3137227878788,27.7837102424243,29.309403030303,23.689634,23.6289614545454,23.8952604848485,24.0330586060606,24.2738807272727,24.3801946666667,24.4273297575758,24.4838969090909,24.6481864242424,24.9603452121212,25.0763813939394,26.3387257245269,26.6329302668125
800,"UGA","Uganda",40342.5874312036,40747.0977865768,41065.8819446518,42503.3085194946,46998.4779461923,47814.8430046568,52659.912771694,50911.3845140567,56996.9147047804,76234.6663653064,84510.0136614064,94367.8095639506,96897.5659592723,99228.6122519117,99238.6517330734,97682.2772227274,96833.7710606061,85134.2129698686,74912.1331652302,75010.5610001535,74706.1487973662,77192.0180963147,78362.5225992379,79557.9507147969
804,"UKR","Ukraine",391526.094557441,218216.025872962,155617.35588787,0,33917.0758820378,90506.3557023268,242195.440637664,383966.803017779,499021.293295209,554213.94334836,419907.331566758,371809.779671919,390738.714391189,366171.01244531,345949.128732378,281356.602159969,245542.466889322,295106.387524662,272051.22471657,277564.528999631,232528.838363683,177975.179010193,122442.258917232,38900.343878223
784,"ARE","United Arab Emirates",220833.056315622,291287.608232125,289595.556212799,238550.048334902,275768.007462764,303719.127857494,321206.859241881,348440.901971368,371144.130171687,421947.92945693,453085.009612039,552358.335523882,624949.320492578,642986.690482626,667397.261908683,646706.339938847,653004.545759224,622428.773207503,529061.896733664,450975.239151861,417915.833191136,375246.705226809,402737.704004517,435446.730130101
826,"GBR","United Kingdom",509390.19230328,511115.523703417,566633.258977397,543389.437082612,544350.5195795,536343.410574805,508293.381142223,521651.930473934,494333.249654733,451343.429605613,278930.407640229,240217.258818014,119339.903253991,99713.6604872145,85303.9889575024,27777.2358256803,5640.90199806821,0,0,28217.601594323,0,0,0,0
840,"USA","United States of America",9578543.46178294,10072363.0101878,9598954.47108856,9261277.53049819,9029240.21661079,8931085.51694183,8653768.33109801,8356725.18009439,8361709.8907799,7679741.31441861,6207834.53337067,5938120.04699948,5118257.12663423,4061913.87710956,3922822.41533677,4150799.908354,4134122.405622,4086138.58559662,4555396.67289218,5480746.07897018,5273499.85941871,4127721.62401621,4505145.80451595,4398392.30079226
858,"URY","Uruguay",47001.3071728239,37848.0387857379,32505.6462408747,31442.9107974805,32287.4811858498,35974.923953879,38537.3295457726,47660.821145071,50204.7570742257,63178.639148271,69503.8438774098,63403.4305291283,61611.7034641151,58714.8561365216,52224.5023670897,50107.9990514325,47524.5520207161,47569.954377186,42207.4396528984,44365.8561803221,46231.5452121955,43556.0771580363,51041.8711766301,54625.4680554252
860,"UZB","Uzbekistan",238199.874122413,251904.721437812,269045.498270256,308811.096713511,317740.704905301,312007.417411211,288310.442928695,279271.954148936,246857.9809862,258575.381440296,190677.08849189,154492.886454474,156399.040491679,183058.29921388,175882.804534107,157384.742119168,139215.406735043,161936.727442278,172682.120684752,198684.215322522,205878.894621525,195797.284767744,228052.8949507,269015.662137218
548,"VUT","Vanuatu",908.010218181819,795.387145454545,654.529921212121,543.589078787879,528.443861230487,448.993412121213,429.692721212122,434.725836363636,783.977387878788,979.685472727274,1132.87238787879,1255.27693939394,1360.08586060606,1335.48187878788,1295.4642,1315.65012727273,1027.60014545455,583.399400661157,325.732757575757,382.713993939394,230.335442424242,233.106096969697,295.308266363801,296.415554790551
862,"VEN","Venezuela",405114.528896033,424822.446463435,387333.927920784,414126.23772439,396056.81331024,344149.191899988,324617.004389005,293876.370936585,268856.212383374,323565.742134719,305594.846595676,375024.767869723,321504.918547338,369657.730303577,438096.777856408,391902.398558388,338783.603372892,266335.846011035,203207.108715496,138807.073543374,119447.893358765,129684.085290137,144168.494394609,149871.897430543
704,"VNM","Viet Nam",332895.00969558,352124.889242024,364797.138588464,383111.794636163,402388.1706822,446216.185153423,476669.754907549,495787.837873986,510283.894115607,527141.291326623,558087.482735468,583609.812653415,599511.900140765,564167.075712819,550551.755274141,606217.175535031,698497.430673877,742202.54789583,760955.651425171,823831.646756409,1051512.21835011,1195495.49288724,1249488.93449824,1204004.94168216
876,"WLF","Wallis and Futuna Islands",NA,NA,NA,NA,NA,NA,NA,NA,NA,NA,NA,NA,NA,NA,NA,NA,NA,NA,NA,NA,NA,NA,NA,NA
732,"ESH","Western Sahara",NA,NA,NA,NA,NA,NA,NA,NA,NA,NA,NA,NA,NA,NA,NA,NA,NA,NA,NA,NA,NA,NA,NA,NA
887,"YEM","Yemen",59428.8744221542,70389.4243133768,77444.9107051802,79310.1243771203,87228.175918152,93379.3773001298,103827.081407595,118641.461063081,124689.637388343,121859.463913861,126003.824837138,126992.897163716,111089.494624003,82934.8923195392,85952.5313371914,73575.7587143613,32065.7131377652,23780.073614804,26934.2394739705,29273.4585857114,26780.1363827656,18239.9085612288,9003.21043937142,1185.09136019972
894,"ZMB","Zambia",25532.4167061593,22741.5662194764,22874.0675403372,29272.1743257714,38142.1386889821,43152.3482277703,49819.7704227118,45120.7041944673,45093.344872719,47272.6610596158,43000.1499247847,42554.0811895013,36950.0698304657,43945.8250779087,51247.2359465784,55062.4903519946,61377.7686828576,62547.1766476524,61555.4310487222,61023.1058179008,59886.7014512636,57394.3679456287,53058.7520320638,53333.8161977878
716,"ZWE","Zimbabwe",35325.7538284699,33918.149035315,32327.0315742032,28496.1920978832,22491.5556839989,24192.4271953754,23927.8990112181,25137.7973667051,24547.9774766205,22626.2795154622,24923.338675301,26288.4020777599,31074.8070120279,38384.4078299942,41919.5647566773,40733.9628842027,45807.6035089785,39245.1311719828,33743.095066923,29773.781133588,22020.8101677758,11032.7153189916,10881.6442606995,12258.9777944429
