"code","iso","country","HPE.raw.1998","HPE.raw.1999","HPE.raw.2000","HPE.raw.2001","HPE.raw.2002","HPE.raw.2003","HPE.raw.2004","HPE.raw.2005","HPE.raw.2006","HPE.raw.2007","HPE.raw.2008","HPE.raw.2009","HPE.raw.2010","HPE.raw.2011","HPE.raw.2012","HPE.raw.2013","HPE.raw.2014","HPE.raw.2015","HPE.raw.2016","HPE.raw.2017","HPE.raw.2018","HPE.raw.2019","HPE.raw.2020","HPE.raw.2021","HPE.raw.2022"
4,"AFG","Afghanistan",10.4863542669341,11.5657364938385,13.3808896145684,17.8116502875213,17.1191709015981,17.5160832630661,16.7837351492667,14.6421072041491,16.7006963147593,16.4439109205127,17.6325737315864,15.5343670271885,17.5631848494493,18.8514009418476,15.3956074401422,16.403071365391,16.1132925290697,16.3514398331804,16.511813097621,16.6165462499816,18.3130866876693,15.6421775724572,15.3385926222282,17.8360485127348,18.0841660435025
8,"ALB","Albania",13.5840111000062,13.1304834327037,14.8399182923484,14.0270885646666,14.5286863521774,15.3945208539985,14.1280701198518,13.6747858060447,15.2986309446473,15.2638243371291,14.2516085217364,13.7266640620047,12.9831614328841,15.5727099124928,13.4970282565977,12.8487211371785,11.8381001166514,13.20905275876,11.6838672880979,12.2524910603329,12.6713447334136,12.3040694817132,11.1633160498792,11.2888919611084,11.7051170766523
12,"DZA","Algeria",8.8524029893976,9.92546034338125,10.0817292841414,10.235518406768,10.405387232957,10.505562789298,10.1419518961782,10.1496528298903,10.116386983499,11.0116344365058,10.2123930867245,10.0974177186775,10.2469466089961,9.53465311349781,9.71074881724417,9.13026779538913,9.68070354087264,9.65723270674419,10.0605893776399,9.26835747090487,9.69219631939014,9.66506939580084,9.2765341855667,10.1946967596374,11.5718772626163
20,"AND","Andorra",8.36887366808637,7.88500438544391,9.19987903980451,9.14826817939832,9.1553688454322,9.87873337801584,9.45583229089134,8.75735844874878,9.35542136062319,8.83646716469379,7.941772848868,8.71655095391976,8.31495680847167,8.19233327767346,8.2811814482461,6.85702705556422,6.63650318844697,7.8781787642219,6.28697261559897,7.38339805788364,6.88961479561599,6.78717277970899,6.24617496465459,6.76971277794579,8.59144032362393
24,"AGO","Angola",18.665489309691,15.5661766757076,18.1849968734723,22.41252535312,20.0786038655139,19.1936778240444,19.8050041407778,22.179113927684,16.9094675827522,20.2365312998466,21.2474510491282,19.3223854108792,23.4368134074259,20.0795137803725,19.4301143088767,20.1140361567382,17.1576150332537,18.8815873297655,18.5355335798775,16.0367944536136,17.5227633670448,19.4264229269162,17.0475655612855,16.0922276348724,19.642846985693
660,"AIA","Anguilla",NA,NA,NA,NA,NA,NA,NA,NA,NA,NA,NA,NA,NA,NA,NA,NA,NA,NA,NA,NA,NA,NA,NA,NA,NA
28,"ATG","Antigua and Barbuda",3.70249487489395,3.66699930957315,3.83466240636167,3.66726214722712,3.62679242144414,3.27155278219143,3.07320386853463,3.48103749374212,3.39248564860226,3.67172291528753,3.05393269832816,3.71100626165364,3.85726015076452,3.23215232043338,3.74004155668518,2.90330537671894,2.72455146360251,3.7002455434756,3.4510417563375,3.52434318880124,3.31581306000403,3.15518941128551,3.22861307495435,3.45465741301527,2.92958760060771
32,"ARG","Argentina",9.12241743789592,9.79484879042492,9.28090523048832,9.40869410111511,9.81061569966492,10.0205727036426,9.34521390606879,9.00489439420409,9.41858867760602,10.171527098526,9.88804014492416,9.42790953693807,8.95807362499577,9.63878657064636,8.69449436623972,8.90098458066861,8.21592612692143,8.4260091307958,8.54499241978013,8.03787332768672,8.19215017315207,8.85925052196831,9.72493246626052,8.4570978432984,9.63593631984129
51,"ARM","Armenia",12.812369894476,12.9915112798041,14.8255926506764,15.0750717804546,15.9611244066745,16.002222065721,15.9452087771479,16.6202733196192,16.5888389923274,15.7868140035182,19.4459197412538,16.1374364388372,19.3728523044354,16.0212976254666,15.8129126599074,16.3514975615933,17.3068968703723,17.1410631718545,15.4306000775685,16.4059972294533,16.7800519617217,17.7642385692117,16.4593882832607,18.6258613194795,17.8376665283793
533,"ABW","Aruba",NA,NA,NA,NA,NA,NA,NA,NA,NA,NA,NA,NA,NA,NA,NA,NA,NA,NA,NA,NA,NA,NA,NA,NA,NA
36,"AUS","Australia",2.83826796337062,2.91575546226947,2.85185968698378,3.27134251014417,3.52125374962919,3.95847679350814,3.09779690392129,3.00257226668362,3.56702133618102,3.08550789942007,2.90196782012644,3.69368007955678,2.8198116069282,2.91137223622275,2.88489435658089,3.19248363167057,3.21193209239633,3.13004379676029,3.11680209368189,3.11669866801466,3.23490163472137,4.90196299408701,3.62893953826838,2.92143121672695,2.83065046789324
40,"AUT","Austria",14.5991299771423,14.2333066503027,14.1021729674362,15.0039917516136,16.7989238589355,16.6115133834494,14.4481929276474,16.4474659754617,17.2586556761585,12.8305172975105,13.0529211993759,13.6819349559981,14.4905046486277,14.6250829422044,12.4092670489618,13.4883105275533,11.8951250809592,11.7578002474491,11.1063425391133,11.2544336155798,12.0755962736859,9.6402952891879,8.98307896744361,9.41992585910116,9.3009308923983
31,"AZE","Azerbaijan",12.4086836330061,12.7782843733659,12.5203673027345,11.6944026075897,11.1210851370781,11.6632546627136,10.8164701182738,11.7283412852256,12.291665340769,11.9564803246407,14.302559557091,12.3912907170671,14.0416062252187,11.064152671584,11.4272102828972,11.8005177223799,13.1093849393364,11.0505257957571,9.95981942032046,11.6055408347437,11.4017503660096,11.1141469249634,11.5376042803597,12.8041267477305,11.3500066258451
44,"BHS","Bahamas",5.0112503795941,3.90562028483126,3.70725562244823,3.37575904822904,3.0257594056046,3.19819058658703,3.28466190677311,3.16049472168145,3.36914839049356,3.03042405733066,2.78646719897981,2.83294765743877,2.766964487999,3.15931886105555,3.1640456440287,2.5611705149335,2.74067832709304,2.65840574830113,2.77493869173111,3.13364965557275,2.81946237491377,2.56589150982343,2.7433447221385,2.97047233694319,2.68568502989851
48,"BHR","Bahrain",17.6311917296814,20.5811876530492,23.7400596111867,21.9737703281791,19.6883983637845,25.1382077765364,23.0429625297981,23.4535678113524,21.2232690913508,22.5745974856878,24.3308861543553,24.8676615664375,23.115277148485,22.8914687703339,24.577397225964,22.6786713129907,20.1141843637004,24.2021495422826,22.3977404339641,23.7213173285131,25.8680829398422,22.419539845988,21.4412251575927,23.3751068236477,26.0810754057435
50,"BGD","Bangladesh",42.0304805543649,42.6665715939168,47.4985661318272,49.3923081103668,49.9400152524959,51.3159619444079,50.7591264940503,54.919504600385,58.5285488535636,56.2796609755578,59.8019625331171,65.6557223468169,62.7162731022102,64.3510375751183,67.9206164117459,61.0318661963936,63.9870475108277,61.0271021371938,59.8733308237851,59.5286672816938,74.0222163294658,62.3488954933836,67.3381385843351,68.2651541998932,59.0168875176008
52,"BRB","Barbados",0.730456727251432,0.820062725797034,0.836942825045284,0.800224244122351,0.828404134354887,0.790326729902828,0.719815199000946,0.771721834096633,0.764241636767825,0.867246946343588,0.70266601702558,0.898620900456383,0.913788670749737,0.747446372248113,0.904355372742989,0.703208887640525,0.658343858713485,0.879861774686985,0.79680944292609,0.861035022540384,0.751928517743738,0.728735739673241,0.800567261732867,0.853680213597735,0.759758850163655
112,"BLR","Belarus",15.8781491019342,16.133011275465,14.7082085257385,15.1293514104171,18.6575499100586,14.6720878539312,14.6338871892342,14.2077486280155,14.7226069780633,14.0140848670414,15.3181666087729,15.6291857860764,17.1855080896475,14.5981172698934,14.3180377074892,15.1438154440064,15.5516974149735,13.1679470965581,12.4112797491766,12.4785615672639,13.664009242725,11.3193722822261,10.7695372511566,11.7722286447756,9.68932489147341
56,"BEL","Belgium",14.4729194272241,13.3641341412715,12.517396114119,12.2550050564244,12.5266398050783,14.4350237985138,12.7618162533685,12.1933523566589,13.5776505161084,15.474204465504,14.6479611653248,15.2298942181141,14.8417250298138,14.3899290894307,12.8406350828159,13.6217130122037,11.2369011557344,10.8302300527619,10.5255601722942,10.2434784639014,10.5907815855293,9.04575598773602,7.94162403938862,9.33725741278954,8.72598577410504
84,"BLZ","Belize",10.8471003791,7.89246438642937,9.10976920430649,10.7236122582559,9.55920091745724,11.7297159567365,8.92126437785601,11.1387287942587,9.91737308644633,10.4837396178266,9.4993638603452,8.67497990156115,8.31394542531277,10.3281064606817,8.3252422051126,9.87741695806495,9.39972085095229,9.18715755992927,8.14659909989975,8.44675078758242,9.54318078976282,8.78437038446005,11.3458301240064,8.91264665327467,8.94686419254938
204,"BEN","Benin",11.4291277395774,8.24448669124361,11.9812183471611,11.0550766052211,11.3676127448175,10.0433548030817,12.5793711644188,11.6143616350745,10.2586049467493,12.6422801944957,13.3001084923618,10.555242401441,10.0192677681185,10.9025257923959,10.8862888221296,9.12872513455719,9.1163283883954,13.1548592280145,11.8227255719305,11.695836628718,10.0451901149745,9.51953494661433,11.8846926483838,11.6615864686645,11.8557392939498
60,"BMU","Bermuda",2.99766842915465,2.40040258482879,2.75316591576263,2.66434235102275,2.35185486779144,2.39861611979633,2.34984135811913,2.41492710866113,2.35100617188132,2.59214603330359,2.38348020823377,2.26008644845175,2.09467445499595,2.43352296067296,2.38795716104399,2.02355088354724,2.12469210232582,2.15253066931803,2.16155644150228,1.95388029863043,1.76769476956055,1.88693206607098,1.94390467792213,2.1890914574563,1.90880238612614
64,"BTN","Bhutan",18.5315569814461,19.1544060612218,23.3872775487267,26.2679447218825,25.728768467921,27.0855589220655,27.6529891730004,28.0474832903343,29.7632866605051,28.6078278662856,29.6262903594987,34.687555545179,29.4581319514978,30.334252333217,31.643139500197,27.8219763357837,31.5785545047017,31.3155666747237,29.1626646232789,29.9747048490884,32.6466090566208,31.0187184778878,31.0599036738589,31.6691006979205,25.1615138358909
68,"BOL","Bolivia",17.5330745167805,17.5511556118134,16.6613842112525,17.7550282892719,19.3591281188614,19.3232110171421,22.0698338166266,21.6855144739743,18.9114955629995,22.3002451084058,18.6834878336007,17.5580091054845,24.6418919259445,19.5859458065707,17.0619599201466,16.3109900673389,17.0269901036629,17.6597596873178,18.6042641539344,17.909126165093,17.1210073100859,18.7438219104953,20.3630980585913,18.3047152858001,19.898538335154
70,"BIH","Bosnia and Herzegovina",24.3765876013775,23.5682363073258,24.5229779098042,25.0910981824206,26.5129828967626,26.6385859250536,26.0851218552673,25.8098597188009,26.7134155013133,24.6364697411271,25.2857692297495,25.7745461059368,26.5303224969804,28.0808931057872,25.1415953888825,23.1514719749928,23.0981543089362,25.7033428525919,25.0074735418747,23.9793758139698,24.4939733561669,21.1368126421293,21.8737073291174,20.907278014858,22.1500684370304
72,"BWA","Botswana",15.4339695046985,14.9612078607158,12.4315783149395,14.8672278391476,14.4045091933768,15.3951124850007,13.322167793966,16.4438745058821,12.3888752948584,13.9634328957976,14.3982127408744,13.8630939095201,16.7567122321382,13.1373136702484,14.4400173639268,14.1519058966031,10.5478878104889,13.9639581775112,12.5190029177375,12.1347854202342,13.5691662721176,12.6754457818158,11.0116396500017,11.5301932668461,11.0794221529011
76,"BRA","Brazil",8.70278388464583,7.96473774644782,8.90892871943484,10.6892938283023,11.1088709545483,11.1997684897753,11.3150944649284,11.2426420787528,10.9306828539704,11.6817860776911,11.1061384891782,11.143753926628,11.0573137486106,10.9727462466017,9.99714911739475,9.67315905781666,9.6714694247369,10.3281984435092,9.89185845971993,9.99343540008899,9.79666590919101,10.1671748291771,10.0722885028842,10.0878806176312,10.9763048882208
92,"VGB","British Virgin Islands",NA,NA,NA,NA,NA,NA,NA,NA,NA,NA,NA,NA,NA,NA,NA,NA,NA,NA,NA,NA,NA,NA,NA,NA,NA
96,"BRN","Brunei Darussalam",9.27113209262528,3.71921469236177,3.65009915056983,4.02575352628596,7.05336063233953,5.39009577871302,6.71280280297472,5.75557782344684,7.68343692622499,4.6187605230916,4.24968855803215,8.69880920111851,4.73749314865482,5.73126162198168,5.67683321025852,5.01512654061204,5.44744272643417,8.09706441809675,5.64254235407742,3.75177914882391,5.04848874108233,7.14180629602753,4.08336372243584,4.36539291336686,4.39700724529575
100,"BGR","Bulgaria",21.6004924037838,19.7891076810078,21.8633487600286,22.2081594227463,22.1425269768389,22.0206580752325,21.1285740934979,21.3065673580624,23.2177575443708,21.8204307422534,22.4900811082693,19.6259701559322,19.4828875050248,23.5640954851998,19.9936671547065,18.1676296718383,18.6799978019971,16.6778245464849,16.3288485686445,16.7767944885433,17.0197469211024,16.5416784775033,15.5650447128048,15.3377535164557,17.1160658560227
854,"BFA","Burkina Faso",4.62550428684497,4.0986907246758,5.37354858549504,4.72401998253189,5.30606271266142,4.49982374657956,6.06823619528864,5.3295736804091,4.71235417428533,5.90269410472161,5.60081992960194,4.91774174633387,4.89074730537989,5.00978022942274,4.91795276686956,4.16040343849382,4.38862839492218,5.6980996936493,5.07108346551715,4.82246791510977,4.20587032326719,3.98194080646162,4.53016125503627,4.35661945922813,4.85392424099262
108,"BDI","Burundi",24.9638772623335,17.6545862633584,29.2637038410229,36.0472258712051,30.9142170817354,27.9135538795659,33.7540680319717,33.1528609861247,27.7163827533441,35.9482377734719,34.1974409103233,30.8295288755536,33.7019677415559,34.0848621873021,33.7403912698429,34.459258957234,30.7065457242297,33.046374203858,32.5611129548061,27.2165588402841,26.8826581073733,33.314630881201,31.6615774002495,30.8138237190718,30.3467486489017
132,"CPV","Cabo Verde",0.856149299271809,0.7311861622592,0.757531613710165,0.508894849594665,0.514284077258703,0.522565576571998,0.421254456554871,0.441943871151532,0.377442939527081,0.527473241043482,0.555896656186579,0.368848874783606,0.37068242416922,0.468703026616602,0.573153798619925,0.407473702936189,0.379888062390097,0.60743714126484,0.492980334109781,0.578368829970901,0.402092330946991,0.438584035433303,0.488523415220995,0.457030815923545,0.431007226919964
116,"KHM","Cambodia",12.221956396922,12.6020458831235,15.3792692156435,16.6654487501569,16.9559361812617,17.5579915857082,19.6797228702957,19.9740731728333,17.6768126355177,19.7763157695537,19.6691925365989,17.2580180567205,17.7955434682661,18.4554094341204,15.6589764807189,18.9044437182883,17.1636020718309,15.6237990678147,16.967540772741,16.2529752136387,19.1097843995373,16.834197705413,18.6648294625178,17.4367778753385,17.5680213478011
120,"CMR","Cameroon",20.8164035742255,17.1886929578025,20.3105506129003,19.3588655470245,19.9378350056685,18.7846426967031,20.324639912421,19.4771245526248,18.3763089161792,19.5690236828594,20.5361323448981,19.0720710211696,18.8097774341423,18.7364465101751,19.3891283392565,18.7631857086556,18.3210277650405,21.9292572051058,20.6139563598385,20.7327607418078,19.2688655866813,18.7780724719573,18.9028817296868,18.7633680570991,20.0181336793259
124,"CAN","Canada",8.15020344944902,7.5349062008382,7.29320810134115,7.42686680180332,7.51398114194776,7.74306569761498,7.22849932544164,7.95962249330486,7.10872062096698,6.95910271181047,6.78971882121845,6.3699546186316,6.20014309005283,6.41440162357841,6.00603111425415,6.22746808492208,6.48550670702,6.45478028941861,5.37980310391538,6.0332583580493,6.23377244700552,5.57435450187672,5.1976331298836,6.86402346362528,5.58555242877085
136,"CYM","Cayman Islands",NA,NA,NA,NA,NA,NA,NA,NA,NA,NA,NA,NA,NA,NA,NA,NA,NA,NA,NA,NA,NA,NA,NA,NA,NA
140,"CAF","Central African Republic",20.1240172986636,17.8062144191963,20.2820051583048,17.4612247776496,17.7668807099258,18.652414214533,20.4134262212751,17.7179546746655,17.1187092304968,19.1792099919311,19.4857487646465,20.5746058758399,19.3657367198767,21.1323998392229,19.6442752223949,20.6103813765029,18.1501011862272,20.1312524647531,19.6141845131613,18.9387391915242,18.9105958894565,18.3495797785828,19.0941345700168,17.963876422934,17.6191745716526
148,"TCD","Chad",8.08334770024984,6.72721189898662,7.52178927184091,6.71150317530718,7.3691599461324,7.19230958053843,8.11875889902835,7.67083910305241,7.6650250060316,7.7750698839134,7.23756469810295,7.52715981071586,7.22745771260562,7.49169302187605,7.34138348337076,7.1921984253129,7.12596905048985,8.88218711959341,8.30544231455309,8.01978703085171,7.35083208351408,6.97925156716785,6.95274698398974,6.7579945612836,7.11329196380902
152,"CHL","Chile",14.9165940259384,16.2867300051866,16.0015880148686,16.9447545237609,16.8846738187107,17.2432104559413,17.1921892816333,16.996561790668,17.1198646385729,17.5791590083784,18.2236352677382,17.4452200565022,17.3127064673392,18.9791141023163,17.2632180928463,17.1169507006192,17.38362268759,17.9351507813969,17.8552064186093,17.2363080355431,16.4050919001711,16.5430491889761,15.9393986135633,17.6344814857609,23.3395947727918
156,"CHN","China",29.1301685842587,27.6967121010823,32.5441039376469,34.4966441536026,36.2798133624958,39.7418682363774,39.8017715588142,41.5017228568697,45.0173064724481,45.4600030567335,44.46568604064,43.4048984318727,42.6645108028693,45.9410093299619,42.3789382572335,45.0611017450858,45.8665080130275,43.2834779866193,39.5494563219826,37.6147177773132,33.5820948245738,32.458447713788,29.4741567302975,27.87623997963,27.8208357810488
170,"COL","Colombia",9.03096278795004,7.65328568675367,10.1590501888147,12.5203273377537,11.5913477968542,12.7361098417417,11.523905032068,11.5765023738975,11.3739019615495,12.0433256101852,11.2496896077339,11.5655914341723,12.5312718864191,11.8391884376502,11.2789641932761,11.1876210881661,11.547440055765,11.6328537817163,11.9414369577335,11.2101537209484,11.1570596679955,12.0466381628959,11.6169511500661,10.0992659372765,11.4463750893877
174,"COM","Comoros",3.94135845403388,3.89596711274682,3.84624111375407,3.90161775335061,4.08083504750983,3.96522674702387,3.79584538821779,4.34493983451379,4.99747678820781,5.1833787234307,4.86710726582885,4.932386149424,5.0578116311042,4.66247114917448,4.76262495827465,4.96366508149643,3.85535826930998,3.95868501323287,4.04093290384484,4.57757721563304,4.48542011120899,4.43535620411419,4.28567424856292,4.16822914749575,5.08311421137739
184,"COK","Cook Islands",0.146374378514743,0.130772585600073,0.16306574131453,0.161961430076966,0.179224366055292,0.17346057568054,0.171249785600797,0.181727731845184,0.178665497375168,0.169290792425022,0.157253251654513,0.1481120176938,0.148644488468268,0.142526186497763,0.159646937675512,0.154075902463983,0.159762802261853,0.160450770869476,0.143731666371295,0.152268442702308,0.166744860341629,0.171031500887644,0.182445203947493,0.140908529380395,0.193055988579811
188,"CRI","Costa Rica",6.90293510894474,5.27927180146968,6.17613371679626,7.2297944355091,6.69171572174958,7.29250518094899,6.75122486896247,7.35644730845771,7.34836487430315,7.62877907765541,7.49773517240295,7.5428760356825,7.78554009160863,7.72256404225453,7.39253200632321,7.48546228836076,7.33416402353679,7.62500996320551,7.32489010549675,7.35479318339056,7.07460927465244,7.06415319031697,7.20428125522338,7.16482261330315,7.24884505933785
384,"CIV","Cote d'Ivoire",5.13808647666814,4.19857106534489,5.97281781224182,5.65919835323697,6.05122798914843,5.46296625852487,6.6632030897023,6.13189376937892,5.5441699790305,6.95487771843747,7.27697102858127,6.02396171068091,5.13325756564051,6.19510059217167,5.72848510649607,4.73746658734707,4.51982930673582,6.73401147193129,6.09409379754633,5.48106253595972,5.08618936507852,4.81555007081374,5.6587409997451,5.44421210301514,5.60337123498191
191,"HRV","Croatia",19.0751179993875,17.7726901839943,17.9831119138747,19.5640140139819,20.4796057611925,20.4844997016191,18.9677437945066,19.6103771003021,20.651932612402,16.8455304217268,17.417110817359,17.6149783941257,17.6842284335267,20.3155024201323,17.1654800990055,16.2585358427187,15.171945192913,17.0161235112442,16.271570174079,15.6728808415778,16.3983541470023,13.5631342153284,12.9126496580352,13.1169689906391,13.9879151504287
192,"CUB","Cuba",7.7514313340795,7.01551905401508,8.03618240779336,8.02159595497995,7.85910595779671,7.51442120793822,6.87185859953027,6.97991149643499,6.88823379632748,7.15330066434328,6.09409288944864,6.34869239906613,6.34350453662943,6.89153392608476,6.11714913584254,6.17103488339188,5.98469570251707,6.13935410642687,5.97654185413739,6.27091768072481,6.41102070263235,6.0857222106292,6.57168848943877,6.46118475753122,6.19217488228804
531,"CUW","Curacao",NA,NA,NA,NA,NA,NA,NA,NA,NA,NA,NA,NA,NA,NA,NA,NA,NA,NA,NA,NA,NA,NA,NA,NA,NA
196,"CYP","Cyprus",9.0701317138204,8.94275311699153,10.7116187660217,10.5308314464609,9.84588951266089,9.98542383584627,9.80202612034428,9.64987825887971,10.4544714954093,10.9634190190879,11.8000783267202,11.6388122855187,12.1785988807548,13.0030858397919,13.6618609332323,10.0424656911204,10.0620030776749,9.67813654981689,9.0926813129159,9.57766450006987,8.62419790286222,8.92045588299968,9.1234060503777,8.92102086153886,11.5657980575566
203,"CZE","Czech Republic",19.4079528303717,18.2742097043471,18.2306952336525,19.6972475379934,22.0027484510732,20.9721771624876,18.8966130410039,20.7656982223237,21.3785595333259,15.5545853285941,15.9268353731167,17.163391447842,19.2567329498208,18.324112646159,16.3899173986527,17.0816552732154,16.5996361675479,14.9187961280617,14.6907048003865,14.6036644672529,15.6992130831225,11.9171846379223,11.3461339914955,12.3523395305443,11.4193888336313
180,"COD","Dem. Rep. Congo",28.057448446276,20.5995784336273,27.5472362756481,30.8153186356126,30.5751517800625,28.387278748595,31.1408286760687,30.7199152670696,25.9073343100888,28.3755597817063,30.300079423914,29.402699785167,32.157040126978,30.1381638755243,32.4276720388759,33.2549425024402,29.2284408897156,32.4814978337436,29.7078574239784,26.243509667613,26.8872480249959,29.9458116215783,28.9570256398742,29.492994610234,29.4800954914614
208,"DNK","Denmark",10.8823828487155,10.7183261919123,10.9821676061368,9.7081209829456,10.5623363315618,11.534218495534,8.68864386821018,8.889990516997,9.96520886246386,8.87916025320774,8.73290066199159,9.43349491810885,9.38038889472001,11.0889114940111,8.01208741447977,7.61779895510236,9.1133363545054,7.56985647862937,7.21684500755429,7.04555564253463,8.55229628173271,7.51559569386134,6.2548906904745,6.51778473171539,6.78618954531943
262,"DJI","Djibouti",8.56807238739473,10.141507850762,12.5039087941065,11.2993526001504,11.4242753184359,11.5771937214,12.0589986768304,11.9080634930365,11.5627344901942,11.9700605041862,12.5660214865143,12.0633935197276,12.3101115482206,14.0483820114051,15.0779340955189,14.0736031920907,12.4414844133652,13.9226222188224,12.9440656538847,14.0950621793055,13.2679561188118,13.3123495424123,12.8573956186616,11.736266476453,12.7301980284685
212,"DMA","Dominica",3.90047674206257,4.52035500591174,4.3629547917115,4.39197386117219,4.30489896308183,4.1514217284717,3.91889875537489,4.41328908472219,4.44175077658157,4.53620778966231,3.77339975062036,4.58483396260694,4.8292713252181,4.25877890196785,4.54943573956383,3.68614118713245,3.2803268246584,4.40792607698009,4.59984716995787,4.43598251680148,4.41313830262217,3.9441158827392,4.13238668030404,4.45146635420067,3.99573161754357
214,"DOM","Dominican Republic",7.00312056343842,6.78947823715889,7.45921259719923,8.40366755720069,8.38846974485723,8.61770481410198,7.17893785932867,8.67002380712527,8.01111504941162,8.42119131701755,7.24169623493608,7.41196069913557,8.18675022055958,7.43567556766505,7.12088885254928,7.29385530498147,7.67512012224568,7.79878123155833,7.85124381033539,8.35596668498107,8.35696140623454,7.93536336956372,7.6856142641731,8.16551908724793,7.68716314512812
218,"ECU","Ecuador",8.55554341018136,8.25461643195851,10.3880421918673,12.3987162583362,12.6474219892502,12.90947761422,13.6455085467236,14.4475901821953,13.4363669949568,13.5264099922237,13.6120933718801,13.3803094115806,14.9432839201112,13.410782713392,12.8150309595305,12.7751567289105,12.6272601321879,12.9662973591872,13.3721357791628,12.9267927400242,13.1159111394044,13.3665431433143,13.2759168722365,13.1110282196288,13.9922599748626
818,"EGY","Egypt",19.9540343780467,20.0194232439045,22.1249527597855,21.4740851656097,20.5184352457979,22.8385445019527,21.8447330960553,19.8293486903682,22.2464333518286,21.0914838555359,20.8793258655345,22.5455399454194,24.3431254326708,21.4905899922407,22.4502318008055,24.4704378985786,22.9881152473564,24.0821034127796,23.743881185699,23.7135326991054,23.6612890736273,23.4903877088881,20.9266027600767,21.8158066794465,22.2431002947415
222,"SLV","El Salvador",23.9032251693185,17.0117452667282,20.9688272981805,19.3500168626267,18.6432069540862,21.2784845637825,18.519424961851,22.6528996326382,18.8838579479094,21.4270601989078,21.5681849029154,22.0389262212337,23.11244565879,23.6618633007638,21.4331568894803,23.2230464833554,21.2743041320091,21.5104603224731,21.0318804752686,21.7779708126006,22.2899450285266,22.8017614490023,23.1610953129344,21.280718526185,22.2565348000136
226,"GNQ","Equatorial Guinea",14.4251005704607,11.3704632032756,15.6666149386005,15.9935969446882,15.5743592874475,14.868574831883,16.505742171942,14.0013324615826,12.2577125918352,16.1536661598822,17.8651890368323,15.407601410843,16.6730910770184,16.4657843770037,17.0257171055929,17.9064455595399,16.0581476815855,19.3828632222337,19.1943444912232,17.3730338811765,16.5581122047123,17.407283808127,18.709739765696,18.9825413803618,19.8972839217918
232,"ERI","Eritrea",8.25128823988055,8.15004261103108,9.6500658416012,9.56424926394449,10.0738058995782,10.8666222918009,10.0743682836071,10.3856737944691,9.36957617807612,9.60912770809469,10.0694958618088,9.58607915510874,10.4435289218706,11.2482531619337,11.0818114643485,11.3616016129466,9.4603335767934,11.2156966133564,10.6822562103833,12.1482652091556,11.226878950108,10.6855367761794,9.91922269546577,9.78803457919627,10.6251070304411
233,"EST","Estonia",8.22680838173199,8.51173556367623,7.05269186975476,7.58810938275295,8.41949008277382,7.79746478567283,7.31463282383591,7.45804275345138,8.68587928862857,8.40868239499745,7.85073257952277,7.61944926696488,8.41545000942256,6.88228500278796,6.93468274245821,6.81435143961708,7.50343257390141,5.85050704913514,5.58173112680716,4.98437785185176,6.48211416120553,5.14514224008383,5.05847163505019,5.74218962466837,5.28462152950814
748,"SWZ","Eswatini",21.1935733752363,17.4583301631925,17.5218735815887,16.1799343026562,15.4545533729875,14.0947630118047,15.5976649805889,16.9417921236783,14.6078862442493,16.5002982194263,15.6915956276307,15.180794831982,17.8502099037935,14.9649285580967,15.7926983078366,14.9037910303958,13.5659738944076,14.3898410766678,13.0859087662215,14.0816536756178,13.9334599780995,15.6210102845218,14.3830867488667,15.3105371493418,15.7499540719406
231,"ETH","Ethiopia",5.51239010365674,5.65898254399316,10.0255551827319,11.9622912187115,12.1201730074838,12.4722228440829,11.8068823690803,12.1084346629624,12.1611889674367,13.1026396373333,12.673083275172,12.337800774672,13.1628681538269,13.7126986518094,13.3475366852832,13.5654407861689,11.8883844182548,13.5532102629512,12.8925065843916,13.702230538489,13.0118804949641,12.4172744564505,13.0149320834588,12.9786490176397,12.7817748094495
234,"FRO","Faeroe Islands",NA,NA,NA,NA,NA,NA,NA,NA,NA,NA,NA,NA,NA,NA,NA,NA,NA,NA,NA,NA,NA,NA,NA,NA,NA
238,"FLK","Falkland Islands",NA,NA,NA,NA,NA,NA,NA,NA,NA,NA,NA,NA,NA,NA,NA,NA,NA,NA,NA,NA,NA,NA,NA,NA,NA
242,"FJI","Fiji",0.703057990644888,0.782723977394332,0.873578258805261,0.805394116811082,0.845715621556672,0.797927610332513,0.848878769692544,0.822632438537191,0.846022210940396,0.966147891189554,0.996777141442651,0.840008225927719,0.897444680851702,0.887906371371898,0.85090750314869,0.858649069582227,0.739309097146166,0.833958011336495,0.782828568115173,0.974308807095218,0.886634474563705,0.932675873873683,0.817908290304499,0.806357720135354,0.986419630656914
246,"FIN","Finland",5.57981953513444,5.84231962069399,5.1850104795332,5.43936213856506,5.32259700299427,5.6220737686548,5.48971609327043,5.50277152265222,6.49996928905505,6.00099512150662,5.20013726262929,5.34927093415573,5.85605145631037,5.25578489264505,5.09635049658205,4.77887581613783,5.60836246157442,4.37274601094385,4.13351847851858,3.61374618736398,4.43447240909562,3.8311398832295,3.7731303405855,3.97833239811887,3.88294174081955
250,"FRA","France",12.447794308734,11.8302049270973,11.0856826698784,12.1021412425666,11.5150405630199,12.3045878787849,10.796526999553,10.8544782824365,11.1364144874457,11.2998004097362,11.7842014775815,12.884427036699,13.1007496122347,12.754410698863,11.548574560704,11.8041441358303,9.39690619874061,10.0139759080056,9.21064932830802,8.88783158130876,8.76936715904544,7.91685192816583,7.37881376269597,8.31689841552145,8.66832156717888
258,"PYF","French Polynesia",NA,NA,NA,NA,NA,NA,NA,NA,NA,NA,NA,NA,NA,NA,NA,NA,NA,NA,NA,NA,NA,NA,NA,NA,NA
266,"GAB","Gabon",13.1816299684627,10.5451511808136,14.2191357564888,16.1662920328186,14.4180635200298,14.3713475196388,16.031263012819,13.490120871942,12.4856296093048,15.666673593587,18.397421780985,16.1114361910177,17.4973356308762,17.5983931288628,17.9323718983418,19.5603263444648,17.5749205889213,19.0802063973254,19.508604040814,17.0740128544082,17.4588037971893,18.0352413994305,19.2515816676686,18.7277559333643,19.7757668358581
270,"GMB","Gambia",4.56513789815635,3.55398865669503,3.72976034156232,3.04375924126254,3.05951907901531,3.07113420780222,3.12036642133536,2.93415913499738,2.85713807309518,3.45992974615314,3.45303965209397,2.87930344188507,3.10541400221688,3.10200068163289,3.56496591594957,2.70849499899733,2.95126837333973,3.55639273005512,3.1541714385058,3.44417988072555,3.22018611656921,3.01518184280843,3.0579365899503,3.14869888178045,2.95175896456682
268,"GEO","Georgia",9.64887900348003,9.13038557486638,10.1238629708246,10.5640731325512,9.9739155844906,10.5614369847142,10.4704989737098,10.5490110383722,10.6749420497897,10.6103963682315,12.5577217657108,11.0511229014686,12.1923128592291,10.6380458392027,10.3220341130419,10.3661621881919,11.6737660401874,10.5132845222315,9.65235845996116,10.6329207173929,10.3992216689667,10.5900833305955,10.575271891847,10.9051875884399,10.8135991544925
276,"DEU","Germany",14.6696933407507,13.6629803125205,13.1710674890396,13.3492174616369,14.1006570394586,14.8453448528335,13.4302810672597,13.2512806679224,14.4797761125652,12.1081875151594,12.6088331140562,13.4900813820932,13.9087832665862,13.5582925221015,11.3768077152307,11.8890805039189,11.7946206099472,10.6423151311973,10.3534314450928,10.4395824355627,10.7736847357245,8.74111058525137,7.94908335306941,8.68629650855707,8.45935441934241
288,"GHA","Ghana",7.8604014477657,6.08362405422978,9.80794305137401,8.76269041726404,9.05382644206787,8.01951205278266,9.76248690813227,8.95681300229278,7.784030427373,10.1129120203778,10.766277632745,8.39786736191715,7.51635038693676,8.64478467293269,8.27006944578329,6.88120197606596,6.71331001397225,9.66826874647357,8.92687972476206,8.34346916491746,7.36121299563481,7.15927866060533,8.585267468293,8.32728169958945,8.56161578248837
300,"GRC","Greece",11.0458613338658,10.9810697707175,12.2839890299648,11.9016803038561,12.2972150424314,12.2272106878141,11.4879648842968,12.617970333176,12.0722535112557,13.3913331006384,13.5985117787686,11.8751697245583,11.6144089041649,12.0115778621389,11.2991934812753,9.56872184410248,10.1635399099538,9.84638247834174,9.67518130813681,9.77421002058363,9.82492516584547,9.87106644575267,9.25214660873087,10.0336450707514,10.4616335595715
304,"GRL","Greenland",1.09932655242987,1.0790509544927,1.0237108148285,0.851830859757421,0.859271830622659,0.984910775519954,1.00180839153266,0.975869407019785,0.919902228810513,0.999482012859775,1.11327134913737,0.982302444692171,1.04848973393909,0.970159624412181,1.11314414878149,0.966136688407994,1.01288089115741,0.885391366529431,0.809969499836939,0.919484519762827,0.785649118227463,0.992931145310645,0.931242064588128,0.927997492433334,0.915869780199538
308,"GRD","Grenada",0.763197257837976,0.891157592625917,0.910200939511672,0.879025731925018,0.857916532092929,0.826681687597697,0.772754944740094,0.813656240080893,0.81046238627639,0.903778862806028,0.738739690840694,0.946730157031483,0.999655323728285,0.778047311688255,0.936800739230965,0.749220299195046,0.704089508354578,0.918236677942069,0.879449789359981,0.906767415508309,0.797353335901993,0.806701288618595,0.837711682651953,0.931328487198595,0.838478061565029
320,"GTM","Guatemala",29.8233046493666,17.8710259559284,24.2933863567822,21.481650194722,19.9657477116472,26.7262846556579,19.0461278098523,25.0654917451279,20.7438165726763,23.060573398666,22.1687390067835,23.8806534627225,22.6741824688633,23.6827767421031,22.6182812564467,24.1232397923895,21.6472637089142,21.6487421734109,21.8630440869154,22.3889633304148,21.4991901413553,22.724426400247,24.5552110175193,22.7236540540599,21.9114229501328
831,"GGY","Guernsey",NA,NA,NA,NA,NA,NA,NA,NA,NA,NA,NA,NA,NA,NA,NA,NA,NA,NA,NA,NA,NA,NA,NA,NA,NA
324,"GIN","Guinea",6.98923932792766,6.42044987297954,6.17450550761028,5.52185920910184,5.64253104757008,5.38720689280816,6.43017624810206,5.48894746041364,4.94389069504454,6.41519863493232,6.53893327586216,5.73194182679072,5.94632547806904,6.07495323195524,5.87900911011388,4.99006825989194,5.19075710454246,6.30318144192714,6.0754790234631,6.12327778166734,5.78077077435606,5.32430658948364,5.46607606673216,5.43919740994018,5.52808526826024
624,"GNB","Guinea-Bissau",5.07685925913707,4.19883843261512,4.56326933264966,3.9280007412235,3.78977599906662,3.85099463716714,4.18102913787198,3.69830004183921,3.59555589756979,4.50255501772066,4.41390703361014,3.80115459871227,3.95021183444774,4.06615365677337,4.21634315179788,3.3630218017382,3.59510264817276,4.2680878218671,3.89112505795244,4.3084661867116,4.14934260901236,3.67108951185304,3.86103519153792,3.7562869089672,3.74059723827645
328,"GUY","Guyana",1.52427740187145,1.61885737176676,1.86942899695082,2.32387583699673,2.15076990289855,2.10432015020708,1.98381894263904,1.98770388033454,2.00270358510345,2.20214155445377,2.11565235164523,2.00281507747111,2.18569966208337,2.01521312696911,2.15370072724773,1.99961032000861,1.89975590388606,2.17788324202599,2.07469048705771,1.98141647704707,1.88174999070447,1.98659729150109,1.97128695521445,2.15627655253782,2.0834096772357
332,"HTI","Haiti",10.7770094474734,9.90753226693556,10.7005393207318,11.0311531551973,11.2168929772835,12.0374429679525,10.1310171759817,11.777237836652,11.2950706881761,11.9688868678729,10.7535984727579,10.9417322723473,12.5278835188098,10.8835486004587,10.4728908682739,11.5623176012032,11.6889239098924,12.1860889834739,11.4436110649139,11.9288382958467,12.0544912603951,11.7418418460793,12.1648224335921,12.4476478947759,11.2022094032029
336,"VAT","Holy See",NA,NA,NA,NA,NA,NA,NA,NA,NA,NA,NA,NA,NA,NA,NA,NA,NA,NA,NA,NA,NA,NA,NA,NA,NA
340,"HND","Honduras",20.2812601892751,13.4959522660939,19.6983597034925,20.1750352860118,19.1624997790832,22.5973408198735,18.5593782989403,22.0979931238849,20.3397423239473,20.7434101439479,21.3642597213174,20.3401414791678,19.2743600479004,22.6533158049688,19.2593730835365,21.7737987900472,20.0724223584425,20.1631764821466,18.8112331907343,19.3991574128173,20.1669271610906,19.9167017581402,24.8659166545363,20.5129575984764,20.0620954291018
344,"HKG","Hong Kong",NA,NA,NA,NA,NA,NA,NA,NA,NA,NA,NA,NA,NA,NA,NA,NA,NA,NA,NA,NA,NA,NA,NA,NA,NA
348,"HUN","Hungary",21.5127535395775,21.1356095019765,19.9186087707362,21.4620496783688,23.5461583266054,22.8987571185665,19.2912138011505,20.055192007334,21.1271636240483,15.5422793653827,16.4507742171278,17.7031912150594,17.6885757669898,20.2242895595412,17.395497741355,16.5188226693075,15.6488219301138,16.3540919574688,14.7303708155901,16.2228695470767,15.7381788796738,12.6395750974398,11.6527450307671,12.376773134208,12.0248801757513
352,"ISL","Iceland",1.76189238132745,1.74724260608812,1.82314483008938,1.8684926919319,2.0214035647412,2.0090785839726,2.20290019322494,1.87590973837887,1.96428328682923,1.88305270557368,1.94349871382128,1.9897931932834,2.12268092520066,2.06421069645035,1.72899154659981,1.94173908887011,2.01848397390617,2.04355693096092,1.79789855892526,2.05116400876411,1.78958786520695,2.01385777951301,1.77831246515531,2.28424315718986,1.93367655828296
356,"IND","India",30.6048902709421,31.3626200181204,34.667779436195,37.6695554143185,38.5396243611756,40.9470621686946,41.7434289654325,40.7831095264337,42.2976823294441,43.8749171554715,48.0973892152099,47.3728462943314,46.8657153114701,49.9365547886756,48.1467312884549,47.5487370014591,47.1577057391753,46.8936213751137,49.623764735432,50.428448591768,51.7835358784925,48.9823705985034,47.6965775624504,50.8826538384368,46.3334806806726
360,"IDN","Indonesia",11.0800947467124,11.3992239095454,12.7619592017903,13.3796755776791,16.8735136528023,14.4681223705947,16.422525214482,15.9414951396147,19.4802828819863,16.3263829245882,15.1815789057443,17.4837429028582,15.5261820599475,16.4157026065316,16.5918080867098,15.8528720853797,19.7086664137378,20.8868607015441,17.0169816249961,14.6498738483157,16.6027760300749,19.5006133379683,15.3566799895315,16.0902910749814,16.2234479026374
364,"IRN","Iran",13.3248978707028,14.3444785957989,17.7688902552363,17.815725588139,16.9784197624558,18.7325682939676,17.8426268686753,17.3702180704348,17.633243766666,17.9793262356904,19.4045531262785,19.2020116380338,19.2728762578437,18.9151917628037,17.9934574015121,17.6455238038496,17.4527005846125,18.090425156821,17.5427132501073,17.6807366831166,18.4848899248371,17.3855392603697,17.0901825070832,18.12669949471,19.4486088986017
368,"IRQ","Iraq",14.1078590179811,19.8608666226158,21.6465456188532,19.3736871143563,19.2137780416998,19.9161961904572,18.9961374068263,20.6551399626963,20.6296256958488,21.1709211897722,24.5584418699218,23.5946450038337,24.9444209394054,22.510619096445,23.0817442017733,22.1859605067424,20.4225960781752,22.6715497846069,21.3971654886942,20.550905527618,22.3507674908798,19.5028584254008,20.4002739164412,20.995955824759,25.7837748542067
372,"IRL","Ireland",6.5826725462558,6.17803684667207,6.4574052670788,6.70969176264629,6.60114732051864,7.34593528675319,5.85392318774385,6.08750147981623,6.13699857355813,6.45089502077035,6.39444055307,6.21994069238059,6.46408897269775,6.31796845011486,5.60974259546297,6.25914726670788,5.75543325546188,5.31626247132061,5.41902396189215,4.89520958842617,5.35157157696997,5.90671505584337,5.37519437571907,5.57989803600957,5.57345845766308
833,"IMN","Isle of Man",NA,NA,NA,NA,NA,NA,NA,NA,NA,NA,NA,NA,NA,NA,NA,NA,NA,NA,NA,NA,NA,NA,NA,NA,NA
376,"ISR","Israel",9.49039565199449,9.37459558193682,11.4577730668455,11.5640917747193,10.7692435343425,11.1422258190574,11.1300941201932,10.159049631595,10.8791050365343,11.2585643069587,11.1091640777684,11.4001606646791,13.2576166200989,10.8249693790892,11.3336930605068,11.6841225159333,10.9054406771465,12.4156963071474,10.7028904593603,11.0836959603807,12.0251251041189,12.3417185538557,11.7242013175254,11.5830274152175,12.6840144023372
380,"ITA","Italy",15.9447540866031,15.6727513191836,16.6797022943907,15.9930046717509,17.2446382059812,17.2391821581993,15.7656216153531,16.0671720289421,17.937701101989,17.320626157528,16.0835092241434,15.8340855912038,15.2422307507961,16.8265256659081,15.302715670483,14.090326315528,12.7688779393864,14.92634190883,13.1323370782193,14.0128071718508,12.7322239539298,12.1457943926479,12.5190286345005,12.1092411316588,13.1997769407808
388,"JAM","Jamaica",10.3781008161322,10.7496008888499,11.8322889982288,11.8639964367918,12.0848869876309,12.1736311973001,11.6694653634925,13.3154064818592,12.9483302654122,12.5060452701663,12.6303066214435,12.3664582879174,12.9370008983201,11.9551270934242,12.4690129700374,12.1176361038004,12.6542423964057,12.3826781860499,11.8095812876966,11.6997955208908,11.8570155734863,12.0431536048384,12.745873732591,12.4542513004085,11.9158597903697
392,"JPN","Japan",10.0682291743319,8.63191788000162,13.1163735353788,11.931615595762,11.6034560999098,12.3123847869804,11.2273046147432,11.9502814922549,12.4041600529333,11.6519359415311,12.6932402174854,11.5817112001835,10.4637333797702,10.6082139833115,10.9604143366732,10.6440949353351,11.2480440741203,11.0437841531803,10.1025144420278,10.0139429685635,10.1766409126231,9.8399244321374,9.24378425658601,9.48697904584743,10.225935969074
832,"JEY","Jersey",NA,NA,NA,NA,NA,NA,NA,NA,NA,NA,NA,NA,NA,NA,NA,NA,NA,NA,NA,NA,NA,NA,NA,NA,NA
400,"JOR","Jordan",12.3247790534377,12.4549050832245,14.975133126154,15.538096085365,14.5922577465063,15.6219352956968,15.905695330985,14.5899328534215,14.8275179166136,15.3415003835907,15.3475815366387,16.3192262703217,18.3232117586833,15.3341712586034,16.663461497654,16.4796712025759,15.1418672483201,17.138621892051,16.307706066141,15.6933016136568,16.5696212915479,16.8512948761558,18.0181666820187,16.0937652495932,17.3880409734675
398,"KAZ","Kazakhstan",7.58470769506365,8.16281912407796,7.67113454363341,8.78638178770136,8.36372850670394,8.08999475162934,8.508957846116,8.39482184300599,8.61306376347934,9.59730426359266,9.97310904761652,9.46406795025475,9.55712439921385,9.43793106395909,9.57061850821535,9.89863562877951,9.71821037909708,9.39563538748435,8.75805576370433,9.28036364482355,8.9071525236423,9.57124353560818,9.33143565706201,9.75986570535284,8.83172723163924
404,"KEN","Kenya",8.16857887058769,7.05828576830056,10.5257215785277,14.3891096888231,12.6868421122795,12.8709644221423,11.9944507612644,12.0625112126056,12.3464895235214,14.1247745820205,13.1024579145408,12.1775334679244,13.6503675479935,13.6643990742003,13.1822351372192,13.3308020689485,11.8693404112481,11.8079580293654,12.1346398320144,11.3363389737624,12.3820929751296,12.6209774819064,14.1166377337709,12.9446482742161,12.9777708410186
296,"KIR","Kiribati",0.154558589353316,0.164201830386049,0.180583360762353,0.175146425779153,0.226371560656327,0.193602219187277,0.205974368913674,0.226216453397207,0.223755501170178,0.213624968216867,0.190360185572634,0.234711065600242,0.200749479762654,0.191050931984176,0.208281016305553,0.206162049017258,0.19902758434899,0.263390690484894,0.167316528993081,0.177230340956823,0.173211043181594,0.241764684950432,0.184309762912879,0.160504542660187,0.172742482934313
689,"XKX","Kosovo",NA,NA,NA,NA,NA,NA,NA,NA,NA,NA,NA,NA,NA,NA,NA,NA,NA,NA,NA,NA,NA,NA,NA,NA,NA
414,"KWT","Kuwait",12.6475091496338,16.4321349392324,20.1620492435899,17.7360238450612,16.8899519495506,21.0547837018167,18.1561338197514,19.7287593126215,17.9623518177542,18.5452165708248,21.5516543005208,22.107110940587,20.8285708237986,21.0421564839544,21.5295571382462,21.1420603230113,16.9611933454344,22.0371116756038,18.554326056708,19.7852700626128,21.7791347114733,19.5209044495037,19.3070612199512,21.2450045407031,24.1058628748374
417,"KGZ","Kyrgyzstan",8.39233461865007,8.4305555383022,10.4068376237542,10.5586671382946,10.9687769614559,9.98531322123451,11.202158475581,10.4458699813284,12.2997801224613,11.9307810561058,11.5312016314372,11.3921821352116,10.8005099650387,10.4479963467664,11.0406034759162,11.493177612155,10.8623537621353,11.2692739466766,10.7436595310028,10.2618852774218,10.7973253140747,11.2178361994426,9.7391279676412,11.2403209852064,9.38266550761478
418,"LAO","Laos",22.557846698064,19.0681531233279,19.4662394218104,22.1936490108118,22.0104453170711,21.4617534588459,27.580763884609,27.0368869645447,25.1009629909773,28.9569496338059,25.681010419427,24.4998204118512,27.9653410912472,25.2460072407818,23.4261973321624,25.1306508309494,25.6543511774054,23.3049189972422,26.3313595460923,23.2932302600977,23.1114526430161,25.0338372426756,24.9692816207272,23.2396227415777,22.4306513978041
428,"LVA","Latvia",16.5931730166559,17.009321416244,14.7379361366563,15.1445546604773,17.745498915849,15.8396911044657,14.3792116065525,14.9560738727156,16.7296405834541,17.8343338736872,16.842901213931,15.3491891799915,17.1731491393435,13.9032940972241,14.6150536412038,13.9586232053453,14.8496471736381,12.9074851761126,11.606078297527,11.0917691847673,13.960431471785,11.5087739725875,11.5286300380472,12.7972576030855,11.3919309937316
422,"LBN","Lebanon",11.8821966272273,11.7229676985379,13.8980027735101,14.1224866878992,13.3450050427586,13.5907651926757,13.3084872832711,12.2818821416499,13.8270754006362,13.8642175680663,13.6188618418755,13.2837753910238,15.1548910374727,13.4609086250944,13.146891592811,13.8852957270281,12.8899601091898,14.418533145078,13.1156383890225,13.6278382132372,14.07371247481,14.4783431007601,13.5094029987716,13.1758977955617,14.6756065654144
426,"LSO","Lesotho",18.604284648832,19.0442814925533,19.5376203083846,21.2363616461209,23.0690441417024,24.6329094648826,22.2403897102846,24.7900059156563,25.6760658280914,22.7034165727055,24.0641216592166,24.335218498635,26.8707991604476,24.3203403566351,21.6894308366499,21.6145523056155,20.3695146948997,21.4953835701207,19.4245948988429,22.9379631824868,21.9918648021624,20.8280688387792,21.7938182246614,21.6969002459269,24.6251881003473
430,"LBR","Liberia",4.75074356364926,4.10675443912355,4.3330264005633,4.33268706074222,4.49432928137271,4.19549925632434,4.84940620587856,4.89651891207741,4.13892124906311,5.11528133203773,5.35671075508369,5.00216752881551,4.1363571261737,5.25005447552817,4.56206892686665,4.22808529251978,3.97878203944573,5.75091798509346,5.12772073176027,4.57801411968127,4.52197916030254,4.40648582712014,4.67360078662209,4.11354424398807,4.39322975454733
434,"LBY","Libya",4.48022102828938,4.4083545988058,4.34302046520677,4.33964369707285,4.22519894559744,4.46661046212462,4.65050280564953,4.56705195396744,3.98067891238233,4.3562146655251,4.57038836186529,4.70693284741484,5.38461841644801,4.09008414648931,3.68960817405635,4.88689843015683,3.90341932836849,3.76614753847771,4.44526997556325,3.54464358363403,4.36444083073997,3.83050569748813,3.48262203927474,4.02940660767018,4.24932896690051
438,"LIE","Liechtenstein",NA,NA,NA,NA,NA,NA,NA,NA,NA,NA,NA,NA,NA,NA,NA,NA,NA,NA,NA,NA,NA,NA,NA,NA,NA
440,"LTU","Lithuania",15.6368224436766,15.2770057440197,13.3437988169859,13.3933523861034,15.6030342721176,14.007412974968,12.2389950831026,11.9218650586718,13.4063431636032,13.6810377052864,16.5292981838359,14.2037769777676,16.5026616161774,13.9953563428095,14.0796491090884,13.3472539620135,13.9417878721628,12.2982066544163,10.7986375262912,10.7153345309717,12.3489150049512,10.3827773895598,9.75827683193134,11.2450411143838,9.50365818878267
442,"LUX","Luxembourg",15.1249521771978,13.5672709389378,11.881850907941,11.9252659154319,12.2566214115345,13.6223615544281,12.7414235279898,12.3271517135253,12.8497080560058,12.3791709213736,13.2262702609392,13.8216977992414,13.7074548608856,13.1590768071625,11.308778641317,12.3691740523704,10.3270864589133,10.308046765756,9.59857820886718,9.3027504452274,9.34493421454458,7.68085758981473,7.11797718029998,7.78772412474113,7.87228800064733
446,"MAC","Macao",NA,NA,NA,NA,NA,NA,NA,NA,NA,NA,NA,NA,NA,NA,NA,NA,NA,NA,NA,NA,NA,NA,NA,NA,NA
450,"MDG","Madagascar",5.80078741121883,5.30182011886339,6.95520705294981,10.6563862153414,9.09765398546504,8.98740264293275,9.07305944784478,9.97963894635223,9.26536323855839,9.95446921686802,9.36647585436469,9.41874196355957,10.4360898402093,9.30160266074844,8.5674480061255,8.93163378853494,8.20280016524485,8.63364529115545,8.55539456034355,8.12963980548138,8.09176340394291,8.58267602188062,7.69961997599583,7.93612702414697,8.5385256443599
454,"MWI","Malawi",13.5155449311256,10.6571206710016,11.5762387563095,19.0300714009288,17.3021185165937,17.3151363959472,16.4800064089121,17.6943057575317,16.1876713641417,19.1805188933239,18.2410988424807,16.7149572651378,17.8293439042705,16.1158324535343,15.8778890933784,15.9196978108306,14.2694439741681,15.1172139633366,13.9459955415378,13.4975709896742,15.7947143738456,16.4936400896399,13.7880771795223,13.2087473730626,16.9671833662116
458,"MYS","Malaysia",10.1652425561891,9.56108721761171,12.3015816644862,11.730767028335,15.0779448856524,13.0226023144802,15.469012325294,15.2358996968668,19.0119802618663,13.0898175783836,12.6399778084585,16.1038540017202,11.9927133728332,14.9732225809911,15.1338741310606,15.8417079895946,16.7116312799359,20.4247550452911,13.3400305748384,11.9289448929711,13.2515418467308,17.2405999699262,11.2664880264736,11.5732091010163,12.5865294823078
462,"MDV","Maldives",8.05457204116287,9.71037783431758,10.7885887167715,10.2120722336828,9.32068956269624,11.4971850363648,9.96184364378128,9.7320015753053,9.90380470679378,12.6088115002133,11.9399971525863,11.6639926950475,10.7650414186856,13.0562842787589,12.0405415861681,10.3141040271138,10.9913904255988,9.37879148874922,12.6279790384781,11.7944163280753,12.078837228958,10.7264733607405,10.2551352285572,9.77112896768718,9.74217907327837
466,"MLI","Mali",4.14095366958627,3.61936853052493,3.87192225048278,3.38679665871391,3.83277996127467,3.50867610082903,4.20186026782383,3.53065468044942,3.33408955130744,4.04569224648708,3.89096973148619,3.40083381729707,3.83156586167146,3.70931976123106,3.94167087819876,3.0172973758043,3.40207770493526,3.94801661223183,3.60751057579454,3.64172553289639,3.28953261593805,3.1498334981151,3.08527123264183,3.10975524645339,3.32673706245715
470,"MLT","Malta",5.382839348716,5.83173880118813,5.70042452803588,5.65120608305609,5.73461440765321,6.46719381498288,6.18931047373338,5.38558629735607,5.59843380831013,6.97731634771258,6.58583949057446,6.03119817337602,5.96503615652876,6.47286038087213,5.60102692929026,5.39860251614413,5.22886106747524,5.75803007233712,5.17504941408473,5.01635083614513,5.50306944738042,5.35998435233532,4.60713208092978,5.32344322282464,5.20098488959651
584,"MHL","Marshall Islands",0.0628632510621582,0.0624084637879501,0.0755537530719477,0.0738503649650209,0.0849186361353511,0.0795060738312596,0.0801648055199383,0.091058213846525,0.0902873298402585,0.0918587742900812,0.0911178704919772,0.0872763952481031,0.0903073561090676,0.0913878688678143,0.0849911069179653,0.0789906795290471,0.0762530375144315,0.0875640727006992,0.070293999708886,0.0733968820759135,0.0785377124502987,0.0720157620598094,0.0709782391650011,0.07178457549933,0.0817596734127506
478,"MRT","Mauritania",1.89142464352672,1.64098841023403,1.73505450539342,1.47275430149075,1.57527168693419,1.54240739486073,1.48723647372681,1.41627161757023,1.35091881294853,1.53093113229034,1.56949819770704,1.378840313148,1.47426899072785,1.52833429014103,1.67985249699368,1.32645165609957,1.36336503105459,1.639293143669,1.48514458048874,1.55857707165654,1.44021451118158,1.34744260406396,1.40650410573181,1.51257608707268,1.39180987805539
480,"MUS","Mauritius",3.48800314828036,3.28832187710778,3.43227309999177,3.45683046021901,3.47390693151551,3.59920406498943,3.72091542299336,4.04168877339352,3.63020006215685,3.73040284174021,3.68964827746543,3.65340803288161,3.61368613864991,3.50768206175414,3.38965698264222,3.34154336409863,3.11251441637633,3.16038441543955,3.39541382587414,3.31968370190002,3.34907294149649,3.3056193885657,3.10873389630424,3.13705872831436,3.30530732739102
484,"MEX","Mexico",16.8149477193078,12.7508336240666,15.8643797081334,15.6871239405969,15.715877554226,16.7750529212983,15.214863848303,16.504855576451,15.4663202363965,15.5868797089664,15.0752858654714,14.916697679894,13.9060841521636,15.6996913832716,14.809889695353,15.3612681671784,14.0050545805926,14.9235620155944,14.5636947816889,14.803941808199,14.3797150314684,15.0511965751548,14.7540477145667,14.8208806530697,14.6090560408654
583,"FSM","Micronesia",0.140150408861248,0.150537843750471,0.153337163642842,0.153609796563896,0.17839770805654,0.173842118023876,0.176278521876444,0.186617350346073,0.18616462350646,0.187528815209565,0.174696065600177,0.194848298229394,0.17065600937131,0.188642080569259,0.179224441962387,0.170653610189418,0.177244006282342,0.18616027501448,0.151163918704088,0.140190022976392,0.159062125181128,0.150467341213859,0.138542856270448,0.139361978041097,0.158341958296485
498,"MDA","Moldova",17.6322914316053,17.0726142959222,15.3272926139079,17.2321344616727,19.2326430161108,16.0989776920776,16.0960588541065,16.7875716131536,18.1849178027947,15.7723512861084,15.481953479498,14.9991676268827,14.3428942650629,15.0673062027592,16.7468817942354,14.6297170730667,15.197313987517,13.4395735047911,14.0542173770809,15.0969908657261,14.2487378787576,11.9144162930999,12.945108976357,12.97748416255,12.0896680394855
492,"MCO","Monaco",12.9561364156531,12.5940184271222,13.9220103263383,14.2933457284719,14.546063489964,15.8228278780993,13.7582620877207,13.6454828588203,13.8709182255876,13.8389028339635,13.5939953234987,14.003250396321,13.9592090421016,14.2352211903296,14.0723803042444,11.9207185009407,10.5499405083386,12.5255389145945,12.0634340063856,12.5600596107249,11.2038178380592,10.5955780035993,10.3465419438829,9.99336668569189,11.012742060625
496,"MNG","Mongolia",21.2535088945092,18.9277899283673,17.9214696222678,20.9939818210011,24.4431685298349,25.4519393246889,22.804327566187,24.374120188407,27.0104073360849,30.2465160833622,30.3602527984758,28.3818391001038,27.9374627959066,29.6596339602534,28.2038013438168,29.7342277157158,28.4107267368231,30.2655247512864,32.5853638174354,30.4485047723647,28.545527748961,31.7190097395479,29.2946902079099,35.2465307122705,29.5028271164784
499,"MNE","Montenegro",15.9194374487183,15.0835398032655,16.5578376600402,16.7052658747509,17.0037256768536,17.6988802422795,17.0563335339669,16.1567834990355,19.0462775464963,17.9312171672405,16.3183350171551,16.9970533098714,15.2161228119713,20.1620785829531,17.0367974583875,16.1873844362337,13.9848859923543,15.8314932592633,14.5029269522808,15.7710198919576,15.7146568802522,14.0519035584437,13.6694667301201,12.9784701135408,12.9935500781966
504,"MAR","Morocco",5.84416834537581,5.1348638586861,5.40862906856335,5.61893037257789,5.36896609027151,5.86716673637838,6.01128353438092,6.0229536458953,6.15511740808791,5.6320046408737,5.57469691147994,6.05231522561749,6.14332195631288,5.85770555883082,5.36535103740348,5.08380178133641,5.15736008883282,5.85765550949938,5.59550072130365,6.28266805104406,5.4837327390458,5.08956405224048,5.25794066665541,5.58938227749152,6.29928834545538
508,"MOZ","Mozambique",13.5032774833139,11.0984592247775,10.5280226610433,14.198097189861,12.0090083417646,12.5551798436989,11.7762504033267,13.5517257196875,12.5342489404521,14.23902729373,13.3968529267425,12.0843388734084,13.5047061824073,11.5500613120538,11.8992512948222,11.90975343399,10.3732908759103,11.4436836436716,10.485244380864,10.3937346834708,11.9538440386403,12.1607477001985,9.84128962494009,10.0546345339584,12.1140097087633
104,"MMR","Myanmar",24.5437035308673,25.6611860083466,23.2549723643322,27.0600783553653,27.7445007735307,27.9058003582229,31.5628250909348,30.1513876782677,29.9897731342519,32.7109570997389,30.9098473628191,33.9127733757011,32.3515623034891,30.1732372658502,30.3477189604798,31.8759351417975,32.0349012596038,30.4647004224739,31.144679138122,29.3095887415427,31.6477789074475,32.0777115753914,32.1978319826197,32.2585290738795,28.6385141446424
516,"NAM","Namibia",12.7645096439812,12.0218150053069,11.1590506693829,12.7413884533686,12.0755699650491,12.7990292613406,11.22559680576,14.2339519652141,12.4274408996444,13.6202011822721,15.9515193551766,13.3716705047214,16.2004485112592,14.658110735823,13.5894982915433,13.0668128222108,11.194931347306,12.6498280885919,11.6595885947129,11.8491125208177,12.692273989893,11.8817087269151,11.0824262134092,11.1241080639148,12.7797044135726
520,"NRU","Nauru",0.140452461242676,0.134849555492401,0.143917680740357,0.140297032356262,0.192277448654175,0.16116216468811,0.171304341316223,0.157187419891358,0.17608427810669,0.170436261177063,0.133382287025452,0.187193690299988,0.170178985595703,0.15657753944397,0.183587325096131,0.190194746971131,0.198514513015747,0.249005717277527,0.174114285469055,0.163823278427124,0.165326206207276,0.232445075035095,0.156090452194214,0.134003127098084,0.146041821479798
524,"NPL","Nepal",25.3991816816521,27.0822721110343,34.3415716947439,38.8227190266361,35.6025709893481,36.5990968167741,39.4090114294506,37.072705053278,42.0466746344578,42.6868215272141,44.526654482176,49.276108774919,42.6104071075456,44.9184898576672,46.1945570205563,42.4726868333451,43.6572548204379,45.2873827958314,45.4967688545725,46.0889853431841,51.6676184894884,47.3637246984181,44.617964473309,50.1698608569129,44.5832899017455
528,"NLD","Netherlands",13.6657233718129,12.1379347954599,12.7133591368092,12.0200079224224,12.7629741190365,13.8572491729159,12.374726659186,11.8779145566022,12.4010614240303,12.6894581266281,13.6487446187143,13.6640743147986,13.5700199211293,13.4896029282939,11.039484534549,11.5037176043086,11.2948053972254,10.2188280433097,9.9403659192429,9.76092334174069,10.3155171247039,8.94648082717791,7.62699815261958,8.48758767413,8.23682300521963
540,"NCL","New Caledonia",NA,NA,NA,NA,NA,NA,NA,NA,NA,NA,NA,NA,NA,NA,NA,NA,NA,NA,NA,NA,NA,NA,NA,NA,NA
554,"NZL","New Zealand",2.48673289972606,2.3611599692304,2.4871658363274,2.63358235806121,2.63418132113701,2.67646435507052,2.66156918055047,2.71202885859022,2.72570551522355,2.77562608066141,2.78141308095436,2.71072564674829,2.76016941410692,2.82583149212883,2.61239595837311,2.63725498722538,2.55232449590003,2.59775064144331,2.6089160511566,2.62015540102294,2.63054431388081,3.03691265966977,2.75784179406332,2.61082523971424,2.74087233571028
558,"NIC","Nicaragua",9.12989828137996,7.10817574082491,8.21992901212837,9.94621378971917,9.0833169313612,9.87739254432061,9.06560561954553,9.90738293393114,9.0759448975197,9.9774124784857,9.40438509865733,8.54851188278786,9.19490063999447,9.33720189719048,8.51014521632132,9.0673005235064,8.20471687643252,8.96979079175699,8.57407892815764,8.6610299402941,9.11198860857356,8.69013182548898,9.30957396755482,8.62856204286387,8.94851451982148
562,"NER","Niger",4.91000446826937,4.17528034346551,5.4629828604997,4.83754307834701,5.19740142826718,4.60964190520369,5.96633743806496,5.5537291948384,5.58533633503802,6.37054343399515,5.80799764861045,5.30382771534961,5.32089694797798,5.34533822853221,4.86136756910748,4.47090489484026,4.75385006804585,6.40275658456699,6.04902818349762,5.46700228917454,4.67591907330518,4.34897855301451,5.08555993649878,4.89907002084795,5.80806057295553
566,"NGA","Nigeria",16.8685845855188,12.6868594164477,17.5781489303652,16.0479567134387,17.509032482442,14.8032490177849,17.2842269357065,16.8681965621204,15.8983499086044,18.185438202812,18.4953112690889,15.4492679156066,14.855427353867,15.7489734067165,15.4509909544602,13.5574113376162,14.0487554847113,19.4465841481607,17.958118099281,17.5395906695093,15.4814508004924,14.4471777985683,16.5661933382186,16.4591984672866,18.2806276658195
570,"NIU","Niue",0.149570050738259,0.125513127153225,0.163298743933917,0.137982606407724,0.176059381947575,0.160367723521027,0.166835408556919,0.178616701918632,0.192590275848029,0.164471639803197,0.163922779781107,0.162287814468373,0.165471573211049,0.135158252465454,0.161523122217788,0.152903329921692,0.139528028487025,0.136331216012201,0.141792283018943,0.153209428767809,0.153511571640487,0.147308196526349,0.158530651754055,0.140612921913204,0.193841041838846
408,"PRK","North Korea",18.6567152877107,17.5455313943822,20.2984408954319,21.6225707385848,19.538573775077,26.9320936641915,21.8415845441677,22.4215895153373,26.8241007575235,23.3293176100017,24.7619428709637,24.6120271343938,19.210705304519,22.2029917761211,21.8983430500752,21.3841862614381,27.4940852140156,26.4832772470826,23.1156946192909,21.7893408267221,18.4229220111483,18.9921678505678,19.4913495771856,19.1108728247096,18.0073440498188
807,"MKD","North Macedonia",19.4868489454173,18.8367641161586,22.0431008005229,21.3125151188092,22.3511755247196,22.3003462180417,21.0455903472439,20.803514934187,21.5821664962015,21.9253334162249,21.7974048695665,20.6476586305494,20.1574245841324,22.3248505302001,21.3433024217325,21.1028282556311,19.1227663257789,20.0572717971582,18.2691002397493,18.0437401165559,19.2231746307024,17.7804974329184,16.7915477269604,16.60356489114,16.938147237678
578,"NOR","Norway",5.00987333411372,4.92485637693057,4.99074185725761,4.5714786268617,4.86309947276605,5.19297271953277,4.4714288075686,4.42014066233231,5.06116381482251,4.3098171162292,4.52456254656678,4.53247458999849,4.62492451147659,4.94344833295255,4.10377681041692,4.19822627955565,4.24821919155896,3.70601064609904,3.79775601172935,3.50104052405921,3.99180538387011,3.66078185795937,3.18833057464083,3.75191690480379,3.59686816145188
512,"OMN","Oman",7.91503529848557,9.00233331986514,10.9714856970467,10.4435998956441,9.17775619626833,11.0477218660429,10.9296864359245,10.0262322400637,9.70533502675337,10.3632622750629,12.0014235467239,11.0300761462942,10.6003936748664,11.4089192299444,12.798666184761,11.2020248410226,9.76078511376813,11.0987658606617,10.7064597688115,10.8359937792549,11.9931797844034,10.8899471421765,9.99616256829495,10.8618881566596,12.3650741575676
586,"PAK","Pakistan",35.3939251918608,35.108841524745,40.2457860376158,42.6775043347532,43.1452209572563,43.6640093192151,45.2362284475862,41.4786959410821,43.1506074434355,44.4254812705334,45.3063932522273,42.6898833788824,47.8588876332388,46.1157555171988,46.720419809253,45.3871641736322,45.8057200840769,48.1407239840331,47.2692667281488,47.3448507766106,51.2503436414346,44.5415394503101,45.725203977216,48.7463319461109,48.1803534619225
585,"PLW","Palau",1.93071878464581,2.27939639955499,2.55484127704169,2.69524539310119,3.00471024015761,3.1761916482035,3.30587199202322,3.54473113787353,3.78729915689983,3.29741874816757,3.16669579505859,4.2572181397786,2.60030089085842,3.29011530466286,3.61691634975272,3.16955671585764,3.91976111689813,4.38135146271756,3.02364725557091,2.77792835680375,3.03639693130831,3.13225366405854,2.43995498476596,2.74684612902128,2.88520751578088
591,"PAN","Panama",4.49994406911953,3.5976028820516,4.51370472639896,5.32501194142959,4.80203512248688,5.18505272533636,4.72914717496661,4.96164098747456,4.96249976244778,5.20393279532789,4.88888415792639,5.20117275107756,5.23751644012311,5.11570141613803,5.37853449946497,5.16563677607726,5.37300372515581,5.73120051704079,5.24339020827713,4.95776465106144,5.00236510591387,5.18360364765887,5.10430132366087,4.96666793336766,5.12284523892
598,"PNG","Papua New Guinea",2.16830393916603,2.33608155414167,4.21564925283967,5.59350810579564,5.45057577379976,5.33676261218243,6.42386658315318,5.90502671140323,6.4370406035905,6.62946247118156,7.11105610762538,6.56100591741094,6.98642059850355,6.13439842824014,5.74090844454096,6.5675881524884,6.36201320409505,6.27822912783264,5.76853991737855,6.28478092940231,6.10192354323293,6.00109867839394,5.71289378079712,6.2980054653692,6.93385934519291
600,"PRY","Paraguay",11.7037890131979,14.2172781408696,11.2065850221311,12.4866289097325,15.761578230949,13.5744866102026,12.9999487277352,13.4131230192468,12.1905547694624,17.3775441145774,11.2902621970318,11.2105267912906,12.634341606944,10.8450353646569,10.6675214338741,9.22996560999527,10.6299473849576,11.364288746197,10.6360772852778,10.7966859762669,9.8651578748852,12.4265892398393,15.0046559743805,11.9972289381674,10.8780900490069
604,"PER","Peru",15.7618885940446,14.8780725411314,17.0409379781272,19.7914573560057,19.7294240901312,21.2495992180597,20.7512628020612,22.142893468102,20.2221523097245,20.2917110644878,18.8579173122537,18.789101651796,20.9040276533711,19.5309609793952,19.1361320099358,19.3761777832008,17.8956051884735,19.1619241105593,20.3389302529774,20.4828466838743,20.0002342637932,20.1633951532213,19.1790762742194,19.1375540905928,22.1448608580218
608,"PHL","Philippines",13.7807280161772,13.5192858073972,16.0594658775127,17.2107362812547,16.8853530922197,16.9634172874466,18.5482432129397,19.5490468837347,18.3503804267641,18.2276386637242,18.0343944465599,19.9672366408729,17.4072340955092,19.0391494506011,17.3787477700775,17.3716025533853,17.4542989997564,17.3108483479952,16.822057665793,17.5661887615498,17.0935196233116,17.9232735247121,16.8001500190164,17.5956297795509,18.7012924466707
616,"POL","Poland",24.8099368887461,23.2216691650806,22.2588478587881,23.8334033436778,27.0400407636938,25.415480583776,22.1672739554336,23.0750737356777,25.2924218075086,19.9217000557368,19.9706776374118,21.7455543610903,24.992611922065,23.0256892434919,21.1126637162748,20.3963606181171,21.0536058402769,19.2524185008525,18.6419671759088,19.1718637536136,19.6345376460026,16.1375711786019,14.6346191197057,16.5745076605124,14.1632861301694
620,"PRT","Portugal",10.7163878629022,8.85962968381214,9.60312330005327,10.0808545014166,10.2221697716334,11.28926093763,9.41533066556334,13.3765865414869,10.3894742762598,9.98018749820214,7.27460594299287,7.64472743798371,7.6833790761763,8.24461778686051,7.04863314741505,7.34968066759144,6.59030171923357,8.10078704666281,7.21281060561469,7.91812769895137,7.7887236715903,6.67490638365431,7.0692749847972,7.19331335838933,7.47448217433671
634,"QAT","Qatar",28.1257180378599,31.7705194768601,34.3960000149186,33.0238485491653,30.7553781348373,36.119992182566,35.2733831587329,34.1516671533351,31.867960087489,35.3277609327684,38.7465631338483,39.4693714083172,37.8332902096722,37.8057452328961,40.325936690108,37.4790952208217,35.3456389059517,41.8419007779475,39.6441913537381,40.355539813613,41.7865533803549,39.5923075831958,38.4437227910413,42.4885266464827,43.3710391244588
178,"COG","Republic of Congo",21.3463742602906,16.8475143327058,20.7101303882252,23.6499202747232,23.5744420446316,19.8161023274467,23.0681211218051,22.791807768261,18.9791031177674,20.8261226672648,25.4828737820104,23.6730720776041,26.2312924589483,24.4421464114084,24.6460561937193,27.7149339863735,25.3554231407006,26.3162845396892,25.4859525631606,23.2992665832396,25.0037215390796,25.4376235991883,26.966639258503,26.4111186123068,26.9087422707469
642,"ROU","Romania",18.0379964342662,17.4266014568883,17.3982475762606,18.0699646629401,18.8941682714336,18.2892527914359,17.8124019528201,17.8752542266803,18.7260457464506,16.8176156000482,17.2162646972505,16.1765902997251,15.4170005821168,18.3229582045245,17.5062800945441,14.9190295321243,15.0448349030975,14.9662565872404,14.9812416493168,16.818988765826,15.71545512974,14.106469141528,13.8761118675023,13.572938622349,13.9110014869102
643,"RUS","Russia",12.1522176004548,11.4026338244651,10.9562685199113,11.5273203464874,12.5842681756403,11.6921403544696,10.8627043342338,11.1527205739369,11.9901091403537,10.5702198346677,11.4945322997621,11.569076294806,13.735485070033,10.0322549984609,10.958866506694,10.4822611919677,10.8490536005424,9.65087649775313,10.035803052174,10.1930079842082,9.41771559202368,9.34274395650537,9.28106450208984,9.63671164265049,8.79530945936085
646,"RWA","Rwanda",25.5898188919349,18.3762236290766,30.5564463042575,35.5553482104637,31.3446102628661,26.5290923104635,33.9135379893199,32.4334482510203,27.7114190583544,35.8526197534836,33.8735105583652,30.3940459490414,33.3048494789991,33.7301307981866,33.555789328934,33.8365851748419,30.383378644964,32.5777566483047,32.520926298777,27.4193615968763,26.7874669027631,33.6244796659,32.1305063608995,30.9951387562802,30.1792232677619
652,"BLM","Saint Barthelemy",NA,NA,NA,NA,NA,NA,NA,NA,NA,NA,NA,NA,NA,NA,NA,NA,NA,NA,NA,NA,NA,NA,NA,NA,NA
659,"KNA","Saint Kitts and Nevis",3.57729910084941,3.59654027772268,3.81418144089053,3.72209731374055,3.84159319620818,3.50687786402235,3.1190273144063,3.63080329839896,3.41850108681256,3.8171337362327,3.2276113171651,3.82681622586583,3.8947855353062,3.22486044848558,3.808189378972,3.02455876981212,3.05340816392911,3.83438115453624,3.47027745781191,3.7466932059591,3.4731081956694,3.43132783390074,3.4353605050627,3.67241702544007,3.14491243359484
662,"LCA","Saint Lucia",0.774099510816213,0.90845553557523,0.880521861488496,0.839956562332508,0.826550513949958,0.816535534069201,0.748957681677709,0.850191733603906,0.797050786842417,0.88774045617549,0.732284455532885,0.929437409396396,0.957332345093874,0.804057895171574,0.894789228912455,0.699088516310915,0.640862081356724,0.865765717640198,0.828986130381405,0.843487258682025,0.755708887278912,0.749874915410482,0.814240610607551,0.880752772773657,0.774629572626532
670,"VCT","Saint Vincent and the Grenadines",0.709735522131849,0.838093717557815,0.844238462066062,0.795688829938908,0.832177384457214,0.786750199445628,0.73838134194625,0.805446687708381,0.766904097234662,0.871688625331564,0.705991287810251,0.893428431716179,0.938965987063487,0.755608442186276,0.908160674790387,0.708478096121915,0.657589371657662,0.906354769603088,0.838947244632724,0.86119724752687,0.755799302295225,0.737383906485179,0.78678363495491,0.860955858007542,0.774519922708932
882,"WSM","Samoa",0.230343380729263,0.201781222923112,0.262273404635771,0.261212687004754,0.278161095153925,0.273577670887358,0.258698340396395,0.29973456364979,0.300092577080125,0.311817984943522,0.266183201415357,0.263409885986031,0.259068782857842,0.22909788128778,0.256919217339492,0.249566357398253,0.257519470507986,0.290502235447911,0.258842797356033,0.272424603970797,0.255924932419612,0.251251682097327,0.251222411751429,0.205062481220732,0.296702890784301
674,"SMR","San Marino",14.054216850783,13.6443183633662,14.7484909039355,13.8658129840794,15.7887425423423,16.4639819842867,13.7797693752542,14.75828691568,18.78416006448,15.1647390554583,12.8661474899337,13.0572703566731,12.976808830133,14.1546581622959,13.1207488803531,12.0764417069568,10.593906912259,13.4469064258551,11.0792585670895,11.4835538304244,10.8828380392012,9.97617066453383,10.4811334148572,9.70520316369312,13.7102886943131
678,"STP","Sao Tome and Principe",7.71280650937052,5.04451530640132,8.77075672937222,7.89655898382093,6.89857261729181,6.47100682981965,6.8951383610556,6.47096550575786,5.46242682964439,7.08681930822267,6.96568649798594,6.15551387083602,6.60035761323869,7.31716513192516,8.05882489123277,7.92150806913723,5.86448730542527,9.12748871729022,7.996634909644,6.57086666652764,6.28137352023387,6.64838729469214,7.51383266145551,7.07098654376512,7.25746717910248
682,"SAU","Saudi Arabia",15.4193516588478,18.8730310498956,22.0520793655868,20.5136667022427,19.7653488716338,23.6289039673484,22.023346324768,21.9344329133507,22.22451881749,22.7860997044006,24.5155265406444,24.4702770018229,24.2708740308466,25.4007200172768,25.6065558753522,25.0629825847142,21.547341213564,26.280783035672,24.1211145730209,25.3485485925085,24.802165252436,24.3570038795193,23.3693843917877,25.2882955346428,26.7895939571046
686,"SEN","Senegal",3.43882938645804,2.78275743226794,2.89407857562621,2.37622440387043,2.48421133408196,2.461972469276,2.45171730644181,2.36468498419321,2.22659272615651,2.65744742696058,2.7223381436751,2.25833968853705,2.40139577944565,2.45626175127836,2.88768462861842,2.1908375890013,2.33542928782138,2.89037644940316,2.54360056588671,2.74784805993677,2.50086326004585,2.38665733252365,2.47314996837405,2.55737554756517,2.39614571394975
688,"SRB","Serbia",20.3859312479004,19.3569447972683,18.2018388015786,19.5906791387565,20.1314529028713,20.3389649001066,19.7901540881151,20.0736861891235,20.7203674759268,18.5333031066038,19.5800383673188,20.3000428279865,17.7724816240368,22.5871365266919,20.1694513056529,18.9243415541358,17.1449590195092,18.3458662811494,18.4508925554294,18.5455108886047,18.4645275546093,16.3866504697206,16.0923267960885,15.5677960038354,15.8677548210114
690,"SYC","Seychelles",2.16888978591495,2.48306708373698,2.82228749952984,2.16265407191366,2.66393946740339,2.8717464047566,2.70922197881766,2.77789115127766,3.06941663385766,3.27611891904407,2.88855002031598,3.18952366301561,2.89852642081706,2.89396034674874,2.94437019481729,3.05296542094736,2.67689985481179,2.50391784968427,3.11793311560199,3.13727771176042,3.08409595327402,3.10401635883843,2.60308702601718,2.66222515948123,2.99152164002149
694,"SLE","Sierra Leone",6.6163691561753,6.14422708623041,5.44456748252189,4.91144098148461,5.09844758189567,4.57640180315344,5.57377008609843,5.18651787667744,4.48759039548453,5.69921049981143,5.79899436735352,5.58955577052252,5.04326841605478,5.77076165716543,5.04579647357562,4.76806826707529,4.67955326664927,6.16990047431091,5.68950638382185,5.36330050620646,5.57134738514155,5.20670911422841,5.23072030393125,4.93765268060221,5.1586604816144
702,"SGP","Singapore",10.7992987684652,12.139033539278,14.2575788062097,14.303367167602,17.2992908619374,13.4213868972953,15.6348368467123,14.7312593419465,23.2853682925619,13.3867253599996,12.5647553680325,17.6011177726605,11.5675662815041,14.4155227306402,16.142568438689,21.7241283203715,17.1926529123935,22.6560345454482,13.1065565491593,12.4535333822025,13.6071086835022,16.2952275889696,10.690030416324,11.9536812286808,12.88266585626
534,"SXM","Sint Maarten",NA,NA,NA,NA,NA,NA,NA,NA,NA,NA,NA,NA,NA,NA,NA,NA,NA,NA,NA,NA,NA,NA,NA,NA,NA
703,"SVK","Slovakia",20.9289831750052,20.5757822152425,19.3145667954024,20.8956760558342,22.857272369564,21.7454012979629,19.3392788809812,20.6258087924806,21.9944394976938,16.3858782729284,17.1705300902201,18.3465594154792,19.025153777767,20.3786320897555,17.7797814986546,17.4729632805449,16.2985599491095,16.3073187323906,15.1548378745447,15.8681730253229,15.7232649523904,13.0104025770888,12.0706906505875,13.1975248446091,11.937186720878
705,"SVN","Slovenia",17.5617986625333,16.7537918166623,17.1036029775646,18.1788025645941,19.0964521949963,19.0626691640919,17.5701364584268,18.271253651975,19.2516156675135,15.4836346160364,16.1470504984642,15.9851738364424,16.3113912027666,18.4724001383819,15.4549981741091,14.4442909027508,12.9225848494401,15.081243272464,13.9090506862355,14.089394150678,14.2067496455817,11.533008424552,11.5521269247144,11.1210971209135,11.9384832552319
90,"SLB","Solomon Islands",0.415954986092625,0.335464363334642,0.516738542022248,0.57993290178593,0.675488514518837,0.597595962382271,0.76764081330866,0.691682775391168,0.812024951260084,0.844491471553278,0.705269931305458,0.84559283021729,0.797289488866058,0.707738196986918,0.761750016655257,0.925613176517427,0.889707022013482,0.867595123345276,0.847303293005479,0.960025301162901,0.887482892690028,0.850384614679608,0.792724340666715,0.705892986013898,0.846628281003384
706,"SOM","Somalia",3.15621321123058,3.83879484077748,4.26598547899447,3.96042411688503,4.02944781268933,4.23091695701026,4.20744400306395,4.00819133917549,4.2597282032616,4.11842923625699,4.35647683926072,4.40782816759594,4.15879141138598,4.52952623683833,4.6068151191641,4.34018159671454,4.01380925512611,3.81890695759661,3.83084208021069,4.15124621306179,4.36886896938852,4.06097451525233,4.07047245370976,3.99285776124538,4.49584655796127
710,"ZAF","South Africa",21.1688794811481,20.3103786902413,20.3073502162901,21.1773710830165,20.7970832759462,20.670691627776,20.8056209355948,22.1124510651683,21.6942135504924,21.6359740715009,22.5806255813536,22.0081419455681,25.7791565575031,22.2538177444034,22.2491889619835,22.1702869976693,20.4599778305244,22.6394141114387,20.7135517231946,22.927902529328,22.3820954335494,22.8673521327317,22.4686908882191,21.938552981613,22.2507943764983
410,"KOR","South Korea",16.9747319893866,16.7107224166987,20.9053653070217,20.2243780914777,18.8003025542375,24.0010739834318,20.2607738663075,20.7770779310286,22.393780897094,22.1016688850726,21.9000613585558,21.8210889289452,20.3008880812576,19.5752675073715,20.2538974519737,22.4333790762423,23.3796366932022,21.9156422079675,21.6517186976873,19.7759692744072,19.2246602648924,19.7495998031735,18.7913616866834,19.2662082680302,21.0367907623799
728,"SSD","South Sudan",12.5822207998755,10.2460977498981,11.4838299151482,13.0547175461933,12.436335949393,13.3984710075691,12.6431061563885,13.3761474504331,12.0448432696363,13.5827763515594,12.5570905008643,12.7198088740444,13.0391980238306,14.7406696358724,13.3296937976253,14.2464186415173,12.085873631333,12.7514107115439,12.6497692164686,12.9254629428463,10.9519692608426,12.1895061516066,11.5400583879352,12.4370754255658,12.1246005953803
724,"ESP","Spain",8.99172739147726,8.2871264948212,9.55619936103239,9.53298265260218,9.66554240117339,9.84535332490142,10.3155170111424,9.71376326349356,10.2554746628688,10.1540023961183,8.99203134881208,9.35571600980529,8.34975630822486,8.77845771888105,8.46063363372756,7.45932509818272,7.41131387103212,8.56641111927692,7.49464464670739,8.07551928758697,7.61340093782587,7.59287203089386,7.33346096118686,7.44416933697236,8.70677762020876
144,"LKA","Sri Lanka",13.490976393749,14.7511229915486,17.4293882596269,21.0023094838352,19.5992373299078,21.2099556384679,21.0640510267234,23.3350035532554,22.9100109023575,23.4249310028551,23.2674440159901,23.698814424822,24.112740391709,25.1950132503373,23.098644724939,23.0632412917161,22.0312581373615,20.1244436600529,21.7358491862392,21.4657947684,25.3074905754316,21.1777943110708,19.7693143668976,18.9597353930584,21.1554623747388
275,"PSE","State of Palestine",9.76613523848947,9.7953566688393,12.0508897809989,12.1347731993728,11.3395482307092,11.9011529534013,11.9097651716521,10.8755329120878,11.570253262661,11.8853837424068,11.8361152125911,12.3601776754843,14.2719367706173,11.5636126489766,12.2426342588781,12.474296677895,11.595558521951,13.2503724463506,11.4820555838123,11.7172566845336,12.7619602741867,13.0478976555272,12.6197267104528,12.3973712412987,13.4113758003625
729,"SDN","Sudan",6.54348733036324,6.33001821855097,6.60784433319863,6.90753532492286,7.32269353562871,7.4307871931611,7.76490702179758,7.58336274332675,7.23114738002802,7.54557380226498,7.05109337127424,7.72340614224812,7.73364190196162,8.02235140950908,7.51505806217764,7.75146853537874,6.65783868315664,7.67130173064451,7.79602473959662,7.90126799703287,7.26910631239337,7.18689006085613,6.50555941339926,7.33923656092011,7.40154826881339
740,"SUR","Suriname",1.3507114118125,1.39367905102457,1.72739262135597,2.05500673404272,1.9185507607102,1.82975343263574,1.81250812625033,1.78506890607925,1.86240663250195,2.03412840167592,1.86857681758932,1.84171630434385,1.8055318103488,1.77490157146435,1.91244004879316,1.70279561883966,1.66348483930323,1.91860148423384,1.75330663709988,1.7384975669505,1.64813183068614,1.70875760785996,1.70556706520696,1.83298800346758,1.73395626951865
752,"SWE","Sweden",6.47513942419346,6.58484881670489,6.54354826749491,6.00259097994351,6.51241281840947,6.72643892157965,6.06967168699133,6.31880090945528,6.92680834305401,5.73298822225262,6.04957322044791,5.71691846577646,5.78017462482974,6.31830377888678,5.08027943078995,4.82618183582268,5.9583038403265,4.71044051481501,4.57751398451186,4.3109421341989,5.09878867343404,4.61098849982034,4.13762511566309,4.45881587723173,4.36727788845628
756,"CHE","Switzerland",12.9940717267078,13.6504193807419,13.0828336009343,13.510842575794,14.0863923466277,15.1454182234272,11.8518474220332,12.3650778620662,12.7582797312674,11.3560721143513,12.0520202599328,13.1842960683293,12.8953109537928,12.9985277102288,11.2111529171882,11.5503757116011,9.26459859110868,10.3792975779843,9.44007504455989,9.25067734836865,9.2672430440547,7.96272636324936,7.91832306400069,8.26448223019692,8.83229772926864
760,"SYR","Syria",14.2561854948053,15.6311916253607,16.9340202365318,16.8732439594953,15.808782867886,16.8241037457173,16.4011550576964,16.0174946840794,17.0614795523919,17.5756026178772,18.1543419912928,18.423415680835,20.4172993208186,17.9106542743702,18.6553469487458,19.2579574620101,17.3886726217596,18.9278433520795,16.9801705693641,17.5740072812933,17.8009408820167,18.7024013293174,17.6540718596685,17.1639666903171,19.8988740898284
158,"TWN","Taiwan",15.996507187558,15.0832762512791,19.9406041920521,20.4048366525085,20.1027319720173,20.1425346943826,21.59357237905,21.5767149349088,22.2258971754452,22.0103229882909,20.9566115228541,21.1117928112244,22.2720897960242,19.6208340599546,18.3747693849116,17.9957333795332,20.5772062626452,18.4453751746965,16.9838267640601,17.6866630712015,16.0013348600102,14.9657813468665,13.5046171316649,15.2461535118237,16.6315730425995
762,"TJK","Tajikistan",12.1047069999334,13.1032551156892,14.8404470537841,17.9413642333652,17.1311587128739,16.4916912289812,16.3931065652936,16.1823022840778,17.4981455817392,19.0943796648636,18.6145720031782,17.6215537445544,18.6399387256869,18.7883051549749,15.7691530278021,16.9674358757199,17.7011902367529,17.6950278506309,18.0725598710114,19.0770253008341,19.129987536169,17.8947268798191,18.1017281603834,20.0177886361762,19.7872170378782
834,"TZA","Tanzania",11.4570143170569,9.0127243709016,11.970327465977,17.343498647706,14.0641851293385,14.7052448779447,15.525804333834,16.398748708853,14.500363800863,17.9613619253777,16.7763421133198,15.3464358283848,16.249285163527,16.6748739721314,16.1273485690859,16.005575978119,14.0820747862659,14.5138288695487,14.1567154667091,12.9309490556578,13.7180634147587,15.2501393687466,15.5946705599981,14.259191337958,15.1188723317349
764,"THA","Thailand",19.5761075876315,17.3099049930006,19.2358719797654,20.8021293628091,22.0423237735759,21.7285457039361,24.8450698978822,24.9243908704702,23.2686786449074,25.8347407095663,24.6090791765393,23.3865382528813,23.7089568877482,24.790118539064,22.9506879888414,24.8648840979469,23.4069205555599,21.3715874636957,23.4478069567032,20.6112889728831,22.1265644104965,21.4843115471038,22.5747580171906,21.3975688058717,21.3631047676787
626,"TLS","Timor-Leste",4.83998116933668,5.32553943719562,5.59337696211708,6.3333812457876,5.90890806707504,5.32750301975538,6.05850772428978,5.6933549725744,5.84350296905296,6.98239267822945,6.40068754627465,6.89129246589593,6.64833566418176,7.74095949156103,7.35548414482508,5.85595419560125,6.66801966564728,6.13126507674768,5.80592959032951,6.30381240558859,6.3916093740067,6.46863309041245,5.48772712964919,6.35482794609662,6.28648353796327
768,"TGO","Togo",10.1645575895367,7.88770592219263,11.8135605694135,10.5743255122005,10.6851019016576,9.40357183606117,11.4402642608552,10.7364703639223,9.38680767609874,12.0017173125608,12.3831791837499,9.66146575678805,8.7974654677467,10.0519255775772,9.89397883016883,8.28675459257786,8.27315043038504,11.9083409239504,10.5935749766552,10.378842819673,8.9563374386196,8.58158591549545,10.6915230277988,9.95586193677656,10.3687519536144
776,"TON","Tonga",0.247282021036986,0.233833640075325,0.272095865769544,0.229038590385397,0.261827968072403,0.23833817506475,0.262589493109045,0.252841517868309,0.255212219857655,0.259011276777219,0.306630398456718,0.250951461610542,0.254067512732896,0.232167557923422,0.246329440307007,0.260244562357752,0.236018451689281,0.234587069679451,0.220904830348507,0.27483106153966,0.25107037393508,0.255546591154494,0.23855580539845,0.25254001068258,0.295759704084976
780,"TTO","Trinidad and Tobago",1.38533710136791,1.55498432008938,1.63561407976242,1.71181729867081,1.65750616772901,1.60112804462052,1.51500585250085,1.58848060421319,1.60092548429492,1.70552114772722,1.56618424512459,1.64620931955935,1.90402699507503,1.56542602367097,1.70514568373748,1.5137204501837,1.39024229091425,1.60942874425175,1.61957835501508,1.66624762012606,1.44816952739871,1.51475382314097,1.55763670118364,1.64132289796268,1.61897277277238
788,"TUN","Tunisia",11.5223671364924,12.2887545315347,12.5549190084711,12.1151628165738,12.1245229972966,11.7309655742563,10.590292925887,11.69401713662,10.3028015511817,11.6505628543315,10.7764701642134,11.0006100968367,11.1110793475677,10.9699520386123,10.1740985652986,9.91239920616777,10.9982136817229,10.3151891581771,10.9738319609467,9.46291875834697,10.8584901920419,9.69426153606744,9.72730456427768,11.4923485964368,12.7972351730328
792,"TUR","Turkiye",15.7095415151737,15.6334812505511,17.8765464377664,17.6999791107514,18.258822361484,17.1632300173902,16.8653061740898,16.6822587834519,17.8931016286012,18.1050431200163,19.1053425572553,17.469188252566,19.395244231157,18.4921295299211,18.1280686499342,18.9325206342785,19.0238127934752,19.4685132519839,17.523260512402,18.6051557345421,18.4341985385945,18.3428797272339,17.5576358899762,17.604381109084,19.338210112457
795,"TKM","Turkmenistan",9.13024129709003,10.3666259877872,9.50170913530868,10.7168864785155,9.06158680570728,8.71990171670856,8.65821182825109,7.72833421585439,8.55401555959415,9.6154473420248,10.0375697043276,8.78186946354917,9.38333041904864,9.7273742351416,8.12523744595383,8.77139703493813,9.44718089609974,8.30793010191661,7.65014392354046,8.49934559836946,9.25892313008163,7.66180890572933,7.72833380916808,9.75411400489249,9.43404866746437
796,"TCA","Turks and Caicos Islands",NA,NA,NA,NA,NA,NA,NA,NA,NA,NA,NA,NA,NA,NA,NA,NA,NA,NA,NA,NA,NA,NA,NA,NA,NA
798,"TUV","Tuvalu",0.109357575562884,0.0859274125717634,0.104350800615476,0.106826929499319,0.120159643777182,0.117642133479306,0.108050616575864,0.112764456504406,0.10911036741211,0.123947188913481,0.109352112776557,0.11580241893812,0.124484377312167,0.0957573597692644,0.107173115147158,0.121242102524669,0.125800920394956,0.124203583929924,0.121207052937014,0.108881298228699,0.117126399337075,0.127801020980338,0.118750218475003,0.10353286336877,0.124043683350385
800,"UGA","Uganda",18.4698016725635,12.8969333436485,21.6962558018908,26.7867801312313,23.3694388806093,23.2141711400097,23.8101580536083,23.1969251322132,21.234054369783,25.799119212385,24.3682031747099,21.5927238703824,24.4909363467496,25.2945124896862,24.6452140553826,25.5937610638173,22.8231256321177,23.2311412546241,23.4514988922699,20.5951239214194,20.4308910387368,24.1412452089778,24.8064960946654,23.8955237750229,23.6635680667481
804,"UKR","Ukraine",17.4680597418986,16.3990271065364,15.690507318777,16.8664698672412,18.8162971376694,16.0207506060739,15.4527607924273,16.1790140554151,16.8463675470609,15.1209839607158,16.2320916151167,16.0304581810112,16.347600028651,15.8913576476714,15.7031809738882,15.4941275792631,15.4810690752284,13.9913950393181,13.8740662978214,14.609312026584,14.1938604923048,13.1856712937812,12.9512315258208,12.7337336721434,11.3443245720653
784,"ARE","United Arab Emirates",14.6650340784693,16.3984625387747,19.1206134012325,18.7041300433155,16.001307069417,19.0768287078333,18.1390961209121,17.2945425299482,17.0969297584208,18.27718692717,20.3934270281811,18.8609687629073,18.7186174049954,19.7012928235274,21.7391876792105,18.9554602384989,17.3193354161648,19.8058982003746,18.3387388939203,18.9885727901684,20.1164718055503,18.5388415149489,16.5876906924311,19.6157089131814,22.2579879337272
826,"GBR","United Kingdom",10.8689359987783,9.75513262449318,10.1192538288601,10.1672677177449,10.2179026701077,11.3923882060872,9.41132199917807,9.4874544186374,9.90818752867136,9.67425111952839,9.42681491452191,9.55128941798216,10.0138692712865,10.3942542792058,8.93509205010029,10.0111086499397,9.74237548529108,8.41407156109448,8.5495630413897,8.31841094243539,8.50426071276165,8.24160812124232,7.63142363162798,8.00892777546109,8.02349853812445
840,"USA","United States of America",11.1696444638271,10.9888809082603,10.9532721781331,10.710035938459,10.4180082964522,10.1119743740066,9.73343502303244,10.449318864987,9.44607843292075,9.76741273784258,8.91211765525536,8.0522746622734,8.00678897689495,8.10616375488021,7.4942482922755,7.25557627376086,7.23881154436642,6.92151202661764,6.36091259394125,6.61627015750914,6.66189416950998,6.23680920838842,6.64111188551788,7.07128730540315,6.38204080839738
858,"URY","Uruguay",8.33796684579571,8.80593710034535,8.54593726939839,9.23888500975925,9.1958318640516,9.28580105372015,8.46127430858499,8.58062943900994,9.27423279732321,9.44160953885569,9.49619109593413,9.51917141703204,8.59857492323403,9.20077856103716,8.66973433394793,8.79658801239557,8.56509139929855,8.30647564749934,8.32211976295871,8.28488669676261,8.18227631716858,8.4222835176468,8.84854842785605,8.40221320514409,8.74695502453319
860,"UZB","Uzbekistan",13.1086926671318,13.5045022744922,14.6649334287575,15.7083823794312,14.6343875337509,14.6932041782101,15.0249451919524,14.3097579247948,14.9237751105841,16.8754295165399,15.7573899821556,16.1148996759805,16.1460740611219,16.6426779864664,14.7647832505606,15.2337163604576,15.8512846212911,15.5824455486772,14.955696776492,15.6094845209,15.8096071733769,15.7425598278593,15.6376561672411,16.8336442678413,15.9629036258507
548,"VUT","Vanuatu",0.535574437640598,0.530899551365741,0.736036878372046,0.709584835596341,0.731424729415609,0.683897490642611,0.725890352031106,0.727165253897332,0.696507523375194,0.799140440921678,0.832444093694088,0.779723367284465,0.812576560988946,0.78708759699802,0.780318272771466,0.869739671952208,0.761865376207476,0.794996436397711,0.7810284357256,0.913477030541602,0.868952457033023,0.744523636423916,0.640488861777565,0.646118563979043,0.75934965278836
862,"VEN","Venezuela",4.65333870039899,4.59196340337186,6.28499327673349,7.73255278544705,7.08029940662723,8.08543883985318,7.04073809325972,7.4100453751723,7.17399191888433,7.41235480378974,7.34107111968706,6.85178517918629,8.37463324085724,7.72088154652169,7.29820601278595,6.92419728004762,6.65625010972066,7.38977018696914,7.80988674266558,7.44277575339079,6.70484826589349,6.93605647960409,6.49081813797017,6.11321546632077,6.29312390653456
704,"VNM","Viet Nam",17.9981173292258,16.6307176548551,19.4911920480722,22.4186207183698,21.7996129222518,23.1298022062164,26.2082703968388,26.5331880405444,27.404482437093,29.2143780327569,28.8992099697538,26.9846987236844,27.1985265563257,28.4962446121147,26.6219427348578,27.3308716740276,26.5910668068028,24.3526134139263,25.2744086010411,25.1443956149693,24.1746180271973,25.0749522130764,23.3218530261011,23.2256450022171,23.5221120512859
876,"WLF","Wallis and Futuna Islands",NA,NA,NA,NA,NA,NA,NA,NA,NA,NA,NA,NA,NA,NA,NA,NA,NA,NA,NA,NA,NA,NA,NA,NA,NA
732,"ESH","Western Sahara",NA,NA,NA,NA,NA,NA,NA,NA,NA,NA,NA,NA,NA,NA,NA,NA,NA,NA,NA,NA,NA,NA,NA,NA,NA
887,"YEM","Yemen",9.5038086745007,10.9799314503236,13.8612410589701,11.9069563227751,11.5323253700341,13.12226426537,13.1717895437002,13.1058233120189,12.7400364100097,13.3526993018273,14.4774133541285,13.5814301380356,13.6681464405801,16.0512988715829,17.8526602915555,17.2080089937596,14.1604260388599,16.5888182796026,15.2666041275824,15.9127491532461,15.1208630938061,16.0362073106369,14.5199485083731,13.8557703379976,15.6273773686332
894,"ZMB","Zambia",14.6524545865867,11.9983425689338,15.2203067437862,22.3482522173004,21.1975122046426,20.4947916673061,19.1789782963999,21.8811068249665,19.0729108613416,21.3764786519254,21.6479756253432,20.5085310375409,21.8340490148988,20.029309197504,20.5083473583921,19.6913412070444,18.3014512970949,20.3221042395838,18.9240434821545,17.7263600886994,18.9152504880239,19.8185671133,17.3888784940877,17.5878088739581,20.9727653016531
716,"ZWE","Zimbabwe",15.7790708857058,12.011722344439,11.8394978211675,18.8517493065249,15.8041510469296,17.2591578078531,14.7280011129735,17.9143927212745,14.9877390552223,17.9229460378776,16.6512788907601,15.2338872088768,17.2358458211725,14.2392343892562,15.6086225272417,14.6723237216367,12.972823326382,15.1844979259769,13.3821040669615,13.2874362201753,15.3732138673048,14.108468344142,11.6881803178733,12.9505345437177,14.8872758062753
