"code","iso","country","MHP.raw.2010","MHP.raw.2011","MHP.raw.2012","MHP.raw.2013","MHP.raw.2014","MHP.raw.2015","MHP.raw.2016","MHP.raw.2017","MHP.raw.2018","MHP.raw.2019","MHP.raw.2020","MHP.raw.2021","MHP.raw.2022","MHP.raw.2023","MHP.raw.2024"
4,"AFG","Afghanistan",-7777,-7777,-7777,-7777,-7777,-7777,-7777,-7777,-7777,-7777,-7777,-7777,-7777,-7777,-7777
8,"ALB","Albania",24.3779053869292,24.3779053869292,24.3779053869292,24.3779053869292,24.3779053869292,24.3779053869292,24.3779053869292,24.3779053869292,24.3779053869292,24.3779053869292,24.3779053869292,24.3779053869292,24.3779053869292,24.3779053869292,24.3779053869292
12,"DZA","Algeria",0,0,0,0,0,0,0,0,0,0,0,0,0,0,0
20,"AND","Andorra",-7777,-7777,-7777,-7777,-7777,-7777,-7777,-7777,-7777,-7777,-7777,-7777,-7777,-7777,-7777
24,"AGO","Angola",0,0,0,0,0,0,0,0,0,0,0,0,0,0,0
660,"AIA","Anguilla",-8888,-8888,-8888,-8888,-8888,-8888,-8888,-8888,-8888,-8888,-8888,-8888,-8888,-8888,-8888
28,"ATG","Antigua and Barbuda",24.4711204407585,24.4711204407585,24.4711204407585,24.4711204407585,33.0687583263221,33.0687583263221,33.0687583263221,33.0687583263221,33.0687583263221,33.0687583263221,33.0687583263221,33.0687583263221,33.0687583263221,33.0687583263221,33.0687583263221
32,"ARG","Argentina",9.54083420960393,9.54083420960393,9.54083420960393,9.54083420960393,9.54083420960393,9.54083420960393,9.54083420960393,9.54083420960393,33.0188541979751,33.0188541979751,33.0188541979751,33.0188541979751,33.0188541979751,33.0188541979751,33.0188541979751
51,"ARM","Armenia",-7777,-7777,-7777,-7777,-7777,-7777,-7777,-7777,-7777,-7777,-7777,-7777,-7777,-7777,-7777
533,"ABW","Aruba",-8888,-8888,-8888,-8888,-8888,-8888,-8888,-8888,-8888,-8888,-8888,-8888,-8888,-8888,-8888
36,"AUS","Australia",25.896544360852,26.7071073455714,30.0092461509461,30.0506049310612,30.0947369918881,30.0971810924582,30.4247151520295,30.5595992485658,41.4635794490745,42.5032923608164,42.5032923608164,42.5032923608164,42.5032923608164,42.5032923608164,42.5032923608164
40,"AUT","Austria",-7777,-7777,-7777,-7777,-7777,-7777,-7777,-7777,-7777,-7777,-7777,-7777,-7777,-7777,-7777
31,"AZE","Azerbaijan",20,20,20,20,20,20,20,20,20,20,20,20,20,20,20
44,"BHS","Bahamas",1.17663104501317,1.17663104501317,8.24649940298375,8.24649940298375,8.24649940298375,17.3805781463869,17.3805781463869,17.3805781463869,17.3805781463869,17.3805781463869,17.3805781463869,17.3805781463869,17.3805781463869,17.3805781463869,17.3805781463869
48,"BHR","Bahrain",44.3379806178498,44.3379806178498,44.3379806178498,44.3379806178498,44.3379806178498,44.3379806178498,44.3379806178498,59.4369905188399,59.4369905188399,59.4369905188399,59.4369905188399,59.4369905188399,59.4369905188399,59.4369905188399,59.4369905188399
50,"BGD","Bangladesh",4.75706214689265,4.82485875706215,4.82485875706215,4.82485875706215,4.82485875706215,4.82485875706215,4.82485875706215,10.9943502824859,10.9943502824859,11.0790960451977,11.0790960451977,61.0790960451978,61.0790960451978,61.0790960451978,61.0790960451978
52,"BRB","Barbados",0.0165343915343915,0.0165343915343915,0.0165343915343915,0.0165343915343915,0.0165343915343915,0.0165343915343915,0.0165343915343915,0.0496031746031745,0.0496031746031745,0.0496031746031745,0.0496031746031745,0.0496031746031745,0.0496031746031745,0.0496031746031745,0.0496031746031745
112,"BLR","Belarus",-7777,-7777,-7777,-7777,-7777,-7777,-7777,-7777,-7777,-7777,-7777,-7777,-7777,-7777,-7777
56,"BEL","Belgium",80,80,80,80,80,80,80,80,80,80,80,80,80,80,80
84,"BLZ","Belize",29.8073700623511,29.8073700623511,36.1095780342502,36.1095780342502,36.1095780342502,36.1095780342502,36.6825091164534,36.6825091164534,36.6825091164534,36.6825091164534,36.6825091164534,36.6825091164534,36.6825091164534,36.6825091164534,36.6825091164534
204,"BEN","Benin",0,0,0,0,0,0,0,0,0,0,0,0,0,0,0
60,"BMU","Bermuda",-8888,-8888,-8888,-8888,-8888,-8888,-8888,-8888,-8888,-8888,-8888,-8888,-8888,-8888,-8888
64,"BTN","Bhutan",-7777,-7777,-7777,-7777,-7777,-7777,-7777,-7777,-7777,-7777,-7777,-7777,-7777,-7777,-7777
68,"BOL","Bolivia",-7777,-7777,-7777,-7777,-7777,-7777,-7777,-7777,-7777,-7777,-7777,-7777,-7777,-7777,-7777
70,"BIH","Bosnia and Herzegovina",31.0344827586207,31.0344827586207,31.0344827586207,31.0344827586207,31.0344827586207,31.0344827586207,31.0344827586207,31.0344827586207,31.0344827586207,31.0344827586207,31.0344827586207,31.0344827586207,31.0344827586207,31.0344827586207,31.0344827586207
72,"BWA","Botswana",-7777,-7777,-7777,-7777,-7777,-7777,-7777,-7777,-7777,-7777,-7777,-7777,-7777,-7777,-7777
76,"BRA","Brazil",26.2144526845805,26.2144526845805,26.2159058772447,26.2807523386965,26.7018133404533,26.7018133404533,26.7018133404533,26.7018133404533,39.8626315617042,39.8626315617042,39.8626315617042,39.9107316098043,39.9107316098043,39.9107316098043,39.9107316098043
92,"VGB","British Virgin Islands",-8888,-8888,-8888,-8888,-8888,-8888,-8888,-8888,-8888,-8888,-8888,-8888,-8888,-8888,-8888
96,"BRN","Brunei Darussalam",0.308222258197974,0.308222258197974,0.595578580037054,0.595578580037054,0.595578580037054,0.595578580037054,0.595578580037054,0.595578580037054,0.595578580037054,1.07549511629162,1.07549511629162,1.07549511629162,1.07549511629162,1.07549511629162,1.07549511629162
100,"BGR","Bulgaria",0,0,0,0,0,0,0,0,0,0,0,0,0,0,0
854,"BFA","Burkina Faso",-7777,-7777,-7777,-7777,-7777,-7777,-7777,-7777,-7777,-7777,-7777,-7777,-7777,-7777,-7777
108,"BDI","Burundi",-7777,-7777,-7777,-7777,-7777,-7777,-7777,-7777,-7777,-7777,-7777,-7777,-7777,-7777,-7777
132,"CPV","Cabo Verde",0,0,0,0,0,0,0,0,0,0,0,0,0,0,0
116,"KHM","Cambodia",13.8424518743668,13.8424518743668,13.8424518743668,13.8424518743668,13.8424518743668,13.8424518743668,13.8424518743668,13.8424518743668,17.5658561296859,17.5658561296859,17.5658561296859,17.5658561296859,17.5658561296859,17.5658561296859,17.5658561296859
120,"CMR","Cameroon",53.8146441372248,53.8146441372248,53.8146441372248,53.8146441372248,53.8146441372248,53.8146441372248,53.8146441372248,53.8146441372248,75.5760368663594,75.5760368663594,75.5760368663594,75.5760368663594,75.5760368663594,75.5760368663594,75.5760368663594
124,"CAN","Canada",14.8215004106646,15.5180948379092,15.5180948379092,15.6728935995191,15.6728935995191,15.6728935995191,15.6732612249529,23.6636373745674,23.9467773699886,25.4428356067841,25.4435708576517,25.4435708576517,26.8623741183423,26.8623741183423,26.8623741183423
136,"CYM","Cayman Islands",-8888,-8888,-8888,-8888,-8888,-8888,-8888,-8888,-8888,-8888,-8888,-8888,-8888,-8888,-8888
140,"CAF","Central African Republic",-7777,-7777,-7777,-7777,-7777,-7777,-7777,-7777,-7777,-7777,-7777,-7777,-7777,-7777,-7777
148,"TCD","Chad",-7777,-7777,-7777,-7777,-7777,-7777,-7777,-7777,-7777,-7777,-7777,-7777,-7777,-7777,-7777
152,"CHL","Chile",17.0199433366632,17.0199433366632,17.0199433366632,17.0199433366632,17.0199433366632,17.3942495008466,19.7229415574123,21.3012337132868,28.8054435493259,37.8205772015003,37.8205772015003,37.8205772015003,37.8205772015003,37.8205772015003,37.8205772015003
156,"CHN","China",2.32783678995575,2.32783678995575,2.32783678995575,2.35233758623163,2.35233758623163,2.35233758623163,2.35233758623163,2.35233758623163,2.35233758623163,2.46259116947308,2.46259116947308,2.46259116947308,2.46259116947308,2.46259116947308,2.46259116947308
170,"COL","Colombia",37.1803947149171,37.2020912854969,37.2020912854969,40.0281030461334,40.8761017267092,40.8761017267092,40.9037738124927,45.0366498849252,51.0446194157796,51.0446194157796,51.0446194157796,51.0446194157796,51.0446194157796,51.0446194157796,51.0446194157796
174,"COM","Comoros",23.3458694450669,23.3458694450669,23.3458694450669,23.3458694450669,23.3458694450669,23.3458694450669,23.3458694450669,23.3458694450669,23.3458694450669,23.3458694450669,23.3458694450669,23.3458694450669,23.3458694450669,23.3458694450669,23.3458694450669
184,"COK","Cook Islands",-8888,-8888,-8888,-8888,-8888,-8888,-8888,-8888,-8888,-8888,-8888,-8888,-8888,-8888,-8888
188,"CRI","Costa Rica",34.1284444428226,34.1284444428226,34.1284444428226,34.1284444428226,34.1284444428226,34.1340901677434,34.1340901677434,34.1340901677434,34.1340901677434,34.1340901677434,34.1340901677434,34.1340901677434,37.4981634998697,37.4981634998697,37.4981634998697
384,"CIV","Cote d'Ivoire",2.38095238095238,2.38095238095238,2.38095238095238,2.38095238095238,2.38095238095238,2.38095238095238,2.38095238095238,2.38095238095238,2.38095238095238,2.38095238095238,2.38095238095238,2.38095238095238,2.38095238095238,2.38095238095238,2.38095238095238
191,"HRV","Croatia",12.883959725649,12.883959725649,12.883959725649,23.7206665548822,32.8381893408139,32.8381893408139,32.8381893408139,32.8381893408139,32.8381893408139,32.8381893408139,33.449810135921,33.449810135921,33.449810135921,33.449810135921,33.449810135921
192,"CUB","Cuba",29.5462830329674,29.5462830329674,33.8538991983804,33.8538991983804,33.8538991983804,33.8538991983804,33.8538991983804,33.8538991983804,33.8538991983804,33.8538991983804,33.8538991983804,33.8538991983804,33.8538991983804,33.8538991983804,33.8538991983804
531,"CUW","Curacao",-8888,-8888,-8888,-8888,-8888,-8888,-8888,-8888,-8888,-8888,-8888,-8888,-8888,-8888,-8888
196,"CYP","Cyprus",16.044201135442,16.044201135442,16.044201135442,16.044201135442,16.044201135442,16.044201135442,16.044201135442,16.044201135442,16.044201135442,16.044201135442,16.044201135442,16.044201135442,16.044201135442,16.044201135442,16.044201135442
203,"CZE","Czech Republic",-7777,-7777,-7777,-7777,-7777,-7777,-7777,-7777,-7777,-7777,-7777,-7777,-7777,-7777,-7777
180,"COD","Dem. Rep. Congo",59.5833333333333,59.5833333333333,59.5833333333333,59.5833333333333,59.5833333333333,59.5833333333333,59.5833333333333,59.5833333333333,59.5833333333333,59.5833333333333,59.5833333333333,59.5833333333333,59.5833333333333,59.5833333333333,59.5833333333333
208,"DNK","Denmark",16.7263235177482,17.2725366039,17.289754234754,17.289754234754,17.289754234754,17.289754234754,17.306971865608,17.3075812174526,17.3075812174526,17.343167365179,17.343167365179,17.343167365179,17.343167365179,17.343167365179,17.343167365179
262,"DJI","Djibouti",0,0,0,0,0,0,0,0,0,0,0,0,0,0,0
212,"DMA","Dominica",3.20039741030249,3.20039741030249,3.20039741030249,3.20039741030249,3.20039741030249,3.20039741030249,3.20039741030249,3.20039741030249,3.20039741030249,3.20039741030249,3.20039741030249,3.20039741030249,3.20039741030249,3.20039741030249,3.20039741030249
214,"DOM","Dominican Republic",40.7620097825745,40.7620097825745,40.7620097825745,40.7620097825745,43.5493425699073,43.5493425699073,43.5493425699073,43.5493425699073,43.5493425699073,43.5493425699073,43.5493425699073,43.5493425699073,43.5493425699073,43.5493425699073,43.5493425699073
218,"ECU","Ecuador",63.4344894851297,63.4344894851297,64.4400760773085,64.4400760773085,64.4400760773085,64.4400760773085,64.4400760773085,64.8373448544655,64.8373448544655,64.8373448544655,64.8373448544655,64.8373448544655,66.2699863912604,66.2699863912604,66.2699863912604
818,"EGY","Egypt",27.4573001486707,27.4573001486707,27.4573001486707,27.4573001486707,27.4573001486707,27.4573001486707,27.4573001486707,27.4573001486707,27.4573001486707,27.4573001486707,27.4573001486707,27.4573001486707,27.4573001486707,27.4573001486707,27.4573001486707
222,"SLV","El Salvador",25.1322751322752,35.5820105820106,35.5820105820106,35.5820105820106,38.8888888888889,38.8888888888889,38.8888888888889,38.8888888888889,38.8888888888889,38.8888888888889,38.8888888888889,38.8888888888889,38.8888888888889,38.8888888888889,38.8888888888889
226,"GNQ","Equatorial Guinea",25.3191641489514,25.3191641489514,25.3191641489514,25.3191641489514,25.3191641489514,25.3191641489514,25.3191641489514,25.3191641489514,25.3191641489514,25.3191641489514,25.3191641489514,25.3191641489514,25.3191641489514,25.3191641489514,25.3191641489514
232,"ERI","Eritrea",0,0,0,0,0,0,0,0,0,0,0,0,0,0,0
233,"EST","Estonia",82.6008968609866,82.6008968609866,82.6008968609866,82.6008968609866,82.6008968609866,82.6008968609866,82.6008968609866,82.6008968609866,82.6008968609866,82.6008968609866,82.6008968609866,82.6008968609866,82.6008968609866,82.6008968609866,82.6008968609866
748,"SWZ","Eswatini",-7777,-7777,-7777,-7777,-7777,-7777,-7777,-7777,-7777,-7777,-7777,-7777,-7777,-7777,-7777
231,"ETH","Ethiopia",-7777,-7777,-7777,-7777,-7777,-7777,-7777,-7777,-7777,-7777,-7777,-7777,-7777,-7777,-7777
234,"FRO","Faeroe Islands",-8888,-8888,-8888,-8888,-8888,-8888,-8888,-8888,-8888,-8888,-8888,-8888,-8888,-8888,-8888
238,"FLK","Falkland Islands",-8888,-8888,-8888,-8888,-8888,-8888,-8888,-8888,-8888,-8888,-8888,-8888,-8888,-8888,-8888
242,"FJI","Fiji",16.8397488939802,16.8397488939802,16.8397488939802,16.8397488939802,16.8449791014034,16.8449791014034,16.8449791014034,16.8449791014034,16.9193838633081,16.9193838633081,16.9193838633081,16.9193838633081,16.9193838633081,16.9193838633081,16.9193838633081
246,"FIN","Finland",41.6323065728838,42.438758185787,43.5665777346592,43.5665777346592,44.3730293475625,44.3730293475625,44.3730293475625,44.3730293475625,44.3730293475625,44.3730293475625,44.3730293475625,44.7489691971865,44.7489691971865,44.7489691971865,44.7489691971865
250,"FRA","France",43.8839861260943,44.3599488350724,45.0247169777167,45.2909192287245,57.0962366139502,57.3639311294323,57.6832563635483,57.7157871883997,57.9788704249746,58.0124868195145,58.0335571945671,58.0335571945671,58.0335571945671,58.0335571945671,58.0335571945671
258,"PYF","French Polynesia",-8888,-8888,-8888,-8888,-8888,-8888,-8888,-8888,-8888,-8888,-8888,-8888,-8888,-8888,-8888
266,"GAB","Gabon",40.8705483323912,40.8705483323912,40.8705483323912,40.8705483323912,40.8705483323912,40.8705483323912,40.8705483323912,50.0282645562465,50.0282645562465,50.0282645562465,50.0282645562465,50.0282645562465,50.0282645562465,50.0282645562465,50.0282645562465
270,"GMB","Gambia",49.242078159392,49.242078159392,49.242078159392,49.242078159392,56.4321608040201,56.4321608040201,56.4321608040201,56.4321608040201,56.4321608040201,56.4321608040201,56.4321608040201,56.4321608040201,56.4321608040201,56.4321608040201,56.4321608040201
268,"GEO","Georgia",14.2857142857143,14.2857142857143,14.2857142857143,14.2857142857143,14.2857142857143,14.2857142857143,14.2857142857143,14.2857142857143,14.2857142857143,14.2857142857143,14.2857142857143,14.2857142857143,14.2857142857143,14.2857142857143,14.2857142857143
276,"DEU","Germany",94.7153879042288,94.9641441231344,94.9641441231344,94.9641441231344,94.9641441231344,94.9641441231344,94.9641441231344,95.0618003731344,95.0618003731344,95.0618003731344,95.0618003731344,95.0618003731344,95.0618003731344,95.0618003731344,95.0618003731344
288,"GHA","Ghana",0.0810313075506446,0.0810313075506446,0.0810313075506446,0.0810313075506446,0.0810313075506446,0.0810313075506446,0.0810313075506446,0.0810313075506446,0.0810313075506446,0.0810313075506446,0.0810313075506446,0.0810313075506446,0.0810313075506446,0.0810313075506446,0.0810313075506446
300,"GRC","Greece",21.6964832026774,39.654177865382,39.6580343497201,39.6580343497201,39.6580343497201,39.6580343497201,39.6580343497201,39.6580343497201,39.6580343497201,39.6580343497201,39.6580343497201,39.6580343497201,39.6580343497201,39.6580343497201,39.6580343497201
304,"GRL","Greenland",-8888,-8888,-8888,-8888,-8888,-8888,-8888,-8888,-8888,-8888,-8888,-8888,-8888,-8888,-8888
308,"GRD","Grenada",1.78571428571428,1.78571428571428,1.78571428571428,1.78571428571428,1.78571428571428,1.78571428571428,1.78571428571428,1.78571428571428,3.41614906832298,3.41614906832298,3.41614906832298,3.41614906832298,3.41614906832298,3.41614906832298,3.41614906832298
320,"GTM","Guatemala",17.8020833333333,17.8020833333333,17.8020833333333,17.8020833333333,17.8020833333333,17.8020833333333,19.2083333333333,19.2083333333333,19.2083333333333,19.2083333333333,19.2083333333333,19.2083333333333,19.2083333333333,19.2083333333333,19.2083333333333
831,"GGY","Guernsey",-8888,-8888,-8888,-8888,-8888,-8888,-8888,-8888,-8888,-8888,-8888,-8888,-8888,-8888,-8888
324,"GIN","Guinea",7.72482325937791,7.72482325937791,7.72482325937791,7.72482325937791,7.72482325937791,7.72482325937791,7.72482325937791,7.72482325937791,7.72482325937791,7.72482325937791,7.72482325937791,7.72482325937791,7.72482325937791,7.72482325937791,7.72482325937791
624,"GNB","Guinea-Bissau",8.85729092256795,8.85729092256795,8.85729092256795,8.85729092256795,19.6067795962203,21.4205556849555,21.4205556849555,21.4205556849555,21.4205556849555,21.4205556849555,21.4205556849555,21.4205556849555,21.4205556849555,21.4205556849555,21.4205556849555
328,"GUY","Guyana",0,0,0,0,0,0,0,0,0,0,0,0,0,0,0
332,"HTI","Haiti",11.0583196686154,11.0583196686154,11.0583196686154,16.8219640708489,22.3052698397333,22.3052698397333,22.3052698397333,26.5322917330016,26.5322917330016,26.5322917330016,26.5322917330016,26.8240689213305,26.8240689213305,26.8240689213305,26.8240689213305
336,"VAT","Holy See",-7777,-7777,-7777,-7777,-7777,-7777,-7777,-7777,-7777,-7777,-7777,-7777,-7777,-7777,-7777
340,"HND","Honduras",23.7914382925628,23.7914382925628,23.7914382925628,24.0286629333442,24.0286629333442,24.0286629333442,24.0513815748373,25.5433148142824,25.5433148142824,25.5701100983124,25.5701100983124,25.5701100983124,25.5701100983124,25.5701100983124,25.5701100983124
344,"HKG","Hong Kong",-8888,-8888,-8888,-8888,-8888,-8888,-8888,-8888,-8888,-8888,-8888,-8888,-8888,-8888,-8888
348,"HUN","Hungary",-7777,-7777,-7777,-7777,-7777,-7777,-7777,-7777,-7777,-7777,-7777,-7777,-7777,-7777,-7777
352,"ISL","Iceland",14.3363958318393,14.3363958318393,14.3363958318393,14.3363958318393,29.2330123731927,29.2330123731927,29.2330123731927,29.2330123731927,29.2330123731927,29.2330123731927,29.2330123731927,29.2330123731927,29.2330123731927,29.2330123731927,29.2330123731927
356,"IND","India",0.166607395297476,0.166607395297476,0.166607395297476,0.166607395297476,0.166607395297476,0.166607395297476,0.166607395297476,0.166607395297476,0.166607395297476,0.166607395297476,0.166607395297476,0.166607395297476,0.166607395297476,0.166607395297476,0.166607395297476
360,"IDN","Indonesia",9.71462970430223,9.78269776478764,10.1487361666792,10.5215920474793,11.1432142425317,11.2608508538982,12.04417634793,12.449956168525,13.0059387918436,13.0059387918436,13.0059387918436,13.0059387918436,13.0059387918436,13.0059387918436,13.0059387918436
364,"IRN","Iran",22.1573613287758,22.1573613287758,22.1573613287758,22.1573613287758,22.1573613287758,22.1573613287758,22.1573613287758,22.1573613287758,22.1573613287758,22.1573613287758,22.1573613287758,22.1573613287758,22.1573613287758,22.1573613287758,22.1573613287758
368,"IRQ","Iraq",0.442197705833424,0.442197705833424,0.442197705833424,0.442197705833424,0.442197705833424,0.442197705833424,0.442197705833424,0.442197705833424,0.442197705833424,0.442197705833424,0.442197705833424,0.442197705833424,0.442197705833424,0.442197705833424,0.442197705833424
372,"IRL","Ireland",42.4729256250995,42.4729256250995,42.4729256250995,42.4729256250995,42.5964528010782,42.5964528010782,43.2175708135006,43.2175708135006,44.591197187127,46.8576807036105,46.8576807036105,46.8576807036105,46.8576807036105,46.8576807036105,46.8576807036105
833,"IMN","Isle of Man",-8888,-8888,-8888,-8888,-8888,-8888,-8888,-8888,-8888,-8888,-8888,-8888,-8888,-8888,-8888
376,"ISR","Israel",50,50,50,50,50,50,50,50,50,50,50,50,50,50,50
380,"ITA","Italy",37.2183906631468,37.2183906631468,37.2183906631468,37.2243036243578,37.2243036243578,37.3307369261553,37.4253443055309,38.9598014164424,40.8190581572181,41.4340061231595,41.788783795818,41.788783795818,41.788783795818,41.788783795818,41.788783795818
388,"JAM","Jamaica",19.2121597747531,19.2121597747531,19.2121597747531,19.2121597747531,19.2121597747531,19.2121597747531,19.2121597747531,19.2121597747531,19.2121597747531,19.2121597747531,19.2121597747531,20.2514792625591,20.2514792625591,20.2514792625591,20.2514792625591
392,"JPN","Japan",43.0897055559451,43.8404426910134,43.8722362328447,55.6497415552616,55.8964608051804,55.8964608051804,55.8964608051804,55.9725482925846,56.002632528445,56.002632528445,57.0361686266838,58.7028352933505,58.7028352933505,58.7028352933505,58.7028352933505
832,"JEY","Jersey",-8888,-8888,-8888,-8888,-8888,-8888,-8888,-8888,-8888,-8888,-8888,-8888,-8888,-8888,-8888
400,"JOR","Jordan",0,0,0,0,0,0,0,0,0,0,0,0,0,0,0
398,"KAZ","Kazakhstan",41.6666666666667,41.6666666666667,41.6666666666667,41.6666666666667,41.6666666666667,41.6666666666667,41.6666666666667,41.6666666666667,41.6666666666667,41.6666666666667,41.6666666666667,41.6666666666667,41.6666666666667,41.6666666666667,41.6666666666667
404,"KEN","Kenya",20.2590622231346,20.2590622231346,20.2590622231346,20.2590622231346,20.2590622231346,20.2590622231346,20.2590622231346,20.2590622231346,20.2590622231346,20.2590622231346,20.2590622231346,20.2590622231346,20.2590622231346,20.2590622231346,20.2590622231346
296,"KIR","Kiribati",7.94562413169461,7.94562413169461,7.94562413169461,7.9959765989655,7.9959765989655,7.9959765989655,7.9959765989655,7.99844191084712,7.99844191084712,7.99844191084712,7.99844191084712,7.99844191084712,7.99844191084712,7.99844191084712,7.99844191084712
689,"XKX","Kosovo",-8888,-8888,-8888,-8888,-8888,-8888,-8888,-8888,-8888,-8888,-8888,-8888,-8888,-8888,-8888
414,"KWT","Kuwait",5.1190921768587,5.1190921768587,5.1190921768587,5.1190921768587,6.50798106574759,6.50798106574759,6.84337422114692,6.84337422114692,6.84337422114692,6.84337422114692,6.84337422114692,6.84337422114692,7.42892912806785,7.42892912806785,7.42892912806785
417,"KGZ","Kyrgyzstan",-7777,-7777,-7777,-7777,-7777,-7777,-7777,-7777,-7777,-7777,-7777,-7777,-7777,-7777,-7777
418,"LAO","Laos",-7777,-7777,-7777,-7777,-7777,-7777,-7777,-7777,-7777,-7777,-7777,-7777,-7777,-7777,-7777
428,"LVA","Latvia",42.8571428571429,42.8571428571429,42.8571428571429,42.8571428571429,42.8571428571429,42.8571428571429,42.8571428571429,42.8571428571429,42.8571428571429,42.8571428571429,42.8571428571429,42.8571428571429,42.8571428571429,42.8571428571429,42.8571428571429
422,"LBN","Lebanon",0,0,0,0,0,0,0,0,0,0,0,0,0,0,0
426,"LSO","Lesotho",-7777,-7777,-7777,-7777,-7777,-7777,-7777,-7777,-7777,-7777,-7777,-7777,-7777,-7777,-7777
430,"LBR","Liberia",4.52898550724637,4.52898550724637,4.52898550724637,4.52898550724637,4.52898550724637,4.52898550724637,4.52898550724637,4.52898550724637,4.52898550724637,4.52898550724637,4.52898550724637,4.52898550724637,4.52898550724637,4.52898550724637,4.52898550724637
434,"LBY","Libya",0,0,0,0,0,0,0,0,0,0,0,0,0,0,0
438,"LIE","Liechtenstein",-7777,-7777,-7777,-7777,-7777,-7777,-7777,-7777,-7777,-7777,-7777,-7777,-7777,-7777,-7777
440,"LTU","Lithuania",100,100,100,100,100,100,100,100,100,100,100,100,100,100,100
442,"LUX","Luxembourg",-7777,-7777,-7777,-7777,-7777,-7777,-7777,-7777,-7777,-7777,-7777,-7777,-7777,-7777,-7777
446,"MAC","Macao",-8888,-8888,-8888,-8888,-8888,-8888,-8888,-8888,-8888,-8888,-8888,-8888,-8888,-8888,-8888
450,"MDG","Madagascar",8.1793882287895,10.5384306302048,10.5384306302048,10.5384306302048,10.5384306302048,10.5384306302048,10.5384306302048,12.7710320683147,12.7710320683147,12.7710320683147,12.7780499910096,14.8217447183872,14.8217447183872,14.8217447183872,14.8217447183872
454,"MWI","Malawi",-7777,-7777,-7777,-7777,-7777,-7777,-7777,-7777,-7777,-7777,-7777,-7777,-7777,-7777,-7777
458,"MYS","Malaysia",6.26818387597458,6.26818387597458,6.29867749137385,6.30630089522367,6.57312002996733,6.5862600901012,11.5508494085251,11.5508494085251,11.5508494085251,12.4175526449485,12.4175526449485,12.4175526449485,12.4175526449485,12.4175526449485,12.4175526449485
462,"MDV","Maldives",0.6916317170038,0.904594679966763,0.904898914300216,0.904898914300216,0.904898914300216,0.904898914300216,0.904898914300216,0.904898914300216,0.989297067800636,1.24157882530153,1.32612909596868,1.32612909596868,1.32612909596868,1.32612909596868,1.32612909596868
466,"MLI","Mali",-7777,-7777,-7777,-7777,-7777,-7777,-7777,-7777,-7777,-7777,-7777,-7777,-7777,-7777,-7777
470,"MLT","Malta",56.6013483076254,56.6013483076254,56.6013483076254,56.6013483076254,56.6013483076254,56.6013483076254,57.8844152414682,57.8844152414682,57.8844152414682,57.8844152414682,57.8844152414682,57.8844152414682,57.8844152414682,57.8844152414682,57.8844152414682
584,"MHL","Marshall Islands",4.82021339018147,4.82021339018147,4.95621734666019,5.0756079622019,5.0756079622019,5.0756079622019,5.0756079622019,5.0756079622019,5.0756079622019,5.0756079622019,5.0756079622019,5.0756079622019,5.0756079622019,5.0756079622019,5.0756079622019
478,"MRT","Mauritania",20.6858054226475,20.6858054226475,20.6858054226475,20.6858054226475,20.6858054226475,20.6858054226475,20.6858054226475,20.6858054226475,20.6858054226475,20.6858054226475,20.6858054226475,20.6858054226475,20.6858054226475,20.6858054226475,20.6858054226475
480,"MUS","Mauritius",17.1001001001001,17.1001001001001,17.1001001001001,17.1001001001001,17.1001001001001,17.1001001001001,17.1001001001001,17.1001001001001,17.1001001001001,17.1001001001001,17.1001001001001,17.1001001001001,17.1001001001001,17.1001001001001,17.1001001001001
484,"MEX","Mexico",34.0637508247219,34.0637508247219,34.3432694041292,34.3432694041292,34.3432694041292,34.3432694041292,47.454745037669,48.561943680392,48.561943680392,48.561943680392,48.561943680392,48.561943680392,48.561943680392,48.561943680392,48.561943680392
583,"FSM","Micronesia",0.0133550777186771,0.0133550777186771,0.0133550777186771,0.0133550777186771,0.0133550777186771,0.0165051697604289,0.0165051697604289,0.0165051697604289,0.0165051697604289,0.0165051697604289,0.0165051697604289,0.0165051697604289,0.0165051697604289,0.0165051697604289,0.0165051697604289
498,"MDA","Moldova",-7777,-7777,-7777,-7777,-7777,-7777,-7777,-7777,-7777,-7777,-7777,-7777,-7777,-7777,-7777
492,"MCO","Monaco",75,75,75,75,75,75,75,75,75,75,75,75,75,75,75
496,"MNG","Mongolia",-7777,-7777,-7777,-7777,-7777,-7777,-7777,-7777,-7777,-7777,-7777,-7777,-7777,-7777,-7777
499,"MNE","Montenegro",0,0,0,0,0,0,0,0,0,0,0,0,0,0,0
504,"MAR","Morocco",6.61231884057971,6.61231884057971,6.61231884057971,6.61231884057971,6.61231884057971,6.61231884057971,6.61231884057971,6.61231884057971,6.61231884057971,6.61231884057971,6.61231884057971,6.61231884057971,6.61231884057971,6.61231884057971,6.61231884057971
508,"MOZ","Mozambique",11.5750459246721,11.5750459246721,16.5598307877123,16.5598307877123,16.5598307877123,16.5598307877123,16.5598307877123,16.5598307877123,16.5598307877123,16.5598307877123,16.5598307877123,16.5598307877123,16.5598307877123,16.5598307877123,16.5598307877123
104,"MMR","Myanmar",1.57601071680956,1.57601071680956,1.57601071680956,1.57601071680956,1.57601071680956,1.57601071680956,1.57601071680956,2.09126495409769,2.09126495409769,2.09126495409769,2.09126495409769,2.09126495409769,2.09126495409769,2.09126495409769,2.09126495409769
516,"NAM","Namibia",7.73809523809523,7.73809523809523,7.73809523809523,7.73809523809523,7.73809523809523,7.73809523809523,7.73809523809523,7.73809523809523,7.73809523809523,7.73809523809523,7.73809523809523,7.73809523809523,7.73809523809523,7.73809523809523,7.73809523809523
520,"NRU","Nauru",0,0,0,0,0,0,0,0,0,0,0,0,0,0,0
524,"NPL","Nepal",-7777,-7777,-7777,-7777,-7777,-7777,-7777,-7777,-7777,-7777,-7777,-7777,-7777,-7777,-7777
528,"NLD","Netherlands",43.7990791078735,43.7990791078735,43.7990791078735,43.9489734297832,44.0558110366209,52.9221123371599,52.9221123371599,52.9221123371599,53.2481683949232,53.2481683949232,53.2481683949232,53.2481683949232,53.2481683949232,53.2481683949232,53.2481683949232
540,"NCL","New Caledonia",-8888,-8888,-8888,-8888,-8888,-8888,-8888,-8888,-8888,-8888,-8888,-8888,-8888,-8888,-8888
554,"NZL","New Zealand",12.5994089163155,12.5994089163155,12.5998656891386,12.5998656891386,12.5998656891386,12.5998656891386,12.5998656891386,24.1722616210438,24.1726582921796,24.1726582921796,24.4822180425124,24.4822180425124,24.4822180425124,24.4822180425124,24.4822180425124
558,"NIC","Nicaragua",40.5598371372288,40.5598371372288,40.5598371372288,40.5598371372288,40.5598371372288,40.5598371372288,40.5598371372288,40.5598371372288,40.5598371372288,40.5598371372288,40.5598371372288,40.5598371372288,40.5598371372288,40.5598371372288,40.5598371372288
562,"NER","Niger",-7777,-7777,-7777,-7777,-7777,-7777,-7777,-7777,-7777,-7777,-7777,-7777,-7777,-7777,-7777
566,"NGA","Nigeria",0.363506068014733,0.363506068014733,0.363506068014733,0.363506068014733,0.363506068014733,0.363506068014733,0.363506068014733,0.363506068014733,0.363506068014733,0.363506068014733,0.363506068014733,0.363506068014733,0.363506068014733,0.363506068014733,0.363506068014733
570,"NIU","Niue",-8888,-8888,-8888,-8888,-8888,-8888,-8888,-8888,-8888,-8888,-8888,-8888,-8888,-8888,-8888
408,"PRK","North Korea",0,0,0,0,0,0,0,0,0,0,0,0,0,0,0
807,"MKD","North Macedonia",-7777,-7777,-7777,-7777,-7777,-7777,-7777,-7777,-7777,-7777,-7777,-7777,-7777,-7777,-7777
578,"NOR","Norway",9.63752727982711,9.63752727982711,9.92117867321915,9.93075203155325,9.93075203155325,9.93075203155325,11.1638332712533,11.1638332712533,11.1638332712533,11.1638332712533,11.2773662709061,11.2939610269632,11.2939610269632,11.2939610269632,11.2939610269632
512,"OMN","Oman",2.00743494423792,2.00743494423792,2.00743494423792,2.00743494423792,26.2174721189591,26.2174721189591,26.2174721189591,26.2174721189591,26.2174721189591,26.2174721189591,26.2174721189591,26.2174721189591,27.9135687732342,65.7530517164392,65.7530517164392
586,"PAK","Pakistan",0.703100031959093,0.703100031959093,0.703100031959093,0.703100031959093,0.703100031959093,0.703100031959093,0.703100031959093,0.703100031959093,0.703100031959093,0.703100031959093,0.703100031959093,0.703100031959093,0.703100031959093,0.703100031959093,0.703100031959093
585,"PLW","Palau",70.7880026638693,70.7880026638693,70.8266873834051,70.8266873834051,70.8266873834051,93.6277985208965,93.6277985208965,93.6277985208965,93.6277985208965,93.6277985208965,93.6277985208965,93.6277985208965,93.6277985208965,93.6277985208965,93.6277985208965
591,"PAN","Panama",15.1851924840471,15.1851924840471,15.1851924840471,15.1851924840471,15.1851924840471,23.3796349717313,23.3980410089115,23.3980410089115,23.3980410089115,23.4770299504596,23.4770299504596,23.4770299504596,23.4770299504596,23.4770299504596,23.4770299504596
598,"PNG","Papua New Guinea",3.47423786361809,3.47423786361809,3.47423786361809,3.47423786361809,3.47423786361809,3.47423786361809,3.47423786361809,3.47423786361809,3.47741001748368,3.47741001748368,3.47741001748368,3.47741001748368,3.47741001748368,3.47741001748368,3.47741001748368
600,"PRY","Paraguay",-7777,-7777,-7777,-7777,-7777,-7777,-7777,-7777,-7777,-7777,-7777,-7777,-7777,-7777,-7777
604,"PER","Peru",13.5357142857143,13.5357142857143,13.5357142857143,13.5357142857143,13.5357142857143,13.5357142857143,13.5357142857143,13.5357142857143,13.5357142857143,13.5357142857143,13.5357142857143,16.6227769840879,16.6227769840879,16.6227769840879,16.6227769840879
608,"PHL","Philippines",7.08338951509686,7.08585408687751,7.08585408687751,7.23571509166074,7.23571509166074,7.24010402908879,7.25672087718492,7.25672087718492,12.4724341931056,12.4724341931056,12.4724341931056,12.4724341931056,12.4724341931056,12.4724341931056,12.4724341931056
616,"POL","Poland",79.4642857142857,79.4642857142857,79.4642857142857,79.4642857142857,79.4642857142857,79.4642857142857,79.4642857142857,79.4642857142857,79.4642857142857,79.4642857142857,79.4642857142857,79.4642857142857,79.4642857142857,79.4642857142857,79.4642857142857
620,"PRT","Portugal",28.2563114644158,28.4221156938855,28.4221156938855,28.4221156938855,28.4221156938855,28.5568865833734,30.4720740029475,30.4720740029475,30.4724617838172,30.4724617838172,30.4724617838172,30.4724617838172,30.4724617838172,30.4724617838172,30.4724617838172
634,"QAT","Qatar",36.1941360660404,36.1941360660404,36.1941360660404,36.1941360660404,36.1941360660404,36.1941360660404,36.1941360660404,36.1941360660404,36.1941360660404,36.1941360660404,36.1941360660404,36.1941360660404,36.1941360660404,36.1941360660404,36.1941360660404
178,"COG","Republic of Congo",22.7272727272727,22.7272727272727,22.7272727272727,22.7272727272727,22.7272727272727,22.7272727272727,22.7272727272727,22.7272727272727,22.7272727272727,22.7272727272727,22.7272727272727,22.7272727272727,22.7272727272727,22.7272727272727,22.7272727272727
642,"ROU","Romania",90,90,90,90,90,90,90,90,90,90,90,90,90,90,90
643,"RUS","Russia",3.99349517901964,3.99349517901964,3.99349517901964,4.00415957061612,4.00415957061612,4.00415957061612,4.00415957061612,4.00682566851522,4.00682566851522,4.00682566851522,4.35075229750104,4.35075229750104,4.35075229750104,4.35075229750104,4.35075229750104
646,"RWA","Rwanda",-7777,-7777,-7777,-7777,-7777,-7777,-7777,-7777,-7777,-7777,-7777,-7777,-7777,-7777,-7777
652,"BLM","Saint Barthelemy",-8888,-8888,-8888,-8888,-8888,-8888,-8888,-8888,-8888,-8888,-8888,-8888,-8888,-8888,-8888
659,"KNA","Saint Kitts and Nevis",0.402227722772277,0.402227722772277,0.402227722772277,0.402227722772277,0.402227722772277,0.402227722772277,46.7222961866148,46.7222961866148,46.7222961866148,46.7222961866148,46.7222961866148,46.7222961866148,46.7222961866148,46.7222961866148,46.7222961866148
662,"LCA","Saint Lucia",13.2284382284382,13.2284382284382,13.2284382284382,13.2284382284382,13.2284382284382,13.2284382284382,13.2284382284382,13.2284382284382,13.2284382284382,13.2284382284382,13.2284382284382,13.2284382284382,13.2284382284382,13.2284382284382,13.2284382284382
670,"VCT","Saint Vincent and the Grenadines",10.7317073170732,10.7317073170732,10.7317073170732,10.7317073170732,10.7317073170732,10.7317073170732,10.7317073170732,10.7317073170732,10.7317073170732,10.7317073170732,10.7317073170732,10.7317073170732,10.7317073170732,10.7317073170732,10.7317073170732
882,"WSM","Samoa",5.20945760103516,5.20945760103516,5.20945760103516,5.20945760103516,5.20945760103516,5.20945760103516,5.20945760103516,5.20945760103516,5.20945760103516,5.20945760103516,5.20945760103516,5.20945760103516,5.20945760103516,5.20945760103516,5.20945760103516
674,"SMR","San Marino",-7777,-7777,-7777,-7777,-7777,-7777,-7777,-7777,-7777,-7777,-7777,-7777,-7777,-7777,-7777
678,"STP","Sao Tome and Principe",0,0,0,0,0,0,0,0,0,0,0,0,0,0,0
682,"SAU","Saudi Arabia",5.83540604219902,5.83540604219902,5.83540604219902,5.83540604219902,5.83540604219902,5.83540604219902,5.83540604219902,5.83540604219902,5.83540604219902,5.83540604219902,5.83540604219902,5.83540604219902,5.83540604219902,5.83540604219902,5.83540604219902
686,"SEN","Senegal",13.4240589635752,13.4240589635752,13.4240589635752,13.4240589635752,14.3000697452463,14.3000697452463,14.3000697452463,14.3000697452463,14.3000697452463,14.3000697452463,18.3963444051727,18.3963444051727,18.3963444051727,18.3963444051727,18.3963444051727
688,"SRB","Serbia",-7777,-7777,-7777,-7777,-7777,-7777,-7777,-7777,-7777,-7777,-7777,-7777,-7777,-7777,-7777
690,"SYC","Seychelles",4.72170654093202,4.72170654093202,4.72170654093202,4.72170654093202,4.72170654093202,4.72170654093202,4.72170654093202,4.72170654093202,4.72170654093202,4.72170654093202,50.2440977620834,50.2460601855979,50.2460601855979,50.2460601855979,50.2460601855979
694,"SLE","Sierra Leone",7.87932291510615,7.87932291510615,39.064913459659,39.064913459659,39.064913459659,39.064913459659,39.064913459659,39.064913459659,39.064913459659,39.064913459659,39.064913459659,39.064913459659,39.064913459659,39.064913459659,39.064913459659
702,"SGP","Singapore",0,0,0,0,0,0,0,0,0,0,0,0,0,0,0
534,"SXM","Sint Maarten",-8888,-8888,-8888,-8888,-8888,-8888,-8888,-8888,-8888,-8888,-8888,-8888,-8888,-8888,-8888
703,"SVK","Slovakia",-7777,-7777,-7777,-7777,-7777,-7777,-7777,-7777,-7777,-7777,-7777,-7777,-7777,-7777,-7777
705,"SVN","Slovenia",24.074074074074,24.074074074074,24.074074074074,25.9259259259259,25.9259259259259,25.9259259259259,25.9259259259259,25.9259259259259,27.7777777777778,27.7777777777778,27.7777777777778,27.7777777777778,27.7777777777778,27.7777777777778,27.7777777777778
90,"SLB","Solomon Islands",7.28968401998002,7.28968401998002,7.28968401998002,7.28968401998002,7.2918778042579,7.2918778042579,7.2918778042579,7.2918778042579,7.29313139527383,7.29313139527383,7.29313139527383,7.29313139527383,7.29313139527383,7.29313139527383,7.29313139527383
706,"SOM","Somalia",0,0,0,0,0,0,0,0,0,0,0,0,0,0,0
710,"ZAF","South Africa",39.3143269753206,39.3143269753206,39.3143269753206,45.3828921272444,45.3828921272444,45.3828921272444,45.3828921272444,45.3828921272444,45.4211184269386,54.5768701603178,54.5768701603178,54.5768701603178,54.5768701603178,54.5768701603178,54.5768701603178
410,"KOR","South Korea",14.4066747159531,14.4066747159531,14.4066747159531,14.4066747159531,14.4066747159531,14.4066747159531,14.4066747159531,14.4066747159531,14.4066747159531,15.0939599393208,15.0939599393208,15.0939599393208,15.0939599393208,15.0939599393208,15.0939599393208
728,"SSD","South Sudan",-7777,-7777,-7777,-7777,-7777,-7777,-7777,-7777,-7777,-7777,-7777,-7777,-7777,-7777,-7777
724,"ESP","Spain",35.4159960555596,38.7748934474758,38.7748934474758,38.7748934474758,45.6123231045941,46.3476360780358,46.4597437013542,46.4597437013542,47.2871777438296,47.3544423178207,47.3544423178207,47.3544423178207,47.3544423178207,47.3544423178207,47.3544423178207
144,"LKA","Sri Lanka",1.49420271969724,1.49420271969724,1.49420271969724,1.49420271969724,1.49420271969724,1.49420271969724,1.49420271969724,1.49420271969724,1.49420271969724,1.49420271969724,1.49420271969724,1.49420271969724,1.49420271969724,1.49420271969724,1.49420271969724
275,"PSE","State of Palestine",-7777,-7777,-7777,-7777,-7777,-7777,-7777,-7777,-7777,-7777,-7777,-7777,-7777,-7777,-7777
729,"SDN","Sudan",26.5224573874261,26.5224573874261,26.5224573874261,26.5224573874261,26.5224573874261,26.5224573874261,27.9713764851375,27.9713764851375,27.9713764851375,27.9713764851375,27.9713764851375,27.9713764851375,27.9713764851375,27.9713764851375,27.9713764851375
740,"SUR","Suriname",43.4159779614325,43.4159779614325,43.4159779614325,43.4159779614325,43.4159779614325,43.4159779614325,43.4159779614325,43.4159779614325,43.4159779614325,43.4159779614325,43.4159779614325,43.4159779614325,43.4159779614325,43.4159779614325,43.4159779614325
752,"SWE","Sweden",40.1255026128264,45.6595754054726,45.7384397587849,45.7384397587849,45.7647278765556,45.7647278765556,46.2361010227901,46.2361010227901,46.2623891405608,46.8670158492885,47.1824732625377,47.4979306757869,47.4979306757869,47.4979306757869,47.4979306757869
756,"CHE","Switzerland",-7777,-7777,-7777,-7777,-7777,-7777,-7777,-7777,-7777,-7777,-7777,-7777,-7777,-7777,-7777
760,"SYR","Syria",0,0,0,0,0,0,0,0,0,0,0,0,0,0,0
158,"TWN","Taiwan",10.4762495328748,10.4762495328748,10.5212945779198,10.5212945779198,10.5212945779198,10.5212945779198,10.5212945779198,10.5212945779198,10.5212945779198,10.5212945779198,10.5212945779198,10.5212945779198,10.5212945779198,10.5212945779198,10.5212945779198
762,"TJK","Tajikistan",-7777,-7777,-7777,-7777,-7777,-7777,-7777,-7777,-7777,-7777,-7777,-7777,-7777,-7777,-7777
834,"TZA","Tanzania",37.8108513833309,37.8108513833309,37.8108513833309,37.8108513833309,37.8108513833309,37.8108513833309,37.8108513833309,37.8108513833309,37.8108513833309,37.8108513833309,37.8108513833309,37.8108513833309,37.8108513833309,37.8108513833309,37.8108513833309
764,"THA","Thailand",12.3935919514185,12.401296111665,12.401296111665,12.5149324753014,12.5149324753014,17.1539699084564,22.1258270642618,28.0784011601559,28.5406507749479,28.5406507749479,28.5406507749479,28.5406507749479,28.5898667633463,28.5898667633463,28.5898667633463
626,"TLS","Timor-Leste",6.54940119760479,6.54940119760479,6.54940119760479,6.54940119760479,6.54940119760479,6.54940119760479,17.6605123087159,17.6605123087159,17.6605123087159,17.6605123087159,17.6605123087159,17.6605123087159,17.6605123087159,17.6605123087159,17.6605123087159
768,"TGO","Togo",0,0,0,0,0,0,0,0,0,0,0,0,0,0,0
776,"TON","Tonga",3.7498442432184,3.7498442432184,3.7498442432184,3.7498442432184,3.7498442432184,3.7498442432184,3.7498442432184,3.7498442432184,3.7498442432184,3.7498442432184,3.7498442432184,3.7498442432184,3.7498442432184,3.7498442432184,3.7498442432184
780,"TTO","Trinidad and Tobago",3.38227694178447,3.38227694178447,3.38227694178447,3.38227694178447,3.38227694178447,3.38227694178447,3.38227694178447,3.38227694178447,3.38227694178447,3.38227694178447,3.38227694178447,3.38227694178447,3.38227694178447,3.38227694178447,3.38227694178447
788,"TUN","Tunisia",25.6723353767056,25.6723353767056,25.7019972315602,25.7019972315602,25.7019972315602,25.7019972315602,25.7019972315602,25.7019972315602,25.7019972315602,25.7019972315602,25.7019972315602,25.7019972315602,25.7019972315602,25.7019972315602,25.7019972315602
792,"TUR","Turkiye",21.0197795071336,21.0197795071336,21.0197795071336,21.0197795071336,21.0197795071336,21.0197795071336,21.0197795071336,21.0197795071336,21.0197795071336,21.0197795071336,21.0197795071336,21.0197795071336,21.0197795071336,21.0197795071336,21.0197795071336
795,"TKM","Turkmenistan",12.5,12.5,12.5,12.5,12.5,12.5,12.5,12.5,12.5,12.5,12.5,12.5,12.5,12.5,12.5
796,"TCA","Turks and Caicos Islands",-8888,-8888,-8888,-8888,-8888,-8888,-8888,-8888,-8888,-8888,-8888,-8888,-8888,-8888,-8888
798,"TUV","Tuvalu",2.42833913843245,2.42833913843245,2.42833913843245,2.42833913843245,2.42833913843245,2.42833913843245,2.42833913843245,2.42833913843245,2.42833913843245,2.42833913843245,2.42833913843245,2.42833913843245,2.42833913843245,2.42833913843245,2.42833913843245
800,"UGA","Uganda",-7777,-7777,-7777,-7777,-7777,-7777,-7777,-7777,-7777,-7777,-7777,-7777,-7777,-7777,-7777
804,"UKR","Ukraine",34.247445457056,34.247445457056,34.247445457056,34.247445457056,34.247445457056,34.247445457056,34.247445457056,34.247445457056,34.247445457056,34.247445457056,34.247445457056,34.247445457056,34.247445457056,34.247445457056,34.247445457056
784,"ARE","United Arab Emirates",20.1148592760968,20.1148592760968,20.4235012514054,20.4235012514054,20.6437655685861,20.6437655685861,25.2870785475756,31.0869589300716,31.0869589300716,31.0869589300716,31.0869589300716,31.0869589300716,31.0869589300716,31.0869589300716,31.0869589300716
826,"GBR","United Kingdom",31.1885859572721,33.083978541184,43.5504664643683,43.6872596959351,44.4812770559256,44.4814283818667,48.2563283086764,48.3982728573599,48.5400520227269,52.0242935077032,54.1936528360361,54.1936528360361,54.1936528360361,54.1936528360361,54.1936528360361
840,"USA","United States of America",45.9019142015165,45.9038538951861,45.9058234517342,46.0825398107313,46.0825398107313,46.1137621077874,46.1249988724272,46.126798110864,46.126798110864,46.1289091516071,46.1314176334112,46.1314176334112,46.1314176334112,46.1314176334112,46.1314176334112
858,"URY","Uruguay",8.00438596491227,8.00438596491227,8.00438596491227,8.00438596491227,8.00438596491227,22.1491228070175,22.1491228070175,22.1491228070175,22.1491228070175,22.1491228070175,22.1491228070175,22.1491228070175,22.1491228070175,22.1491228070175,22.1491228070175
860,"UZB","Uzbekistan",-7777,-7777,-7777,-7777,-7777,-7777,-7777,-7777,-7777,-7777,-7777,-7777,-7777,-7777,-7777
548,"VUT","Vanuatu",1.7734579302871,1.7734579302871,1.7734579302871,1.7734579302871,1.8325074661906,1.8325074661906,1.8325074661906,1.8325074661906,1.8325074661906,1.8325074661906,1.8325074661906,1.8325074661906,1.8325074661906,1.8325074661906,1.8325074661906
862,"VEN","Venezuela",14.8601714117698,14.8601714117698,14.8601714117698,14.8601714117698,14.8601714117698,14.8700256585022,14.8700256585022,14.8700256585022,14.8700256585022,14.8700256585022,14.8700256585022,14.8700256585022,14.8700256585022,14.8700256585022,14.8700256585022
704,"VNM","Viet Nam",6.0654126026457,6.0654126026457,6.0654126026457,6.86710036635878,6.96485001474134,6.96485001474134,6.96485001474134,6.96485001474134,6.96485001474134,6.96485001474134,6.96485001474134,6.96485001474134,6.96485001474134,6.96485001474134,6.96485001474134
876,"WLF","Wallis and Futuna Islands",-8888,-8888,-8888,-8888,-8888,-8888,-8888,-8888,-8888,-8888,-8888,-8888,-8888,-8888,-8888
732,"ESH","Western Sahara",0,0,0,0,0,0,0,0,0,0,0,0,0,0,0
887,"YEM","Yemen",0.08205014088662,0.08205014088662,0.08205014088662,0.08205014088662,0.08205014088662,0.08205014088662,0.08205014088662,0.08205014088662,0.08205014088662,0.08205014088662,0.08205014088662,0.08205014088662,0.08205014088662,0.08205014088662,0.08205014088662
894,"ZMB","Zambia",-7777,-7777,-7777,-7777,-7777,-7777,-7777,-7777,-7777,-7777,-7777,-7777,-7777,-7777,-7777
716,"ZWE","Zimbabwe",-7777,-7777,-7777,-7777,-7777,-7777,-7777,-7777,-7777,-7777,-7777,-7777,-7777,-7777,-7777
