"code","iso","country","NDA.raw.1999","NDA.raw.2000","NDA.raw.2001","NDA.raw.2002","NDA.raw.2003","NDA.raw.2004","NDA.raw.2005","NDA.raw.2006","NDA.raw.2007","NDA.raw.2008","NDA.raw.2009","NDA.raw.2010","NDA.raw.2011","NDA.raw.2012","NDA.raw.2013","NDA.raw.2014","NDA.raw.2015","NDA.raw.2016","NDA.raw.2017","NDA.raw.2018","NDA.raw.2019","NDA.raw.2020","NDA.raw.2021","NDA.raw.2022"
4,"AFG","Afghanistan",NA,NA,NA,NA,NA,NA,NA,NA,NA,NA,NA,NA,0.0331982951223317,0.0375543164134218,0.0407374995838699,0.0431997052427091,0.0442636399935528,0.0376562452133302,0.0284208452368533,0.019402431643063,0.0097678091371205,0.00394622406177647,-0.000764100474914571,NA
8,"ALB","Albania",-0.00244602323019984,0.00672725070190183,0.00289896594894667,0.000867484559737841,0.000692613043583812,0.00824480260837501,0.0167853800492699,0.0162189118017588,0.00951124406960413,0.00124842268365111,-0.0107816190530196,-0.023551710915845,-0.0355776317991187,-0.0295746153785225,-0.022312322521569,-0.0153633320517497,-0.0041173571390023,0.00330302277887018,0.0073461937778192,0.00268482658469704,-0.00116641308230505,-0.0134131052568721,-0.0430431053267643,-0.0716192249628543
12,"DZA","Algeria",-9.320152335112e-05,0.00478649251137364,0.0120440085617914,0.0172916144625608,0.0267968759106891,0.037073192517977,0.0330379941061578,0.0259804163402937,0.0238187330877753,0.0246707113046534,0.029363847430748,0.0330151687650706,0.0378073640444034,0.0395663315511334,0.0406017119376518,0.0475106138291295,0.044712191825532,0.0360924806465435,0.0329376512124404,0.0252260857422086,0.0204723346746596,0.0135823008227747,0.00707364976827352,0.00387891118291095
20,"AND","Andorra",NA,NA,NA,NA,NA,NA,NA,NA,NA,NA,NA,NA,NA,NA,NA,NA,NA,NA,NA,NA,-0.000596850050361265,-0.000507991429010384,-0.00175883113133046,-0.00860607395535283
24,"AGO","Angola",-0.0176701146411998,-0.0169388694214047,-0.0114593060260582,0.000967214433158947,0.0156753558528606,0.027873400573815,0.0372691294372995,0.0331519250806056,0.0295433155301668,0.0259183598289032,0.0157128497985706,0.00798900958111748,0.00247103050382713,-0.00434042249506925,0.000810079715178436,0.00312921246480768,0.00740980492002108,0.00673207049061619,0.00960846857134823,0.00254742882458481,0.00180332305614805,0.000602785940036599,0.00223813535368622,0.000960548537942252
660,"AIA","Anguilla",NA,NA,NA,NA,NA,NA,NA,NA,NA,NA,NA,NA,NA,NA,NA,NA,NA,NA,NA,NA,NA,NA,NA,NA
28,"ATG","Antigua and Barbuda",0.0281699091550367,0.0232712808608608,0.0192786585793983,0.0163035991083107,0.0150480460386098,0.014410014655871,0.0145290132169935,0.0170833865019311,0.0193809342746747,0.0224823514937804,0.0266899024117966,0.0145626930580052,0.00345064598607592,-0.00160807985687792,-0.00205568202542691,-0.00137853250704192,-0.00112211457279346,-0.000865783366292395,-0.00753002389682514,-0.0198147448761028,-0.0108412990147659,-0.0150216054854729,-0.0142858760859988,-0.00751105471781734
32,"ARG","Argentina",0.00927016773025557,0.0110900579267281,0.0106623740529299,0.0109059459816314,0.0147783546621265,0.0186744988724219,0.020512540510806,0.0226543719375165,0.0262966450527526,0.0248598872558221,0.0143250249844107,0.00766422956778223,0.000955847105425622,-0.00846557482797396,-0.00841065541634691,-0.00687620236981826,-0.0068246126653114,7.75607222267549e-05,0.0115241782337889,0.0196025936196527,0.0207799955416548,0.0225345746482408,0.0239146815763471,0.0226839449944796
51,"ARM","Armenia",-0.0611313678673747,-0.0617990004296068,-0.0570266164714186,-0.00826197586159878,0.0086299820861182,0.0187640319350006,0.0247176835577905,0.0515445845744911,0.0635720783637628,0.0662749220465395,0.0639383671299036,0.0532975099061879,0.0412698874472981,0.0442297509666774,0.0432731148293124,0.0385632602082258,0.0325645728143111,0.0676592227201185,0.0710467789768716,0.0649451907800203,0.0563010535074333,0.039153626036037,0.0201949582150296,0.0107581464564299
533,"ABW","Aruba",0.0851497495965332,0.0692736476472828,0.0560766088981031,0.0430871156438721,0.0370216772597411,0.033723574128443,0.036585510364743,0.0119908931404533,0.0139377206135476,0.020037593443744,0.0308239636175804,0.0274710838828227,0.00663278053992467,0.00321036834238875,0.00185660134845378,0.00242477578467493,0.0053715997057564,0.00729486327565043,0.0021735407601986,-0.0065974216123712,0.000205263232961883,0.00287843477075977,-0.012697260126648,NA
36,"AUS","Australia",0.00796229693280237,0.0227826422542994,0.0394590413977045,0.0472597691133692,0.0239893303013123,0.0213519844381911,-0.000191992762137826,-0.0100695949326342,-0.0295149570249721,-0.0732437018291965,-0.0760222621174996,-0.0858476431316811,-0.0112881845880394,0.0297245979629999,0.0103203156121836,0.020679571604574,0.0098486878845625,0.00297804584587147,0.0125366974105172,0.00563968827756045,-0.0126409390099337,-0.0806574623506355,-0.0601280882794154,-0.0276595113560866
40,"AUT","Austria",-0.0116978748987333,-0.0101766658462066,-0.00567004693295732,-0.00297422988242761,-0.00439702815679783,-0.0175513151634762,-0.0310453912249107,-0.0379519122835153,-0.0432464936073565,-0.0368104417465108,-0.0402399263995713,-0.0369923055080564,-0.0229654823226549,-0.0144977620637204,-0.00523010221035614,-0.00327687890931573,-0.000658421688170472,0.00122705571546655,0.00110002125707509,0.0037774653028626,-0.000457373383443642,-0.00307891857557889,-0.00357767404361853,-0.0105262805274926
31,"AZE","Azerbaijan",-0.00206182819663629,-0.00111982265996756,-0.000309854282418023,0.0118797807851905,0.0247428702438364,0.0339239525933357,0.0405371850765071,0.0420452190705081,0.0423056220962803,0.0433776577930702,0.0410524412845712,0.0351056046320279,0.0313820457477001,0.0289493656776745,0.0260470616960677,0.0243264648305841,0.0275486481130411,0.028259833647351,0.0251716047604646,0.0289225414430394,0.0323948123498436,0.0356521535180039,0.0370547357684343,0.0386738424335651
44,"BHS","Bahamas",0.0650546954928464,0.0605414310331551,0.0531448121482376,0.0403339558903437,0.00805332019133576,-0.00922284545599646,-0.0308719580662847,-0.0302848553614214,-0.0215557256402745,0.00500316198565698,0.00537246405473746,0.005958022716815,0.0117698996571813,0.0186468034119218,0.0117014436936342,0.0120221319861593,0.00462090497138923,0.00219462499776357,0.000548110810812519,0.000926326017245849,-0.0108246277163315,-0.0189945308595244,-0.0194791959353372,-0.0193659386413414
48,"BHR","Bahrain",0.0497478840593777,0.0414910713344829,0.030554763572364,0.0306026566354896,0.0307988468213192,0.0301463818772554,0.0319217825502243,0.0368377305868066,0.0397354945782165,0.0461152376067615,0.0459531501469141,0.040090552559352,0.0290678031937197,0.024200307550309,0.0214899603244769,0.0179314542093489,0.0165982922877421,0.0168379574658741,0.0161367477594787,0.0176661474150634,0.0157193253828556,0.0162881334128333,0.015130276808055,0.0142665661681098
50,"BGD","Bangladesh",0.0294428582119679,0.0270309952381864,0.0258304549411519,0.024455140670061,0.0201803935978646,0.0164510592885534,0.0173552015008207,0.0204918379101908,0.0203124706740188,0.022700871417439,0.0249473882047122,0.0266643675394602,0.0296739344187118,0.0301636330657604,0.0268579182142101,0.0235203551504244,0.0210458214120686,0.0170805251678374,0.0131849981822103,0.0143604356171267,0.0129284222338162,0.0126886039631868,0.0163129879374602,0.0173014362437056
52,"BRB","Barbados",0.00687903527763578,0.00350707995757915,-0.00145662403947389,-0.0170135777752474,-0.0400859272964974,-0.0399357091063886,-0.038935854800847,-0.0360316695345479,-0.027705118355133,-0.00732392836451532,0.00137226379128208,0.00919172816296587,0.0159430812319552,0.0111915968659626,0.00756043916676963,0.0106326899162563,0.00794878834507795,0.00533360005942574,-0.00575096214749571,-0.0152928126273361,-0.0190082727324455,-0.0175833180526795,-0.0124394454921692,-0.00381653048183636
112,"BLR","Belarus",-0.0132300618528359,-0.0137130117312127,-0.0105164656151137,-0.0107525999078627,-0.0067707584487851,-0.0052890969531895,-0.000836889652513829,0.00329698048717608,0.00636252475598242,0.0102599515842858,0.0132490538848802,0.0142783530744495,0.0494604372324632,0.0747802641132,0.0915581837523669,0.0995700951103615,0.0996026460923709,0.0922582394471851,0.0771038523398679,0.056548467589532,0.029151070682911,-0.00434244223704643,-0.00130756533976931,6.18579860689472e-05
56,"BEL","Belgium",0.027134835239091,0.0240030449889079,0.0172510555563716,0.0121381932186302,0.00148025977906818,-0.00795064380364383,-0.0164629330560483,-0.0184573889224795,-0.0159732437955666,-0.00685904603122031,-0.00245764853890506,0.00169569500353917,0.00341616899495856,0.00969567062488896,0.0103563695968358,0.00939951058855781,0.00838231528536615,0.00421496194799342,0.00161889277983174,-0.00229983806841394,-0.0163799424124963,-0.0148933955160333,-0.0090753165128476,-0.0117705456250191
84,"BLZ","Belize",-0.00916268689459411,-0.00173857303670595,0.00375549174904122,0.0444957324873401,0.0952979656751416,0.0793349037646602,0.0674391758357431,0.0426615049565424,0.0238934580107144,0.00348807316137445,0.000227737884263446,-0.0138983727557885,-0.0211208460981236,0.0073396239410195,0.0795290936145527,0.0915661166868078,0.106375132432672,0.104104352266985,0.0914552875515156,0.0708134828977236,0.0625355450241392,0.0389434969523013,0.0270926129760651,0.00730292260385346
204,"BEN","Benin",0.0508022837002016,0.0528230415761111,0.0393302329939194,0.0335091923624893,0.0191928773065477,0.00511062253864858,-0.00268792375937813,-0.00617454876347478,-0.00297637949883086,-0.00293053988900154,0.000190686580678889,0.0085075056559254,0.0044889891016564,0.0103680149490808,0.0122546048521073,0.0103370304189265,0.0172192563710112,0.0230072290164149,0.0270567524717316,0.0306309845460819,0.037983889589688,0.0398715992001641,0.0392400094861889,0.0378624664455656
60,"BMU","Bermuda",NA,NA,NA,NA,NA,NA,NA,NA,NA,NA,NA,NA,NA,NA,NA,NA,NA,NA,NA,NA,NA,NA,NA,NA
64,"BTN","Bhutan",0.0319558665736221,0.0366672123873215,0.0329409781795109,0.0242560145875901,0.0137416389651017,0.00147785584689553,0.00333251288912595,0.00681644910515056,0.0100184850094007,0.0143858876157015,0.0173913288290493,0.0177582168879509,0.0159999166657987,0.0140249244059751,0.0128729687361144,0.0121107780006464,0.0138165061005924,0.0149131577135837,0.0161305661095188,0.0192220260730169,0.019353954478105,0.0156122302045407,0.0124520989697279,NA
68,"BOL","Bolivia",0.0226269911417838,0.0213577956411994,0.0186976553374565,0.0229206828168544,0.0230880167097507,0.0294021506894899,0.0373651027430704,0.0367025308120617,0.0337644709027494,0.0314287151150976,0.0296278756750135,0.0344382288712208,0.0269952776739071,0.0247962057647639,0.0172824086212873,0.0118901286133091,0.0135698664960877,0.0146399086174802,0.0122559706187895,0.00786068025726316,0.00640101968237561,0.0167168516213858,0.0206040993880914,0.0238560815824824
70,"BIH","Bosnia and Herzegovina",NA,NA,NA,NA,0.0475021569733198,0.054456428234894,0.0516844416645368,0.0354040945185641,0.0227273564539432,0.0270627673299189,0.036795080535494,0.0449933508314226,0.0509823045338234,0.0535503212783539,0.044023240914175,0.0449023763930543,0.0449478297798789,0.0363571860200023,0.0211979301981871,0.00816491530965191,-0.00873707827579759,-0.0272524582249676,-0.0542378158595016,-0.0668986508738151
72,"BWA","Botswana",0.00728343595108916,0.00352987855730524,0.0154785844090572,0.0244018331729077,-0.0352382324216966,-0.102020084224866,-0.134377763717669,-0.111740996319107,-0.105815437918863,-0.0141603127081088,-0.02175747067531,0.04052084899916,0.135955264005243,0.169990048787471,0.109642591208731,0.0254638023917821,-0.0540233113852588,-0.148937037063185,-0.191344886524756,-0.179013636077759,-0.317369582456601,-0.213751381651472,0.00221083624854601,0.0797630791428108
76,"BRA","Brazil",0.020484971302859,0.0189493303913779,0.019709849068728,0.021512539446273,0.0240909474760134,0.0293158314178728,0.0323000443595718,0.0285551791308918,0.0278301768147107,0.0271339430320205,0.0227143727926065,0.0210702262065827,0.0188462184404432,0.0166649373268206,0.0148992830508863,0.0171122967109709,0.0164565377407513,0.0130664698045555,0.0157037923911907,0.0131619266318579,0.00947602149148841,0.0130420750601838,0.016827972670866,0.0197790633457173
92,"VGB","British Virgin Islands",NA,NA,NA,NA,NA,NA,NA,NA,NA,NA,NA,NA,NA,NA,NA,NA,NA,NA,NA,NA,NA,NA,NA,NA
96,"BRN","Brunei Darussalam",0.0637740325453908,0.0668063927158498,0.0684863918418817,0.0656475722777674,0.063953170699246,0.0605359685195055,0.049484820464401,0.0441047146743583,0.0429638033621649,0.0404316478905504,0.0370940651945832,0.0323926743751992,0.0262366988329525,0.0205832683548366,0.0189269513593824,0.0141236762484132,0.00275532140132606,-0.000518585080906341,-0.00135889816424668,-0.00060097627056007,-0.0028844815105291,-0.000238734059443413,0.00360468406383441,0.0111523451587936
100,"BGR","Bulgaria",-0.0204026719197565,-0.0166941673203489,-0.0101462604183174,-0.00526543848419354,-0.00149200979015357,0.00494507951666945,0.00737442774929375,0.00340579544994135,0.00407433961166848,-0.000139484990887111,-0.0129667681785259,-0.0260047734128462,-0.0130384391754326,-0.0152831837767543,-0.00388513690018879,0.00563867413169428,0.0117744812531633,0.00950929884764129,0.00998960193886989,0.0110337156946603,0.0126552521209555,0.0107799486688929,0.019195339630129,0.012423957279073
854,"BFA","Burkina Faso",0.0312007888041057,0.0337823620040709,0.0299117412359517,0.0279709501722625,0.0345912083798341,0.039574992129539,0.0428612840588314,0.0434987855510542,0.0437580013198153,0.041993326185253,0.0387842488270267,0.0388768154051378,0.0289525574776242,0.0184853838888639,0.0183650563249365,0.0184670380987459,0.0196645314272228,0.0202405321859476,0.0199272190589261,0.0192215311983659,0.0177180211081511,0.018929424529367,0.0190145393207171,0.0183623547935141
108,"BDI","Burundi",-0.00142677483672641,-0.000574435143202903,0.00374087652124566,0.00783060725996476,0.0109927817437936,0.0120870606430767,0.0168967235095807,0.0220005211629204,0.0270606954875083,0.0300706367090013,0.0334674099083614,0.0399228744661748,0.0473002303164212,0.0492076230935183,0.0534714060223431,0.0541518480815368,0.050828016160922,0.0510776123674321,0.0541995652364329,0.054956104800042,0.0474770268277949,0.0408751371316418,0.0363409706600539,0.0295920818830269
132,"CPV","Cabo Verde",0.0262101747482271,0.0175019176844693,0.00755800510726612,0.0119597155654587,0.0150530250164278,0.00745824241667847,0.0174249195770433,0.00173826689963197,-0.0122879007696206,-0.0156802363625545,-0.00499092768366555,0.00382136581506232,0.00887597634385306,0.0107182430741037,0.0101849049971958,0.0120624773047677,0.0154751431836819,0.0178113101685475,0.0107019805913755,0.00231423309115453,-0.00259718446807243,-0.00308506559924204,0.000313073741144532,0.00111479126782754
116,"KHM","Cambodia",NA,NA,NA,0.0132908708994717,0.0113194799340177,0.00734111265423443,0.00572345020753695,0.0124964962837246,0.018136853947067,0.0202419322199969,0.0304965519294644,0.0318166973740337,0.0305497585283592,0.0261850589877224,0.0214827307848495,0.0166152800963462,0.0117841573056054,0.0074339812104538,0.0111258963389111,0.014531951338199,0.0178710252308898,0.018123019434813,0.0208029203171425,0.0187947811236755
120,"CMR","Cameroon",0.0237280286385331,0.0338219406926672,0.0346639896390193,0.0332902650734808,0.0353324662310062,0.0279326186638456,0.0248199423206479,0.0159671908269208,0.00560719405673127,-0.00123248330079815,-0.0142443030024185,-0.0116337891855242,-0.0181922305698602,-0.0242549502706884,-0.0122552083373076,-0.0129727131345218,-0.00106050599434304,0.00439067716178809,0.00727781774861813,0.00836801812956578,0.00729579526258317,0.0101490317738449,0.0103138648500403,0.00933184561529976
124,"CAN","Canada",-0.00719125549444413,-0.0151868986106322,-0.0325591055711134,-0.0458883858482067,-0.049744517934041,-0.0418753882974194,-0.0254093714328493,-0.0125828693922657,-0.00237226070150768,0.000984447116388898,0.00149220046414711,0.00239070935661201,0.00425588238706731,0.00853217610835322,0.0120248135528895,0.0127009684825519,0.0141102925807057,0.00925548218247574,0.00995260022038957,0.0108632736239591,0.00587703544696683,0.00416538263441479,0.00283700853454949,0.00569652681439559
136,"CYM","Cayman Islands",NA,NA,NA,NA,NA,NA,NA,NA,NA,NA,NA,NA,NA,NA,NA,NA,NA,NA,NA,NA,NA,NA,NA,NA
140,"CAF","Central African Republic",0.025458983509,0.0314564420952448,0.023289789635224,0.00712226288689521,0.00862177180628421,-0.00107531269110828,-0.0115752250148608,-0.00988741698963989,-0.00743202305452688,0.00698516839357466,-0.00411852874807827,0.00549764059801738,0.00560495253979165,-0.018719816263218,-0.010295210335733,-0.0163265402576147,-0.0158250234555731,-0.0088357969660062,-0.00768863801207481,0.00191234736558044,-0.00921167174829753,-0.00883303755667994,-0.00118452669335456,-0.0052088499699337
148,"TCD","Chad",0.0709577197158056,0.0594561527135447,0.0502320928085032,0.0439929522530969,0.0378603523184564,0.0316387329009669,0.0263826773863356,0.028791367681883,0.0311819988906876,0.0322398496327367,0.0345080508088043,0.0438758817516072,0.0411964674928689,0.0413484298770133,0.0413749325310651,0.0413190890765116,0.0445656956206841,0.0480613021415859,0.0508087010791756,0.0530607739769722,0.051670186650592,0.0526398484408932,0.0526239097484973,0.0526144488279654
152,"CHL","Chile",0.0487176914452585,0.0458686841772795,0.0383055545977999,0.0321284544708156,0.0241686285888287,0.0224584950624644,0.0189899421939681,0.0175009767880425,0.0206283748392175,0.0269136529236966,0.0251408233682342,0.0224565081914709,0.0161400382776145,0.0123299685893612,0.00467991788347022,-0.000352783538464237,-0.00725794701539919,-0.0211741709555287,-0.0256943481062626,-0.0177198371420152,-0.0179474989653894,-0.0168432776347793,-0.0155007003490866,-0.00595239052005116
156,"CHN","China",0.0303017762366278,0.026673550488038,0.021738412881068,0.0185422305159977,0.0128130929545152,0.0093260128136381,0.0133368229495032,0.0204623062333982,0.0226456661932344,0.0239978259038196,0.0228945012772317,0.0189840970947386,0.0137588160561812,0.0108406636707443,0.00744232110911414,0.00547295038510853,0.00513568370503759,0.00552946294264856,0.00617979251571765,0.00662032074360641,0.000604333097255605,-0.00512418529473171,-0.0105549404708373,-0.0153024150200181
170,"COL","Colombia",0.00380095301767702,0.00263516436484412,0.00255258182598017,0.00230331616237156,0.00476442989397508,0.00813472696125328,0.0093887402768329,0.0098851624798657,0.0131901822452538,0.0144023434853355,0.011341646942522,0.0100156347937459,0.00682447297766475,0.000831444788812918,-0.00501240729698696,-0.00783903996812209,-0.01664033531206,-0.0228934251899863,-0.0123068313122615,-0.000978038477676637,0.00623488680782058,0.0171933016448165,0.02512339461447,0.0284964171291888
174,"COM","Comoros",0.0239530117326725,0.0244777221749923,0.025311510741713,0.0248841888771745,0.0194512712102741,0.014406135278531,0.0121139623123943,0.00976992748574368,0.00601914793392622,0.00631050294176361,0.00985260217918116,0.0112686825153372,0.0143041914418505,0.0175171032113057,0.0165368435388953,0.0149023126230445,0.0153459676048098,0.0160917398100957,0.0161058466141897,0.0163900611849681,0.0158796260254443,0.0154473889237348,0.01539522408404,0.0146633452907945
184,"COK","Cook Islands",NA,NA,NA,NA,NA,NA,NA,NA,NA,NA,NA,NA,NA,NA,NA,NA,NA,NA,NA,NA,NA,NA,NA,NA
188,"CRI","Costa Rica",0.00876995175249307,-0.00743184220468252,-0.0360817791169142,-0.0596469786920349,-0.0675241603464828,-0.0793002179289938,-0.086457231531098,-0.071523357862172,-0.0337261594447628,-0.00185989629584374,0.00851263311067352,0.0150825413239757,0.0210156854658778,0.0210012363863095,0.0253963268900395,0.0194864635483174,0.0164264605483988,0.0173159972015533,0.0191461911458746,0.024296780138306,0.0183940600973513,0.0114802470331881,0.00774973087766995,0.00370864053476572
384,"CIV","Cote d'Ivoire",0.0187657042596063,0.0175013882987503,0.017533926890781,0.0231693234040293,0.0249615298683257,0.0174618919929188,0.0227589697802926,0.0201933167085111,0.0211328538429627,0.0165687973202098,0.0079429053127138,0.00117175743211795,-0.00142404859906216,0.00467330863384841,0.0117230015218808,0.00177455468657906,0.00514835977930184,0.0144353172656198,0.0172432921147583,0.0152973426450493,0.012107933939969,0.00986559162307232,0.00943197751143443,0.0111342533567824
191,"HRV","Croatia",NA,NA,NA,NA,NA,0.00606468596510945,0.00736737094173545,0.0154696484226617,0.0336820696647548,0.0413330066798085,0.0246563211156294,0.0192274738635918,0.0102413679893694,-0.00101835414055509,-0.00834545150113513,-0.00564474805426362,-0.00502614347728843,-0.0115391145819873,-0.0103021260288591,-0.00267550844524408,-0.00272603573853121,0.000236617362542324,0.00914652513896841,0.0098340091804725
192,"CUB","Cuba",-0.0221583303732041,-0.0289678019295036,-0.028428531162399,-0.0244565587160096,-0.0318473537826944,-0.0369673916592086,-0.0486428872162925,-0.0415116717303123,-0.0290614503658542,-0.0180951078900655,-0.0200044211049614,-0.0162424248842968,-0.00631688973602111,-0.00363529840510435,-0.00324435560820668,0.000821629321775319,-0.00180799620805847,0.000484640647394841,0.00253819111011633,0.00432267498302719,0.000140495011635933,-0.00599308940643809,-0.00721252867359603,-0.0104204527239569
531,"CUW","Curacao",NA,NA,NA,NA,NA,NA,NA,NA,NA,NA,NA,NA,NA,NA,NA,NA,NA,NA,NA,NA,NA,NA,NA,NA
196,"CYP","Cyprus",0.0162787110545266,0.00874513538969524,0.0032037121062467,0.00607172716976656,0.00948724082794805,0.00933918625424401,0.00645317456368266,0.00580855947994419,0.00180944748639411,-0.00273205261681042,-0.00602817969720715,-0.0106555690532574,-0.0128904168332149,-0.0095009933317674,-0.00960146214707401,-0.00777945157578927,-0.00457290237857341,-0.00363665398784603,-0.00341532962662786,-0.00358001126527156,-0.00210275865022745,0.00149119794796038,0.00778689334464988,0.0141221655050785
203,"CZE","Czech Republic",-0.0207821354049195,-0.00020524424963531,0.00456055442993075,-0.000451583379827117,-0.00640354235865889,-0.0093008333349459,-0.0110404259062042,-0.0113761540869456,-0.0141368986333092,-0.0220068083477119,-0.0292763045926672,-0.0273193811872067,-0.0126867879387338,-0.00672487415410892,-0.0022835506798444,0.00288432854893683,0.00999324694653114,0.0158457022034248,0.0180779697721152,0.0150053939840504,0.00836741283102826,-0.00279108277349832,-0.0117040836992937,-0.0190542200789728
180,"COD","Dem. Rep. Congo",-0.0109894162221328,-0.00903883471137621,-0.00716692231895275,-0.00591003087532536,0.00247385337117301,0.027801883246735,0.0506586334168968,0.0581685234035068,0.0530389247354759,0.0502496591575401,0.0378967183587418,0.0226365810218738,0.00401768240818146,-0.00660828836727846,-0.00770837989023225,-0.00269127837420676,0.00211329816132899,0.00834051910389033,0.00861034206169831,0.00743888503154277,0.00746953236308268,0.0102043419398874,0.00998516214247669,0.007854685235261
208,"DNK","Denmark",-0.0226797991493925,-0.0185040942709514,-0.0159007276696234,-0.0226343107814313,-0.0229185686964063,-0.033719708380703,-0.041207825853338,-0.0504616351590096,-0.0549527414729402,-0.0540961205589962,-0.0500589373606088,-0.0426946281400542,-0.031658020594415,-0.0203461563706692,-0.00750055044732046,-0.00082324399269245,0.00516347294427622,0.00766670341929698,0.0095657928182209,0.00943712845081524,0.00816338010780782,0.00631529917855866,0.00263913858897347,0.000350446112902469
262,"DJI","Djibouti",NA,NA,NA,NA,NA,NA,NA,NA,NA,NA,NA,NA,NA,NA,NA,NA,NA,NA,NA,NA,NA,NA,NA,0.00382430947618095
212,"DMA","Dominica",-0.0775688544234334,-0.0674469376829746,-0.0448527289260746,-0.0510669495378229,-0.047667533615402,-0.0343660573585891,-0.0291609541488294,-0.0384813719991863,-0.0240403885601787,-0.020296454755188,-0.0141252479211697,-0.00338037670304685,0.0105389565228591,0.00402420253015912,0.00328978528163293,0.0017716896543436,0.00751962488443447,0.00101004897885537,0.00634517349162378,0.00148639884893753,0.00146558462974178,0.000877457903607048,0.00229108579503845,0.00270741626166426
214,"DOM","Dominican Republic",0.0203070511699051,0.0124077035246133,0.011405339395723,0.0151485765895101,0.0130733734616453,0.0153644052429411,0.0164598898317927,0.0220197146564809,0.0311553995501286,0.0369381377398181,0.0370654956972787,0.0323417212162607,0.0263844565694613,0.0242727004563013,0.0160391163007654,0.011489783357538,0.00827889077378741,0.00888618662596463,0.0126588078558356,0.0195246590246712,0.0234451629090959,0.0283536601032663,0.028457789693638,0.0259876393522376
218,"ECU","Ecuador",0.0298512434449021,0.0172783173077808,0.0198750222518884,0.015709751330401,0.0102252223727624,0.0072432428732947,0.00160552042158946,0.00107513874746012,0.0019204562265509,0.00599894586067129,0.00673789186963791,0.00338755205481944,0.0145819425324705,0.0171142512458289,0.0171585575583819,0.0179488572355206,0.00960537597973299,0.00645755422301053,-0.00102739364186355,-0.00686161791544783,-0.00969341758053654,-0.00523754079198294,0.000936028436663294,0.00481379872613319
818,"EGY","Egypt",0.039546963825356,0.0346410137745137,0.0287149130892135,0.0269557366123019,0.0271910566758997,0.0257182825760953,0.0286693729879017,0.0305254802200692,0.0279523335277179,0.0277827187790061,0.0248060966710262,0.0242226804756835,0.0229461579727455,0.0198386351000761,0.0153111865271403,0.0141872296470884,0.0136948950154614,0.0124454596848824,0.00954864705141345,0.00761930061489768,-0.000308227867120843,-0.00529965386377128,-0.00827108368502352,-0.0102135536316927
222,"SLV","El Salvador",0.0063219369605183,-0.00129873356027906,-0.00225969741388884,-0.00368891535814747,-0.00554668041386348,-0.00416784462239893,-0.00156243215714175,0.00612621724226625,0.0186056081016619,0.0259779154047028,0.0310613071089301,0.0265050037721037,0.0222853602630957,0.0131004417608733,-0.00325877985607948,-0.0279480637740312,-0.0399807645936913,-0.0607106938351263,-0.0769926222746509,-0.0738156282221891,-0.0881572904939379,-0.0773789789948873,-0.0538536137738214,-0.0282207297818705
226,"GNQ","Equatorial Guinea",0.0639948142018505,0.0719515848884407,0.0821941319405886,0.0862453561406933,0.08449920832333,0.0917801151591149,0.096006938160599,0.0952439061754906,0.0844237208219889,0.0798417849161106,0.0689920015968808,0.0571767743571203,0.0491174721873258,0.0353794361491944,0.0204983771327083,0.00926781812217148,0.000633701647090756,-0.00369276015053769,-0.0136498469843939,-0.0105064369917572,-0.00739491551547672,-0.00537761562335428,-0.00521712559206105,-0.00493008359214644
232,"ERI","Eritrea",NA,NA,0.0470909803105748,0.0479905622642303,0.0352944115251352,0.0222038088465994,0.0080645835718669,-0.00180900755974645,-0.000744261647441125,0.00044068091241467,0.00334154722823365,0.00798158081969902,0.00964907804598347,0.00927636138486432,0.00992316892859924,0.00938788537823965,0.00982154810914349,0.00752837864837108,0.00880805551547037,0.00948151510216455,0.00949065678432404,NA,NA,NA
233,"EST","Estonia",NA,NA,NA,NA,NA,0.008981688363906,0.00995417797318021,0.00900516747866997,0.00887029068025647,0.0107694906021021,0.009896223518437,0.0104221737542491,0.00995408220408311,0.00935297737449359,0.00973672219822164,0.0108114554894312,0.0108455392654783,0.0073946868236261,0.00660731132043257,0.00689954339075971,0.00587546066744804,0.0049787312655647,0.00399691308580685,0.00466808069716884
748,"SWZ","Eswatini",-0.0306490136287965,-0.0278857728760504,-0.0296703003120593,-0.011492452517333,-0.0033456002704505,-0.00110570665981405,0.00273972485295859,0.00403665541401654,0.00902204723367817,0.0123482474717911,0.0112854705597321,0.0138630106201463,0.00863000897558064,0.00804440401749829,0.00898408240470228,0.00837499790021257,0.00595917042653205,-0.00102850547344757,-0.0011953991663638,-0.00341175274619605,-0.00362485152283133,-0.00325697757977625,-0.00211678730125523,-0.000182097298052153
231,"ETH","Ethiopia",0.0178712326059438,0.0200606507240197,0.0222022963072579,0.0315484263443699,0.028905241418655,0.0278790374179545,0.0271656917752459,0.0289639689373873,0.0342813519441327,0.0426211335185387,0.0486486457200161,0.0489706820690619,0.0447612139192057,0.0471937366559165,0.0430976541802328,0.0386023699645393,0.0340819161080901,0.0300467621366445,0.0294110886570647,0.0276409779272768,0.0297466046942225,0.0343923144528404,0.0318191276771758,0.0312203637431929
234,"FRO","Faeroe Islands",NA,NA,NA,NA,NA,NA,NA,NA,NA,NA,NA,NA,NA,NA,NA,NA,NA,NA,NA,NA,NA,NA,NA,NA
238,"FLK","Falkland Islands",NA,NA,NA,NA,NA,NA,NA,NA,NA,NA,NA,NA,NA,NA,NA,NA,NA,NA,NA,NA,NA,NA,NA,NA
242,"FJI","Fiji",0.0176178117370527,0.00914994750549902,0.00187646489038795,-0.00591796631468916,-0.0237991651234289,-0.0205530175461603,-0.0166666904625341,-0.0136996497012624,-0.00855142158959496,-0.003957041712026,-0.00792128966802957,-0.0189637752319469,-0.0165846643721489,-0.0128300726687604,-0.0186217852556016,-0.0584571568139963,-0.080728467241123,-0.108243905133984,-0.112591527872573,-0.109620442319744,-0.0961748328161876,-0.0816483027360056,-0.050519706536041,-0.0249684646878266
246,"FIN","Finland",-0.00332358309479408,0.00153672830776541,0.00822148879311957,0.00913169330806385,0.0114079143079273,0.0131182463904858,0.0127275173543417,0.0135911620044706,0.0152910971687585,0.011245616910571,0.00130073076698634,-0.00125002996582928,-0.00492797740584266,-0.00853985545974599,-0.00734254974841656,-0.00479508172370066,-0.00539083524170514,-0.00364414592089099,-0.00348825869411751,-0.000698035164705353,-0.00227315291387044,-0.000992841972184475,-0.00224080208195197,-0.00437819419641678
250,"FRA","France",-0.0257014714424129,-0.0560015170402381,-0.0720158255855823,-0.0859532611400168,-0.0936447302589694,-0.0933479979215664,-0.0830308196598364,-0.0613241161070798,-0.0386380302877868,-0.0355980642463548,-0.0366293724819511,-0.0332240364791027,-0.0335413431891862,-0.0304208547106187,-0.0214107057829318,-0.0119326521022932,-0.00483167736539636,-0.00357729504414081,0.00117555527530544,0.00180468690861524,-0.000625316700540945,-0.00252485482495861,-0.0112043283897474,-0.0201149098198179
258,"PYF","French Polynesia",NA,NA,NA,NA,NA,NA,NA,NA,NA,NA,NA,NA,NA,NA,NA,NA,NA,NA,NA,NA,NA,NA,NA,NA
266,"GAB","Gabon",-0.0053415464838162,-0.0107822150638289,-0.0149614763152685,-0.000732805514907567,0.0153334502339295,0.0374833924431022,0.0546751891147361,0.06476656401102,0.0744484562062995,0.0860887392372305,0.0853811544905696,0.0789354604382482,0.0585502787724757,0.0368988074463612,0.0320713184804622,0.0260720554660827,0.0187959286581665,0.0166192221499135,0.0155468744073959,0.0155025766773407,0.015947347056084,0.0147533076003368,0.00750456735548632,-0.00510498824232193
270,"GMB","Gambia",0.012227099697421,0.013201470985748,0.00799753176874174,0.0033593791383939,0.00373071849685691,0.00682755276571956,0.00941855777213152,0.0184404958563884,0.0218586231879647,0.0277518573187516,0.031172490538139,0.038173678363002,0.0303709656117355,0.0141846791981111,0.00562451367968597,0.00175844834281569,-0.00128839812314031,-0.00147039144102835,-0.00480413160012603,-0.00407148476434038,-0.000254877703698969,0.00657330730911743,0.0095970856986296,0.00552800241319873
268,"GEO","Georgia",-0.0135498676898765,-0.0109995860806095,-0.0225981532245098,-0.0166834390381702,-0.0031183604577239,0.00251137614369346,0.0010529732971436,0.00159395026926901,0.00633255294255619,0.00314114754022077,0.00357462839001799,0.00759615712528028,-0.00269154923401207,-0.00185527176412841,0.00317996222480388,0.0073647141429094,0.0090541557693935,0.0100619411953682,0.00737397789580996,0.00155890866471364,-0.00817261790776806,-0.0113415271687402,-0.0245858028121608,-0.0278110001282318
276,"DEU","Germany",-0.072385850587645,-0.0927539647285958,-0.102940683874813,-0.111605472759,-0.117140890696277,-0.103523618098161,-0.0886378489722298,-0.0615788510062109,-0.0285814840735514,-0.0243332446937588,-0.0223636746004193,-0.0192371020810836,-0.0208166453982334,-0.0202379817940456,-0.015556031982894,-0.00771078965022549,-0.0036899171066741,-0.00264487578813831,-0.00290290776933147,-0.00699481018689766,-0.0120313502492499,-0.0167828077717329,-0.0260611565772955,-0.0356530339861983
288,"GHA","Ghana",0.0275099719764056,0.0327620244285161,0.0242825074314603,0.013697810452987,0.00853131901617887,-0.00215941457011428,-0.000833844571433276,0.00247274557031174,0.00259542318173955,0.0111777169664393,0.0107436953131459,0.0215867656235607,0.0234505162844927,0.0194091010641337,0.0234060002665368,0.0170379545101997,0.0242926116508939,0.0285724054409273,0.0305737245373456,0.028535147272774,0.0235820381720684,0.0248508486613848,0.0229519082614402,0.0196082923920704
300,"GRC","Greece",-0.024837984746793,-0.019153966722956,-0.018440341968572,-0.0171259217939004,-0.0216412792438945,-0.021539889207288,-0.0260477316556997,-0.0261100765139715,-0.0235381778653576,-0.0269860156587567,-0.0314127421427494,-0.0264875889903138,-0.0201160667790134,-0.0153509882926595,-0.00864020509591832,-0.00416602056317608,-0.00219799267837484,-0.00192758999002707,-0.00331617819969267,-0.00755363230250913,-0.0145948231182124,-0.012665432182555,-0.0172593577523998,-0.0191034920547093
304,"GRL","Greenland",NA,NA,NA,NA,NA,NA,NA,NA,NA,NA,NA,NA,NA,NA,NA,NA,NA,NA,NA,NA,NA,NA,NA,NA
308,"GRD","Grenada",0.0184628766564914,0.0105631069786576,0.00557050230427603,0.00942859647832361,0.0111009555105557,0.0100724397323295,0.00990190925498302,0.0144093258654194,0.0200921790363193,0.0261323516679388,0.0304410636811188,0.0307828100685101,0.0247332411390355,0.0297244563699077,0.0375351355058018,0.0323953567849657,0.0258817382930121,0.0221037020811032,0.00657035814637785,-0.00413464221099983,-0.00368866982186965,-0.0008130126663802,-0.0032346488328444,-0.000239968453001738
320,"GTM","Guatemala",0.0256159948070869,0.0214969699052108,0.019503201892098,0.0190891924643244,0.0240705483331842,0.0278257170730725,0.032433645487649,0.0321112254160185,0.0319457443672326,0.0243614652098287,0.0250402353722692,0.0255410524802144,0.0274940182546326,0.0264499745299436,0.0278595580036092,0.0275145918774331,0.0296904592565261,0.0295884961510908,0.0291855018676783,0.0218268277049418,0.0171617451176103,0.0168518556064912,0.0174277428815932,0.0178295346474071
831,"GGY","Guernsey",NA,NA,NA,NA,NA,NA,NA,NA,NA,NA,NA,NA,NA,NA,NA,NA,NA,NA,NA,NA,NA,NA,NA,NA
324,"GIN","Guinea",0.00988464388291943,0.00984784621328227,0.0160235853533721,0.0274456391060969,0.0361957464082086,0.0421715250499586,0.0563216365934005,0.0570474687653995,0.0516245471811783,0.0512220768173075,0.0412636635008936,0.0315521326073238,0.0279913679785093,0.0341893401566098,0.0356655736006188,0.0310708473403569,0.031895672430863,0.0400212423912889,0.0409118935300423,0.0376518758144153,0.0345559795576613,0.0315596984497408,0.0270553983499739,0.0278118363275648
624,"GNB","Guinea-Bissau",0.00133184964791022,0.0022180922753714,0.0142916458458526,0.0267937771019269,0.03762953873227,0.0433505641006198,0.0438723868674513,0.0446686150971802,0.0373638689025182,0.0203982586508826,0.0109791733634164,0.00146725439543771,0.00226889282560361,0.00982484870065359,0.0137498405982659,0.0163644274940429,0.015515117817833,0.0177953993474156,0.0194755856020286,0.0150796579487551,0.0124042687042398,0.0115675168597282,0.00636622281073662,0.00639875696548398
328,"GUY","Guyana",0.0486803377205216,0.0357164773107608,0.0281807306130177,0.0210991223649615,0.018766006190355,0.0191746258523853,0.0139628750033551,0.00651440169499695,0.00450248901882166,0.00861610014105318,0.00874506079880888,0.00769974707701504,0.00159715471758171,0.00529002371943221,0.0134833408318258,0.0258874410702665,0.0306169380103505,0.02352725206613,0.0148479399075663,0.0181662942157366,0.0155544363253459,0.0148869680300363,0.00741964448785293,0.00513434253694101
332,"HTI","Haiti",0.0308153191548708,0.0317516049460791,0.0319702049284236,0.0353444972805383,0.0331662411983284,0.0269886053470576,0.0221047082718653,0.0166078687660569,0.0135242029298663,0.0120351867716633,0.00836959551900285,0.00992505258578302,0.0110070270484628,0.0120507400597787,0.0119922853365861,0.0115674038096758,0.0119774879401646,0.0128052481884922,0.0130291706569365,0.0109526191107501,0.0108091729674726,0.0079879837823289,0.00509439444939708,0.00302429045778307
336,"VAT","Holy See",NA,NA,NA,NA,NA,NA,NA,NA,NA,NA,NA,NA,NA,NA,NA,NA,NA,NA,NA,NA,NA,NA,NA,NA
340,"HND","Honduras",0.0234745161156493,0.0284491041516985,0.0295468856323609,0.019837109789012,0.0185171841294063,0.00720313541859485,0.0129706567251475,0.0119704191224808,0.0162035180887972,0.0190960216045528,0.0195741617313399,0.024502050513431,0.0312532897585456,0.0226357732091345,0.0242162153641972,0.0188149270981457,0.0181003582462329,0.0196230063688099,0.0212375381502545,0.0229222293979572,0.0185918005089902,0.019904525883027,0.0196382571189586,0.015927469755707
344,"HKG","Hong Kong",0.0281801656046785,0.00953018709977971,-0.00197331196168388,-0.0177198677368248,-0.0186585894164795,-0.035907324848034,-0.0454814754123303,-0.0728873388024391,-0.0958199707951979,-0.0755551434921371,-0.0207025055774626,-0.00411327656399829,0.00710971402375282,0.0111534977662779,0.0177358493893345,0.0154358591996593,0.0114834125984242,0.00865370896613094,0.00911070171342376,0.00611460102552686,0.0114009424730908,0.00621829924608686,0.00394087054700232,-0.00102268137787118
348,"HUN","Hungary",NA,0.00524151314228916,0.0199276713096879,0.0353913445394525,0.0402216471263535,0.0517311172645516,0.0396561653743355,0.0299935181019417,0.0211687748342384,0.00574395779565329,-0.0189376545543814,-0.0528133840441364,-0.0834112130079097,-0.0543391136998277,-0.0304671778165767,-0.00834008066603841,-0.0027798347671458,-0.000501023530144277,0.00973038015499816,0.0205129180461077,0.0211593222185462,0.0197363987681629,0.0172128857446809,0.0128425023816003
352,"ISL","Iceland",NA,NA,NA,NA,NA,-0.0060974947830634,-0.0118346993901781,-0.00499549594941586,-0.000648310170088104,0.00395109764845558,0.0027797958850615,0.00213697721087214,-0.000936466568209079,-0.00169390013561246,-0.00424919359349195,-0.00350998264433223,-0.00297997932428358,-0.000820403162526264,0.00299202904154683,0.0092395756471384,0.00701076125938149,0.00398333964973352,0.00162887569154346,0.000764282897693702
356,"IND","India",0.0264733059007574,0.0230729412679902,0.0200519656036329,0.0146720141304935,0.0110701219559655,0.0100412200793627,0.010926943695833,0.0140005460208359,0.0191291764474566,0.0244205796240633,0.0296382286666013,0.0328541596156635,0.0359018920320289,0.0330883052587956,0.0287043607633588,0.0241255792462158,0.0199925650393868,0.0158871080170784,0.0138677560945564,0.0128649158583218,0.0131797657320041,0.0151257878195166,0.0173338054189158,0.018845776789925
360,"IDN","Indonesia",0.018780977195711,0.0157685117424828,0.0117166567979363,0.0121704744158719,0.0098135609525698,0.010278595793203,0.0127398704333963,0.0180245306807771,0.0201986036128776,0.0235912123974396,0.0260663468019082,0.0257390641854638,0.0259040451139521,0.0279387803911486,0.0250464767003813,0.0248879176408301,0.0223586496622097,0.0194917822469556,0.0207408898894967,0.0233787263825815,0.0248978142018832,0.024988032990154,0.0262488270584651,0.0286583705791814
364,"IRN","Iran",0.0259889335670747,0.0218110613553326,0.0187791682308232,0.0225288771789578,0.021221782117012,0.0399661648408951,0.0497046191461454,0.0572117767717151,0.0681220233345807,0.0625912159639734,0.0472245225034018,0.0293471712412661,0.00519451500002144,-0.0205186009065733,-0.0642277467723679,-0.0631788246590011,-0.062596181132792,-0.0511494128414263,-0.0240108651460284,-0.00791282832212976,-0.000262990729598305,0.00742016393628142,0.00912988067448395,0.0141334092517413
368,"IRQ","Iraq",0.0324489433895345,0.0339483739198514,0.0282691971824367,0.0285482828113925,0.00884089553972456,-0.00110528390837006,-0.00468842481149277,-0.0119678266546055,-0.0125215136602974,-0.00757896730693937,-0.00353213408352811,-0.00151331187143149,0.0215257605649106,0.0534888983501778,0.0511363165314331,0.0457714974111458,0.034549920278772,0.0246187000587246,0.0145017180271378,0.0068799700751061,0.0124348645991343,0.0156832851228526,0.0186942057197714,0.0252922472343715
372,"IRL","Ireland",0.00927078690111993,0.00966701522439584,0.00719172765800646,0.0021185214177657,-0.00137214977851454,-0.00653205475022149,-0.0141719415429101,-0.0230599674608489,-0.0324094172064752,-0.0333277301907747,-0.0293799288934591,-0.0280608322600555,-0.0250908984909356,-0.0183201504800334,-0.0108748485625683,-0.00549267693529702,-0.00173574395558905,0.00198815972675948,0.00584213502605979,0.00670614719977403,0.00716388318605854,0.00445756919185092,0.00193565780101101,0.00205774534538228
833,"IMN","Isle of Man",NA,NA,NA,NA,NA,NA,NA,NA,NA,NA,NA,NA,NA,NA,NA,NA,NA,NA,NA,NA,NA,NA,NA,NA
376,"ISR","Israel",NA,NA,NA,NA,NA,0.0136556396999308,0.00844479235209583,0.00727532591849611,0.0111338972734234,0.00772345385958517,0.0014527156740165,-0.00677031663124862,-0.0156781998984914,-0.0147535293399632,-0.0122704276142675,-0.00804051392455718,-0.00347268123901205,0.00077973643957141,0.00955662482520525,0.0104127936670391,0.00827988450718364,0.00513744534782878,0.00412746777946071,0.00728777483719645
380,"ITA","Italy",-0.00509220505156142,-0.00177109631762987,-0.00452969080682432,-0.0052773988600227,-0.00464593661318879,-0.00605092598897832,-0.00682202101100674,-0.0330922359277426,-0.05405085085423,-0.074164278475456,-0.0738119190474208,-0.0693651029432845,-0.0728171509795337,-0.0480787876976733,-0.0267962323504108,-0.0136596178052124,-0.00834702834931291,-0.00788003839135073,-0.00622405924435206,-0.00194926464933502,-0.0028761422764326,-0.00481890671762879,-0.00664514086752644,-0.00668868106725434
388,"JAM","Jamaica",0.0274255394014025,0.0236443679574523,0.0186427559839146,0.0139162348619317,0.0134851063642218,0.00843442529489602,0.00386876675442149,-0.00747825989725313,-0.0210373225930716,-0.0427156133686587,-0.0508424419259276,-0.0525471603122098,-0.0530394431808594,-0.0369048829854658,-0.0216183328962195,-0.0120955092977293,-0.0139939724942871,-0.0158890336062272,-0.0130944083368832,-0.00284844479445798,-0.00126611963822764,-0.00367801027084957,-0.00417042430596353,-0.0018253509870998
392,"JPN","Japan",0.0266393460947421,0.00209006855103411,-0.0216573134785875,-0.0516804475097683,-0.0797005486998405,-0.0952613020486292,-0.106059254496108,-0.09980092564555,-0.0820437718688477,-0.0601171430918229,-0.0344800615456221,-0.0321808491927517,-0.0314666872454261,-0.0273079845230217,-0.0211124432555823,-0.0196502018177027,-0.0210553647476985,-0.0230534179169735,-0.0183383616975656,-0.0185792707604002,-0.0227601333860307,-0.0194458116749912,-0.0175504820046142,-0.0132923551904279
832,"JEY","Jersey",NA,NA,NA,NA,NA,NA,NA,NA,NA,NA,NA,NA,NA,NA,NA,NA,NA,NA,NA,NA,NA,NA,NA,NA
400,"JOR","Jordan",0.0180853289570497,-0.00249605309340793,-0.0088244218906515,-0.00301496946160495,0.00380691695260316,0.0084942243560493,0.0205065511495159,0.0269629148522117,0.0360990033062285,0.0456624858345447,0.0503463301864764,0.0394339715111274,0.0312386392644519,0.0282058665928551,0.0298340187219126,0.0302275428799137,0.0356118549166498,0.0339060310345016,0.0317841607335159,0.0299089385171754,0.0242083729024054,0.016283859214004,0.0114012027930495,0.00762231021172743
398,"KAZ","Kazakhstan",-0.0211079774944653,-0.0484099503982008,-0.080667754302645,-0.0608744427826304,-0.0465264848812755,-0.00996852495085517,0.0171908232054476,0.041281052240087,0.0511226613123896,0.0510373575941727,0.0361924304682584,0.0226624720813298,0.00527623853022408,0.0123633587671084,-0.00232510712929451,-0.0049446569138198,-0.0021970157363354,0.000838466548350292,0.0143106786502694,0.0166607589358436,0.017942529896332,0.0246337185839971,0.0275502351864436,0.0295562963620766
404,"KEN","Kenya",-0.00358861667668393,-0.00217297573451182,-0.00216040454293339,0.000365580448449254,0.00515694115049636,0.0124311013272613,0.0171750084279143,0.0163656490102746,0.0371161042437205,0.0538126107274717,0.0662164000228149,0.0688230846585969,0.0673680359111428,0.0614551598201929,0.0530637242982794,0.0430162232075417,0.0273748513309058,0.00967989150857851,0.0104751245575172,0.0122795863380336,0.0185119204519519,0.0302651227666226,0.0337792931694092,0.0367811625136518
296,"KIR","Kiribati",0.0196487150712739,0.0256989328755448,0.0305641380687085,0.0412043394492951,0.0484862505496468,0.051545041277717,0.0553923354666872,0.0573359550854378,0.0560978224688014,0.0520166294725939,0.0399947115508092,0.0337654283936841,0.0252023826514873,0.0219822126580143,0.0174321200895025,0.0117037860213642,0.00982362012747506,0.009841545437274,0.0124933472797761,0.0151643326417419,0.014562491258473,0.0136974834280561,0.0130446256245522,0.0122491126595516
689,"XKX","Kosovo",NA,NA,NA,NA,NA,NA,NA,NA,NA,NA,NA,NA,NA,NA,NA,NA,NA,NA,NA,NA,NA,NA,NA,NA
414,"KWT","Kuwait",NA,NA,0.0714001119398207,0.0560277921052243,0.0434122328138551,0.034252459492474,0.0286141733461382,0.0254609398386496,0.0235645243665414,0.0264540762638832,0.0368276043337681,0.0351966232827212,0.0314706654878207,0.0290737655058371,0.0295137983649094,0.0257736984806234,0.0274603279347658,0.0277767521356622,0.0258626508290962,0.0244968411212385,0.027126314393471,0.0246644880272837,0.022547315020097,0.0201471271359059
417,"KGZ","Kyrgyzstan",-0.0260881882527164,-0.0295455880319896,-0.0321636725878683,-0.0380538327184596,-0.013476173326624,0.00290259218055722,0.00848979881073086,0.0117070908197479,0.014080087690179,0.0174241827497557,0.0241985110119067,0.0285268204672404,0.0328287463023846,0.0311093506795355,0.0351090773059464,0.0361860244902525,0.0323964519843554,0.0265219112354234,0.0195207924694998,0.015696675614058,0.0157175377179108,0.0146269444875755,0.0130062762681074,0.0148075457585597
418,"LAO","Laos",0.0135913200280076,0.00856041987285328,0.00569337436160544,0.00738411958593388,0.00852393321841349,0.0150056635951801,0.0223355008787507,0.0261437769925474,0.0354674283350427,0.0359179021303857,0.0332238423682472,0.0353786410864239,0.0321129632477195,0.035319067964634,0.0356589416575941,0.0382318847431238,0.0401438083206753,0.0397290065799241,0.0386712531925195,0.033138239008687,0.0306111749392921,0.0331472550049408,0.026722533354316,0.0256065036105706
428,"LVA","Latvia",NA,NA,NA,NA,NA,0.00542597091065811,0.00696026734031197,0.00927677639257962,0.0118402465416876,0.0153775362987472,0.0170732355339811,0.0164278155959017,0.0158780344824496,0.0153081859364637,0.0156956080328159,0.0151864578343335,0.0162460366308315,0.0154407829691201,0.0145735079754372,0.0116809605947044,0.0103763408487092,0.00904879368057565,0.00656163466561632,0.00653639155372021
422,"LBN","Lebanon",0.0669212461203503,0.0552636775267319,0.0446936239096294,0.030749815608625,0.02259465469743,0.0101870328643221,0.00203246062179829,-0.0101729653619068,-0.0186719321827913,-0.0130574144592606,-0.00216132733719872,0.00117010643613735,0.0128972983499054,0.026089954402813,0.0385192407842099,0.0514376487638359,0.058187430825867,0.0585571756978982,0.0560975546267188,0.0460647951698481,0.0360582306753279,0.022594693286673,0.0117905752547367,NA
426,"LSO","Lesotho",0.00830258999790656,0.0145100653698977,0.017136839013383,0.0145636357135919,0.0131556340804344,0.00867356333048841,0.00669247022263497,0.00338686860854054,0.00315544792367284,-0.0136089285297434,-0.00587761176520538,-0.000983446436190697,0.00425732968785897,0.00103457892995196,-0.00614730085422415,-0.0238589819797987,-0.028057965735984,-0.033663550683163,-0.0227306537795742,-0.0264128373870599,-0.0317458566394566,-0.0415172230997805,-0.0257876903562285,-0.0108890012353415
430,"LBR","Liberia",NA,NA,NA,NA,NA,NA,NA,NA,NA,NA,0.0613632309661345,0.0650035579935593,0.0626563450700761,0.0626813363230618,0.0599671495719167,0.0556906832987456,0.0521652406041897,0.0445515186791343,0.0332438093636471,0.0227525092558865,0.0320065224287192,0.0290615106439975,0.0201405460704229,0.0147854175701485
434,"LBY","Libya",NA,NA,NA,NA,NA,NA,NA,NA,NA,0.0319593707620909,0.0401661982403214,0.0427798140877689,0.0337908096428479,0.0303473704020194,0.0254075171030832,0.0191538404460292,0.0101805053686899,0.00464630745678063,0.000758505492311379,-0.00125247488696723,-0.00103512932804192,-0.00053876321333363,-0.000640197592276634,0.00349194425380861
438,"LIE","Liechtenstein",NA,NA,NA,NA,NA,NA,NA,NA,NA,NA,NA,NA,NA,NA,NA,NA,NA,NA,NA,NA,NA,NA,NA,NA
440,"LTU","Lithuania",NA,NA,NA,NA,NA,0.0260454605493055,0.0233691494676482,0.0231057234764471,0.027223443376148,0.0281363442900855,0.0224285086919944,0.0172630328745591,0.016331421405104,0.0164663667857283,0.0118719194648778,0.0100262607549491,0.0108385169786755,0.0077344092798004,0.0110844538491828,0.010265958586442,0.00607423703943311,0.000163166983465635,-0.00133434730641007,-0.00550789674018195
442,"LUX","Luxembourg",-0.000432063918531582,-0.0171545421361064,-0.0302505319625456,-0.0131372665546435,-0.00329837958258871,0.00706430289301596,0.0143711235473281,0.0195378700843081,0.0223115165041858,0.0247197176072942,0.0271618911195419,0.0134795858063961,-0.00182865208802941,-0.00837957845517174,-0.0164733589574767,-0.0134152373105015,-0.013032653015749,-0.0131225353341329,-0.0148778161143094,-0.0168323528030117,-0.0197078164410461,-0.0261378929576973,-0.0247681858810203,-0.0285609504238176
446,"MAC","Macao",0.0587966066464602,0.043653172981611,0.0295721670962008,0.0186531789816815,0.0106219099833489,0.0103053681023992,0.00685356469720411,0.00948426763763011,0.0150198640400065,0.0177152279078452,0.0256121095061412,0.0165742899218522,0.0159856047688565,0.0171756425374141,0.00794077166962337,0.00454358457025617,0.0160761983782511,0.0274164673214301,0.0411987242483389,0.0419819374287007,0.04462649387231,0.0279037228872618,0.0213818016139693,0.0181076459706535
450,"MDG","Madagascar",0.00252179869817493,-0.00140703792254142,-0.00987249438496947,-0.0268080071391952,-0.0259171585578639,-0.033458083462753,-0.0114126196214029,-0.00388389904972667,0.00584660798708581,0.0121334066805407,0.0190210198894636,0.0219728375660555,0.0214834203651324,0.0138640342607541,0.011861917075729,0.00147320035587994,0.0038433947972536,0.00461099326192227,0.0071232515137063,-0.000628609025779695,-0.00490760197096813,-0.0110105086239085,-0.0199802489360984,-0.0249591619613471
454,"MWI","Malawi",0.00955099373407164,0.0129908620210253,0.0140094613650039,0.025008698694587,0.0379775826676905,0.0335885889813288,0.0336048416823793,0.0396986975526399,0.0472433928610423,0.0573547907547352,0.0598035451258763,0.0686076149610939,0.063920814605986,0.0637652000964493,0.0628285352904396,0.0634444078289877,0.0591255519032903,0.0515045737729989,0.0490766158031555,0.0571752815562065,0.0632605626553429,0.0821769079562493,0.0923329789621576,0.0978520016210438
458,"MYS","Malaysia",0.0401551319398323,0.0420894240413197,0.0370679210835152,0.0395836430229739,0.0455338589926066,0.0517418365565023,0.0551511487734975,0.0502969902536436,0.0515550863802858,0.0561572483102504,0.0471368043833225,0.0437824053398714,0.0347149204425634,0.02840242545024,0.0209117378752395,0.0188994155547615,0.0156731586242274,0.00979025873360029,0.00422345487108244,-0.00129811984346919,-0.0332542354794731,-0.0409133417690682,-0.0317403817685923,-0.0142973445517348
462,"MDV","Maldives",NA,NA,NA,NA,NA,0.0911740387928592,0.087699601499021,0.0892060105092292,0.084106729879037,0.0779975367016563,0.0655802702777506,0.0808259066842749,0.0885872881945664,0.108798000277834,0.109281231866105,0.122819497175876,0.104016586172143,0.0881037773692654,0.0719210358859852,0.0555697788648233,0.0456413739504993,0.0315397045958685,0.0211943847928169,0.0216854109613511
466,"MLI","Mali",0.0265617925467476,0.0328424271625896,0.0323658797712356,0.031138043958103,0.028629910679163,0.0306091886218829,0.0304153776404399,0.0306438242438576,0.0287108035384716,0.0301302058490194,0.0317798089907249,0.0348463502430918,0.0319726689057234,0.02854170820293,0.0243950426028039,0.0257204426313689,0.0274315875689717,0.0329820457330725,0.0350046128217163,0.0377353385275367,0.0387802671318807,0.0417966268099446,0.0424151150077081,0.0422278805204956
470,"MLT","Malta",0.0102161829322085,0.00395865367787462,-0.000108770802486,-0.0122237766920242,-0.0104251799372889,-0.0115643553782608,-0.00186644171349054,-0.0014526425164316,0.000897249940758904,0.00431025223500714,-0.000947977599950229,-0.00814573932747342,-0.0146246889349571,-0.0278423240169257,-0.039196515110204,-0.0506078772638252,-0.0561699618847408,-0.0602723987683537,-0.0645301688289505,-0.0663698007938591,-0.0592212814680993,-0.0511945722203356,-0.0440571399711777,-0.0296581749105782
584,"MHL","Marshall Islands",-0.00437991926098866,0.00723919960572705,0.0139113811418201,0.017731954330473,0.0201424906449259,0.0211453968036137,0.0218683965192399,0.0224021373610894,0.0231959098391898,0.0249623917819024,0.0267829958029602,0.0398207300284228,0.0422115889537857,0.0424121706868694,0.0404533573686396,0.0363116746107235,0.0310406639981049,0.0247191028467539,0.0191878595116708,0.0163513765798877,0.0167145781456832,0.0224740971187609,0.0220873499419261,0.0217116904708965
478,"MRT","Mauritania",0.0300689999146331,0.0384402118048595,0.0455185013006876,0.0450796324530303,0.0424396898679982,0.0344336154570402,0.0237945031882514,0.0195003991156701,0.014145992533769,0.00486464626831484,0.00318097485559155,0.00757193293683245,0.0104951205331583,0.0126329505042273,0.0148937971025054,0.0145434762894672,0.0165619150839305,0.0199341853973245,0.0222156904844004,0.0167790553659428,0.015007697239249,0.0154177528902399,0.0141119592752159,0.0137547598019165
480,"MUS","Mauritius",0.0168571566380049,0.0157847178229826,0.0052379457011289,0.00110554898777848,-0.00480459999035944,-0.00979723886005002,-0.00971203413090773,-0.00953162128949605,-0.00835722266804837,-0.010006312172939,-0.0069551617339152,-0.00354138985630953,-0.00475497550604387,0.0027190471183709,0.00446232201870456,0.0109599113118042,0.0106306958612905,0.0130078239367413,0.0152147312651654,0.0122279651566835,0.0080936436775727,-0.00200732648311675,-0.00496171719511752,-0.00163096421751191
484,"MEX","Mexico",0.0956617770774337,0.0928578366589814,0.0814497054195229,0.0662073463597745,0.050597254538804,0.0389070156501083,0.0353195621008497,0.0292013206498607,0.0285246331020803,0.0293481297574867,0.0320943704280927,0.0320321821328629,0.0324936865171568,0.0302183860924214,0.0278098660555104,0.0232670968200435,0.0184022255106497,0.013516154424005,0.00967989632641308,0.00572559234671544,0.00463314595500086,0.0056452762422845,0.0085888324039991,0.0118367914108473
583,"FSM","Micronesia",4.0948136298107,8.58955795704346,6.22912970736654,3.51395658068689,1.33460100984052,0.000119493395848158,0,0,0.000829498097890902,0.00147513895662477,0.00469646105949817,0.00701393769999403,0.0118531234913744,0.015410262600722,0.0189921754258837,0.0206584895771531,0.0214329547004561,0.0209644405059113,0.0185663283394188,0.0148525401205435,0.0134660532937241,0.0112105414644759,0.0119738942379,0.0120947714251409
498,"MDA","Moldova",NA,NA,NA,NA,NA,-0.0425436930103897,-0.0309358742114608,-0.015307874481334,-0.00554076830909712,-0.00129207731746237,-0.0135695725580092,-0.0255043804889004,-0.00539644830676482,-0.000459372887612914,0.00661471498042521,0.0182591316864562,0.0228028404995693,0.0302380988089488,0.036634149457965,0.0463880291951706,0.0376927573422199,0.0274448710047872,0.0278315113328138,0.0204283817757753
492,"MCO","Monaco",NA,NA,NA,NA,NA,NA,NA,NA,NA,NA,NA,NA,NA,NA,NA,NA,NA,NA,NA,NA,NA,NA,NA,NA
496,"MNG","Mongolia",0.0140542205309249,0.0167906966056195,0.0139505652150347,0.00616646811310084,-0.00137697950514704,-0.014829340407034,-0.0226486580911971,-0.0195626358431727,-0.00409307954593123,0.00510642123338845,0.0144145283132784,0.0175086521583248,0.0207193619016937,0.0215443395962085,0.0216650162403382,0.0222751109730499,0.0251689737931027,0.0300235935579105,0.0384840236294479,0.0439183461160066,0.0492004391485892,0.0396292855113392,0.0319760339127082,0.026644930457105
499,"MNE","Montenegro",NA,NA,NA,NA,NA,NA,NA,0.0117970989528384,0.0265379985967511,0.0283109129282637,0.0199489904938219,0.0109151949757589,0.00442527159535788,-0.00290413483658912,-0.0198181473652698,-0.0217771367766589,-0.0183071110974642,-0.00807644596965146,0.00385456722019284,0.00746447173419829,0.00718028446179786,0.00536374339799384,0.00045415237031432,-0.00146468138352659
504,"MAR","Morocco",0.00852500204873152,0.0188418798151759,0.0271723223293214,0.0309349049166254,0.0293896018669126,0.0318345685500079,0.0292099322828967,0.0319050134962937,0.0277912139752345,0.0235750202880456,0.0189099042215566,0.0149252130920368,0.0127992322359216,0.00838301248645856,0.00816900748887828,0.00824586541726058,0.0126498684297873,0.0108788371602855,0.0142192435944466,0.015709620369545,0.0124267443010346,0.00984106203207036,0.0131480059219984,0.0107329171465786
508,"MOZ","Mozambique",0.00220173472391005,-0.00338133142440561,-0.00277853903801554,0.00354028564939224,0.0101461192252068,0.013500006429213,0.0206342178276133,0.0217886600680406,0.0174672459847072,0.0241438467047268,0.018665161675659,0.0127218234541631,0.00524781640908567,0.004659054626176,0.00663128391220114,0.00524486788137835,0.00478938079716085,-0.00399399045091224,-0.0158703012131401,-0.00392362865953045,-0.00631484511815249,-0.00124748544372163,-0.00111012270111022,0.00306294276377117
104,"MMR","Myanmar",0.0245179120260794,0.0258122767076603,0.0229403374419592,0.018929159108888,0.017344676668309,0.0197905361167581,0.0210441454761894,0.0235430580044231,0.0258312929145061,0.0265882730517746,0.028852735543365,0.0320020482019927,0.0319793971978246,0.0299973301639866,0.0301502708806143,0.03361873330777,0.0331251106634496,0.0337113947668248,0.0393307278666497,0.016613483132935,-0.000102165507864914,-0.0133357850512987,-0.0317139926982923,-0.0423317495141125
516,"NAM","Namibia",-0.00918095481763887,0.00192945889661567,0.00509835577130535,0.000295333070101877,-0.00110666707682194,0.00188218210951652,0.0061099314693418,0.0198919615771351,0.0212767094307993,0.00973855020357517,0.0219639263594389,0.0323989766295076,0.063315095081629,0.0818234074076496,0.0512499354556446,0.0160661305487164,-0.0174769993563301,-0.0305706619272792,-0.04661873042026,-0.127117350850039,-0.156629987666456,-0.139299155456704,-0.05808906501466,0.0263370284247351
520,"NRU","Nauru",NA,NA,NA,NA,NA,NA,NA,NA,NA,NA,NA,NA,NA,NA,0.0126655711793644,0.0120433683028707,0.00832480088904308,0.0048090170673647,0.00340841737820474,-0.0002950355914361,-0.0026574561436237,-0.00550795875220199,-0.00686431720716494,-0.00790366716936458
524,"NPL","Nepal",0.0201747805979082,0.0193361391076843,0.017781379916517,0.0129378024177358,0.0079113871581804,0.00518058222124784,0.00408372621701969,0.00458908222146115,0.00564216678510987,0.00935741687760827,0.0145663694599598,0.020053563695736,0.0264254771729648,0.0291117109525365,0.0317249638049681,0.0344044884038277,0.0343367263571241,0.0343764155931601,0.0313701456223716,0.0295629578153094,0.0284102154296377,0.0274077328923197,0.0261067409661624,0.0230458974635923
528,"NLD","Netherlands",-0.00285567100842405,-0.00962529418810273,-0.0191413772640367,-0.0268292506317464,-0.0177714601875441,-0.00730028054957436,-0.000813239206709297,0.0107571693210091,0.0163557073741782,-0.00391427007989207,-0.0219928974042184,-0.0435261996260539,-0.0703401635149612,-0.0725092877703001,-0.0607680034322754,-0.038477355176111,-0.0131917567340544,0.0133081073160499,0.0376770322333342,0.031213029856243,0.0217376250531449,0.0104071554817922,-0.00767292560968186,-0.0119120125029414
540,"NCL","New Caledonia",NA,NA,NA,NA,NA,NA,NA,NA,NA,NA,NA,NA,NA,NA,NA,NA,NA,NA,NA,NA,NA,NA,NA,NA
554,"NZL","New Zealand",-0.000319470386346251,0.000385888640912713,0.000741516107342299,0.00121635742280324,0.00215176531183903,0.00435488496057168,0.00806973933516675,0.0086538897222681,0.00793284481704726,0.00351966837260997,-0.000451026548416245,-0.00521379168962781,-0.00957430983801014,-0.0107562584323772,-0.00799007145532813,-0.00349767753762366,-0.000345918226234082,0.00145000415000651,0.00310804594689507,0.00319652382012126,0.00153118678192188,0.000231582419013776,-0.00191361467574641,-0.00411530722235372
558,"NIC","Nicaragua",0.00173858195724885,0.0142068181133528,0.0134764675894838,0.0199005566918371,0.0331073863578353,0.0380625540726895,0.0408794969831445,0.0372549203461714,0.0329173087139618,0.0240169884237402,0.0210953561666416,0.0178454976114608,0.0169566032547357,0.020997578981925,0.0263516739127361,0.0289447217193393,0.0348277654081253,0.0386876705979275,0.0392490448544682,0.0342325876341585,0.0294951902342537,0.0247839335991911,0.021822079920593,0.0200040345628041
562,"NER","Niger",0.0415721254090082,0.0413551991518264,0.0418154179244981,0.0422180629934621,0.0425360600951816,0.0415003561458873,0.0415577393638171,0.0418632435327155,0.0416070152772845,0.0428876210011884,0.0440838809880757,0.041175389264245,0.0385018486561537,0.0372962730956992,0.0368589839349647,0.0368105933215761,0.0373576697172981,0.0390042997392752,0.0411544011674234,0.044692622734305,0.0479930479187167,0.0483740074929075,0.0469062351168292,0.0462807438540047
566,"NGA","Nigeria",0.0288697227722134,0.0293767435238059,0.0281995537218063,0.0263773459285608,0.0257870119892463,0.0237104575706708,0.0232171520075266,0.0225150193812049,0.0202307707594371,0.0207198621144922,0.0188476919910172,0.0202016047826852,0.0209932651800846,0.0216092446111023,0.0236075463019891,0.0240896947001352,0.0260154968594406,0.028983773273491,0.0298650050663423,0.0298980469107681,0.0264730139722196,0.0241105364433072,0.0215073728694088,0.0200307686100438
570,"NIU","Niue",NA,NA,NA,NA,NA,NA,NA,NA,NA,NA,NA,NA,NA,NA,NA,NA,NA,NA,NA,NA,NA,NA,NA,NA
408,"PRK","North Korea",NA,NA,NA,NA,NA,NA,NA,NA,NA,NA,NA,NA,NA,NA,NA,NA,NA,NA,NA,NA,NA,NA,NA,NA
807,"MKD","North Macedonia",-0.0219633724316096,-0.0160408642825783,-0.0319545571404142,-0.0748335144098288,-0.106570961148451,-0.0902075864407433,-0.0703800618012307,-0.0441336417222507,-0.02225588839901,-0.0104466672412457,-0.00492933503647019,0.000131620295667156,0.000167104367087667,-0.00956874488312678,-0.0182619900783784,-0.0132587771409698,-0.00961514628481117,-0.00145526690537872,0.00272859541994186,0.00260016302966881,-0.00328241159571994,-0.00417017180888765,-0.0129593108373827,-0.0292239936848529
578,"NOR","Norway",0.00156767175265471,0.00329544605734755,0.00447986151602509,-0.00156556268192851,-0.00430434673525452,-0.00547187618486298,-0.00418493072249736,-0.00728616426945136,-0.0150866628650546,-0.0253753243590686,-0.039295636617909,-0.0483007292134154,-0.0502058140199388,-0.0461301989257325,-0.0362403192481583,-0.0222846842372194,-0.00706434074214022,-1.25388549161329e-05,0.00490091638615953,0.00593470107625871,0.00122488299333545,0.000528785282188027,0.00228032270359702,0.002208107900872
512,"OMN","Oman",0.0467070917992742,0.0377859401847502,0.0339404480511378,0.0300057794956119,0.0256745418074231,0.0242214183047949,0.0246205449188655,0.026795784965471,0.0312489588275429,0.0363353635421608,0.0394986358164398,0.039175841961457,0.0410104707502972,0.0426219659813938,0.0468554617355332,0.0491706515857169,0.0493035156434736,0.0480890671588081,0.0474555645320178,0.0457863301898451,0.0397450476617791,0.0331378917543697,0.0283119872534261,0.0247891800232558
586,"PAK","Pakistan",0.0347667755218035,0.0335664733094692,0.029526443932919,0.0271672661757754,0.0247401234481197,0.0231226693923889,0.0260888018888394,0.028835180908811,0.0299247230006008,0.0303268745581802,0.0344556766790867,0.0350284719679157,0.0336179342354967,0.0287951010309,0.0260050441334228,0.0222814663282904,0.0200489443034595,0.0209680898421976,0.0239709312461511,0.0263419616553673,0.0337264971029041,0.0379543271851206,0.041715749674216,0.0407612364972119
585,"PLW","Palau",NA,NA,NA,NA,NA,NA,NA,NA,NA,NA,-0.048159641302245,-0.0210175721067894,0.0255211461209595,0.0515885049249487,0.0384477042540612,0.0117831344274921,-0.0117419719946753,-0.0443970455036133,-0.0881979110486822,-0.128755009763456,-0.134827226182054,-0.119373780713539,-0.0898064006142152,NA
591,"PAN","Panama",0.00555163603267195,0.000277808874855623,0.000501804837349074,0.00343472430758029,0.00922687959754098,0.010148341121702,0.0106452307949034,0.0146826188193865,0.0114282621608643,0.0127269929739862,0.0129524979148892,0.00988667981279434,0.0118242733262945,0.0149969412523943,0.0199807636891101,0.0173264512122477,0.0131621051592417,0.00878719336654221,0.00156345513529654,-0.00243813979163662,-0.00391431489837191,-0.00221008000588565,0.00275042727563091,0.00910950776116826
598,"PNG","Papua New Guinea",0.0186929962307136,0.0201840313920219,0.02136731435712,0.02395680691857,0.025044477186875,0.0279645435659477,0.0278069046152063,0.0252965185679688,0.0221913215639602,0.0136889674550751,0.00717153297798157,0.00112848720661107,-0.00923500897886709,-0.0138789853707236,-0.0133455811413642,-0.000744162428383668,0.00472990319431577,0.00666444069797345,0.00721721091198035,0.0102822100415285,0.0110877909789349,0.00952906300438672,0.00492931173239564,0.00208714676777411
600,"PRY","Paraguay",0.0190925385722276,0.0142307554717103,0.0134396161825001,0.00987811006261552,0.0140545932893088,0.012598970732147,0.0178508949437441,0.0176580667943236,0.0234607913900153,0.0222488107535095,0.0225693681450179,0.0193745204516087,0.0250674867505796,0.0266815082197587,0.0357747064937382,0.0361005371587808,0.0352473799186881,0.0315002881811763,0.0369695676002277,0.0287296196687388,0.0203019574568251,0.0195932599232953,0.0164157584691642,0.0114138484538457
604,"PER","Peru",0.0308347022508035,0.0350457069721835,0.0335935679120596,0.029801135755148,0.0254942550691726,0.021238447979127,0.0182862603496039,0.0160791897617742,0.0152711376068648,0.01353923766845,0.0162528293787862,0.0175927242305809,0.0177276749575082,0.0175379584554431,0.0168476469713497,0.0146113670774755,0.0122019695542368,0.00987008138592183,0.0105706260825313,0.00658066370274435,0.00906558812865321,0.00894094696446301,0.0114209481140839,0.0134363326511329
608,"PHL","Philippines",0.031119307435107,0.0322674158339324,0.0275109931522777,0.0206557712654301,0.0188138440210068,0.0183042948566465,0.0142767716726453,0.0107359283475263,0.0131010165040566,0.00635502138496546,0.0036764018362816,0.00485914456539849,0.00324938351774562,-0.00180993829844278,3.66852417599262e-06,0.00680308882121117,0.00965052658775067,0.0118399463049288,0.0197355166516204,0.0193861597089922,0.0196415891868316,0.0238487306950173,0.0224183732001102,0.0195000833827821
616,"POL","Poland",0.00324485021311127,0.00504615600865099,0.00355551999449988,0.000229640709442425,-0.00044062589937963,-0.000787911218549946,0.00152418325430559,0.00372195651623008,0.00882982331576732,0.00943853189524657,0.00726137748832989,0.0066929444193613,0.00551107569210529,0.00420821301002738,0.00204070647165766,-0.00105670147027676,-0.00212665255847331,-0.000220308306396649,0.00333453326514155,0.0031611086010328,0.00129624510063353,-5.90394962729257e-05,-0.000588863044996491,0.000371860052526873
620,"PRT","Portugal",0.00290930222657382,0.00498166119255394,0.000940663729367852,-0.00271933363034393,-0.0102656745838295,-0.0198560465628816,-0.027163970146007,-0.0327217099090398,-0.0272811449352137,-0.0228296791469045,-0.0198246003369563,-0.0119897830123657,-0.0176949212474314,-0.0119856281505777,-0.00787518040400266,-0.00452216981596882,-0.00236515687560534,-0.00277937898731479,0.00039373723629299,0.00277019344216822,0.00260787193079959,0.00317704956139719,-0.00376709188035094,-0.00931348229297325
634,"QAT","Qatar",NA,NA,NA,NA,NA,NA,NA,NA,NA,NA,0.0797292745022149,0.0893602037347869,0.0878968361636143,0.0889676068895395,0.0881419337705058,0.0853488909016122,0.0796821742300169,0.0731132979565923,0.0688084781313674,0.0629330372018873,0.0547816575922806,0.0488952595953314,0.0415813893522774,0.0350696718379413
178,"COG","Republic of Congo",-0.13542688993078,-0.165963820926338,-0.159364295575342,-0.0985647321591795,-0.0110720956633164,0.0468860646092057,0.115438349416627,0.133055596027509,0.135176026183063,0.129934300827604,0.112463377458295,0.0823668915291456,0.0491252175046404,0.0245930967872121,0.0227772119404719,0.013170344882945,0.0181382838292328,0.0236040276723779,0.0198108273581634,0.016121526905267,0.00759891472715446,1.26170939422909e-05,-0.00410526874570595,-0.00541947797732421
642,"ROU","Romania",-0.0456706802187515,-0.0443547770672433,-0.049338710725301,-0.0493676156225288,-0.0397199574085414,-0.0253805492830384,-0.0128230533742251,-0.00695909308337745,-0.000448227438571072,0.0041339977099546,-0.00155253451764957,0.00409464086392841,0.00737863135301442,-0.00111579028955244,-0.00425477374487349,0.000474563927057137,0.00255334303253374,0.0024848780535438,0.00450890957178984,0.0106957008486459,0.00912755244505759,0.0106989923096952,0.0164678539599048,0.0138544438903181
643,"RUS","Russia",-0.00638331790456714,-0.0150416652238817,-0.0218569338888629,-0.021657570721515,-0.0146712841474243,-0.00912580781377365,-0.00291508178384904,0.00314875047880947,0.00697467208702518,0.00819165765293595,0.00662597814834154,0.00499092043930527,0.00817855429780479,0.00973778388614366,0.0116770682987926,0.0116327311966005,0.0107796655479575,0.00956541189050952,0.009019730083349,0.0103550442766427,0.012025271935836,0.0116392022524985,0.0143590080502103,0.0137905523938293
646,"RWA","Rwanda",0.00403670239167209,0.0116281557029085,0.0235316120636726,0.034446216834942,0.0444381331145687,0.0503176566716699,0.0491283854391835,0.0515480934020649,0.0571371567325001,0.0601818928069866,0.064266439276903,0.0627776171919847,0.0562043315730736,0.0489896631691025,0.042972006773806,0.0348615262168124,0.0333167651075152,0.0301082541592201,0.0284748700256492,0.025591392396012,0.025278932527997,0.0247574174078846,0.0218531697607984,0.0189976927006477
652,"BLM","Saint Barthelemy",NA,NA,NA,NA,NA,NA,NA,NA,NA,NA,NA,NA,NA,NA,NA,NA,NA,NA,NA,NA,NA,NA,NA,NA
659,"KNA","Saint Kitts and Nevis",0.0377439042454615,0.0359577339883757,0.0345233608170814,0.00906530259296012,-0.00206454445214229,-0.0133080272069466,-0.0311825244791542,-0.0577197153920578,-0.0653655949496709,-0.0564863525692641,-0.0376823798656022,-0.00855092724822271,0.013769118341324,0.00431775935696654,-0.00322512442741444,-0.0103621381675798,-0.0148861878731557,-0.0318247346948776,-0.0721565376350268,-0.0972246133140092,-0.0893174022765909,-0.0661884470457457,-0.0320807501949436,-0.0159510244550825
662,"LCA","Saint Lucia",-0.0945801477610493,-0.063392055234887,-0.0381829176789853,-0.0100028038576096,0.00972616823805583,0.0123775793889072,0.0108080918218785,0.00636201155846194,-0.00313041888951943,0.00038862707392795,0.00421006229771859,0.0175257192677274,0.0145069100900805,0.0119482258532955,0.015371895935554,0.0185896257365155,0.0236449917196546,0.0224381210820497,0.0107415131739002,-0.00231976004592417,-0.00562995492494756,-0.00439692314328792,-0.00289782399619434,0.000898814763266476
670,"VCT","Saint Vincent and the Grenadines",0.0516685310357163,0.0464246872143357,0.0359465947237727,-0.00234060884158694,-0.0323690394261709,-0.0631394528255056,-0.0857732349846363,-0.0986251918629416,-0.09537359458398,-0.063805789596243,-0.0248540296897355,-0.00196377418194705,0.0222181463407141,0.0218301894722521,0.0134519138162126,0.00812709730969541,0.00270410441078162,-0.00630364498539079,-0.0311433958304371,-0.0524657148953421,-0.0469592868174013,-0.0398875742083543,-0.0270764589859169,-0.00652377356944198
882,"WSM","Samoa",0.0104390192614061,0.0117720565763386,0.0156875779820778,0.0165378871942947,0.0182534361748732,0.0204025402096391,0.0204807597624546,0.0186374560265579,0.0146959328633443,0.0106865645520908,0.00996849230623176,0.0125102033501845,0.018911354021905,0.0247798142664477,0.0300684881671229,0.0338872817979126,0.040369962465121,0.0367470309352691,0.0273599758139231,0.0118138429003725,-0.0087521411478508,-0.0241649945310094,-0.0299295827966927,-0.0292133791728523
674,"SMR","San Marino",NA,NA,NA,NA,NA,NA,NA,-0.00517197426824913,-0.0413180707513767,-0.0932475359718299,-0.141743224193141,-0.137453424536331,-0.0882007451445433,-0.0552193076858436,-0.022806300683214,-0.010617569058402,-0.00470964530755123,-0.00100263696299876,0.00951367442427054,0.0136980492961536,0.0136722810349779,0.0105178097276266,-0.00366703945524681,NA
678,"STP","Sao Tome and Principe",NA,NA,NA,NA,NA,NA,NA,NA,NA,NA,NA,0.046202745616047,0.0400974828297911,0.0374853265307644,0.0375035892658628,0.0384110123920343,0.0382169436827717,0.0355462672728837,0.0356005405333426,0.0335309122347198,0.0320727700423644,0.0287335938083983,0.0269525535586983,0.0239575387779294
682,"SAU","Saudi Arabia",0.0180257909289765,0.0156219533247886,0.0144578554822694,0.0154552906618264,0.0166275877223494,0.018695980023947,0.0140128792045893,0.0121614122682798,0.0144225787981533,0.014788455158036,0.0144998609144722,0.0148450465904078,0.0185426964699089,0.0232677670601615,0.0269667703202019,0.0315294150254257,0.0343763639702392,0.0356397863341846,0.0349241846082586,0.0289601725790645,0.0223527462165518,0.018073638591332,0.0172065920039857,0.0177382742666925
686,"SEN","Senegal",0.0213774195719836,0.0262730039437087,0.0227580785856303,0.0151835092996999,0.00321128216142252,0.000333640082790687,-0.00168582290548837,0.00280910002760093,0.00112133533897718,0.000483868424205669,0.00475715865154824,0.0183845819288657,0.0254402421394386,0.0231900017802904,0.015720064684313,0.0135433666660876,0.00928836759118923,0.0147868644545206,0.0157491206076865,0.0151153101261228,0.0157555361055035,0.0224604781300979,0.0267287758542067,0.0257009615160328
688,"SRB","Serbia",NA,NA,NA,NA,NA,-0.00062110474546718,0.00226538730279802,0.011933687344629,0.0289163848646907,0.0313951448650016,0.0344150035619586,0.0223234828071806,0.0150915987338462,0.0121989362808193,0.0047954072903611,-0.00121959269824536,-0.0181972896363135,-0.0223632184403277,-0.0218514582341665,-0.04420432327158,-0.0428441859553045,-0.0341865257765165,-0.0511379689694312,-0.045768614833676
690,"SYC","Seychelles",0.0152073408925928,0.0244690891825079,0.0387530637887545,0.0375132735039758,0.0347728245004517,0.043079489366032,0.0451053173667473,0.0433587460523239,0.0320676909183408,0.0178206794875289,0.00361910017811828,-0.00048934152770365,-0.0115969270357212,-0.026335189648419,-0.0569173604532722,-0.033634899421068,-0.0142059968184447,0.0102760988426545,0.0201442944087658,0.0271748250139445,0.0330236452155839,0.0304266883188329,0.0247580999412389,0.0206260586456861
694,"SLE","Sierra Leone",-0.0166988553175317,-0.0207094321374391,-0.0180455289436186,-0.0151130153366746,-0.00297091286112214,0.0209740486567931,0.0502291477016958,0.08236402610171,0.0982339926151714,0.0951631662994448,0.0890075902006844,0.0708113688464864,0.0497321597681237,0.039162700766965,0.0373871381429625,0.0360268723184252,0.0313275823012411,0.0425036347245378,0.044909779692877,0.0346057266510649,0.0244326869744971,0.0116165382765812,0.000324156646759777,0.000864404522048501
702,"SGP","Singapore",0.104506340858221,0.150590615210339,0.217398009446599,0.156883622242866,-0.00756536332282651,-0.184616239580295,-0.325413763425342,-0.426265688967487,-0.443658757369258,-0.397736506023367,-0.35746688144404,-0.162263728777205,-0.0112946205025604,-0.0891448664795952,-0.13435803891552,-0.160256765611913,-0.18606515463386,-0.185455647306316,-0.148401868142965,-0.103169933479413,-0.0768471339471795,-0.0180986384020223,0.0267547741592131,0.0238022437031729
534,"SXM","Sint Maarten",NA,NA,NA,NA,NA,NA,NA,NA,NA,NA,NA,NA,NA,NA,NA,NA,NA,NA,NA,NA,NA,NA,NA,NA
703,"SVK","Slovakia",NA,NA,0.000832257378320822,-0.00387671752657119,-0.00942632242159785,-0.00565584671872792,-0.00328803074785777,0.0060715023572917,0.00962547241230571,0.0113464357057964,-0.00113716491780576,-0.00682704592101971,6.84509624471197e-06,-0.000408455520198249,0.00343459146809955,0.00990776212749456,0.0136295931908528,0.0208088965596778,0.0211738562676684,0.0216090828206961,0.0134618403951172,0.00767122697279388,0.0083507019456619,0.0056514434763355
705,"SVN","Slovenia",NA,NA,NA,NA,NA,0.000112615971342711,-0.00204779444822853,-0.0117703657361536,-0.0125725787676499,-0.0102647217572484,-0.0147057109234704,-0.0135258235326926,-0.00916090981044487,-0.00713722961053777,-0.00396920832521356,-0.00268778950287397,-0.00205777398280076,-0.000851990504370309,-0.00105327921226667,-0.000858944590358672,-0.00133596994896822,-0.00138995021792274,3.97714036262098e-05,-0.000220622537818072
90,"SLB","Solomon Islands",0.0211148823840912,0.0196684826726949,0.0180308295526743,0.016621671694325,0.0150937927948904,0.0127885546540272,0.012493522461827,0.0128791868048144,0.0157022801852393,0.0182127871436533,0.0180117085263163,0.0171103699825321,0.016001452558849,0.0149229981816659,0.0140680141193221,0.013117009494477,0.0126609823535453,0.00917626795575388,0.0100086789380942,0.0227399672546482,0.0208034571990385,0.0175080617147194,0.0126491197491359,0.00851726312410017
706,"SOM","Somalia",NA,NA,NA,NA,NA,NA,NA,NA,NA,NA,NA,NA,NA,NA,NA,NA,NA,NA,NA,NA,NA,NA,NA,-0.0012220277086558
710,"ZAF","South Africa",0.0209001816760328,0.0130099831673749,0.00447493144286937,0.00401433182539401,0.000385442999077723,-0.00451244785302657,-0.0122791628025619,-0.0140345288308458,-0.00907926637330822,-0.00621222234398262,-0.00662253919590218,-0.0105845407086714,-0.0145249603080834,-0.00680405721544924,-0.00495380333083631,-0.00196485112748009,-0.00190056568529334,-0.0090582179155933,-0.00412858900185211,-0.0035711708677064,-0.00513724024835564,-0.0029006424746493,0.00263166988356067,0.00759842624947149
410,"KOR","South Korea",0.0518994306329568,0.028333853882595,0.0217209449628089,0.00869082599513948,-0.0174067967292891,-0.0429415029465743,-0.0648691820673201,-0.074164981896088,-0.0522913626766198,-0.0485733057589712,-0.0387977554940694,-0.027022657203733,-0.00790765784274148,-0.00516472178627896,-0.00851822249332816,-0.00668525841114786,-0.000290332705691816,0.00389433188860111,0.00803238193920985,0.00887317646226848,0.00710231379478898,0.0077305412166675,0.00931735022751279,0.011279108751366
728,"SSD","South Sudan",NA,NA,NA,NA,NA,NA,NA,NA,NA,NA,NA,NA,NA,NA,NA,NA,NA,NA,NA,NA,NA,0.00434413402182909,0.000684240891767329,0.00706063116360878
724,"ESP","Spain",0.0137836850515998,0.0200586996242735,0.0225181102797285,0.0180466766325351,0.015616610509416,0.0114549926507941,0.0016294316500296,-0.00300049530349289,-0.00892441623342213,-0.0210679141977224,-0.0308895903473563,-0.0311376430534266,-0.0318777306717493,-0.0309641408161425,-0.0190195814121769,-0.00944039454344354,-0.0041910663065068,-0.00154653029791038,0.00459917031181978,0.00670692387776084,0.0052974858772501,0.00678628613633303,0.00604781936751642,0.00284909966579661
144,"LKA","Sri Lanka",0.0185556134042986,0.0197054692190832,0.0156694998876141,0.017164634045,0.0149619885902674,0.0155930876725663,0.0180922960755485,0.017698228881196,0.0146433238026729,0.0161176831207519,0.016267321322859,0.0155512671997315,0.0171672971622083,0.0172556253831277,0.00625509268390068,0.0082707055775666,0.00605999733167506,-0.00222955295963964,-0.0210029885198109,-0.0334346138325006,-0.0319036037974262,-0.00642904698888317,0.000424254277690439,-0.00114515878090884
275,"PSE","State of Palestine",NA,NA,NA,NA,NA,NA,NA,NA,NA,NA,NA,NA,NA,NA,NA,NA,NA,NA,NA,NA,NA,NA,NA,NA
729,"SDN","Sudan",0.0573122186602479,0.0513929189446936,0.0419777993385724,0.0355868398057357,0.031654325607483,0.0291519044443365,0.0262988710858543,0.022760082520511,0.0198458072106857,0.0167193478856713,0.0142171195240488,0.0120587724678485,0.00681269381542648,0.00592385517645755,0.0074754824546801,0.00796916590812757,0.00980582633514571,0.0124468416671664,0.0141843491595195,0.0148379230003919,0.0145301869728609,0.0134944787902163,0.0089079874803395,0.00625120626133535
740,"SUR","Suriname",0.0180360123351535,0.0172052814185424,0.0128656291107152,0.0094739421009209,0.00576334844126469,0.00912692490827571,0.00553271529148591,0.0140254035174088,0.0155021268578071,0.0291786936085474,0.0327010530770719,0.0394598949697285,0.039300830165538,0.0341785810773318,0.021785586115971,0.0239974113427979,0.013664100110246,0.0186669725259203,0.013555695502556,0.01081811026228,0.00798593300237038,0.0164909300955722,0.0183609296997826,0.0210239788834947
752,"SWE","Sweden",-0.00179973236120055,-0.00218145109573906,-0.0106300397236078,-0.0173354163128005,-0.0196086851790074,-0.0201612994649965,0.0264692005688825,0.0629205606536019,0.0890612133558393,0.099412801866982,0.0942573469407968,0.0867742414018919,0.0661709780321171,0.0336913298358463,-0.00322965899238687,-0.0710828858093739,-0.0683987723630918,-0.0525326682636406,-0.0300631449585187,-0.0181898417501988,-0.0105850464697013,0.00398787748470752,0.0142530223748345,0.0143012362719961
756,"CHE","Switzerland",-0.0185693766194027,-0.0221853760365503,-0.0219994462582733,-0.0244231464194523,-0.0280402451529275,-0.0295674499140944,-0.0258909792611151,-0.020588078295958,-0.0189176201302154,-0.0112681092534896,-0.00758365852802729,-0.00498956514965047,-0.00313412836519283,-0.00561648444708002,-0.0070564523116002,-0.00943317491025382,-0.0098809845543243,-0.00865575819813657,-0.00948464014675235,-0.00861639130898376,-0.0107212906749808,-0.0105802648671853,-0.0116375317144719,-0.0130960977173829
760,"SYR","Syria",NA,NA,NA,NA,NA,NA,NA,NA,NA,NA,NA,NA,NA,NA,NA,NA,NA,NA,NA,NA,NA,NA,NA,NA
158,"TWN","Taiwan",0.0255478905468971,0.0203422661929209,0.021409046750346,0.037815392091572,0.0475716487215814,0.0556530328666685,0.0595534872651382,0.0619512073131154,0.0611647056186879,0.0494463246736456,0.0321030054531546,0.0161823453423227,0.0018957083760156,0.00391983086515602,0.00182696999677989,-0.000520114099667683,-0.0051140529146624,-0.00097970424893286,0.00497632586290231,0.00718142330024119,0.00718124797455677,0.0119692690118878,0.0143575707562769,0.0151892922127488
762,"TJK","Tajikistan",-0.00674295237631957,-0.0167252559233753,-0.0259255103651304,-0.03227512358764,-0.0391220359430276,-0.0313790470471031,-0.0140976574676269,0.00361121164399836,0.0205556456865219,0.0374515779091655,0.0473249773007629,0.05159905353081,0.0521825429029605,0.0546682631091013,0.0533424521466663,0.050974032820319,0.0461499612171756,0.0421135678917584,0.0351640179690531,0.0316510845176148,0.0394173802063589,0.0439260562301178,0.0443478538126092,0.0459906065508298
834,"TZA","Tanzania",0.0173274284042082,0.0145785957978883,0.012296017756543,0.0153263497882243,0.0223412367661528,0.0246985940215596,0.0321619537890294,0.0285115541490897,0.026343162100396,0.0270095786151914,0.0285204438471065,0.0236708094354801,0.017558245087806,0.0178800462216937,0.0242537784269028,0.0266656456217123,0.0316455718768438,0.0289088638204877,0.0263738298912264,0.0227160516024387,0.0196225610003127,0.0180677342492404,0.0151782160994303,0.0144061571915852
764,"THA","Thailand",0.0157335457607162,0.0084152136972715,0.00332388161360964,0.00324294565089045,0.0107916898679252,0.0167835681599997,0.0176958668075176,0.0196565752424602,0.0291985188016877,0.0329045617941752,0.0405350802527378,0.042552062438524,0.0414190147574878,0.0402031552062807,0.040444664424641,0.0354143323288745,0.020440938190897,0.00774929005266634,0.00647070286312124,-0.00145810276928387,-0.0113003169110568,-0.0126757768197544,-0.0127884341715204,-0.00778953344830101
626,"TLS","Timor-Leste",NA,NA,NA,NA,NA,NA,NA,NA,NA,NA,0.0185477040296,0.0110835929434805,0.0118657052201543,0.0171255975921232,0.0183377315616504,0.0183860603746344,0.0244928806981288,0.028314967834703,0.0287560915001626,0.0298603376564446,0.0345269665631924,0.0292773893147891,0.0184802299610465,0.0101679700485504
768,"TGO","Togo",0.0157962923631836,0.0279880249836741,0.0269366292945914,0.0277947419301319,0.0289190291400137,0.0215946011307848,0.0263613502797035,0.0216816160964179,0.013881929245035,0.0207189948645703,0.0240855577677683,0.0294849822311098,0.0323559887608336,0.030664435195026,0.0356874491666632,0.0234735440850322,0.037310734529878,0.0403703666187625,0.0314251724331873,0.0275169629797627,0.0228783147079776,0.020682295877779,0.0231679171308838,0.0196156068849145
776,"TON","Tonga",0.00240943685412343,-0.000551859068578026,-0.00522276686725125,-0.00698315854538027,-0.00659248662492698,-0.00199058832318232,0.000291870994630683,0.00246436025818086,0.00269636990930211,0.00318262422919613,0.00352570632051585,0.00189354496173322,-0.000321015584972418,-0.00267394768281295,-0.00395338491259095,-0.00424083714349476,-0.00303433237512944,8.21974044384888e-09,0.000992867297613165,0.00191776052449866,0.00284350833038149,0.00255043010410616,0.00169825455190575,NA
780,"TTO","Trinidad and Tobago",0.00909333004740964,0.0100743464302229,0.00996807243778663,0.0118660402507333,0.0117024786670967,0.011389464770053,0.0111647677682327,0.0119812827750418,0.0126892227972069,0.01277238387834,0.0126664081382875,0.0126218144768464,0.0142925377558003,0.0146102867961952,0.000940099362326308,-0.00102080549264691,0.00120230008520439,-0.00177164728760782,-0.00211776955433061,-0.00168130664727118,-0.00145783760843537,-0.00024699748753997,0.005404476391772,0.00989080657035113
788,"TUN","Tunisia",0.0127909960919192,0.0150637692774025,0.0213703709485971,0.0218516105252962,0.0237168355751054,0.0173808553644574,0.0126310115317232,0.0145584384384105,0.0113063918716938,0.00893384245531759,0.0119032013809728,0.0140517557837661,0.0151095515529178,0.0126256482632596,0.00731300777463129,0.00595885546954178,0.00550968334154911,0.00678575396668268,0.00668587102130624,0.00546269746254024,0.00724907892655446,0.00340996334522914,0.00735910616903146,0.0117642608323265
792,"TUR","Turkiye",0.011701191140578,0.0116106706054948,0.00390980222486292,0.00146662502760053,0.00288028359837789,-0.00230906080018231,-0.00591698205733355,-0.00290344004729871,-0.00364397261189547,-0.00253058307142816,0.00350879920658786,0.00783652423440873,0.00580051158574735,0.0258517653384072,0.0448153915026821,0.0600409572227425,0.0676597229201865,0.0755623488616632,0.0753808912290539,0.0665318412566065,0.0572100375461873,0.0473074820479531,0.0307022466521178,0.0330753350785431
795,"TKM","Turkmenistan",-0.00646860404530382,0.00423996815572636,0.0193841528656218,0.0280025015890404,0.049262215075289,0.0660983699754882,0.0804714114103007,0.100410324049392,0.107440340846698,0.0968697114443111,0.0828483891258842,0.0698329303694429,0.0501843844233874,0.0351891870661289,0.0301287442702216,0.0245306194521993,0.0246066917045062,0.0305621993900911,0.0278862095625714,0.0270832895341655,0.0247696002335889,0.0216667927229897,NA,NA
796,"TCA","Turks and Caicos Islands",NA,NA,NA,NA,NA,NA,NA,NA,NA,NA,NA,NA,NA,NA,NA,NA,NA,NA,NA,NA,NA,0.0493313911248467,0.0453695710234439,0.0429073015646082
798,"TUV","Tuvalu",0.0113098374343235,0.00735178024583139,0.00820243889753547,0.012662003493995,0.014316145648873,0.0158047112535169,0.0144519349925443,0.013330225267159,0.010953204205814,0.00977508807774563,0.0111942397154028,0.0100981245943821,0.00670034455856139,0.00670321343765146,0.00612164661745052,0.00651925863559888,0.00516196738454755,0.0033711578588016,0.0020000247414067,0.00277322295268467,0.00678493501327626,0.00905266937152471,0.00929273496723115,0.0101190161533453
800,"UGA","Uganda",0.024836636678452,0.023452959592678,0.0218179408228316,0.0212083817524522,0.0253858234682294,0.024764965159211,0.0276829281855235,0.0214352879868192,0.0253222167497356,0.0444400167770087,0.0536168584184871,0.0613391025447243,0.0612238489256434,0.0607073738909591,0.0600645623957135,0.0536560220591509,0.0499146586296813,0.0344312437610623,0.0218612673598615,0.0214449636511909,0.0169954093201161,0.016269030368705,0.0130204949218089,0.0129216219274384
804,"UKR","Ukraine",0,-0.00555326396898862,-0.0120424461344336,-0.0148490135381698,-0.0199313613767005,-0.0276258056915828,-0.019035628400126,-0.00986876566956221,0.00355394386449404,0.0117387051475331,0.00714334222249535,0.00665754456478274,0.0126360598839508,0.0188976393783444,0.0218733233809811,0.0185488503924887,0.009450914127213,0.00591522340009853,0.00651721012653983,0.0105685486496496,0.00558584098064574,0.00253867201285884,0.00794395405963266,0.00839375291099498
784,"ARE","United Arab Emirates",0.0584652714232865,0.0483592187538753,0.0435846766776253,0.0410344255325326,0.0397216929595443,0.0395357698919434,0.0416725227492134,0.0440735478371594,0.047285969692209,0.0521228665462834,0.0556811837283149,0.0527940131744871,0.0480242444708256,0.0445417534430912,0.043130793386025,0.0387717805926533,0.03282223146499,0.0267886512385456,0.0214740874146893,0.0173948080427941,0.0154041719461993,0.0147154491007533,0.0139428477249923,0.0140862639297681
826,"GBR","United Kingdom",-0.0639483613134314,-0.0760533714547404,-0.081879083344898,-0.089217228350402,-0.0996569841198137,-0.0983890390655144,-0.0972596361977954,-0.0864144539709692,-0.0683494334369266,-0.0430392210670249,-0.0394819569300126,-0.0345628793391841,-0.029635662277611,-0.02413622454811,-0.0186322790680192,-0.00878171109378752,-0.00347506556105368,-0.000880142296253585,0.00152482022959921,0.00308599607329363,0.00178807742446363,-0.000509735384407976,-0.00131407710901813,-0.00250059457535208
840,"USA","United States of America",0.0107984325054635,0.00979231927474356,0.00559753678835051,0.00239939942855361,0.000914261598141675,0.00115119502352523,0.000814907900942741,0.00306382632369129,0.00516719140399324,0.00435905507531364,0.00245187388689483,0.00209830595705962,0.000494676613342904,-0.00351865925309664,-0.00381808276948774,-0.00378771288699489,-0.00429994869588318,-0.00243283889832315,-0.000806873224086787,-0.000949331082197214,-0.00503775960909698,-0.00629518539563106,-0.0048297837746776,-0.00520428947789057
858,"URY","Uruguay",0.00268965006987565,-0.00656906405441323,-0.0140574745830114,-0.0158092649609341,-0.0095457587843504,-0.00257007654046385,0.00194581506979996,0.0108811771846959,0.0168621703348122,0.0215624058819408,0.0230656549885346,0.0201832743159427,0.0157182888113119,0.0122282160069762,0.0100560980362141,0.00867776165366507,0.00393717393932125,0.00384299096545893,0.00181576097405767,-0.00101616339517606,-0.00196167114842598,-0.00348068413572885,-0.00143551484750169,0.00353097763941901
860,"UZB","Uzbekistan",0.00454352799835722,0.0236045072934381,0.0337007960343298,0.0363801422497259,0.0321114049539402,0.0221010439812916,0.0133251583636205,0.000857909816572855,0.00968505655315344,0.0174292238024896,0.0259581737229142,0.0337562391024562,0.0392176903667336,0.0429748844380418,0.0459230688920604,0.043978014783177,0.0423586879937214,0.0422266430850433,0.0398804509973001,0.0363179922583845,0.0360438256259854,0.0346223464445465,0.0374448448617886,0.0381692623553691
548,"VUT","Vanuatu",0.0186464996303468,0.00934436112388592,-0.00198042074027038,-0.0105987336727805,-0.0138433846886859,-0.01315670924632,-0.0093180002105452,-0.00349433366409795,0.011169208340124,0.0244267817800548,0.0319251294599705,0.0354557984838255,0.034447343698853,0.0304439591713992,0.0262009974535455,0.0208240379588924,0.0069839635654052,-0.024096699279279,-0.054104537394061,-0.0609376090479208,-0.0838786219659755,-0.0974818623966884,-0.0984536298707446,-0.0966593373537607
862,"VEN","Venezuela",0.00731747829711749,0.00842971657045677,0.0129314009631474,0.0154219673799307,0.0175986475614489,0.0190699021909693,0.0231786473461841,0.0222712182698614,0.0221603458893436,0.0242845221935915,0.0225370780467278,0.0147961896278692,0.00750401000872469,0.00569432978963169,0.00518263734918145,0.00379586078670857,0.00302510359504926,-0.000436786697911058,-0.00229729313738408,-0.00239595302256251,-0.00135178113247612,-0.00261938201061138,-0.00289144405822347,-0.00360942104042202
704,"VNM","Viet Nam",0.0616667250014666,0.0594417402418124,0.0527381665187225,0.0435101120732282,0.035893912599039,0.0356237577160197,0.0283721064255533,0.0229427394993715,0.0182257961616459,0.0109889377179846,0.0190346709414491,0.0222260983221985,0.0147333586780627,0.011381579481025,0.0167627770072443,0.0198887486813937,0.0254390789202537,0.0257217530248748,0.0284202720922155,0.0218732431696398,0.028222478178541,0.0277631675948555,0.021868684820072,0.0145721295293419
876,"WLF","Wallis and Futuna Islands",NA,NA,NA,NA,NA,NA,NA,NA,NA,NA,NA,NA,NA,NA,NA,NA,NA,NA,NA,NA,NA,NA,NA,NA
732,"ESH","Western Sahara",NA,NA,NA,NA,NA,NA,NA,NA,NA,NA,NA,NA,NA,NA,NA,NA,NA,NA,NA,NA,NA,NA,NA,NA
887,"YEM","Yemen",0.0340589597518988,0.0382677703026117,0.0399611788085965,0.0399056799888724,0.0407189463848991,0.0400998779620521,0.0375467399467295,0.0343920252651848,0.0356104010480303,0.0359087699379208,0.0332662959186469,0.0295769738939686,0.0251673407921484,0.0186867651329918,0.0175496696455084,0.0168201395696834,0.010053194397446,0.00386679405483825,0.00111962856107883,-0.000799335297289443,-0.000616746065292191,-0.000714681551850657,-0.000839875464973326,-0.000582875676672567
894,"ZMB","Zambia",-0.0108659228032276,-0.0176232250996975,-0.0211170790804476,-0.00770227079761538,0.00524858786671678,0.0147371876146045,0.0241827569759345,0.0216818972543475,0.0201382513227573,0.021806831904287,0.0146084806624338,0.00837342918124362,-0.000747719230810981,0.00101280714810148,0.00808995114357014,0.0122981191044813,0.0199598765401172,0.0193322410988279,0.0166855878852685,0.0123936876849444,0.00602626615471391,0.00239056134690685,-0.00524683934359616,-0.00535441819333929
716,"ZWE","Zimbabwe",0.0129048887956142,0.0200877070796346,0.0253488474015133,0.0208654246495228,0.00832348552919271,-5.83355079705126e-05,-0.00223530322883457,-0.0021702703338618,-0.00475570574440031,-0.00627069501209638,-0.00292735205492616,0.00538325342629298,0.0198378767878016,0.0195776807934251,0.0148864460315312,0.00615596171579202,0.00166371286268174,-0.0129700839126446,-0.0265344518410589,-0.0381288192961023,-0.0379217729248298,-0.0314110059291696,-0.0178344337543381,-0.00984561987311627
