"code","iso","country","NOD.raw.1990","NOD.raw.1991","NOD.raw.1992","NOD.raw.1993","NOD.raw.1994","NOD.raw.1995","NOD.raw.1996","NOD.raw.1997","NOD.raw.1998","NOD.raw.1999","NOD.raw.2000","NOD.raw.2001","NOD.raw.2002","NOD.raw.2003","NOD.raw.2004","NOD.raw.2005","NOD.raw.2006","NOD.raw.2007","NOD.raw.2008","NOD.raw.2009","NOD.raw.2010","NOD.raw.2011","NOD.raw.2012","NOD.raw.2013","NOD.raw.2014","NOD.raw.2015","NOD.raw.2016","NOD.raw.2017","NOD.raw.2018","NOD.raw.2019","NOD.raw.2020","NOD.raw.2021"
4,"AFG","Afghanistan",7.6648004014,7.23351408474,6.78306129043,6.31128157366,5.84219888847,5.38424672721,4.87603813185,4.32488584336,3.77611607851,3.26160337173,2.8123455927,2.39229097359,1.9682818551,1.60133967912,1.33107780651,1.21794146257,1.28382397628,1.46988110901,1.71028398801,1.92268584283,2.03785688023,2.06504198261,2.04127142558,1.99320749867,1.93087402883,1.89874824497,1.8780544015,1.85998237119,1.84266046406,1.83811861351,1.63940849118,1.8578492677
8,"ALB","Albania",1.29145089621,1.25943234562,1.23409025596,1.2117513947,1.19390351103,1.18618981496,1.18882942931,1.20289397389,1.2278323969,1.24803606379,1.25375882373,1.22524768568,1.16500572763,1.09859344138,1.04349970705,1.03499195765,1.08556931444,1.19481992733,1.33423477256,1.47868306639,1.57707300216,1.64250785401,1.70039183753,1.74661758664,1.78470766768,1.81295571158,1.84534288847,1.87913154867,1.89205468365,1.9033309646,1.69632966916,1.904489553
12,"DZA","Algeria",2.225074579,2.16037729652,2.10963876137,2.06594116475,2.03569477307,2.01972432279,2.02536434104,2.04313979316,2.06363796328,2.07882617512,2.08981295024,2.08062142482,2.04753970051,2.01124776882,1.9780778831,1.96844605271,1.97752611199,1.98607060617,1.9950644797,2.01503563105,2.01622621186,2.09738354355,2.27315608091,2.4734690607,2.62631222276,2.6770854438,2.61197580912,2.48775456839,2.36288027923,2.2989584215,2.32514189868,2.32623592009
20,"AND","Andorra",3.1017362728,3.01573372541,2.94393347712,2.87581835929,2.8289852007,2.79082976828,2.76705497868,2.75110344974,2.73303984591,2.71362073402,2.70577302058,2.69907932952,2.70415088721,2.70951322922,2.71057191368,2.69691263938,2.57768644213,2.31376237764,2.01410765245,1.75628646552,1.64418044584,1.66478647546,1.7325698633,1.81713577834,1.88589958835,1.90821235045,1.89173176811,1.84826598731,1.77981164989,1.68497048231,1.31821738228,1.65875100296
24,"AGO","Angola",0.1732822915,0.18283449397,0.1936552192,0.20538755706,0.21929193774,0.23273315131,0.25092637634,0.27361031593,0.29594240311,0.31410228564,0.32487004859,0.32283408755,0.31218627705,0.29959791061,0.29153776584,0.29053081508,0.34439347345,0.47586644532,0.65821886944,0.86427892502,1.07431111277,1.37392761684,1.77076247303,2.14068740268,2.36258082612,2.39419770044,2.12617829509,1.67151181774,1.25705565523,1.07463337584,1.22244005632,1.0801138773
660,"AIA","Anguilla",NA,NA,NA,NA,NA,NA,NA,NA,NA,NA,NA,NA,NA,NA,NA,NA,NA,NA,NA,NA,NA,NA,NA,NA,NA,NA,NA,NA,NA,NA,NA,NA
28,"ATG","Antigua and Barbuda",0.01512990293,0.01531057931,0.01547530145,0.01530480845,0.01526845672,0.01561570729,0.01584246373,0.01601757957,0.01629492421,0.01641331931,0.01668628714,0.22565094257,0.7352522492,1.36311145735,1.90274303429,2.15928294137,2.06104148485,1.81750658666,1.52579127349,1.28880406101,1.18193933802,1.17789299128,1.17586989179,1.17716666114,1.18429330818,1.21872345709,1.33855422581,1.54516631568,1.7327074779,1.80857878679,1.2048629072,1.83508543917
32,"ARG","Argentina",7.35307439166,7.40684542783,7.43734440887,7.44594609934,7.44586366505,7.41485857963,7.28489326678,7.06392616211,6.80037698942,6.55819625228,6.4221577528,6.32260626154,6.13908904609,5.93738410951,5.78692464171,5.75366707682,6.00436717527,6.52887446562,7.14975418282,7.70355130311,7.94120803485,7.88346845202,7.74435301731,7.53365050157,7.29853186396,7.06340821586,6.65945436686,6.03892303445,5.47590684003,5.2307003593,6.07038010847,5.27704132448
51,"ARM","Armenia",3.09848147068,3.0393382728,2.97318492599,2.91777096515,2.85111115766,2.76611930279,2.67375169128,2.59128324163,2.49243035738,2.39304267389,2.27975547381,2.15111668856,1.99808715982,1.85403454815,1.74219193355,1.70348525067,1.79404317284,2.00722097382,2.27033983376,2.48917319201,2.57842159923,2.5482175572,2.47956974114,2.40033102018,2.32313925886,2.2817215404,2.36636671191,2.55824780288,2.72423582217,2.80190959299,1.80897380817,2.81187623819
533,"ABW","Aruba",NA,NA,NA,NA,NA,NA,NA,NA,NA,NA,NA,NA,NA,NA,NA,NA,NA,NA,NA,NA,NA,NA,NA,NA,NA,NA,NA,NA,NA,NA,NA,NA
36,"AUS","Australia",8.69593457004,8.61609302965,8.54806335849,8.49941578264,8.48415621373,8.51008588818,8.57357467246,8.67480764321,8.77619061827,8.879612643,8.91757679773,8.78854306478,8.45864041176,8.06046366532,7.68541029359,7.41833784764,7.15930812982,6.84965380608,6.49133117584,6.13491422113,5.84865763329,5.46395373392,4.89172183151,4.29631235329,3.78027390296,3.49228875201,3.38277430218,3.32197692427,3.24997516368,3.15481217904,2.96353972861,3.15888813756
40,"AUT","Austria",9.28294991929,9.15020249373,8.92417746459,8.68337920668,8.38540052486,8.05306855662,7.56102674369,6.87311820475,6.16535792169,5.56636732177,5.18655670098,4.99874192168,4.87951362331,4.80694338265,4.75998006463,4.71814467992,4.67656896181,4.70065593951,4.73032201237,4.7408519094,4.66707602705,4.56311615976,4.44643595458,4.3301888803,4.20612102149,4.08303350713,3.96919260363,3.82909285297,3.650592113,3.37784321447,2.54148641594,3.34690335771
31,"AZE","Azerbaijan",1.97515867385,1.92922592967,1.88076875706,1.83811681873,1.78452230561,1.73129890598,1.66187443095,1.59178949819,1.52550963106,1.4615285582,1.41248256586,1.37170865671,1.32908960386,1.2933846814,1.27317168195,1.26786508693,1.29438754068,1.3533740251,1.43996255932,1.51736806797,1.56694450588,1.59088319933,1.60429455316,1.6060764065,1.60716569998,1.61680007689,1.63595495998,1.66615598859,1.69001784058,1.6980080421,1.68049684118,1.69553645539
44,"BHS","Bahamas",0.93415980893,0.89257404996,0.85800562525,0.8299525504,0.81382772964,0.81410788123,0.82561692745,0.8400888724,0.85757730272,0.87491911388,0.89101768205,1.30471965016,2.29211740666,3.49407514075,4.52220944353,4.99230373004,4.9133733485,4.66007905521,4.33531620217,4.04627264307,3.92301864465,3.9906486171,4.13575081579,4.26539436475,4.33885509284,4.31849394529,4.21247633102,4.07979572548,3.9132355993,3.70288809472,2.52872299534,3.75913093612
48,"BHR","Bahrain",0.01999726089,0.02030391028,0.02049508536,0.02064411273,0.0207830629,0.02093171786,0.02069312812,0.02050286268,0.02010838913,0.0198672123,0.01948022502,1.48697605886,5.00159143627,9.25056674114,12.87310430819,14.48524989637,14.17921347052,13.47617318669,12.63935561572,11.89267916389,11.56011891321,11.57947483267,11.67383457114,11.79223461141,11.841564625,11.81781384893,11.57371471489,11.14832508941,10.62839019254,10.08989821547,9.42789835295,10.02917200593
50,"BGD","Bangladesh",0.99484902033,1.02012955347,1.04801550784,1.07263154799,1.09133299829,1.11108952311,1.13159834352,1.15082169201,1.16732782907,1.16493660982,1.14614757916,1.08194240447,0.96492298381,0.83167023232,0.72295888225,0.66898499126,0.72200623901,0.85533560278,1.02414124375,1.18533407674,1.28758590235,1.337852157,1.38735215488,1.41563427559,1.43084526715,1.41918425039,1.38817446686,1.36387402694,1.33466663305,1.31858503791,1.55702913573,1.34907249486
52,"BRB","Barbados",0.01392771503,0.01407308824,0.01431587941,0.01457028732,0.01441559462,0.0146561822,0.0147364575,0.01441417345,0.01414690573,0.01391451758,0.0140203608,0.38793162125,1.32276015779,2.52090267563,3.63478173489,4.21626436298,4.33086645017,4.4208188559,4.49654059591,4.51466576593,4.48582569603,4.40658606355,4.29633146424,4.17539635883,4.0489665966,3.94576572303,3.80734312467,3.62709050902,3.46132615022,3.38387023249,4.49065670698,3.44330768773
112,"BLR","Belarus",10.80282828888,10.58845505745,10.29531041945,9.97362704506,9.60346304824,9.22859566579,8.77416528518,8.22609289899,7.6033761226,7.00611877223,6.45784108907,5.82914212332,5.08187821239,4.41099327084,3.90707494595,3.71384520999,3.74771009774,3.82664290196,3.94727547043,4.07614630553,4.20125698723,4.31755167871,4.46037683542,4.59915867432,4.71902434459,4.84514289736,5.08537752921,5.50396150424,5.9085343254,6.10536423041,5.40388914693,6.06532130018
56,"BEL","Belgium",16.27417518864,16.01211737879,15.58692053485,15.03718610663,14.42599420854,13.77515040645,12.79465916072,11.45145991333,10.09939490275,8.92953991455,8.20604723071,7.861126555,7.63040197203,7.47174411066,7.4156080579,7.45940466872,7.64711018791,7.94768399063,8.25570449015,8.44236038096,8.41177948692,8.07454064148,7.44967514615,6.75935520983,6.10731104031,5.60087937225,5.16356778705,4.67991075508,4.13940980488,3.52652498037,2.71743094824,3.4636013955
84,"BLZ","Belize",0.54928745852,0.55943764192,0.56876299695,0.57160547086,0.5734275005,0.57061552634,0.5629272047,0.54943661919,0.5388606045,0.528385421,0.52490455887,0.57854168995,0.70564401055,0.8631170733,0.99981340951,1.05583537958,1.05142180989,1.03563420294,1.01327663207,0.98818824699,0.96444443314,0.92521309056,0.86929705686,0.81135031799,0.76194220415,0.73045328382,0.71747590712,0.70690012,0.69972725617,0.70045473483,0.86121634463,0.71277848112
204,"BEN","Benin",1.23185817227,1.17263291164,1.11855430644,1.06313840814,1.00924709582,0.9576713087,0.89776873039,0.82937274844,0.76713705339,0.72378856125,0.70192493068,0.74849271253,0.86080326,0.99637084516,1.11061414344,1.14948043774,1.09484643947,0.96974525654,0.82337503997,0.70196371172,0.64963791864,0.64792580518,0.6526379617,0.66332751018,0.66653554642,0.66214172406,0.63226648707,0.57830804253,0.52729052402,0.50320593088,0.61677522261,0.51096319156
60,"BMU","Bermuda",0.01517011375,0.01535588528,0.01558717303,0.01586150618,0.01619148282,0.01632411825,0.01654567804,0.01690847763,0.01730535665,0.01739227628,0.01747897807,0.53321854335,1.8289053088,3.472389556,5.00634512024,5.90655762883,6.22155036796,6.47347665872,6.69002542381,6.87141631088,7.03392568609,7.11212005796,7.09619808405,7.01463709769,6.92709941257,6.86088509559,6.84201031749,6.82797371748,6.80782471468,6.77395163685,4.48503654967,6.86757380075
64,"BTN","Bhutan",0.17603511268,0.17937659718,0.18262780781,0.18585994762,0.18930629092,0.19279925658,0.1951500163,0.19758475101,0.20087079748,0.20349991453,0.20876222187,0.21282418365,0.21999780717,0.22743326214,0.23400352787,0.2414551456,0.24949248089,0.25983217905,0.26696791031,0.27159250093,0.27272784138,0.26456038704,0.25627325283,0.24727545698,0.2380747187,0.23212806121,0.22344213791,0.21014518502,0.19808423053,0.19297695725,0.21423228959,0.19503344352
68,"BOL","Bolivia",7.65078624944,7.64075114851,7.58222050862,7.45882735205,7.32175432596,7.15144988993,6.92336685453,6.62649853957,6.27649786789,5.91248729629,5.59520348152,5.02166749253,4.13563648152,3.19837814868,2.4603426067,2.13781848101,2.31357200622,2.80476292335,3.44518753263,4.04991882808,4.44681713633,4.65362405618,4.80478708439,4.88054714433,4.9004857139,4.86116615289,4.77510509671,4.66494291938,4.56675713123,4.51530753912,4.16145194563,4.57883145457
70,"BIH","Bosnia and Herzegovina",1.96074288791,1.92368765481,1.89135251829,1.86270395367,1.8425519173,1.83026364127,1.81778177303,1.81581614375,1.81903947847,1.82356990203,1.81135105842,1.7703158226,1.67449013382,1.55916824699,1.45619713997,1.40172159903,1.38578085111,1.37349676997,1.3681690577,1.36180783872,1.36192820411,1.40373552833,1.49798472602,1.6089802906,1.70358925357,1.74437592419,1.69466388208,1.59715666274,1.49240619163,1.44793711854,1.48871605942,1.45681944611
72,"BWA","Botswana",0.40206806443,0.3965586692,0.38873554147,0.38087804854,0.37328192778,0.3647923278,0.35394752849,0.3421390568,0.32647838757,0.31482541598,0.30610379366,0.30119530826,0.29622726919,0.29210742397,0.28972470847,0.2899616723,0.30516805156,0.34206267947,0.38889473639,0.43179305146,0.45386004434,0.46128012506,0.46652804845,0.47128994172,0.47321279124,0.47543121291,0.46173742783,0.42830657123,0.39329604509,0.37977538027,0.5326876167,0.36129808371
76,"BRA","Brazil",11.52624414868,11.67353496163,11.74228974174,11.7413671827,11.6511180836,11.48986523792,11.14321544558,10.59332124684,9.97421092084,9.40731330588,9.01986038604,8.77093276788,8.55089350967,8.36804668601,8.23569624163,8.17482022559,8.22983596815,8.39505815486,8.60381479288,8.7833521675,8.86552028546,8.7429460243,8.43499428645,8.04467442794,7.65419009646,7.37313645678,7.16342450018,6.9619899034,6.76866919869,6.60259923213,6.57179730922,6.43457707184
92,"VGB","British Virgin Islands",NA,NA,NA,NA,NA,NA,NA,NA,NA,NA,NA,NA,NA,NA,NA,NA,NA,NA,NA,NA,NA,NA,NA,NA,NA,NA,NA,NA,NA,NA,NA,NA
96,"BRN","Brunei Darussalam",0.8853665349,0.91889104358,0.94742179223,0.97512961914,1.00500984776,1.03161830987,1.06394751896,1.09446272249,1.1263789542,1.14910519128,1.16040277057,1.17092042183,1.17346366329,1.17771735289,1.18127494135,1.18852648429,1.19784320415,1.21587250502,1.240282432,1.26889393198,1.30282097565,1.35405423019,1.42684121232,1.50041068548,1.54687640816,1.56367671957,1.50016026262,1.37517840234,1.25734760578,1.20255936059,1.43500272926,1.19718032661
100,"BGR","Bulgaria",1.68275444941,1.66315148135,1.64867777331,1.63836983447,1.63252291469,1.63121669714,1.62022757106,1.5980030106,1.5712733542,1.55047544926,1.55322376733,1.57082582987,1.58819027455,1.61181559481,1.62753538533,1.63774795753,1.62961439767,1.60038535448,1.5540302142,1.50843482462,1.48807272513,1.50024483539,1.52121016335,1.54523491858,1.56823516822,1.57471600087,1.57650879587,1.56900966221,1.55317256812,1.54632761396,1.25811797678,1.55102236217
854,"BFA","Burkina Faso",0.64490521131,0.63362529323,0.62433273178,0.60973656601,0.59876983126,0.5834533554,0.56526361839,0.54167374663,0.52318047259,0.5046387546,0.49757227792,0.50384822203,0.51936335249,0.54275420535,0.56730986135,0.58993424161,0.60783364555,0.62544200979,0.6440238043,0.66582594457,0.69214493594,0.73788604508,0.81241079469,0.89363303583,0.96942798513,1.02775404423,1.06799692,1.11675546026,1.14925348638,1.16433375921,1.10680876684,1.18436664968
108,"BDI","Burundi",0.54600238608,0.51540994144,0.48758464767,0.45886278259,0.43275211374,0.40864261372,0.38434538159,0.35902694743,0.33596554367,0.31761147848,0.30703013204,0.30925119239,0.32335257748,0.34528741495,0.36911339881,0.39135526608,0.41888464232,0.45318030103,0.48944986753,0.51739642413,0.52990848104,0.5246186686,0.51003434568,0.4914905003,0.47772300741,0.47241600265,0.47854658292,0.49738151217,0.52438816908,0.56788540877,0.68436633643,0.56769673791
132,"CPV","Cabo Verde",0.0030299006,0.00296784107,0.00291428591,0.00299210722,0.00289791457,0.00281338054,0.00277001327,0.00271903883,0.00266912934,0.00260488983,0.00258701939,0.01248859027,0.03784976357,0.06840559164,0.0952383537,0.10657148687,0.10585323483,0.10293275941,0.09925396722,0.09579659852,0.09448345001,0.09528930506,0.09631950948,0.09835358443,0.1012561612,0.10335800216,0.10542646361,0.10849502995,0.11008920103,0.11061136178,0.08660843397,0.11241610685
116,"KHM","Cambodia",0.88007367201,0.9033375392,0.92800778388,0.94750748808,0.96472224107,0.98238958556,1.00061245763,1.01631147643,1.0331005849,1.04520005739,1.06088241656,1.06871806054,1.07059329709,1.07434345502,1.08099629724,1.09597994733,1.11481309761,1.13991273502,1.17198827484,1.19632645669,1.21470380679,1.20432949695,1.18031715935,1.13973800583,1.10888226896,1.0906417819,1.11314823299,1.16076802647,1.21632107611,1.23084798476,1.18329091601,1.26172749273
120,"CMR","Cameroon",0.32585043364,0.32159009132,0.31703810581,0.3109520609,0.30539213045,0.29960510053,0.28897848848,0.27633359863,0.26277010386,0.25093972049,0.24814667476,0.25085852716,0.25640287044,0.26553515297,0.27462003722,0.2818173831,0.28886744707,0.29319144754,0.30054035551,0.30683453333,0.31342878442,0.32737382929,0.34841522612,0.36780067609,0.38233377631,0.38427893365,0.37268916171,0.35283575955,0.33302764169,0.32494038528,0.48091525564,0.32096680748
124,"CAN","Canada",24.52834590231,24.56293782796,24.53485566376,24.4589502908,24.37586339949,24.2671339628,24.19757638483,24.08898616077,23.96829355141,23.81874555875,23.61250919715,23.08003635588,22.12140407517,20.86625042798,19.56316205452,18.41217334753,17.47453045125,16.56698425153,15.65909702284,14.86434900148,14.20552847646,13.51281922551,12.65143670769,11.76544429182,11.02810954423,10.5774636314,10.42592844889,10.40192640555,10.33254134492,10.05832823914,8.71381098829,10.04578511807
136,"CYM","Cayman Islands",NA,NA,NA,NA,NA,NA,NA,NA,NA,NA,NA,NA,NA,NA,NA,NA,NA,NA,NA,NA,NA,NA,NA,NA,NA,NA,NA,NA,NA,NA,NA,NA
140,"CAF","Central African Republic",0.92442194266,0.89424011575,0.86495386645,0.8352532158,0.80226746073,0.76980428321,0.73404161826,0.69359186342,0.65912062123,0.62289393743,0.59183597658,0.56417341598,0.53409106505,0.50890203883,0.49127094348,0.48326220508,0.48249298198,0.48446413763,0.48717332703,0.487167045,0.48653876678,0.46794346911,0.42815530072,0.38291289862,0.3455338806,0.325570864,0.32934412418,0.34354469887,0.35839067778,0.36554852902,0.35688732393,0.36280741144
148,"TCD","Chad",0.34673954169,0.33500701162,0.32418993338,0.31280995369,0.30072802851,0.28832894389,0.27459548762,0.25830996506,0.2413794947,0.22903638332,0.22063274728,0.21550818735,0.21117127986,0.20768484322,0.2051967261,0.20465664212,0.20797734135,0.21381642706,0.22188920943,0.23204689823,0.24189693833,0.25268165272,0.26649417167,0.27931851765,0.28728283888,0.29030468958,0.28324082999,0.27203418888,0.25960892429,0.25283935675,0.24895592039,0.25742264726
152,"CHL","Chile",7.28891068839,7.27246399336,7.29093488176,7.29480174758,7.31517210483,7.32854030369,7.42251918401,7.55563538472,7.71058112632,7.86256735904,7.94656109532,7.72443857058,7.15331353665,6.46502826829,5.87777000277,5.65686059229,5.90921789245,6.43038823452,7.07719122332,7.6330951322,7.86120801457,7.84732979871,7.79366078532,7.74765348225,7.69200213509,7.6476998167,7.64893590561,7.65553071628,7.63113405648,7.52723817642,5.50480493718,7.5376471164
156,"CHN","China",2.93535291337,2.91669504385,2.89932764125,2.87655746907,2.85330608217,2.82787304337,2.79779776078,2.76715537554,2.72241360266,2.66203799167,2.58527569707,2.47581866422,2.33782959335,2.20579911886,2.10871323762,2.07998913323,2.21532899425,2.53878663964,2.95832775224,3.36016661006,3.60293151854,3.65798270482,3.61488641996,3.49505271807,3.32411093488,3.14712635415,2.93611369623,2.66812962178,2.4155240433,2.23670329611,2.12206468306,2.23854566718
170,"COL","Colombia",6.46089393236,6.54696752112,6.58272928498,6.55277820468,6.48898358175,6.34876222067,6.13408189178,5.75990762495,5.33372119853,4.93797297934,4.64930371837,4.31162743211,3.85601082925,3.40525325915,3.05795849363,2.9195553129,3.03745987967,3.34203490532,3.75193323351,4.16071803446,4.46285815655,4.6699237759,4.88586595577,5.06797685953,5.20032099677,5.2374564737,5.07811049126,4.70923518356,4.27688347776,3.8886013703,3.54820564703,3.89008471665
174,"COM","Comoros",0.00589970274,0.0057084808,0.00582435041,0.00575555893,0.00573584123,0.00556155363,0.00581221686,0.0055961651,0.00562346544,0.00549941208,0.00539139837,0.01140324228,0.02744270751,0.04609593923,0.06144043404,0.06839218239,0.06702199438,0.06486886604,0.06248553924,0.05986399872,0.05856639281,0.06019242886,0.06499876379,0.07117799601,0.07775923616,0.08421587706,0.09241437603,0.10213357685,0.11025758942,0.11400228964,0.08131995349,0.11461139555
184,"COK","Cook Islands",0.01372438788,0.01461327992,0.01546650816,0.01640899051,0.01756927201,0.0184020864,0.01939513237,0.02043184534,0.02147151551,0.02271624096,0.02442303514,0.04487961915,0.09282637396,0.15025609316,0.20086971437,0.22384562949,0.21288417222,0.18352998525,0.14739741559,0.11628345019,0.10317543939,0.1069002082,0.11495381399,0.12567965751,0.13614135122,0.14703387828,0.16037666371,0.1776508883,0.19155057103,0.19661742391,0.11331421023,0.19561379043
188,"CRI","Costa Rica",4.46447326384,4.55471159646,4.63575520326,4.70715419749,4.76249140189,4.79012775103,4.82289273174,4.89954688917,4.98998160322,5.07558001404,5.14000286933,5.19018535587,5.24115678953,5.29189622167,5.33188022753,5.34578224956,5.34917706045,5.31535587192,5.24540592713,5.15003794716,5.08025245061,4.96168998999,4.76207247696,4.52819981413,4.29829534475,4.1195756051,4.01666640573,3.94105761305,3.84056314005,3.69637191177,2.90960159984,3.70825766237
384,"CIV","Cote d'Ivoire",0.95865981207,0.93769445436,0.91633211499,0.89483259693,0.87280977805,0.85323497549,0.82881076593,0.80197261443,0.78281718136,0.76354318639,0.75706719012,0.83439556236,1.01864474576,1.23668795783,1.41728850881,1.49472079212,1.43593986151,1.29828701158,1.13766853048,1.00247349887,0.93682903989,0.97066797889,1.06611287464,1.18685985328,1.29229738704,1.36280945094,1.38887103974,1.40322790516,1.42534291509,1.46286387169,1.63733746052,1.50851874494
191,"HRV","Croatia",5.61992130401,5.51953902322,5.37369560442,5.1969956993,5.00340294654,4.7970344235,4.49729754418,4.08219497646,3.63736763145,3.23548353811,2.93119334832,2.68010970864,2.42096512785,2.20073143892,2.03109492601,1.92728608134,1.89102854987,1.88612469775,1.89263059062,1.91303328087,1.92330951692,1.92438501564,1.94161365232,1.95419923246,1.95637169188,1.95455388942,1.96408298503,1.96611266304,1.93461149611,1.84792518049,1.5946673042,1.85616904926
192,"CUB","Cuba",2.76135487105,3.22521532057,3.61335494466,3.91888163154,4.12448278235,4.19102808734,4.10349194971,3.8811267991,3.61518642353,3.40577249801,3.31703282319,3.35574237948,3.46155337105,3.58614111666,3.7052915769,3.78135324567,3.87210629587,4.05132714089,4.23799240539,4.40051305672,4.45436478399,4.4340754999,4.37956218467,4.31590888072,4.24894012636,4.20737169919,4.182521994,4.15462537072,4.12657679016,4.09209071013,3.80082720252,4.12380249666
531,"CUW","Curacao",NA,NA,NA,NA,NA,NA,NA,NA,NA,NA,NA,NA,NA,NA,NA,NA,NA,NA,NA,NA,NA,NA,NA,NA,NA,NA,NA,NA,NA,NA,NA,NA
196,"CYP","Cyprus",7.17505281833,6.86665478126,6.60952441623,6.39027924823,6.24493493435,6.16283150743,6.13095673439,6.13612427535,6.14429371795,6.16356321695,6.14834672179,5.92413108484,5.49222792314,4.96268717357,4.54728963293,4.37473278648,4.38923553726,4.4445275494,4.52776157875,4.60596003839,4.68548409932,4.74396618042,4.77661982332,4.75908844623,4.71162181748,4.64099612127,4.56163986852,4.46949920192,4.36648017746,4.23961827184,3.73756996082,4.21255213943
203,"CZE","Czech Republic",9.00544027375,8.9259172635,8.78147575578,8.59315684297,8.38068856556,8.11727474177,7.75951385779,7.28699555159,6.78706088575,6.31049865146,5.89111067396,5.52266516847,5.16595526518,4.8382741336,4.58037343254,4.42018236577,4.32139598119,4.24831713345,4.19136156147,4.15242126059,4.14855316413,4.12423343828,4.08695557722,4.04278535476,4.0029210196,3.97127750118,3.88167198961,3.66558377786,3.36809541229,3.01555098696,2.39252524643,3.02157316337
180,"COD","Dem. Rep. Congo",1.36944909859,1.31461768844,1.26567462035,1.21383992336,1.16193376503,1.10628487321,1.04925454639,0.98623787902,0.92585152021,0.86860136511,0.81645206171,0.76504336676,0.70925625849,0.65961369531,0.62461855394,0.60900608482,0.63019945677,0.69067601463,0.76024291639,0.8190225312,0.84212527136,0.80975270852,0.74605333968,0.67081764838,0.60725943073,0.57562826325,0.56463769876,0.55577593107,0.55289738716,0.55538987493,0.61072136737,0.56751812744
208,"DNK","Denmark",4.48328334859,4.40269458962,4.34082256473,4.29412353306,4.26513927223,4.25889806954,4.31915691237,4.4569985884,4.63198730144,4.77106709139,4.82142602349,4.80523473086,4.73666888199,4.64148710415,4.55279841209,4.51840818188,4.37417261523,4.03413700219,3.63096646761,3.28906829585,3.11616171173,3.1026203395,3.1165233001,3.14684643041,3.14329467573,3.10157656486,2.99078838855,2.76736967544,2.50100742301,2.25207584044,1.4483906793,2.22507963322
262,"DJI","Djibouti",1.11848305708,1.03955391896,0.96576649151,0.89434681236,0.83003060821,0.7719071513,0.70914730873,0.64617460254,0.59015378786,0.54910011452,0.53029805165,0.70763644405,1.13074032132,1.62861933797,2.02490454066,2.17215216894,2.14987989104,2.12532218602,2.09941154561,2.07229702273,2.04829826425,2.00560535938,1.96732331188,1.9309511558,1.91123302771,1.9115741364,1.99173884473,2.14434633996,2.31991208479,2.47510021808,2.62831374494,2.52729905877
212,"DMA","Dominica",0.01351560203,0.01350643503,0.01364563774,0.01346375058,0.01350871983,0.0135600251,0.013807557,0.01403451235,0.01425169334,0.01416233319,0.01455253009,0.09388837227,0.29153952775,0.53689741288,0.74608321707,0.84505884331,0.83247460136,0.80423407953,0.76425825021,0.73109201767,0.7170781504,0.71427522401,0.71105772184,0.7129915925,0.72015734442,0.73662172168,0.81024645231,0.94063403419,1.05967368508,1.10669135323,0.68898670486,1.12411311201
214,"DOM","Dominican Republic",4.34710112602,4.60721073732,4.78878818721,4.89380697038,4.90539478322,4.83681461001,4.74703429428,4.65244400661,4.57486737814,4.51497618555,4.4756301814,4.62290529082,5.02632884228,5.52098774167,5.93924729286,6.12982639935,6.08217417297,5.98364075979,5.86737522841,5.74850945023,5.65279655142,5.56826992602,5.4215023655,5.24070804596,5.07865794715,4.98712077937,4.95698214424,4.9149084924,4.84866437349,4.76492001625,2.80237490064,4.85425135213
218,"ECU","Ecuador",9.64767180123,9.43237821485,9.1920215041,8.93784908657,8.68167278822,8.39656513414,8.09816743395,7.76578162385,7.42357905752,7.08092407757,6.75125424493,6.26811123797,5.61799683534,4.97339068179,4.49823751621,4.30184703423,4.50695380852,4.98162236719,5.57993610642,6.07583868175,6.28367777901,6.21265004124,6.04636535911,5.8251604579,5.58239106246,5.35428796,4.98699565185,4.42082241096,3.91558911476,3.68423065505,3.84404145026,3.69808442072
818,"EGY","Egypt",8.60249714781,8.36875415239,8.14132789875,7.92222874759,7.72079045289,7.52796285928,7.31852922856,7.08562821312,6.86296295162,6.63984790112,6.44900356317,6.07830765182,5.41954046876,4.6959804039,4.11479296562,3.8566317952,3.99232420815,4.40551201834,4.91041824641,5.35158607931,5.55295818989,5.50066539159,5.404568583,5.27441710469,5.15074394605,5.04450733128,4.92251896154,4.78376893364,4.59662233806,4.4052101304,3.85356962069,4.48475140598
222,"SLV","El Salvador",7.67992540179,7.6369223463,7.56481100081,7.45643578255,7.31024283962,7.12459131133,6.91426208374,6.66512078098,6.41851628339,6.18316543695,5.95895662368,5.74375786442,5.51289921905,5.28751513364,5.11573218964,5.01480908097,4.90543510854,4.71845128425,4.49816607289,4.30270490197,4.16838792017,4.05328430385,3.94500254572,3.83423722487,3.7264378934,3.6027549047,3.35945337276,2.95416169072,2.50270151537,2.09040216122,1.71723569784,2.09946762464
226,"GNQ","Equatorial Guinea",0.02178950161,0.02112646903,0.02055260611,0.0199130388,0.01941210805,0.01872463069,0.01833910337,0.01780840318,0.01743605781,0.01670886826,0.01648072962,0.0207338157,0.02946568637,0.0401098257,0.04832996539,0.05196776497,0.0520437494,0.05238771828,0.05222028118,0.05121173551,0.05077386078,0.04914209086,0.0463290456,0.04349468766,0.04092534939,0.0396841579,0.03992126689,0.04121000752,0.04270949017,0.04353294354,0.04565142052,0.04375338026
232,"ERI","Eritrea",1.54785389461,1.50954421414,1.47067251825,1.42812462258,1.38779647146,1.34565132297,1.29921180412,1.2483259874,1.19637127389,1.14236775056,1.09364315838,1.04499306869,0.98961031318,0.93734207776,0.89598487451,0.8716318616,0.86676709166,0.87673129385,0.88997294362,0.8997571707,0.90165826396,0.87925567585,0.85454014895,0.82270435469,0.79944924964,0.78814562005,0.80263281391,0.8401640957,0.87114969619,0.88642227544,0.7790473119,0.89107648574
233,"EST","Estonia",3.90601490021,3.83810003636,3.77997203925,3.7247160763,3.68176184284,3.65320643333,3.64482308591,3.65673667036,3.69507410723,3.71883238313,3.73417801984,3.74304360845,3.7531800388,3.76829402672,3.77617658613,3.76397856891,3.70045820485,3.61051075628,3.48908048873,3.39904157864,3.36374579211,3.43002705755,3.60069172847,3.80919330945,3.97198248041,4.05273905752,4.05665033688,4.04693024313,4.03219591127,3.96324585944,3.23436025207,3.94541397871
748,"SWZ","Eswatini",0.62930222187,0.6107409418,0.58896909832,0.56802173515,0.54900443778,0.52972518984,0.5070177011,0.48434649998,0.46209526823,0.44275442989,0.43523130172,0.43298650523,0.44014132945,0.44928232917,0.46129519484,0.47161980788,0.48150845216,0.49239533387,0.50165975029,0.51199053423,0.5215750158,0.52522814907,0.52937955999,0.53640118867,0.53940139453,0.53983937072,0.51961782812,0.46738806702,0.39761570377,0.31974708342,0.22126049748,0.32440767343
231,"ETH","Ethiopia",0.77350863837,0.71786276911,0.66679191881,0.61884001248,0.57444435201,0.53364752859,0.4930912352,0.45068669556,0.41319264898,0.38357337309,0.36523758492,0.3558729875,0.34736609105,0.34153318981,0.3358908612,0.33273029945,0.33158871213,0.33486480781,0.33936326359,0.34400886286,0.34598357127,0.34815525248,0.34862695556,0.34710336271,0.34094556107,0.33426017,0.32749519323,0.3219390026,0.31738599692,0.31501844701,0.31391874558,0.31529952375
234,"FRO","Faeroe Islands",NA,NA,NA,NA,NA,NA,NA,NA,NA,NA,NA,NA,NA,NA,NA,NA,NA,NA,NA,NA,NA,NA,NA,NA,NA,NA,NA,NA,NA,NA,NA,NA
238,"FLK","Falkland Islands",NA,NA,NA,NA,NA,NA,NA,NA,NA,NA,NA,NA,NA,NA,NA,NA,NA,NA,NA,NA,NA,NA,NA,NA,NA,NA,NA,NA,NA,NA,NA,NA
242,"FJI","Fiji",0.13735646059,0.1254599919,0.11422951072,0.10355696436,0.09487056951,0.08743776543,0.0815124064,0.07586194219,0.0710328392,0.06676053956,0.06449206631,0.06318507104,0.06134573266,0.06017812113,0.05911023884,0.05810631784,0.05748066531,0.05660014235,0.05583799089,0.05463960703,0.05347659563,0.05166657881,0.04948526319,0.04733401021,0.04589884307,0.04490864746,0.04501306357,0.04592050654,0.04703528845,0.04741341607,0.04127226683,0.04741055182
246,"FIN","Finland",5.18607963116,5.07653599249,4.98368668937,4.90038706675,4.845788766,4.80330801248,4.76841814486,4.76243758739,4.74904487223,4.76626999731,4.77895038877,4.84307787727,4.96541028375,5.11664351047,5.2367261553,5.28481317204,5.17278261716,4.8881184904,4.57570919067,4.31011857934,4.19242215304,4.3106377218,4.60085613504,4.93719354866,5.210902428,5.32484748338,5.26834853305,5.14237057739,4.96107291109,4.73204985642,4.10182635734,4.6962884108
250,"FRA","France",14.46820300851,13.63014764128,12.79864438235,12.1175247215,11.51096595207,11.03315007121,10.60247158533,10.02033480783,9.46092936318,9.0028354168,8.74360751365,8.67048775033,8.59865339997,8.53001971926,8.45686398792,8.35610090825,8.1968698286,7.93722617077,7.5979991944,7.25273960136,6.94395346858,6.66680205215,6.38427589277,6.10744155012,5.84370713074,5.61662567984,5.52676897883,5.56487378453,5.4690029979,5.03829216605,3.09994813367,5.00582066056
258,"PYF","French Polynesia",NA,NA,NA,NA,NA,NA,NA,NA,NA,NA,NA,NA,NA,NA,NA,NA,NA,NA,NA,NA,NA,NA,NA,NA,NA,NA,NA,NA,NA,NA,NA,NA
266,"GAB","Gabon",0.33915396142,0.32023115027,0.30124115403,0.28455154033,0.26652292221,0.25064221217,0.2332547073,0.21621000998,0.19945041641,0.18662282555,0.17873304043,0.17345616673,0.16869348953,0.16588355282,0.16284357747,0.16189011631,0.16383130345,0.16883664919,0.17532565986,0.18374402279,0.19074520779,0.19953761717,0.21077321382,0.22233394434,0.23207127242,0.23779396574,0.24121377719,0.24397658293,0.24508885758,0.24526208837,0.21690310128,0.2452233625
270,"GMB","Gambia",0.9772645867,0.94427918985,0.91430092819,0.87860195421,0.8398681329,0.80403322561,0.75995427158,0.70939450749,0.65960524908,0.62351884593,0.60665104206,0.62350877501,0.6688542108,0.71912130983,0.75959905411,0.77556134677,0.76274749232,0.75661065864,0.74320755204,0.73040664965,0.71508247796,0.697235745,0.66659711477,0.63754110406,0.60795610984,0.58230629736,0.54368121373,0.49047096095,0.44437426546,0.42204116799,0.69724149155,0.43087220493
268,"GEO","Georgia",2.00618773212,2.03473421396,2.04291542482,2.02356030901,1.99408483163,1.94636803993,1.85570547537,1.71463253443,1.57602440547,1.47035622179,1.42952029601,1.47270361283,1.56365527951,1.69382371219,1.7999781672,1.85993315613,1.90759382242,1.97186936634,2.02316425918,2.06457802766,2.07003395261,2.10543172049,2.1957679998,2.31868002274,2.4505796858,2.59396101927,2.74665011832,2.91719683262,3.04831005785,3.08909570717,2.09031597115,3.13886627585
276,"DEU","Germany",12.91534138893,12.61755381576,12.2522989804,11.7919769337,11.31750303802,10.80620400399,10.12947233568,9.19336263966,8.23707428235,7.39254432906,6.78986338272,6.39440215527,6.09095914792,5.8294603986,5.61800714252,5.38415069909,5.14074219741,4.92626507265,4.71615696645,4.55259001724,4.43431862954,4.35651016726,4.28658456899,4.23340245775,4.19648011739,4.15027034766,4.04003826729,3.85139715528,3.541965848,3.08275736411,2.18189250533,3.05745549375
288,"GHA","Ghana",0.59332453383,0.57897190387,0.56465286205,0.54979377356,0.53584474307,0.52001447936,0.50164868396,0.47816760587,0.45741237895,0.4403222563,0.43123371207,0.44894726516,0.49552001621,0.55011077701,0.59602841207,0.61188042555,0.59711442277,0.56207487398,0.521772702,0.48890568785,0.47446185816,0.4780079967,0.49376762266,0.50747492038,0.51960990397,0.52396864207,0.51627136106,0.50866278271,0.49954504463,0.4962514964,0.7438247666,0.50957912475
300,"GRC","Greece",5.00468753303,4.69758763314,4.44386280998,4.25242606567,4.14507778692,4.08722080781,4.11744788464,4.19468173088,4.30180918825,4.40205585573,4.50020818547,4.7091162904,5.09309862419,5.53567259183,5.90916074092,6.08594507399,6.00593083484,5.80296918727,5.52200159703,5.19382847543,4.87949498857,4.58897449487,4.28414745237,3.98133759209,3.71694829995,3.5032779574,3.37243194033,3.26555581716,3.15305804626,2.98935360452,2.7285176977,3.11218152484
304,"GRL","Greenland",2.46246870884,2.71190854032,2.91222990419,3.06270608102,3.14714790159,3.16486579786,3.09890450099,2.95544125136,2.77936004726,2.62351488508,2.54833863659,2.59266335156,2.70813375701,2.84408260567,2.9430780881,2.96097677117,2.8895416223,2.7651493429,2.63328119264,2.50508386071,2.44078602692,2.41184678334,2.394588216,2.3880833238,2.39999201237,2.42063741698,2.51104017562,2.66724316169,2.80251556898,2.85463913185,2.22295432393,2.8938819866
308,"GRD","Grenada",0.02154860738,0.02134190131,0.02094979768,0.02049856146,0.02044898356,0.02012833492,0.02011166407,0.02011814294,0.02038119507,0.01994065998,0.02031229749,0.07533268171,0.21193798241,0.3813426683,0.529064194,0.59441180263,0.58502160016,0.56032633503,0.52991165126,0.504071976,0.49015275673,0.48507939864,0.47995122889,0.47943335019,0.48148475646,0.48822849911,0.51699892065,0.57154950548,0.62583536297,0.64807888908,0.53231087061,0.65388515448
320,"GTM","Guatemala",5.24991695687,5.05077800506,4.8354962977,4.62513338447,4.41080706296,4.20297642351,4.00066735185,3.79231932259,3.59135990266,3.39535495834,3.19555242688,2.93690019507,2.61513740845,2.31334176958,2.07507784744,1.97220110839,1.9478130869,1.9420876599,1.94824228129,1.94892177651,1.93374686298,1.89476384289,1.83535828077,1.76634298355,1.69721953083,1.64601560745,1.5947275023,1.52873988479,1.47853306008,1.45309438955,1.58666126677,1.47992825291
831,"GGY","Guernsey",NA,NA,NA,NA,NA,NA,NA,NA,NA,NA,NA,NA,NA,NA,NA,NA,NA,NA,NA,NA,NA,NA,NA,NA,NA,NA,NA,NA,NA,NA,NA,NA
324,"GIN","Guinea",0.47677564562,0.46480166774,0.44994097025,0.4345791757,0.41777077293,0.40034641662,0.38055827519,0.35724879646,0.33234386924,0.31474774339,0.30618928081,0.33036026854,0.39114217998,0.45949350063,0.51312858177,0.53456075608,0.51183022931,0.46858209687,0.41618222743,0.36862815461,0.34796688435,0.34475411473,0.33838908513,0.33127486449,0.32685695282,0.32421085004,0.3247402691,0.32582522165,0.33050107891,0.33772600581,0.45704932414,0.33573726194
624,"GNB","Guinea-Bissau",0.3178537846,0.30583751601,0.29291487412,0.28021570596,0.26785931258,0.25488856981,0.24037905244,0.22313210733,0.20831477572,0.19456902111,0.18901658673,0.20211605213,0.23534424321,0.27672966593,0.30894923673,0.31874059763,0.29916683642,0.26015574783,0.2150468985,0.17919934134,0.16153924496,0.16922750344,0.19083460943,0.21540161358,0.23482496464,0.23966194606,0.22867971076,0.21119225113,0.19606326516,0.18857724859,0.20000166725,0.19236143151
328,"GUY","Guyana",0.74955375111,0.76123820388,0.77230741152,0.77946555188,0.7855383735,0.79238130835,0.78996011382,0.77667334341,0.75573880496,0.74171087303,0.73465958175,0.81985525852,1.02478453842,1.27041347479,1.47370277786,1.55819342178,1.54682083205,1.50553798805,1.47029031243,1.43477487263,1.41582571357,1.42703201623,1.46263714542,1.50283834188,1.53794413711,1.55040989819,1.5549620927,1.55040213267,1.55572135206,1.57881022811,1.77198254609,1.62140600795
332,"HTI","Haiti",6.50156612099,6.36393661562,6.25848317124,6.1686717924,6.09207352375,6.02274698355,6.04756638266,6.19720146019,6.37569677558,6.50693366431,6.52260830815,6.35483436047,6.04291493102,5.71053026588,5.43011303739,5.29840827905,5.35836597663,5.56112349074,5.81965063173,6.07327617033,6.2230703653,6.27841703771,6.32976120459,6.37093281411,6.39621391669,6.4295088924,6.47506691307,6.52001673689,6.55667961918,6.5879839423,5.35085474403,6.65773821162
336,"VAT","Holy See",NA,NA,NA,NA,NA,NA,NA,NA,NA,NA,NA,NA,NA,NA,NA,NA,NA,NA,NA,NA,NA,NA,NA,NA,NA,NA,NA,NA,NA,NA,NA,NA
340,"HND","Honduras",2.35033204351,2.38715204259,2.40796573166,2.4203031538,2.40680008002,2.38045167334,2.32921502517,2.26871280834,2.19843278689,2.13193797083,2.08414916978,2.05972161376,2.04599972283,2.04035639269,2.04029736252,2.03099095485,2.02458451688,2.01520944547,1.99720791815,1.96336591327,1.91446767577,1.8247622855,1.71583558637,1.5943254941,1.49129641488,1.41335704991,1.35350320205,1.29676545133,1.25582079829,1.23970347329,1.25495308934,1.26271885065
344,"HKG","Hong Kong",NA,NA,NA,NA,NA,NA,NA,NA,NA,NA,NA,NA,NA,NA,NA,NA,NA,NA,NA,NA,NA,NA,NA,NA,NA,NA,NA,NA,NA,NA,NA,NA
348,"HUN","Hungary",7.47702739551,7.39289257998,7.26914429306,7.07257774454,6.84294672388,6.57840926286,6.11557192628,5.41765929637,4.67773752714,4.0572838192,3.70091905954,3.50572083461,3.33582329744,3.19241924778,3.07131733856,2.97521999231,2.95442439301,3.03037545045,3.15479661874,3.23662028668,3.24856925916,3.21664197254,3.17296841846,3.12956223046,3.10205709892,3.07685643652,3.06862628563,3.06531745545,3.06369145163,3.03964244371,2.04868443016,3.03774993911
352,"ISL","Iceland",4.8142468901,5.24325548738,5.5635033524,5.77512596569,5.9021060212,5.9019152319,5.76810883894,5.5050180878,5.15491369689,4.81268056564,4.52147278546,4.16933727408,3.70091174001,3.20460158243,2.79952612334,2.59246147202,2.48822211529,2.37710222785,2.2728884598,2.18856717209,2.12690847893,2.2071948726,2.44570716146,2.73304372609,2.96265745312,3.05763202193,2.99253221917,2.85774054996,2.70137812622,2.58206334576,2.47579397884,2.58486040864
356,"IND","India",1.90450562227,1.77896703998,1.65833388681,1.54728201352,1.45594270053,1.39498943577,1.3558146121,1.32221513927,1.29094693705,1.25745867772,1.21755838849,1.15641046425,1.07918205069,1.00429472098,0.9531526436,0.94351973885,1.04430737147,1.27266845163,1.56663867203,1.84099153573,1.98646276269,1.97337621134,1.87228550755,1.72905720476,1.59798323014,1.53310216574,1.52432333924,1.5228603917,1.520272188,1.50989310937,1.25983471351,1.53842033186
360,"IDN","Indonesia",1.3045023692,1.32708068652,1.34076522563,1.35010929368,1.35461002907,1.35120018081,1.334668235,1.30911380422,1.27729679484,1.25078048881,1.24189303978,1.25916685097,1.29550037565,1.33800428669,1.36988409,1.37884138347,1.36882169169,1.3547223333,1.33754996445,1.31402066575,1.28825980007,1.23467529882,1.14608925573,1.05016367449,0.96814932039,0.92127336421,0.90251746718,0.89233032127,0.88270267579,0.8722556646,0.6930746101,0.87039683451
364,"IRN","Iran",5.71355306529,5.51293115523,5.31339610933,5.11462145798,4.9253981084,4.74691070584,4.56414820291,4.36963000697,4.17214176822,3.97815274323,3.7972968523,3.59911249822,3.36683242889,3.15458675809,2.99395873656,2.93128551119,3.05065556022,3.34384544718,3.69547893541,4.01650197448,4.1994125374,4.27433949715,4.33295545674,4.36924942163,4.38099684264,4.36668147258,4.31239735325,4.23276460459,4.15530996541,4.12758915141,4.34902161761,4.20202036953
368,"IRQ","Iraq",4.84077332157,4.68562910768,4.54365897801,4.36925546019,4.21068564193,4.06102366599,3.89943540462,3.753029194,3.59586790483,3.42126245668,3.23334645186,2.91411906445,2.47842727479,2.03981852395,1.69401077173,1.55278639221,1.68213901104,2.02170835683,2.45263730998,2.89602750025,3.22228546386,3.45785665744,3.64980585238,3.77865893055,3.84439730809,3.83513382343,3.77899147551,3.7198771075,3.66215456754,3.63823170139,3.98335393312,3.6570893581
372,"IRL","Ireland",7.11964254073,6.95738067442,6.79809955637,6.66987198387,6.55042724601,6.44695659707,6.32899169681,6.21171165654,6.09472111295,5.99510317401,5.97607359685,6.02203270717,6.16987720074,6.3317472392,6.47462051826,6.52655240824,6.380120535,6.01905850309,5.53854314813,5.05656186423,4.6428511747,4.24557700959,3.78889918398,3.3557554097,3.04371346656,2.92512588198,2.9611574298,3.10941127116,3.2395507639,3.3032480875,2.28138032188,3.31936186447
833,"IMN","Isle of Man",NA,NA,NA,NA,NA,NA,NA,NA,NA,NA,NA,NA,NA,NA,NA,NA,NA,NA,NA,NA,NA,NA,NA,NA,NA,NA,NA,NA,NA,NA,NA,NA
376,"ISR","Israel",8.08742365393,7.85730959445,7.6486650164,7.50272773332,7.38040328631,7.24609722158,7.17479296053,7.10307074465,7.03156772214,6.94496490279,6.87858745444,6.72865931364,6.44158289996,6.15285627021,5.86381074085,5.67703348956,5.61206000485,5.57399270322,5.5474936715,5.49291362237,5.43158241505,5.29367065147,5.11271528658,4.92674247521,4.71608992632,4.52842639194,4.37641214604,4.21863762896,3.99896084694,3.67599297096,2.64851337777,3.66364043011
380,"ITA","Italy",4.71039766918,4.59967707569,4.47971793762,4.36198834245,4.25094375278,4.14140758602,4.01000817579,3.84277931709,3.66561923438,3.52131376346,3.43979860548,3.42668896502,3.462575885,3.5184378309,3.57402141046,3.60075635619,3.62790659824,3.66780891252,3.67124880189,3.61057349885,3.479384042,3.26072518746,2.97552374955,2.68571329582,2.43957817233,2.27263045812,2.18420535577,2.12204852198,2.05079095238,1.93635092848,1.45684453361,1.92942404646
388,"JAM","Jamaica",2.56180303164,2.71014603348,2.8328459302,2.91729943323,2.96589233735,2.96987223063,2.91667411771,2.84998414113,2.77781780287,2.72450086461,2.70508870841,2.82640203223,3.12505841162,3.48477700446,3.79924775296,3.93068594224,3.85493245923,3.65706528014,3.40439766369,3.16290194023,2.97802127747,2.82996635647,2.67873771326,2.51580674399,2.37091378242,2.2623666361,2.18642275174,2.13034593276,2.06741148335,1.96830289976,1.23385415397,1.99101096837
392,"JPN","Japan",8.23132187483,8.02867934032,7.83063192718,7.63501956268,7.44461804076,7.25992085078,7.0722993227,6.891078149,6.72716674816,6.59949852134,6.53463940947,7.01304571316,8.11688451584,9.32467692233,10.20352702527,10.38252248169,9.92645068089,9.22133879399,8.46856603037,7.82312368722,7.42332640533,7.24257435424,7.14278303732,7.05899689087,6.93665766683,6.71034435869,6.45030455216,6.16987919958,5.84770442563,5.43297774398,4.62437708018,5.44612419045
832,"JEY","Jersey",NA,NA,NA,NA,NA,NA,NA,NA,NA,NA,NA,NA,NA,NA,NA,NA,NA,NA,NA,NA,NA,NA,NA,NA,NA,NA,NA,NA,NA,NA,NA,NA
400,"JOR","Jordan",7.93029304929,7.82309902566,7.75022085313,7.71398884038,7.67991298314,7.71319755441,7.77500288011,7.89422990286,8.03085056578,8.16038173536,8.23106733668,7.99513642482,7.39439055245,6.66190589043,6.04502683818,5.79949508608,5.99666292563,6.4046916504,6.9116280764,7.41338575712,7.74771157196,7.89014891099,7.93683589433,7.92921006978,7.8511197196,7.75868922673,7.45783103827,6.78916112534,5.95825214545,5.12125870964,4.1304324792,5.1299124292
398,"KAZ","Kazakhstan",1.71130111431,1.67673480179,1.62851078687,1.57231527788,1.5114801326,1.44648626301,1.36442109509,1.25470265559,1.15036940998,1.05811527831,0.99875381151,0.96243233748,0.92877384097,0.90747512875,0.8896233903,0.88968965741,0.90918657866,0.95425187886,1.01017642328,1.06332731106,1.10011784231,1.11640519718,1.12502741259,1.12664978539,1.13134649875,1.14040013787,1.16109394975,1.18900900088,1.20796783237,1.21792196114,1.20161694691,1.22106337117
404,"KEN","Kenya",0.45761806688,0.43317783741,0.41138454512,0.39273473315,0.3754276692,0.35969797071,0.34541519879,0.33235750317,0.31986693555,0.30776471069,0.29506203443,0.27773841842,0.25441325373,0.23009427307,0.21262920825,0.20704726667,0.22480806442,0.26480803395,0.31236393927,0.35345148508,0.37343104226,0.36824961705,0.34974336427,0.3267154302,0.30619677543,0.29615475441,0.29297008725,0.29056013595,0.28893908945,0.28931946782,0.282506914,0.29414334349
296,"KIR","Kiribati",0.02204083824,0.02318389201,0.02408847481,0.02529159584,0.02621211599,0.02748988124,0.02817028157,0.02888491161,0.02974748226,0.03087104663,0.03250323243,0.05788996056,0.11449711,0.17900682761,0.23032327626,0.24841148284,0.22787922673,0.18880670583,0.14605482012,0.11158524457,0.09571117991,0.09670603354,0.10352725855,0.11324054218,0.12420942494,0.13396667466,0.14515393608,0.15932362343,0.16956804873,0.17321418242,0.1000467614,0.17418519555
689,"XKX","Kosovo",NA,NA,NA,NA,NA,NA,NA,NA,NA,NA,NA,NA,NA,NA,NA,NA,NA,NA,NA,NA,NA,NA,NA,NA,NA,NA,NA,NA,NA,NA,NA,NA
414,"KWT","Kuwait",15.19957583925,14.80172356667,14.38114265579,13.97756149254,13.54678145962,13.16084174411,12.63634101017,11.99771649429,11.37903838067,10.88112598264,10.62407527684,10.6306356547,10.73078550375,10.92568638691,11.11826237657,11.26342485284,11.41393375565,11.5680509239,11.74331130085,11.84983260275,11.81945886783,11.64710612066,11.39892607592,11.10586570138,10.81551874575,10.5987431386,10.29042288463,9.90164105561,9.54326475221,9.39032210659,9.66664952859,9.35352515161
417,"KGZ","Kyrgyzstan",4.73309268799,4.55894167127,4.3855694336,4.18309279403,3.94906079228,3.71262058074,3.37237323428,2.95141509898,2.51937643995,2.16775853536,1.96311081255,1.85550103926,1.75664072019,1.67683991977,1.62247572205,1.60365341306,1.64989390468,1.76668975263,1.91807920662,2.06862249604,2.17962868283,2.26722631544,2.3584131103,2.45700535605,2.57497803834,2.695023902,2.85641083168,3.07691899225,3.2565243105,3.31991982394,2.63799893767,3.34298735232
418,"LAO","Laos",0.57765911798,0.59427122017,0.60367470585,0.61338130214,0.62000217777,0.62875254916,0.63285364984,0.63326759132,0.6345312768,0.63697858407,0.64182941231,0.65038663046,0.66402690916,0.67986742405,0.69327585015,0.70241101288,0.70742051693,0.71198200981,0.71927814733,0.72381993487,0.73329914137,0.74516465737,0.76323687667,0.77412446967,0.78069166534,0.77469804753,0.77245540012,0.76786136798,0.75961846147,0.75883460133,0.752773773,0.77149624392
428,"LVA","Latvia",5.23670013148,5.14813447467,5.01426984863,4.87612026885,4.70261428457,4.51060368365,4.27680435503,3.95837251594,3.63984989061,3.32214919445,3.05197505036,2.84851098995,2.67359128061,2.50399296282,2.37704073927,2.29673048094,2.27865158731,2.2629439576,2.24727608563,2.24153934872,2.23570395468,2.34155831963,2.59403344776,2.88187446861,3.12080144273,3.21884569335,3.08962807838,2.82962061489,2.58117960036,2.46248578327,2.66678001283,2.43873001866
422,"LBN","Lebanon",9.17318838215,9.22737909637,9.29212731312,9.35066823658,9.40729367837,9.48271402302,9.60132537018,9.81144631215,10.10008782364,10.29685409652,10.38011089429,10.0167935929,9.18017488207,8.17295445314,7.34014979486,7.00474301206,7.31787291213,8.11901675646,9.23267769994,10.50511827606,11.7988328386,13.26351597331,15.0927730876,16.8609868751,18.29788215499,19.053231343,19.3684033105,19.56383730584,19.67434162442,19.70499074245,16.05279420491,19.73106848434
426,"LSO","Lesotho",0.16622174385,0.16270849898,0.15790105438,0.15381848463,0.14869594002,0.14478092371,0.14001181173,0.1352178859,0.12960073146,0.1253605748,0.12302701073,0.12904193221,0.14395557336,0.16376396015,0.1827034649,0.19701692568,0.20686430613,0.21954279364,0.23065086041,0.23624781018,0.24019054122,0.23724955543,0.23361991314,0.2310871362,0.22669278902,0.22532880221,0.22212518811,0.22167940047,0.22274177807,0.22410685512,0.31880453503,0.22955179716
430,"LBR","Liberia",0.19109879853,0.18531479191,0.17932277147,0.17158439465,0.1646818847,0.15691108203,0.14894774418,0.13776643071,0.12805928268,0.11934135078,0.11476339853,0.11910344087,0.1318632219,0.14519803076,0.15794770436,0.16146623437,0.1575113911,0.15091453737,0.14448838307,0.1373462827,0.13466607884,0.13218619184,0.12948658952,0.12683925304,0.12499790721,0.12487594134,0.13167721548,0.14653057097,0.16094734604,0.16616464503,0.15471019269,0.16609300709
434,"LBY","Libya",1.60217642006,1.5765553963,1.55654239404,1.540195345,1.52777138055,1.52467740173,1.52523748791,1.52906661235,1.53605203343,1.54715285033,1.56879358447,1.77353906915,2.21307554219,2.728031214,3.16504582413,3.35148496528,3.28943769737,3.13772747353,2.94101405897,2.77964891068,2.70756755071,2.72025291934,2.75056947471,2.7755193152,2.77962863818,2.76257759701,2.69345486789,2.56981726595,2.45780563009,2.39948347814,2.40309872669,2.35132449185
438,"LIE","Liechtenstein",NA,NA,NA,NA,NA,NA,NA,NA,NA,NA,NA,NA,NA,NA,NA,NA,NA,NA,NA,NA,NA,NA,NA,NA,NA,NA,NA,NA,NA,NA,NA,NA
440,"LTU","Lithuania",4.9017085274,4.63540873174,4.36830758287,4.11256214558,3.87277271562,3.68602646413,3.48219536527,3.24378956383,2.97699709204,2.73314127527,2.50783262581,2.35133962589,2.24454101184,2.15787688855,2.08417457865,2.0545299561,2.06358869453,2.0814474825,2.11279128412,2.14503368935,2.1938145798,2.29807936616,2.47808132407,2.68402644968,2.84693363274,2.91060577772,2.87944419012,2.79755174139,2.69601727781,2.59344008287,2.44883689543,2.59905132616
442,"LUX","Luxembourg",19.9291331525,19.66436440366,19.18150542063,18.61763374103,17.94708268107,17.28813361984,16.28891322552,15.05716974603,13.74766757681,12.51305275798,11.54484598541,10.80930287796,10.08067769501,9.43287612785,8.88182100125,8.42551526675,8.07385351617,7.77007130944,7.4780304526,7.19720627647,6.8634720415,6.38875460988,5.76625025739,5.14600209371,4.63573523949,4.31314620209,4.18724395619,4.11599413774,4.03138780853,3.83783201724,1.9326355037,3.87373689263
446,"MAC","Macao",NA,NA,NA,NA,NA,NA,NA,NA,NA,NA,NA,NA,NA,NA,NA,NA,NA,NA,NA,NA,NA,NA,NA,NA,NA,NA,NA,NA,NA,NA,NA,NA
450,"MDG","Madagascar",0.73536366223,0.71623634213,0.69494470348,0.67338546373,0.65133080719,0.63060422736,0.60582130183,0.57867265342,0.55265353633,0.52928869756,0.51306029245,0.51531161428,0.54096025226,0.57489285565,0.61003208516,0.63108778282,0.64122464175,0.64782381511,0.65227384094,0.65852742393,0.67007089554,0.68855287125,0.71187612014,0.73694865642,0.76211107296,0.78461427178,0.79957720785,0.80907626121,0.82673522271,0.85901334028,0.96182519271,0.87002670003
454,"MWI","Malawi",0.34876027115,0.34281673587,0.33744291865,0.33102861664,0.32429091804,0.31629277824,0.30758136037,0.29516379142,0.28357714807,0.27338537835,0.26714123686,0.26268552616,0.25965440854,0.25632658986,0.25512373509,0.25655795265,0.2747202981,0.3148704968,0.36460993571,0.41153094597,0.43834698178,0.44669541544,0.44600852774,0.44386869881,0.44620088913,0.45523313349,0.51416438039,0.61827902587,0.7149451663,0.76210466508,0.51136976435,0.78140830674
458,"MYS","Malaysia",1.66424589611,1.71862602298,1.77383381191,1.82103691331,1.85939759367,1.89919083877,1.92182797526,1.92240745795,1.93097215163,1.95601542652,2.01347848622,2.2352893624,2.64783713155,3.123972455,3.54447749257,3.759414899,3.79241864184,3.77432273538,3.69913999196,3.60227257538,3.52344919249,3.47623674064,3.37759298429,3.27422157703,3.16291948692,3.08562864995,2.99469614167,2.87097528633,2.71645466281,2.55184352159,2.26626889346,2.59802085089
462,"MDV","Maldives",0.07184310818,0.06934297722,0.06609323038,0.06487988314,0.06286703089,0.06120125436,0.05978656032,0.05772850734,0.05563597245,0.05425590341,0.05293165499,0.05205543606,0.05162906513,0.05133944139,0.0510725605,0.05053043105,0.05008673951,0.04963499824,0.04905359851,0.04923854175,0.04876593554,0.04812746023,0.0461648627,0.04435951525,0.04322703758,0.0418261307,0.04090406924,0.03974222567,0.03876888557,0.03890601416,0.03938644914,0.0390196664
466,"MLI","Mali",0.68817708512,0.67629384601,0.66112838856,0.65054368573,0.63556722397,0.62045573078,0.6007967473,0.57896564308,0.55537698385,0.5341831427,0.52679365172,0.52342846578,0.5237517885,0.52611499558,0.52949654667,0.53171611725,0.5358305729,0.54436066225,0.55087071116,0.5575457571,0.5612564055,0.56946943308,0.58006072327,0.59543736269,0.61260047486,0.63743191596,0.67652366565,0.72793775163,0.77292837663,0.78608307613,0.66667357252,0.80959595399
470,"MLT","Malta",0.05634248611,0.05665211276,0.05723856631,0.05687165104,0.05702059831,0.05723418387,0.05597313153,0.0554312473,0.05422897254,0.05306411525,0.05315864514,0.37017684551,1.14806211169,2.11287757538,2.96601876889,3.38112789496,3.44922240564,3.54956783835,3.64171767643,3.7112291263,3.7350585722,3.62957446249,3.37395596214,3.08469295295,2.8393864349,2.74294535657,2.77900265967,2.86743216137,2.95576936701,2.99234329769,2.26413421584,2.96648705579
584,"MHL","Marshall Islands",0.01270300947,0.0133636639,0.01399710946,0.0147413559,0.01545922399,0.01597088227,0.01670923853,0.01724832201,0.01786527023,0.01879309697,0.01977467617,0.03538485495,0.07043848565,0.11075139642,0.14475267749,0.15812113062,0.14813414396,0.12564935488,0.0993428018,0.07765955507,0.06743990203,0.06926588385,0.07430124385,0.08120250839,0.08840881066,0.09508342651,0.10303779406,0.11347018786,0.12095126774,0.12342169905,0.07123912651,0.12360940403
478,"MRT","Mauritania",1.1500349529,1.16854431241,1.18032650142,1.1884904316,1.19275091189,1.18912453406,1.18217749753,1.16659162681,1.14961425529,1.13299921902,1.12481271495,1.15954674998,1.24836352678,1.357091294,1.46370568258,1.53850401819,1.5931331628,1.64010654936,1.6800620478,1.70980467854,1.72026936019,1.70468624616,1.67771988328,1.64673951622,1.62119028321,1.60997312551,1.6409569616,1.70226574325,1.75584263877,1.77957703116,1.76068082267,1.8220041905
480,"MUS","Mauritius",0.07816827908,0.07629014441,0.07451292863,0.07340538514,0.07185692496,0.07030815516,0.06973299361,0.06803388357,0.06764534028,0.06678719318,0.06713589337,0.11195236716,0.22339171257,0.36024568182,0.47528500855,0.52633728996,0.51435529948,0.49151207191,0.46275786826,0.43817610586,0.42543050959,0.41913037461,0.40960419584,0.39931095275,0.38929648911,0.38132099747,0.37714519101,0.37101355088,0.36431736539,0.35980861254,0.31891218143,0.36844168578
484,"MEX","Mexico",9.09009222139,9.23038744343,9.28874451264,9.26998830762,9.17142234222,8.9898930234,8.59533609694,7.96829780433,7.26654120973,6.6619250991,6.31326555297,6.08162202832,5.80251651517,5.52683681927,5.31075228812,5.21287338348,5.28600325234,5.50408905511,5.76534211205,5.98491709861,6.07198290686,5.98429534693,5.77814112535,5.51736486624,5.2443856764,5.00916476619,4.77907329643,4.51667387024,4.27541117388,4.09043680413,3.86018952669,4.10901494847
583,"FSM","Micronesia",0.00154603979,0.00150358423,0.00150701309,0.00148874317,0.00143374773,0.00146171193,0.00143359189,0.00146024402,0.00139478559,0.00137573311,0.0014046507,0.00138928961,0.001375762,0.00134736946,0.00137801346,0.0013689246,0.00140739915,0.00136706823,0.00137562455,0.0013941481,0.0013697632,0.00141243191,0.00136518928,0.00127654222,0.00126009163,0.00119564549,0.00118382058,0.00114508516,0.00111411473,0.00107777761,0.00108508042,0.00110993091
498,"MDA","Moldova",4.14832695294,4.05913427388,3.95505026875,3.82390496156,3.66730082695,3.50703840923,3.29922419333,3.03429840708,2.75607978965,2.49330829871,2.30252187451,2.16947155406,2.0621371659,1.9626560982,1.8702163142,1.78433286777,1.68295058335,1.56815554545,1.46936591364,1.39836158095,1.36681997245,1.39693942044,1.47410159574,1.55556815804,1.62083110792,1.64655144913,1.63925136741,1.62849991549,1.61494663979,1.59497779337,1.3395940311,1.59678711404
492,"MCO","Monaco",0.21986299551,0.21252805971,0.20625406222,0.20028055007,0.19352464016,0.18749326529,0.18166922151,0.1749797544,0.1689059899,0.16409872972,0.16170470894,0.16210805719,0.16249915697,0.16374169009,0.16377096447,0.16462503064,0.16525807253,0.1655331795,0.16620268682,0.16625992253,0.16689187326,0.16854512192,0.16981705479,0.17063849639,0.17374889073,0.17632462309,0.17879826517,0.18076318395,0.18380924767,0.18758926659,0.19287574032,0.18516363223
496,"MNG","Mongolia",0.9346526723,0.91340730085,0.89618194504,0.88037825216,0.87384024831,0.86645061049,0.86396217324,0.86595167904,0.87138775974,0.88373684609,0.90063620426,0.93042644109,0.98596989059,1.04592269827,1.1108980163,1.16921124663,1.2194429668,1.27216939751,1.32422495031,1.3741040219,1.44076521423,1.53421579423,1.64732205713,1.75704246626,1.85357060136,1.92141816089,1.96008558646,1.99783514218,2.0209462538,2.02101583337,1.78601739198,2.0436793931
499,"MNE","Montenegro",0.98887246738,0.97156048636,0.95854292007,0.94620540603,0.94478014596,0.94146656869,0.9471462572,0.9595580352,0.97645160091,0.98981388922,0.9957229237,0.98152624266,0.94596736103,0.89959369805,0.85938438053,0.84042658697,0.83548179033,0.83189156617,0.82455908895,0.82199177714,0.82187131628,0.85106375417,0.91029944817,0.98678134651,1.04866396081,1.0871888632,1.09962534619,1.10186932392,1.10232303093,1.10254256036,0.9230832167,1.10722565993
504,"MAR","Morocco",1.98704458272,1.93395561204,1.8875123131,1.86100109751,1.83779309272,1.83150780035,1.83853861316,1.8645914386,1.89287469688,1.92295760521,1.93178020877,1.87626436455,1.7342192005,1.56594588326,1.42796774403,1.36945343244,1.38163744253,1.40726422947,1.44184141906,1.47575862148,1.50647506649,1.52640910613,1.54351159152,1.54345776528,1.54088042582,1.52978167094,1.48180435953,1.39227388875,1.30506302364,1.26974052363,1.41447679606,1.28986243251
508,"MOZ","Mozambique",0.56119846234,0.55071734622,0.53834123439,0.52673810781,0.51162517775,0.49768691817,0.48142224448,0.46107901525,0.44236468429,0.42511260886,0.41480786276,0.42647646665,0.46241692408,0.50600446333,0.54035164985,0.55190768435,0.54103827778,0.52439916836,0.50537253026,0.48926799864,0.47727199331,0.48649804701,0.51695407326,0.55095034521,0.57591663118,0.57975519889,0.56161062189,0.52888299827,0.48486337588,0.43705866168,0.34468928189,0.43924180668
104,"MMR","Myanmar",0.57816457798,0.59266009169,0.60560038453,0.61683499138,0.63139953537,0.64584881565,0.66333445769,0.68379060633,0.70264631474,0.71170154277,0.71342899838,0.68335430308,0.62605893018,0.56343388509,0.50854777562,0.48106618802,0.50170383915,0.55509761091,0.62870274034,0.69411575934,0.73775984342,0.75414588159,0.7576852256,0.75006412237,0.74391106592,0.75007061938,0.76919171259,0.79363667084,0.81468115707,0.82759672057,0.84423746004,0.85755147572
516,"NAM","Namibia",0.7972619745,0.78497064757,0.76989832568,0.75590922466,0.74145228186,0.72114917621,0.69943055806,0.66878819417,0.64103472225,0.61639935804,0.60617209308,0.62526157005,0.67540416372,0.73601623572,0.79274423098,0.8282208083,0.84599188312,0.86060177938,0.87304569413,0.8832122697,0.902361399,0.9244553333,0.9569848089,0.98382402571,1.0023794791,1.00810643081,0.99712807114,0.96806126876,0.95037648031,0.93763505916,1.07933926282,0.95241382443
520,"NRU","Nauru",0.01637138831,0.01714587622,0.01819314066,0.0192909256,0.02017263709,0.02095304282,0.02165675511,0.02278858976,0.02364241417,0.02472639292,0.02633500164,0.04740037488,0.09441866557,0.14816676395,0.19137585727,0.20644898054,0.19086686301,0.15876462272,0.12312950905,0.09419988246,0.08058932246,0.08135144696,0.08632535842,0.09366723033,0.10092828822,0.10756863225,0.11456742394,0.12437079792,0.1311421548,0.13334074614,0.07768739503,0.13454119949
524,"NPL","Nepal",0.15416856978,0.15840139444,0.16261101065,0.16714769654,0.17323646521,0.17926239908,0.18433475919,0.19053978677,0.19513148165,0.20309332521,0.21270416264,0.22742345549,0.24326533063,0.26509383777,0.2869289272,0.30953625703,0.33799429767,0.37598269616,0.41544602853,0.45988608851,0.50381054654,0.55017371318,0.6030914432,0.65448558007,0.71749650108,0.78062071301,0.87213552616,0.97927669706,1.07671849535,1.11723607083,0.76286370548,1.14319819707
528,"NLD","Netherlands",17.57356275519,17.0820636261,16.59202249523,16.04994175462,15.50135894976,14.94610724225,14.31500434829,13.59837611095,12.89002493527,12.18973135422,11.61607038901,11.04269670833,10.44716271561,9.87800745006,9.36070949635,8.9345100859,8.56995714491,8.20912853996,7.88448147542,7.5788919111,7.31878268897,7.12044048454,6.98999457757,6.86976565311,6.71588503082,6.46842438407,6.1568066862,5.78976978619,5.29749562615,4.58798969379,2.79458429851,4.58023698131
540,"NCL","New Caledonia",NA,NA,NA,NA,NA,NA,NA,NA,NA,NA,NA,NA,NA,NA,NA,NA,NA,NA,NA,NA,NA,NA,NA,NA,NA,NA,NA,NA,NA,NA,NA,NA
554,"NZL","New Zealand",5.0414013638,4.78342510297,4.54289665036,4.3280538639,4.1390874386,3.99490575908,3.86424045087,3.72803033749,3.6042455399,3.49605464064,3.40369436333,3.32451993291,3.23014582478,3.12720205187,3.0242150171,2.9262867104,2.83025267747,2.72681485784,2.60962811593,2.4822425397,2.34700195113,2.19999349284,2.05158162265,1.90234707847,1.7683386206,1.6593939182,1.55642199481,1.46305534855,1.38539015769,1.34422037862,1.40043426096,1.30356444522
558,"NIC","Nicaragua",1.7268863497,1.76535683548,1.79602983267,1.81350896402,1.80300624708,1.78018136687,1.73884168258,1.67174733548,1.60111182162,1.53141225682,1.48351224457,1.43651576325,1.3947451182,1.35331169148,1.32191868092,1.29574848189,1.27473428543,1.25996172841,1.24167518225,1.21674254177,1.18967448678,1.14688358409,1.08852204726,1.02267169089,0.96438574395,0.92004593186,0.88927042394,0.86558757914,0.83826578009,0.81204260558,0.73272957983,0.81010095604
562,"NER","Niger",1.24660790922,1.19225719342,1.13769120384,1.08377031341,1.03047699036,0.97757040367,0.9219034379,0.85919402525,0.79687051513,0.74801205952,0.71468648541,0.69213279679,0.66906172002,0.64880762493,0.63254633124,0.62462694619,0.62443509247,0.63448864607,0.65781571679,0.67962303818,0.70487008766,0.73264457345,0.77035262266,0.80582012844,0.84087143535,0.86647358111,0.88580519991,0.907020553,0.91928077729,0.92562683773,0.8389171263,0.93463474211
566,"NGA","Nigeria",1.85264356475,1.80394675235,1.75183921824,1.69627396915,1.63990769145,1.58145367349,1.5046116056,1.4057482648,1.30692652436,1.22905246909,1.18696906999,1.177691975,1.18539554002,1.20030988535,1.21680259866,1.22725329497,1.22713632748,1.21985894935,1.20992797848,1.20369157876,1.20691657168,1.2343263666,1.28515179187,1.34037822324,1.38309802315,1.40148909539,1.39116434172,1.36851613953,1.34479171103,1.3302642547,1.32284255431,1.35309101271
570,"NIU","Niue",0.01372066376,0.0145344424,0.01533626978,0.01625716262,0.01696666121,0.01776024385,0.01856279915,0.01921067321,0.02024923306,0.02126880213,0.02233933837,0.04046545725,0.08160591977,0.12915281229,0.16902212336,0.18571398573,0.17488517995,0.1491784573,0.1176928003,0.09243490085,0.08133680411,0.08335903843,0.08956342222,0.0978675128,0.10648692579,0.11466009241,0.12453398893,0.13674073208,0.1465381415,0.14938916806,0.08607929463,0.14890725532
408,"PRK","North Korea",1.69906121918,1.62464928966,1.56619358002,1.51559510685,1.48063505781,1.45303983803,1.44083195869,1.44885843683,1.46836797437,1.48140247671,1.48367261807,1.46689189671,1.44891563996,1.42243176156,1.39776991275,1.3953538112,1.4735873118,1.67453128828,1.90747599147,2.09617162793,2.17544925057,2.16112743092,2.12128623249,2.07609005196,2.03486107197,1.98079065607,1.91116241127,1.81429983311,1.72177309087,1.68284342902,1.73677321669,1.67243659947
807,"MKD","North Macedonia",2.36968424854,2.32157612233,2.27466198715,2.23864424282,2.21751630993,2.20070952745,2.19127006293,2.17238320498,2.14136344024,2.11255903396,2.09187342704,2.06575811837,2.03987205676,2.01324608832,1.98268837644,1.95284633088,1.92031744636,1.87848005936,1.83006142676,1.78223739451,1.76933904864,1.78281852454,1.8123174903,1.84813646911,1.87539578874,1.88534038191,1.85522159032,1.79105438813,1.71330907556,1.6532493695,1.60237300302,1.65079918633
578,"NOR","Norway",5.03417952957,4.93555241628,4.86509799519,4.82946606976,4.81826177701,4.82530222265,4.88929790495,5.01568526334,5.17214083827,5.32561631157,5.44190490738,5.44770986695,5.30805622726,5.0887153987,4.86326046694,4.70034022403,4.56515924173,4.39089688289,4.21700913304,4.075712,3.99522954736,3.96550293207,3.9359100117,3.90436080605,3.8606656458,3.83202754238,3.67371616911,3.33959794408,2.97304172041,2.7227270604,2.66056294254,2.70595375236
512,"OMN","Oman",3.6072856968,3.57263831707,3.50635654988,3.42799293566,3.33841823041,3.22776668812,3.07571074785,2.89451732957,2.69859105555,2.52994182698,2.41337135102,2.32226049811,2.25917024138,2.21452763311,2.20897033484,2.24232068658,2.34759211703,2.52015064022,2.7257800108,2.92253685764,3.04982370998,3.1324968427,3.2226582247,3.31177693565,3.36020577377,3.37492361494,3.30289665476,3.11806569907,2.87160335141,2.58918739241,2.23436192045,2.60065950799
586,"PAK","Pakistan",3.00936271707,2.90623371963,2.79443936516,2.67998454301,2.56231972279,2.43525407013,2.2998686922,2.15854641201,2.00492225131,1.85518897949,1.71417765665,1.56736176054,1.40921214318,1.26679348982,1.16586538539,1.12185904342,1.15879064065,1.25515092837,1.36861189673,1.46871080195,1.51601107326,1.52421317667,1.51544859421,1.49760232303,1.47058113882,1.43098934347,1.35230877903,1.23162835326,1.12446583665,1.06679611084,1.05175868473,1.06086844759
585,"PLW","Palau",0.00170757136,0.00174181857,0.00175851861,0.00171546036,0.00173485309,0.00174661298,0.00179474903,0.00179471379,0.00176931864,0.00172157195,0.00172365299,0.03431411396,0.11358533388,0.20781991407,0.2879280267,0.32348388381,0.32014225289,0.31453105882,0.3064399375,0.29990851084,0.2953306292,0.29187802594,0.28542622838,0.2777772141,0.26731348597,0.25827801755,0.24174915424,0.21747323453,0.19583164306,0.18654116902,0.22466652779,0.1866427839
591,"PAN","Panama",2.55799140928,2.58492132592,2.60031108972,2.59862100337,2.57971994924,2.54253316342,2.48356847742,2.41513192619,2.35153846565,2.29924018551,2.26338981094,2.18439342917,2.01231179914,1.81712546023,1.65720421626,1.58684157197,1.63174408154,1.73961751796,1.86274867373,1.96744869368,1.999321862,1.96646668849,1.8979382333,1.82305988195,1.74213007361,1.66521033956,1.54828487619,1.37378544222,1.19758904514,1.0567934037,0.9798724527,1.08104524926
598,"PNG","Papua New Guinea",0.04802087081,0.050377272,0.05271877659,0.05533130707,0.0576884658,0.05986781323,0.06142383149,0.06241293178,0.06335960209,0.06522240381,0.06785284609,0.07820142231,0.09757520481,0.119607991,0.13634271469,0.1424344869,0.13562470761,0.12303895484,0.10943187903,0.09850213843,0.09202969564,0.09190419985,0.09376224751,0.09782543354,0.10245549861,0.10640946227,0.11139783289,0.11769369553,0.12323230561,0.12439658974,0.09992839189,0.1231941942
600,"PRY","Paraguay",4.23954284554,4.20940980762,4.17373462044,4.1390363791,4.09763742953,4.05702009147,4.01481005297,3.96026285913,3.91136696339,3.87750934596,3.87327470151,3.92377779588,4.02706275568,4.14825902535,4.25580219045,4.30378319498,4.34215549214,4.39754171092,4.45479214098,4.4943344287,4.48555306624,4.41802658405,4.30034667038,4.16687953616,4.05237854566,4.00273057501,4.01069238354,4.07347954147,4.20531035043,4.42810887086,5.82232086724,4.48763131053
604,"PER","Peru",17.07970804151,16.4818790339,15.9601104466,15.47596284016,15.05393650162,14.69038727682,14.4462074457,14.32515119272,14.23774119577,14.04571453919,13.72747608855,12.75772002902,11.04218736598,9.22147601331,7.76151781197,7.13659908051,7.44312104253,8.33921371065,9.46507048268,10.52229716351,11.15066516209,11.435215859,11.64142335201,11.74277452635,11.78741945702,11.76329669069,11.66448191252,11.52530895075,11.34476911719,11.10395584905,8.91568049436,11.15601863128
608,"PHL","Philippines",2.81826933801,2.84138112416,2.85653786304,2.87470060057,2.8931620922,2.91568179905,2.93190833756,2.94218240959,2.95028138939,2.98393690996,3.05359410746,3.22588752158,3.51406543714,3.84368964075,4.13664484287,4.29757792041,4.30992034929,4.2340473818,4.12014525083,4.00796719512,3.94857505711,4.0022869404,4.14813477092,4.31729715458,4.43460005966,4.44835889059,4.33049379078,4.13702913878,3.90069260493,3.64936748443,3.21144495032,3.61513757583
616,"POL","Poland",12.20154841569,12.41366368796,12.49635704606,12.45058171302,12.25110491909,11.9059294533,11.39450226637,10.71916759366,9.96722078051,9.2077950514,8.49803003918,7.74920430381,6.9196845031,6.12434408535,5.53497299544,5.32105081972,5.39285799668,5.48969800553,5.6226131979,5.78073806005,5.97234401734,6.47697377217,7.41411399259,8.48593310098,9.34768080765,9.65948802421,9.35008780074,8.7387640185,8.02360793522,7.42281798224,6.49592830802,8.32714813546
620,"PRT","Portugal",8.19466353161,7.98213022098,7.77352618197,7.58845067458,7.40682535806,7.23565860906,7.01535893861,6.6946643741,6.36547587995,6.13542621929,6.07062041038,6.53431496214,7.60261813736,8.9137755703,10.12107712326,10.82099725601,10.76328552251,10.18220377091,9.19951363341,8.07259927457,7.15302914243,6.43091734981,5.680613757,5.03127024697,4.52874434355,4.25744561908,4.14727922148,4.09800859547,4.05070680785,3.92896147969,3.59482957469,3.93734227295
634,"QAT","Qatar",15.57743070055,15.46123818449,15.29559239176,15.05444877506,14.82502115573,14.56111289229,14.20426195296,13.81109029706,13.34196921556,12.86165541132,12.36571919234,11.76181526118,10.97477545061,10.21066312711,9.6332920254,9.37285305999,9.52892213625,9.9822248442,10.58491021047,11.26405526511,11.78945495166,12.29718397841,12.85532960422,13.38585292179,13.73344170734,13.86977678828,13.49738101671,12.61654813134,11.61766626945,10.77640224769,10.2391779618,10.88068477141
178,"COG","Republic of Congo",1.97342488767,1.89553630771,1.82614742625,1.75309841842,1.68775469594,1.62151879382,1.55118953268,1.48791052536,1.42056219085,1.35858097816,1.29185192865,1.21282505933,1.11900076632,1.03539229916,0.96588775102,0.9348340057,1.0148796125,1.21147988438,1.43238594742,1.60848878575,1.65735582746,1.58919051944,1.48648466474,1.36501650986,1.24700743982,1.14721629339,1.04494837612,0.93176547883,0.84354405846,0.80628525469,0.99369008605,0.8160336519
642,"ROU","Romania",6.07420084344,5.95330084928,5.82824697856,5.69766190748,5.55753758192,5.41052384562,5.25957870262,5.1307588592,5.01458661771,4.91097526075,4.82124758843,4.80126642337,4.80485695246,4.81979721208,4.79461499962,4.70322793888,4.52837965535,4.2910799847,4.05524585661,3.86069073047,3.75013768526,3.68975160957,3.64121318542,3.59445765878,3.56234379056,3.53981586847,3.5474251416,3.55991482107,3.58020422199,3.59258222276,2.81614249077,3.5675027801
643,"RUS","Russia",7.78379768838,7.57042315141,7.33225855252,7.0912919514,6.83875092342,6.58009429172,6.27451809314,5.91297859122,5.54069245181,5.22782467165,5.03617806906,4.9282923111,4.83227941294,4.75709154233,4.69757259451,4.649262407,4.56972766017,4.41981370029,4.2423226257,4.08709227172,3.99873237564,3.95893172633,3.92404932463,3.89668648258,3.87487877565,3.86457136348,3.83812057008,3.77800404675,3.72088150251,3.68960880632,3.74023730545,3.72586415573
646,"RWA","Rwanda",1.8041861925,1.68750919316,1.5793955517,1.47732344071,1.37535023249,1.27881664692,1.18480114758,1.08135552864,0.98967819468,0.91850084066,0.88500585951,0.88216186627,0.8888745711,0.8991342817,0.90872791629,0.91239928904,0.91199288057,0.91251385041,0.91180787669,0.90559710124,0.89404430728,0.86205929876,0.80796155004,0.74978239954,0.69626549286,0.66160197675,0.63436232889,0.6016560922,0.57552355978,0.56635373878,0.63833009769,0.58101549356
652,"BLM","Saint Barthelemy",NA,NA,NA,NA,NA,NA,NA,NA,NA,NA,NA,NA,NA,NA,NA,NA,NA,NA,NA,NA,NA,NA,NA,NA,NA,NA,NA,NA,NA,NA,NA,NA
659,"KNA","Saint Kitts and Nevis",0.01270677708,0.01284275429,0.01321143241,0.01314017876,0.01337449617,0.01372326423,0.01380910455,0.01417165155,0.01437699428,0.01498252948,0.0150612866,0.10649650122,0.33642103778,0.62359543057,0.87870795996,1.00228825689,1.02013280892,1.03760164195,1.0504678508,1.06143164783,1.06759556206,1.05403354463,1.0246534149,0.98933059613,0.95538299327,0.93612581979,0.96953092426,1.04658294408,1.12429932395,1.15939871078,0.89877548946,1.16833671157
662,"LCA","Saint Lucia",0.01525008957,0.01492641769,0.01486907968,0.01505715703,0.01500761553,0.01476653872,0.01523640282,0.0151776915,0.01538371616,0.01562510243,0.01554912108,0.09088856496,0.27592877166,0.50336278231,0.69639774289,0.78740282649,0.76324594435,0.70501710803,0.63846939809,0.58120424822,0.55527681655,0.54778487922,0.53407788727,0.51745823752,0.50402059672,0.49701827663,0.51058415924,0.54185517242,0.57442420577,0.58614759974,0.50594259582,0.59610053609
670,"VCT","Saint Vincent and the Grenadines",0.01313266642,0.01323091186,0.01312776324,0.01310278294,0.01293375002,0.01302388168,0.01318454261,0.01343795168,0.01367632967,0.01337702204,0.01372034688,0.04136564364,0.109200522,0.19294722847,0.26560460973,0.30021210487,0.29714484866,0.28877769225,0.27581616936,0.26528501995,0.26166795663,0.2639039405,0.27144548489,0.27832972669,0.2838287974,0.28228168418,0.27492580116,0.26575317805,0.25308695879,0.23833864357,0.21011039336,0.24168278151
882,"WSM","Samoa",0.01251675427,0.01318085496,0.01358926235,0.01403011164,0.0144590074,0.01504055213,0.01553212485,0.01577761694,0.01639996923,0.01701108517,0.01795998405,0.03241126542,0.06504447328,0.10351270424,0.13603394013,0.1490543106,0.14050659377,0.12038692402,0.09571593053,0.075464092,0.06637888051,0.06893747552,0.07566181764,0.08334211724,0.0919606101,0.10079209346,0.1114315956,0.1249878701,0.1352005819,0.13921902822,0.07896053754,0.13682141023
674,"SMR","San Marino",2.51868046859,2.4661407363,2.41945457916,2.38668378338,2.36576716652,2.35864012596,2.37114458982,2.39318293493,2.42817598985,2.45643656661,2.4654989318,2.46273413067,2.45826676545,2.45113956264,2.43872925908,2.4282799549,2.36481649488,2.22977684584,2.0549569568,1.87076420862,1.72537521212,1.60933437262,1.49466818693,1.38322191508,1.28387213141,1.20034302632,1.1297390735,1.05662470546,0.99801187381,0.95803890524,0.9140815853,0.94153252683
678,"STP","Sao Tome and Principe",0.0045076271,0.00443901912,0.0044559802,0.00447637646,0.0044159936,0.0043933552,0.00420416878,0.00413837938,0.00398938463,0.00386276366,0.00368640823,0.00516359367,0.01055899991,0.01755101119,0.02277496634,0.02484173672,0.0243370774,0.0236699116,0.02280981047,0.02181746085,0.02078544604,0.01940000176,0.01765749751,0.01581718666,0.01438402138,0.01373490216,0.0149406163,0.01762786096,0.02051453013,0.02192205991,0.01624343918,0.02194561447
682,"SAU","Saudi Arabia",3.19261860949,3.16371911559,3.13479161721,3.097190861,3.0518375575,3.00797476512,2.9604924508,2.89451141957,2.8266383195,2.76235140034,2.70800871707,2.66799132002,2.6514750604,2.65897850466,2.68341509151,2.69469627023,2.78286206801,2.96297902551,3.18695827571,3.41769057129,3.57981794277,3.69456915528,3.80455279108,3.90884381825,3.9731644052,3.98297609141,3.72313598637,3.16746182709,2.63461101409,2.37154740213,2.33725674319,2.35558001004
686,"SEN","Senegal",1.30259509441,1.26152931385,1.21727300769,1.17670717439,1.13199212005,1.09068553184,1.03828538209,0.97839255585,0.91888386873,0.87392215635,0.85196032398,0.84989023735,0.85946691185,0.87309134373,0.88351086829,0.8859306154,0.86397729835,0.81784638181,0.76634399046,0.7216800375,0.69971406046,0.7157658372,0.75270067241,0.79822651124,0.83570996112,0.85674557819,0.85728920186,0.85653658365,0.85596276525,0.87609253854,1.07664903428,0.90047633642
688,"SRB","Serbia",3.71642036709,3.61595509174,3.51965530673,3.41690868804,3.31728962951,3.22435100071,3.10148100336,2.94623748316,2.79084040447,2.65328170798,2.54661108268,2.44052502742,2.28082964279,2.1262741342,1.99665383178,1.93147557009,1.93917350144,1.98618833947,2.05008305675,2.09692605082,2.12159866561,2.11412563985,2.10431732009,2.09212791663,2.0786563538,2.06177504851,2.01336320933,1.90339407412,1.78250096865,1.69093007249,1.63512540251,1.69427518252
690,"SYC","Seychelles",0.04027678417,0.03986556644,0.04052385408,0.04020702192,0.04076092178,0.04096882084,0.04080010257,0.04110481379,0.04137307762,0.04111102902,0.04169213345,0.041868562,0.04218172276,0.04266615412,0.04341932435,0.0438504689,0.04391687297,0.0436508168,0.04376376023,0.0440249946,0.04383635214,0.04294699217,0.04203846232,0.04005209438,0.03977363129,0.03880745207,0.03839326445,0.03754402705,0.03709618849,0.03722898365,0.03722237994,0.03707305272
694,"SLE","Sierra Leone",0.24381086338,0.23276855938,0.22185114125,0.21088293634,0.20080140373,0.19052011744,0.17898829753,0.16620324055,0.15428574356,0.14540234355,0.14104491329,0.21293864432,0.38198360053,0.58251276628,0.74608787023,0.81303209568,0.79201257518,0.75470690269,0.70871585123,0.66773209743,0.64830057387,0.64433240603,0.64226617559,0.64223940776,0.63960712952,0.63962089029,0.63636334751,0.63484603483,0.632206408,0.63639512326,1.03759956135,0.64594584
702,"SGP","Singapore",9.05476697589,9.11594177704,9.16337741695,9.17765798585,9.19616771221,9.17220955681,9.0442555534,8.84094427382,8.61562257856,8.49444185695,8.59027103141,9.19535579717,10.3167086395,11.50946833286,12.55496503757,13.00630819717,12.94651657542,12.70584761718,12.3770659141,12.03500036858,11.77484020641,11.56744784202,11.41338727311,11.2454596342,11.04259594606,10.81261506587,10.54474947567,10.11660467393,9.56146733402,8.84411022471,6.75648529036,8.7499511363
534,"SXM","Sint Maarten",NA,NA,NA,NA,NA,NA,NA,NA,NA,NA,NA,NA,NA,NA,NA,NA,NA,NA,NA,NA,NA,NA,NA,NA,NA,NA,NA,NA,NA,NA,NA,NA
703,"SVK","Slovakia",5.81844153324,5.73121608302,5.60322964066,5.43112891403,5.23204367315,5.02300873837,4.76219209989,4.43424048055,4.06826184347,3.72043543227,3.44564618724,3.20921272791,2.97677437176,2.77090974797,2.60264544969,2.48835991423,2.40978471451,2.34655609154,2.30030334848,2.26121552995,2.25251846926,2.25370492137,2.26488394216,2.28349328926,2.28241527296,2.28215512088,2.27219767073,2.24322641363,2.18827628394,2.11391293437,1.40313460837,2.12813462845
705,"SVN","Slovenia",7.39384128639,7.27892841153,7.1070869963,6.90635504852,6.67817166325,6.43374659052,6.11720374131,5.73620997364,5.30184762749,4.88604371951,4.51521851555,4.2138793211,3.90700677842,3.62741005429,3.39694785822,3.2233503593,3.10541419717,3.00840199699,2.92484481401,2.84306099217,2.75696258796,2.65272556028,2.53730062339,2.42522441023,2.32999394433,2.25951343676,2.22328774732,2.19899832105,2.16369169417,2.10900451111,1.59629928833,2.08892417848
90,"SLB","Solomon Islands",0.13137079156,0.12743336774,0.12202228595,0.11579714281,0.10932492016,0.10254707541,0.09334540029,0.08106253187,0.06861519338,0.05977654551,0.05594480372,0.05589221973,0.05568917148,0.05578319879,0.0557427169,0.05550513944,0.05366619046,0.04934999993,0.04444222362,0.04024670595,0.03813890592,0.03859963084,0.04021179806,0.04200885711,0.04334073808,0.04288907818,0.04125814648,0.03943272277,0.03749250173,0.03543385652,0.03196445513,0.03571595533
706,"SOM","Somalia",1.07483229098,1.00726521093,0.94121619773,0.87631890906,0.81849173137,0.76586986142,0.7086707945,0.65189474934,0.59930463373,0.56012716294,0.54057665158,0.5479443497,0.5689948243,0.59884321225,0.61981253608,0.62598272943,0.6171090308,0.60082800609,0.58319676665,0.56800613501,0.55862767873,0.55943842788,0.5713694814,0.58725221856,0.59726554856,0.59605583467,0.58410714515,0.5684177848,0.55312389567,0.54359989857,0.70541845544,0.54345885174
710,"ZAF","South Africa",0.95530315885,0.93248256333,0.91171322918,0.89349787318,0.87803822834,0.8656495764,0.85919816994,0.86098807397,0.86582086405,0.87157495429,0.87307058185,0.93434958496,1.07150343492,1.22056443962,1.3248300471,1.34692378304,1.28182495795,1.16554871857,1.0390768833,0.93906653774,0.89413830536,0.89861378124,0.91267201591,0.92531141816,0.92719314083,0.91499843369,0.86970590307,0.80246832899,0.73886292613,0.70171479175,0.73754745477,0.70844305309
410,"KOR","South Korea",7.18163887737,7.0150185558,6.8993506295,6.81768160495,6.76962689432,6.76659313487,6.85827243119,6.99255193362,7.1645864689,7.37097767255,7.55404278659,7.73798384791,7.97199732913,8.19297508331,8.46284851038,8.74465055679,9.14477131556,9.70708559009,10.28895219585,10.75494568953,10.97290526851,10.92432225258,10.77417228601,10.54324083774,10.30251200259,10.09801802633,9.63232969003,8.75599723329,7.77563636014,6.92265145649,6.28411199545,6.89769758394
728,"SSD","South Sudan",0.23637936801,0.21844413844,0.20306305858,0.18828977409,0.17506086365,0.16299733347,0.15145499862,0.13956751238,0.12914311468,0.12051331959,0.11535932246,0.1196849945,0.13232406047,0.14668164803,0.15817261936,0.16147744015,0.15900082902,0.15314547339,0.14633159376,0.14008869604,0.13632501961,0.13393940803,0.13082504409,0.12759489507,0.12438263771,0.12224188348,0.11652018644,0.10678859649,0.09781259861,0.09328131078,0.10087554794,0.0930625101
724,"ESP","Spain",4.75480570984,4.60091063591,4.47096480844,4.36739220472,4.28510511658,4.22040632499,4.17673430894,4.1166918498,4.06976115926,4.07356130125,4.10792601134,4.4595833468,5.23865125917,6.22466391486,7.13423777239,7.62886928659,7.57042994137,7.13178412753,6.47989923501,5.79248502457,5.30619822936,5.01863854243,4.74506786553,4.47876675758,4.2444791844,4.03595759737,3.8896945212,3.76234113127,3.59471106804,3.36035911669,2.65782816448,3.34267917697
144,"LKA","Sri Lanka",0.51634605606,0.51876469839,0.52095082299,0.52552859308,0.53246874426,0.54034762374,0.55111990829,0.56463542195,0.57958781337,0.59811745464,0.61987535114,0.66522502665,0.74251458838,0.82600105417,0.90633265259,0.95618455468,0.98276659782,0.99905088951,1.01044767816,1.00849322238,0.99628475344,0.96601542981,0.92146079007,0.8681843689,0.82955644405,0.8044480215,0.79681416119,0.79651872833,0.79756838255,0.80574918678,0.86030027253,0.81515526633
275,"PSE","State of Palestine",4.2571886722,3.98856718236,3.74844736775,3.56552009656,3.43562628641,3.38333027579,3.37230300396,3.38936533075,3.4129530109,3.42943550707,3.45523210856,3.49688138103,3.57030725987,3.66336806548,3.74510625594,3.77333758336,3.82211700255,3.93960934337,4.08097816638,4.18375280742,4.1961735481,4.15993135359,4.08514758841,4.00998619776,3.93064180789,3.8561469678,3.75461804773,3.57453510292,3.31903801226,2.98255877322,2.18344472475,3.00753371426
729,"SDN","Sudan",0.96340599283,0.94348327692,0.92408904002,0.90594399186,0.88941828585,0.87184311425,0.84994355492,0.83047496446,0.80747896753,0.79051346869,0.77671788156,0.77248296004,0.77103656893,0.7755368051,0.77549420901,0.77790411709,0.77979441893,0.78028006759,0.78808630844,0.79011936994,0.79529840503,0.79940899901,0.80299254696,0.80185273471,0.80172353998,0.80525212298,0.80814167663,0.81255557138,0.81708834304,0.81016339192,0.6926920759,0.79944425737
740,"SUR","Suriname",2.26833073597,2.26583633335,2.25989794369,2.26195033845,2.2596567522,2.25992987319,2.23182110702,2.16875967304,2.09270086949,2.03030239646,2.01003170844,2.04614338305,2.11466196928,2.19236353815,2.25591154922,2.29483828789,2.2880094421,2.24257897068,2.17215154255,2.11800883622,2.0931071653,2.06976012334,2.02656046108,1.97063728649,1.90868086515,1.86800727957,1.83340856156,1.79200885019,1.73766028298,1.67026697509,1.12170109516,1.69357584991
752,"SWE","Sweden",6.50435173051,6.0630645143,5.6831053804,5.3728714326,5.13754996277,4.98597566536,4.92317988515,4.90298266671,4.90593839273,4.90940847986,4.90824982788,4.91854740265,4.98122808012,5.05477209621,5.12033325336,5.11511258029,4.96445596349,4.67535558783,4.3583111301,4.11009999681,4.04216442161,4.19947423737,4.53082004943,4.91008059007,5.26117657623,5.44635483456,5.56206524234,5.66410498224,5.66960367887,5.50662568802,4.27724251255,5.41749287494
756,"CHE","Switzerland",12.43796291598,12.1602131398,11.82829585837,11.46706048102,11.06823196512,10.67927198902,10.14971748018,9.52010058925,8.82744171753,8.17721293004,7.66445229532,7.27951789678,6.9015608665,6.57309642122,6.26230410669,5.96880874531,5.6294558153,5.24860520631,4.90947255174,4.65133105606,4.53011733136,4.5202239308,4.54503521465,4.56255040579,4.57720411633,4.58332157125,4.47147452843,4.19364023573,3.79751180742,3.32588041227,2.51079141842,3.26438343409
760,"SYR","Syria",5.99116257523,6.00113216439,5.99479626513,5.96906945497,5.95713848239,5.95441445833,5.84834792473,5.57692923601,5.2570056947,4.97789386366,4.86205334087,4.71118216548,4.35307057404,3.93711948603,3.61177450473,3.48480528869,3.74415859839,4.35144281125,5.14251114771,5.83046623298,6.12839626929,5.88668270446,5.32265168857,4.63675118868,4.07484476362,3.8349927324,3.81475226107,3.78119775763,3.76196170058,3.76150672994,3.53601857522,3.83724051864
158,"TWN","Taiwan",3.47518691544,3.60365879907,3.71048294184,3.79896468899,3.85843662836,3.89529553756,3.89416659579,3.8422319461,3.78557504744,3.75655890063,3.78154031531,4.37319368933,5.6228800713,7.05695741446,8.22765607377,8.73936230893,8.66635505846,8.3901693958,7.97813170427,7.59726130319,7.26889809649,7.21734685069,7.41311648582,7.57424853557,7.54939069521,7.20346640302,6.7372997974,6.32790916369,5.86876296139,5.26790465214,4.28639794234,5.26586905613
762,"TJK","Tajikistan",3.42254518765,3.30618252928,3.17837879709,3.02524369791,2.8493328335,2.68471840375,2.44889536934,2.14594425283,1.8474495982,1.61290343287,1.51876207589,1.52830587568,1.55652747059,1.58631858424,1.61979877904,1.63313597891,1.63472777473,1.62365886033,1.61953540239,1.61773483366,1.60677122574,1.6631230811,1.80229191384,1.96372140121,2.11160167892,2.21594402238,2.27172870687,2.32311962304,2.35477374683,2.363873157,2.26002729186,2.38574139134
834,"TZA","Tanzania",0.62210681535,0.5914223918,0.56143567899,0.53344489697,0.50877038359,0.48345618264,0.45809735935,0.4315572767,0.40685491336,0.38910617665,0.38219321807,0.39146882769,0.41674916081,0.45034967622,0.47973676382,0.49836631118,0.50833891893,0.51746822237,0.5247598064,0.53079020959,0.54034200401,0.56140222002,0.59227993627,0.62276695954,0.64536534133,0.6556170032,0.64227664885,0.6141982886,0.58584720653,0.56987599998,0.58011812222,0.57585071276
764,"THA","Thailand",1.33732425672,1.3536661626,1.36985608418,1.38970055255,1.40992961247,1.44196351712,1.47741144626,1.52446351553,1.56523126436,1.60686845807,1.62471805877,1.6636037447,1.73638883645,1.82126069974,1.88332283566,1.9171079378,1.94066407407,1.97391329073,1.99412818922,2.0016229033,2.0108403398,2.01771552779,2.01538869028,2.02004219182,2.01954044733,2.0170280288,2.03415315667,2.07744384068,2.11122511865,2.12080114585,2.1121070917,2.13305649638
626,"TLS","Timor-Leste",0.64024136406,0.6576083599,0.67396031575,0.68870879286,0.70342310125,0.71914106858,0.73011930617,0.74051855894,0.75290490363,0.76946227078,0.79354644388,0.85931826803,0.96953734295,1.08676997001,1.16942785801,1.19145575447,1.16849588418,1.13128593325,1.09307767761,1.05586606646,1.03532825154,1.02327762344,1.01270843807,1.00940079905,1.00432010371,1.0002459212,0.99360422147,0.98325271806,0.98048822322,0.98812985608,1.06055215701,0.99773965364
768,"TGO","Togo",0.77266204613,0.73581229559,0.7049175025,0.67685552552,0.64852556971,0.62113565339,0.59328012413,0.5668852931,0.54072699325,0.52032765277,0.51301985741,0.55241095416,0.64849330461,0.76000624352,0.85226508072,0.88512330835,0.83645983435,0.73277149179,0.61323186386,0.51454890463,0.47188067856,0.47427629972,0.48695846362,0.50302808116,0.51625565207,0.52170954901,0.50342664101,0.46429904627,0.4277670978,0.41146652547,0.58949466809,0.4187654943
776,"TON","Tonga",0.01857773503,0.01965276399,0.02063308858,0.02177056318,0.0228779306,0.02404276776,0.02503884307,0.02646684936,0.02806334767,0.02971696822,0.03138794756,0.05791945102,0.11757074843,0.18711348058,0.24428584132,0.26832382427,0.25025577623,0.20974977537,0.16247146395,0.12441701597,0.10797166374,0.11082409685,0.1213392896,0.13631651226,0.15241745521,0.16753558831,0.18406956764,0.20411205869,0.22031864199,0.22617639608,0.13094613454,0.22513966026
780,"TTO","Trinidad and Tobago",1.76689180056,1.78693248573,1.80135924032,1.80613175777,1.80793150433,1.80837010333,1.795867763,1.76983048507,1.73649347766,1.71988353476,1.73279403694,1.84059245492,2.06175915412,2.33616054036,2.5960539518,2.74985785608,2.74437199622,2.63706230029,2.4726753748,2.30227655458,2.20276578572,2.09898197529,1.90648028603,1.67930262286,1.47576430933,1.35416308245,1.24676471903,1.09224697531,0.9563588459,0.89528867245,1.0164927565,0.90837214843
788,"TUN","Tunisia",2.16669697333,2.09293855395,2.03064233989,1.97607258069,1.94500059237,1.92816114494,1.9320187136,1.95592085425,1.99229680274,2.02692336498,2.04966840588,2.06417902418,2.07587195889,2.09665648769,2.10930965238,2.12794713256,2.15284112968,2.19736027489,2.24652962316,2.28351014009,2.29571814595,2.29661488738,2.28026399969,2.25655786591,2.23060416713,2.21051046276,2.12953924346,1.99191499221,1.86125707248,1.79985224202,1.94411010059,1.79972926419
792,"TUR","Turkiye",7.70922487631,7.40719398123,7.13519658891,6.9111732762,6.72915477571,6.5482578449,6.41672334535,6.312065249,6.22536928219,6.15036186068,6.07602757981,6.19657286118,6.53969288584,6.90788284792,7.22032085921,7.31370996842,7.20043850773,6.9728676428,6.71374842966,6.53178483265,6.47353220499,6.56469233827,6.73202336638,6.92812885508,7.0961820393,7.18853592411,7.17419499989,7.17200590818,7.13831112431,7.04927775137,6.30828515651,7.24379474679
795,"TKM","Turkmenistan",3.93794878869,3.67778655865,3.4170486222,3.17641553282,2.94395358511,2.73007435027,2.51273791452,2.2890969537,2.06989318317,1.8912706366,1.75792996199,1.65534597876,1.56555930251,1.48281241609,1.42229929287,1.39607808522,1.40541673905,1.46931118914,1.55556474966,1.65287365727,1.73944842123,1.8327060544,1.93735327141,2.02795904505,2.08990712584,2.09950352244,2.07611588085,2.04477438101,1.99662975702,1.94087563633,1.82189377693,1.94997168314
796,"TCA","Turks and Caicos Islands",NA,NA,NA,NA,NA,NA,NA,NA,NA,NA,NA,NA,NA,NA,NA,NA,NA,NA,NA,NA,NA,NA,NA,NA,NA,NA,NA,NA,NA,NA,NA,NA
798,"TUV","Tuvalu",0.01993001022,0.02036326175,0.02059785743,0.02106461656,0.02123410968,0.02162912447,0.02162451281,0.02170777082,0.02179180954,0.02211623082,0.0227475477,0.03997046293,0.0781270742,0.12076082979,0.15529477673,0.16782656665,0.15452497806,0.13046121445,0.10182403522,0.07922233457,0.06844080774,0.07050628404,0.07589815781,0.08358792427,0.09197322524,0.09967488911,0.10873303709,0.11999481093,0.12927512884,0.13169788542,0.07601589567,0.13085390006
800,"UGA","Uganda",0.74501724801,0.69625203781,0.64907076718,0.60603983917,0.56745015245,0.53078518165,0.49526515227,0.45737476172,0.42335305899,0.3970496065,0.38310029038,0.37832421283,0.3774592745,0.37790847799,0.37896936991,0.37937833329,0.37903572681,0.38080064561,0.38160353748,0.38047868995,0.37753359219,0.36476293821,0.34104757204,0.31377813637,0.29271759727,0.28281537673,0.28102794257,0.28156398525,0.28178424535,0.28140144153,0.26592573538,0.28962497292
804,"UKR","Ukraine",7.78689869822,7.59683666331,7.36552364493,7.11330601393,6.8357393198,6.56054163471,6.21708365889,5.776246373,5.30035135766,4.84060984303,4.45845044322,4.12207671786,3.7923162597,3.47540459156,3.22886314951,3.04528986171,2.92208708657,2.81488952605,2.73414357771,2.67065425695,2.63107132282,2.59760695718,2.56218150488,2.52845055476,2.4919830756,2.46030104953,2.43760245498,2.4388845299,2.42047311924,2.3896744212,2.11727575649,2.37533297402
784,"ARE","United Arab Emirates",14.03069723714,13.82552358415,13.55962893491,13.23438475954,12.90517276121,12.54451778977,12.05047853107,11.32308488942,10.61395958734,10.08809310155,9.86065503894,10.15363415041,10.88980182644,11.82409506178,12.71578286953,13.27908844305,13.53021444598,13.76329785875,13.95359286471,14.08899520414,14.18255449159,14.25122896381,14.26354518812,14.2234180135,14.09176693581,13.89539780623,13.30626659202,12.25470312102,11.17846730946,10.40907278716,9.87517682395,10.50588531262
826,"GBR","United Kingdom",21.85089896012,21.38775489238,20.93170210226,20.51170415782,20.13963402695,19.83752674721,19.4681099885,18.95188880114,18.38971116784,17.87997986603,17.5310021266,17.25810120957,16.94000393596,16.60933215484,16.29337716006,16.02488698441,15.57844110081,14.83313023109,13.98099102869,13.19938892101,12.64458922163,12.25115608925,11.83119029454,11.38301301412,10.9060053014,10.40122148866,9.87080795348,9.25643754326,8.47102536352,7.43489016046,4.19911874196,7.43224403552
840,"USA","United States of America",32.25099090443,30.31507366201,28.50811302692,26.97044870239,25.86375778909,25.35085588139,25.1266582091,24.86077339544,24.559427284,24.30572212693,24.1732276137,24.13746382202,24.14862948789,24.12913879872,24.07734438913,23.94461409785,23.37808877718,22.15665822172,20.41977340772,18.50113712623,16.99223396057,15.99952814894,15.130658328,14.36587775349,13.672251621,13.02713945362,12.43433304019,11.89242380012,11.37755868992,10.85044671184,9.8412983904,10.8165291046
858,"URY","Uruguay",1.80304005203,1.81785371069,1.83178476177,1.84571089789,1.84922331349,1.85044545485,1.84937604783,1.84043572664,1.82872904971,1.81818649587,1.8138345672,1.87808033959,2.05282502976,2.30711182874,2.5911184945,2.87742180777,3.30737646539,3.89445250991,4.49677025092,4.94474386427,5.10387114219,4.90712390962,4.48541899298,3.99473115384,3.56340341001,3.31917802352,3.24425667033,3.19434030356,3.14236007762,3.05313279172,2.78462995394,3.03972042798
860,"UZB","Uzbekistan",4.36401459319,4.20696099986,4.03717472231,3.83630797403,3.62001643582,3.38604282856,3.09616923468,2.72590243922,2.36634170109,2.0627116812,1.8778704997,1.78378476861,1.70463985841,1.63317532482,1.59431410002,1.58017473953,1.58939633061,1.61162811994,1.65667002562,1.70490678586,1.74666112114,1.80987664479,1.88622916327,1.96986996746,2.05708440041,2.15501597736,2.27127677824,2.41210906015,2.5262747324,2.56663769389,2.21993781122,2.57883922669
548,"VUT","Vanuatu",0.00106969902,0.00108638971,0.0010989963,0.00107767252,0.0011139335,0.00114448475,0.00109751327,0.00109592972,0.00107336646,0.00100842941,0.00106270115,0.00171169152,0.00276041647,0.00408988537,0.00512095393,0.00549478553,0.00532113272,0.00489714747,0.00452002034,0.0041419834,0.00390633978,0.00384815252,0.00377196639,0.00378622804,0.00374136563,0.00373800667,0.00373399297,0.00375851638,0.00378490172,0.00378678042,0.003745141,0.00376656097
862,"VEN","Venezuela",5.61049208061,5.6845397654,5.70718933412,5.68377057554,5.62197425503,5.52995953322,5.33424956432,5.01925160725,4.65548343745,4.32860285046,4.10234248568,3.95690111055,3.83591097412,3.72547002103,3.65298800705,3.59740969997,3.5769614537,3.58337885696,3.59824267458,3.61899324118,3.60423371629,3.56297526876,3.48914283931,3.3958041043,3.30201492189,3.20432000358,2.96078616747,2.56680483711,2.19877068653,2.04137842637,2.07089595604,2.05694792451
704,"VNM","Viet Nam",1.42957709024,1.45713650507,1.48696615561,1.52553382982,1.57298035259,1.61786050787,1.70582013298,1.84670696184,2.0057142704,2.15165431153,2.25746763248,2.33207410212,2.39568638642,2.45693090675,2.51947060198,2.59413853204,2.66611967623,2.69024109075,2.67866632814,2.67405737195,2.72317444942,2.82209733604,2.93107591386,3.04884638689,3.17903500489,3.31096017024,3.47058070859,3.64705713176,3.78494865444,3.86174242465,3.44238377769,3.93683152838
876,"WLF","Wallis and Futuna Islands",NA,NA,NA,NA,NA,NA,NA,NA,NA,NA,NA,NA,NA,NA,NA,NA,NA,NA,NA,NA,NA,NA,NA,NA,NA,NA,NA,NA,NA,NA,NA,NA
732,"ESH","Western Sahara",NA,NA,NA,NA,NA,NA,NA,NA,NA,NA,NA,NA,NA,NA,NA,NA,NA,NA,NA,NA,NA,NA,NA,NA,NA,NA,NA,NA,NA,NA,NA,NA
887,"YEM","Yemen",4.65161777727,4.43326342013,4.22949957563,4.01544128407,3.8164987336,3.63382134047,3.42808719239,3.2276006183,3.03353312924,2.87299472602,2.76291244896,2.68542201725,2.61863592119,2.55257349809,2.50406020566,2.4707084321,2.51306740561,2.64738643761,2.81128173434,2.93176831888,2.97578455567,2.86511989925,2.67559470226,2.45261983897,2.26989208759,2.17230454138,2.16438428354,2.21095641298,2.26278847738,2.27359510112,2.21121952656,2.28167000237
894,"ZMB","Zambia",0.28567819727,0.28167886383,0.27948495029,0.27353113273,0.26955049471,0.26530297646,0.26012736958,0.25181302842,0.24452464359,0.2374032107,0.23315475438,0.23205518694,0.2348164529,0.2404163394,0.24895576714,0.25698557944,0.26886448453,0.28213894996,0.29835695067,0.31927246875,0.34062533423,0.37577306927,0.4243322997,0.47238316598,0.50603453645,0.51636323255,0.51051672733,0.50220804595,0.49730315495,0.49696853776,0.54625552928,0.50948229736
716,"ZWE","Zimbabwe",0.21596312892,0.21370727792,0.2107907172,0.20709150194,0.20319193442,0.2006073586,0.1960430141,0.19082654928,0.18467756011,0.17957742797,0.17800060486,0.1810714708,0.18943435347,0.19908823828,0.20966595295,0.21665441773,0.22175964124,0.22650919686,0.22821382378,0.23265429126,0.23552729738,0.24127675924,0.24566455599,0.2489319639,0.25170172261,0.2499878657,0.24612200252,0.2364086557,0.22599145362,0.22164854683,0.26849042891,0.22308158504
