"code","iso","country","NOE.raw.2003","NOE.raw.2004","NOE.raw.2005","NOE.raw.2006","NOE.raw.2007","NOE.raw.2008","NOE.raw.2009","NOE.raw.2010","NOE.raw.2011","NOE.raw.2012","NOE.raw.2013","NOE.raw.2014","NOE.raw.2015","NOE.raw.2016","NOE.raw.2017","NOE.raw.2018","NOE.raw.2019","NOE.raw.2020","NOE.raw.2021","NOE.raw.2022"
4,"AFG","Afghanistan",0.00271540489498723,0.00257734122488456,0.00318434186344515,0.00326920200323912,0.00312620600738331,0.00296802369163481,0.00300936795673804,0.00329885065260063,0.00324483299079323,0.00332322631168031,0.00326205745918751,0.00355027362740973,0.00360910012183683,0.00389617358716901,0.00403160442137738,0.00391328922814766,0.0043047959486007,0.00428742496590003,0.00422448051321667,0.00408930010681573
8,"ALB","Albania",0.0114340046128545,0.00981886691932225,0.00929863731846096,0.00975846266073122,0.0101996922076194,0.00861786671348705,0.00830998137347297,0.00740614031984721,0.00903095672125225,0.00887906154671097,0.007895343898293,0.00760247964361838,0.00831053942792955,0.00740626959340256,0.00730830628974384,0.00729098406260342,0.00695427452804171,0.0069085237445251,0.00642295168504803,0.00690851753715463
12,"DZA","Algeria",0.0161627038323679,0.0175432961750243,0.0173709201279056,0.018447646822581,0.0183520944772822,0.0187623166443484,0.0185922208014685,0.0178144853555225,0.0204029856934274,0.023330621040294,0.0191436398240427,0.023608219807324,0.0266299850560828,0.0263618677605567,0.0243331747702275,0.0252106814691395,0.0250121397906162,0.0288583136230151,0.0268202744298585,0.0307567412949096
20,"AND","Andorra",0.0131907518291269,0.0122807858654988,0.0120747151791375,0.0123206477900959,0.0118216373259624,0.0119480873076314,0.011495789153731,0.0109704594461615,0.0112601295064896,0.0107146984185615,0.0103459460734647,0.0105576372409238,0.0107840637098942,0.0102811342418166,0.0100280990101382,0.00989179201558159,0.00976841718247316,0.0096865251991605,0.0094274547219152,0.00970127370573593
24,"AGO","Angola",0.00769528445201007,0.00753015615327468,0.00723164613704147,0.00714129645100863,0.00734653892655145,0.00701732246699693,0.00656817552155741,0.00671695666988662,0.00707658591265811,0.00602246167203955,0.00615665372652521,0.0056146277297401,0.00612784719891003,0.00636649986756497,0.00521611381742408,0.00541320487730715,0.00586671675226984,0.00553414816090479,0.00527115792677164,0.00515964513231892
660,"AIA","Anguilla",0.000347426762874257,0.000300098560781891,0.000397816822637458,0.000377229707149935,0.000359753213649515,0.00028734621089506,0.000309219817989542,0.000455738676620544,0.00034481716735615,0.000326974625599498,0.00030848237214616,0.000313311417068944,0.000351902199521735,0.000412794912375948,0.000291556061375344,0.000268724627309516,0.00027676943836685,0.000271548714624835,0.000261350758294822,0.000254214893989578
28,"ATG","Antigua and Barbuda",0.0010227914117912,0.000510912418392004,0.000733398286868495,0.00115256032819924,0.000673287030792833,0.000485028602557119,0.000639834560260033,0.00096591265165986,0.000618652804819993,0.000564337481939097,0.000532452122025981,0.000527722558744731,0.000608140471174351,0.000764883279592019,0.000412181641527583,0.000406838966071288,0.000425517923998802,0.000406826538656171,0.000396044144558453,0.000380582050054728
32,"ARG","Argentina",0.0110340544202774,0.010242143027095,0.0112439826301199,0.011779925371162,0.0115356071608641,0.0120132722302268,0.0111594221213051,0.010524077328127,0.0100574739145246,0.0105389367384737,0.0108218440122562,0.0107447636307767,0.0107066708130815,0.0108878193098976,0.0100578690850213,0.0101337527874165,0.0106300824653215,0.0111749743875214,0.0098392665830076,0.0104619471726849
51,"ARM","Armenia",0.00902784036131411,0.00756700485039574,0.00787675673483388,0.00776327047800485,0.00727096202143648,0.0076152076337654,0.00718018031935703,0.0073799804935737,0.0075204924066493,0.00830353888637211,0.00858715470940158,0.00916737304367484,0.00908737411462452,0.010166399763584,0.0107461464617917,0.00941322929615605,0.0114586707095087,0.0110459698170555,0.0110651778547804,0.0109356418656381
533,"ABW","Aruba",0.00119280228038745,0.00112886647624867,0.00139634552928687,0.00118421931213508,0.00119417236740067,0.00104956500170411,0.00107108485411417,0.00139005413793121,0.00119644323639644,0.00120601404602979,0.00111504900113509,0.00106143140369686,0.00111418747365619,0.00134400056740164,0.00154735979581668,0.00138114674871415,0.00142560076084888,0.00131930955790212,0.00122258565822141,0.00122667557914697
36,"AUS","Australia",0.0225722495638879,0.0218866280772497,0.023592203187119,0.022455559240918,0.0211513718001992,0.0200360049592022,0.0209759664831807,0.0201657864220283,0.0191552655836227,0.018156719578989,0.0188966967350733,0.0181943427766666,0.0184542327439166,0.0168813245411727,0.0143638384700565,0.013597230146742,0.0154531909512288,0.0130111328942071,0.0126381822456368,0.012161839506087
40,"AUT","Austria",0.0250560034683271,0.0221192614166277,0.022159538767548,0.0229860951193299,0.0205048408204622,0.0203438103338307,0.0203569866805601,0.020336855860684,0.0205933147985237,0.0183310148678521,0.0188631938662645,0.0187504370335635,0.0191579634780397,0.0183192931488733,0.0171262075992816,0.0166036100851993,0.0163404623486234,0.0168129785999122,0.0166861786651705,0.0163310885939138
31,"AZE","Azerbaijan",0.00652290367197498,0.00626759900388863,0.00599758876207243,0.00591853321213635,0.00555638362709455,0.00532864873283119,0.00543689089945476,0.00559720448836993,0.00507490103055592,0.00547433553052989,0.00544487592836618,0.00554195798495357,0.00565147562373729,0.0059237173291234,0.00557954896838494,0.00540084612019569,0.00588581267153335,0.00592999010609961,0.00583373856722453,0.00572243687674948
44,"BHS","Bahamas",0.00161299691003354,0.00131792352638662,0.00142952126811458,0.00146470310392447,0.00148459834977085,0.00141930575743193,0.00140278734508688,0.00132752421375472,0.00151528102343356,0.00144798757534719,0.00143807905019983,0.00170501949855524,0.00188436776186631,0.00173366737335901,0.000883186528762326,0.00076586058932351,0.000790728428993735,0.000815871675345719,0.000799734315430307,0.0007411544916182
48,"BHR","Bahrain",0.0355563644556973,0.0371810588535995,0.03624563361381,0.0416369720697558,0.0374178846200151,0.0310674727298867,0.0302266616420634,0.0384871484896628,0.0326203611327713,0.0366558713234301,0.0332999811623782,0.0383788773822731,0.0343620665883048,0.0375778606486382,0.0367725881447179,0.0368059346191937,0.0402142200952934,0.041490065972872,0.0404365497455594,0.0379083756832316
50,"BGD","Bangladesh",0.0165900032736092,0.0171883565987573,0.0182363379388,0.0207994697747906,0.0199604254255728,0.0200155954109147,0.0209754666970665,0.0186535043412598,0.021659005947142,0.0219523925936272,0.02226183070933,0.0235175019070427,0.0251813647584094,0.0257448353851405,0.025839417265983,0.0278984907544474,0.028697810222242,0.0309847900515908,0.0313988952288556,0.02839287471749
52,"BRB","Barbados",0.000428005846690508,0.00042061112858737,0.000604540987545342,0.000469696866198054,0.00044786302604268,0.000428770967636995,0.000404147794697917,0.000612348741907168,0.000511315171745099,0.000462555321012273,0.000445858904139537,0.000402479247372786,0.000447995288885485,0.000611685179496159,0.000337281125704347,0.000311301156196532,0.000347058684681867,0.000328097733189125,0.000311079837730959,0.000322258334430405
112,"BLR","Belarus",0.0088884241125604,0.00808333603530482,0.00899955930454979,0.00803428804728114,0.00740776901097618,0.00645156845204366,0.00779975494705231,0.0083225619471653,0.00744253524285624,0.00792017906003916,0.00801682576700586,0.00856040085768165,0.00770960893186729,0.00859757409680968,0.00830723508912185,0.00866740451371163,0.00817905876197553,0.00833175682484956,0.00886035557200564,0.00866108055142337
56,"BEL","Belgium",0.0437497047879356,0.0385203297167488,0.037685823842901,0.0349289893026858,0.0354929659502508,0.0326854015427537,0.032851741792513,0.0327715849701656,0.0314643003987398,0.0291149528060088,0.0286244776628822,0.0270692146072888,0.0247816158399567,0.0260969235002616,0.0249576188476608,0.0234260215385622,0.021551642511135,0.0188185838629366,0.0205381894155404,0.0209151459996942
84,"BLZ","Belize",0.00148548355157186,0.000904102471578327,0.00175619379604112,0.00106023759523443,0.00126469154590336,0.00117189291382426,0.00107538697894304,0.00113491834802426,0.00155462207882717,0.00111640574417175,0.00141979938905484,0.00114372151078608,0.00117701629084682,0.00118950253620576,0.0013277367602128,0.00102763527329622,0.00130214875081766,0.0013083309073516,0.00105880922741271,0.00105180012810484
204,"BEN","Benin",0.00407908717426015,0.00459841139716519,0.00454238920954827,0.00425147844776232,0.00522035176875115,0.00530733005856717,0.00464640343026542,0.00440984960009174,0.004489843661547,0.00463231227400987,0.00473085041428926,0.00468537232814688,0.00512151282258185,0.0049984305176826,0.00494203670302189,0.00500225511072408,0.00496628138607299,0.00506532510818719,0.00489364385851579,0.0050955736326362
60,"BMU","Bermuda",0.000904317098614335,0.00081122842958263,0.000811356083717972,0.00077881245686604,0.000726959587792523,0.000781232294093319,0.000810917332828271,0.000736499708431555,0.000788664935293625,0.000811484825716108,0.000784494637818763,0.000830386205802489,0.000929527259915354,0.000951730936383157,0.000485630341957149,0.000476665563942496,0.000498013023317374,0.000476241484579369,0.000474501665938782,0.000508825877827398
64,"BTN","Bhutan",0.00742012129917943,0.00747384111496666,0.00872826671694552,0.00976058543706954,0.00835219050688175,0.00781905161629872,0.00813247680806716,0.008387546033592,0.00889295871413303,0.0094151087752704,0.00935971655341638,0.00993921350626046,0.0100166453811784,0.0106101135315535,0.0110830107277595,0.0110861852045718,0.011534112232111,0.0120175935295276,0.0117548229585766,0.0111806877801065
68,"BOL","Bolivia",0.00214580270166449,0.00226085892191868,0.00237540039044663,0.00217270604220464,0.00237032341155497,0.00231515548548929,0.0019371780778347,0.00248527052038975,0.00220679002580434,0.00179235144143438,0.00177553470325641,0.00175530616795681,0.00173780276064377,0.00221667790570742,0.00187602295153791,0.00183421385523765,0.00201720211328481,0.00229071420423274,0.00200730404296795,0.00225812914883105
70,"BIH","Bosnia and Herzegovina",0.0115442377771976,0.0104280604561092,0.0107772492244776,0.0102390244519652,0.00978302538499027,0.00895006624668711,0.00844658621948877,0.00778836293672452,0.00879282785141141,0.00816097598670808,0.00799274945609227,0.00791992424250823,0.00844850804053657,0.00825560281839692,0.00796578360278222,0.00758950860112908,0.00772158176645627,0.00793432066658448,0.0070312236667652,0.00727228498132169
72,"BWA","Botswana",0.00332198505146241,0.00306149999517615,0.00325840151357196,0.00358065025562259,0.00334739310249533,0.00442744307323167,0.00359552931905332,0.00519949496146616,0.00478775599589977,0.00359420701615983,0.00354651955647482,0.00354879432771453,0.00342674472261444,0.00338034584659387,0.00387812531968162,0.00379466776648939,0.00391873163903807,0.00380342581173941,0.00419714250994397,0.00444953456405701
76,"BRA","Brazil",0.00778442633461497,0.00761058036240011,0.00814326811359573,0.00822774672406539,0.00822312665199668,0.0079424829932115,0.00779106731045314,0.00782540386339521,0.00767794778736286,0.00769281029345205,0.00755935257293382,0.00785312225755023,0.0081001830067123,0.00774749460156085,0.00779861575275771,0.00792979690097355,0.00841502801750285,0.00821061071528333,0.00768599816817052,0.00767856145239309
92,"VGB","British Virgin Islands",0.000359386846136319,0.000311645311316773,0.000405881977433752,0.000384452651083955,0.000382061701485511,0.00029375173604892,0.000315660976366613,0.000457538458623868,0.000340951567821643,0.000347468008082875,0.00032609503614059,0.000348153494380773,0.000390889322509778,0.000444882266634257,0.000254069009466491,0.000246144566986771,0.000256484732502905,0.000313193248009692,0.00023611787566443,0.000243397514517899
96,"BRN","Brunei Darussalam",0.00657974936251673,0.00599428258039562,0.00697215699962769,0.00628399606971989,0.00591831069102502,0.00611778150151979,0.00766210247444841,0.00628330263305615,0.00673208296896365,0.00689142542928483,0.00631911465662463,0.00633640792986493,0.00630000292263203,0.00684227749729607,0.0060236400728293,0.00617996582644149,0.00634158959964909,0.00586991125107465,0.00607896133341154,0.00575240793668051
100,"BGR","Bulgaria",0.018416705440105,0.0167611340852993,0.0161362074828764,0.0163878935156034,0.0151338352749124,0.0147271790583735,0.014425806838566,0.0134658151755322,0.0141013048121913,0.0132661019330786,0.0129072027529429,0.0128906480413683,0.0132022356710665,0.0129043128426242,0.0131922663523105,0.0124456844528847,0.012897195025555,0.0123687427035346,0.0117272980002992,0.0122485811497586
854,"BFA","Burkina Faso",0.00413003779919074,0.0041870147517342,0.00411805759233726,0.00388291197278574,0.00402749309858679,0.00392861540185854,0.00405316954908859,0.00435099520403527,0.00400585640734401,0.00368361860013443,0.00400827928174559,0.00397926641047068,0.00378344682375496,0.00394892556239799,0.0041330278705576,0.00416607466964768,0.00401130577088295,0.0040137400532852,0.00408912500228039,0.004114671511446
108,"BDI","Burundi",0.00976158594734318,0.00926988484652985,0.00900376553892849,0.00848581287196047,0.00908646221861841,0.00895395671356723,0.00919936994481489,0.00946440844164751,0.00911954127857757,0.00956442805491042,0.00982277158994279,0.00992967592213711,0.00991833340332702,0.0100463097786778,0.009348951771606,0.0100910098369657,0.00963283580167778,0.0100582654749486,0.0102200519278581,0.0100878055549949
132,"CPV","Cabo Verde",0.000524557100280936,0.000498800790004228,0.000540021654195311,0.000549371800035405,0.000501972459002436,0.000539627887816792,0.000526977892247197,0.000622435656589309,0.00052975331548311,0.000570940663674199,0.000559819840057853,0.000506525844275907,0.000557231245714857,0.000581313574590904,0.000378308781284387,0.000355266486604018,0.00036029983363782,0.000402506645638086,0.000394048950062966,0.000361495813801095
116,"KHM","Cambodia",0.00373719532630508,0.00443182203885893,0.00469307160061014,0.00468125330015132,0.00505781187753001,0.00519716240346153,0.00608313897020849,0.00616552126097678,0.00616332398502664,0.00623818574391014,0.00694769193194838,0.00683799835596826,0.00694480119240449,0.00707111267694471,0.00653026412564222,0.0071062961288058,0.00732072316922707,0.00800578303543703,0.00721525103753043,0.00714023175967475
120,"CMR","Cameroon",0.00373859360372768,0.00376369032924649,0.00373385471561006,0.00338512575763594,0.00393310981903335,0.00388215171113695,0.00363403507637454,0.0035946330011849,0.00364091754836464,0.00363433833927672,0.00361221045652527,0.00368568787941395,0.0037280634723978,0.00444852152886425,0.00410754209709702,0.00395355786940895,0.00403963724266724,0.00426502423388609,0.00442252823620287,0.00408949782673759
124,"CAN","Canada",0.0280406108157554,0.023734247084241,0.0246538407929303,0.0220018311394957,0.0202384273303862,0.0193750374503235,0.0182071126668801,0.0168533314019694,0.0162659020657844,0.0158966480521393,0.0155245886398567,0.0148585306112013,0.0154630623136368,0.0141041324264577,0.0138763837150382,0.0131609537616435,0.0130805272850329,0.0118420737352517,0.0122020655995209,0.0124890676680864
136,"CYM","Cayman Islands",0.000794768796771534,0.000654685217224014,0.000712668564782396,0.000694580324384666,0.000724599664797747,0.000685151225135316,0.000688323079242566,0.000711952774129136,0.0006986456930473,0.0007039428402528,0.000753999049934931,0.000836726601237984,0.000841374515876878,0.000825465655914563,0.000508572117960343,0.000487160044631969,0.00046451889647557,0.000463350439440968,0.000445528058675727,0.000436350447503194
140,"CAF","Central African Republic",0.00500333420766551,0.00452981123291012,0.00472475231618733,0.00458648839726623,0.00513534910948819,0.00535144236192787,0.00399996695448128,0.00387577903118574,0.00459150565711898,0.00335564347159955,0.00312216312099202,0.00416381480674672,0.00434867857177418,0.00482678741673725,0.00397676757264375,0.00419223935187542,0.00325270932812022,0.003765159155452,0.00342685714836335,0.00353419322969253
148,"TCD","Chad",0.00412393915692789,0.00419181983840366,0.00408686531180839,0.00387323338570001,0.00419791129469799,0.00400888394092649,0.00372372983552784,0.00375329653430121,0.00361058454654927,0.00375646894960708,0.0036196200068814,0.00331785693673415,0.00307152306139361,0.0038427140522566,0.00323541862609903,0.00339449951571666,0.00311582411619149,0.00331105050963684,0.00341581932853713,0.00292325320443458
152,"CHL","Chile",0.0273724343340836,0.0264331901210384,0.0258757872972828,0.0261160239613305,0.0266008375677289,0.0272659655339655,0.0256814088343882,0.026014837570791,0.0262717891764813,0.0257690470454924,0.027539236383777,0.0275432935499829,0.027262167014863,0.0285178131112617,0.0274687387023208,0.0269472169630542,0.0283613819273774,0.0270553322739987,0.0272938502189046,0.0274570762167149
156,"CHN","China",0.0437251714759996,0.0459007096220538,0.0489655717304407,0.0528555403595687,0.0574704156723975,0.0586494564539657,0.0614053073228188,0.0625631662920642,0.0655808970833241,0.0649301200061223,0.0683058982444148,0.069509975077309,0.0697067134324699,0.069901120430975,0.071578316111393,0.0712817471867551,0.0756658752310814,0.0761639644117348,0.0745621047004772,0.0732964836031372
170,"COL","Colombia",0.00767281359403649,0.00750950259225567,0.00733395184729954,0.00742231862988121,0.00764175933902012,0.00749814105983017,0.00755451015244674,0.00741377401061818,0.00741430599641991,0.00782006529404893,0.00786198452577173,0.00815569433474623,0.00825380737975988,0.00827339052962024,0.00844201517244341,0.00846834517260463,0.00856051865184643,0.00865620221416459,0.00855190282067262,0.00857477633899031
174,"COM","Comoros",0.00029371233305734,0.000319203766258439,0.000417973921487514,0.000469818307021496,0.000391824721540221,0.000399513616754233,0.000435819040233014,0.000413037268064597,0.000450061204205362,0.00045660787814975,0.000505430078314686,0.000504507450386016,0.00059259943940252,0.000574052963500403,0.000415728416568332,0.000430988239193959,0.000430373334058416,0.000440430498615648,0.000412699180614145,0.000416820166605346
184,"COK","Cook Islands",4.94992751158114e-05,5.19187400567846e-05,5.33143791856893e-05,5.17647230219987e-05,5.48736327529716e-05,5.56190917071809e-05,5.08272881127725e-05,6.12585792517934e-05,6.00199721219019e-05,5.55584733992679e-05,5.31050349078016e-05,5.15567210512408e-05,5.084000667715e-05,5.70109112261354e-05,3.80428877443187e-05,3.76039456174898e-05,3.64267457191429e-05,3.71449636634329e-05,3.42028129193156e-05,3.52078484821936e-05
188,"CRI","Costa Rica",0.00789474721686165,0.007247967269951,0.00771624547001171,0.00750237816233331,0.00796521688990229,0.00776947025623973,0.00750151667563518,0.00782842179474339,0.00819797612887904,0.00819888757069052,0.00822725728254617,0.0078491572346834,0.00764883618093478,0.00850802065893462,0.00882455750292133,0.00827467578499043,0.00800425501965506,0.0085099664005437,0.00865594291046397,0.00880613634660819
384,"CIV","Cote d'Ivoire",0.00268365438502154,0.00238076069284087,0.00255375269724544,0.00242320172126314,0.00287536100450877,0.00313723757604062,0.00267189099894722,0.00248300708938695,0.00274266716067455,0.00260735315558622,0.00269010143637002,0.00223589596662133,0.00258298150374947,0.0028789649841089,0.00233540697516552,0.00245441546635717,0.00242913517096057,0.00261285293587215,0.00220891809570368,0.00244533135514005
191,"HRV","Croatia",0.0179494884554941,0.0164568427074657,0.0168048981283148,0.0159908495447294,0.0153563728380028,0.0145125264537132,0.0131382999820352,0.0127091097575638,0.0141654335990382,0.0126672666870297,0.012615719766549,0.0120694959833561,0.0135480317994748,0.0128921064614546,0.012015616254363,0.0117103929904134,0.0115710986550983,0.0118178162416396,0.0113147774944798,0.011568636848427
192,"CUB","Cuba",0.00397888989156667,0.00342993629419033,0.00375704944796358,0.00369770697736654,0.00364192925953158,0.0034903520883805,0.00347012289143047,0.00319707785076175,0.00340205301650401,0.00342573420312808,0.00338267011507962,0.00354796819730436,0.0035516968064214,0.00328528737679202,0.00310860304185836,0.00313907904765895,0.00334186461464063,0.00317574293851037,0.00331708606810083,0.00324573893422785
531,"CUW","Curacao",0.00170835296419881,0.00168207193825145,0.00218656624621578,0.00173435953450983,0.00174769934922755,0.00159883759683615,0.00157061406853097,0.00217006489316617,0.00186284564802446,0.00180738808144394,0.00166778927708552,0.00154578293293505,0.00163193968352888,0.00202568504376061,0.00186159246067491,0.00164281143436974,0.00174933594305609,0.00158455420670927,0.00147491760907186,0.00154667196521475
196,"CYP","Cyprus",0.00711091310377413,0.00659941174704685,0.00631308438740997,0.00569342877595275,0.00624071644065985,0.0060549642560732,0.00615947602827116,0.00690820888998866,0.00563589977661319,0.00527177522414658,0.0054246889093815,0.00564057180481882,0.00521583365622252,0.00540237902940041,0.00313210441427551,0.00287424669453297,0.00271955712156212,0.00265171581975152,0.00294185022251361,0.0025423828599767
203,"CZE","Czech Republic",0.0300194075034152,0.0263815761601473,0.0277388127986811,0.0278839283004018,0.0230852463639977,0.023087243178887,0.0235429342794686,0.0237679133167509,0.0228190753408438,0.0207336912084133,0.0211549828725285,0.0214894826198917,0.0204203293504195,0.021178258442565,0.0198831848394802,0.018731386927856,0.0190721572492756,0.0184891658860289,0.019967063186457,0.0192862393043189
180,"COD","Dem. Rep. Congo",0.00531673865944955,0.00565958642387172,0.00582858113032436,0.00583995355555801,0.00527460268872868,0.00561081483641685,0.00585347796722021,0.00578744394041082,0.0056335929300683,0.00560790005692183,0.00608019072650135,0.00570280185921704,0.006037423122898,0.00669831753271272,0.00554302391710513,0.00574792236474069,0.00573217122427876,0.0058685250957853,0.00608982573076097,0.00598174509574398
208,"DNK","Denmark",0.0173307657613713,0.013826572567992,0.0141370416922316,0.0145471961928285,0.0130025755660482,0.0129169373377836,0.0129339130344989,0.012397411706586,0.0132984625003359,0.0117569443766358,0.0116297574158706,0.0122068976660127,0.0109665547640414,0.0123982769053598,0.00941772618822898,0.0100387188546761,0.00978572372527266,0.00871008159332435,0.00945581529425585,0.00952258580037574
262,"DJI","Djibouti",0.00253116804102608,0.00247512960483498,0.00239362550719614,0.00240343157144724,0.00243869139306723,0.00248780181109599,0.00244952276645584,0.00262656073066041,0.00262774216060568,0.00250165052770688,0.00263369933496971,0.00250686844247988,0.0026229522216256,0.00266164230422587,0.00359499708282978,0.00326039878084197,0.00337614249448739,0.00427210831174451,0.00413529605657863,0.0038365622986657
212,"DMA","Dominica",0.000623932502327485,0.000570422305262146,0.000786491332915204,0.000662740263888213,0.000621617875260261,0.000563194039751994,0.000551214486100371,0.000863628210136127,0.000696698407850427,0.000618483160969986,0.000602986386218143,0.000559340120695022,0.00061869417644519,0.000863160087005544,0.0004753391621163,0.000440625396167369,0.000482612189365388,0.00046689208726338,0.000443627590418789,0.000445865574393352
214,"DOM","Dominican Republic",0.012596895715716,0.0123450458717955,0.0136255921642624,0.0135208539900848,0.0132500034538511,0.0118107139661901,0.0115932222749404,0.012294437341586,0.0118246559385752,0.0117180341353026,0.0112035712244281,0.0116357537536676,0.0108971342105193,0.0119174040182347,0.0120491879261115,0.0112679894999904,0.0120755290201064,0.0110496241558687,0.0115526962488277,0.0117780932718601
218,"ECU","Ecuador",0.00811089271021274,0.0079363326123622,0.00799455379950273,0.00809419015567704,0.0080637973632994,0.00816875074855854,0.00798504840205135,0.00785815434696503,0.00798889058567056,0.00790727051380682,0.00802993344645869,0.00789592472476745,0.00806144389956161,0.00795458821627824,0.00820415060865226,0.00793019691044774,0.00803049615851886,0.00817290205885636,0.0079728953417364,0.00819561561187741
818,"EGY","Egypt",0.0280179537019557,0.027260149703508,0.0285861650928815,0.0298337723630523,0.0288962706502282,0.0290915325047955,0.0299733563829774,0.0304451796263309,0.0293520499873694,0.0298971539652444,0.0327168578640519,0.0349829151248718,0.0333229171084273,0.0348111389528852,0.0375280577873513,0.0375368461771216,0.0390897744831386,0.0398472676374917,0.0410682740431646,0.0404071018436031
222,"SLV","El Salvador",0.0128671001038568,0.013391493561534,0.0140592863492216,0.0136079666432527,0.0142148515670997,0.0130995081701787,0.0146672224622695,0.013482607814906,0.0144159111970305,0.0149162409704052,0.0144816020911332,0.0151059846574065,0.0152832184593405,0.0154190452398616,0.0150009059975072,0.0152528157813665,0.0165088358145971,0.0152130298504356,0.0150073856047428,0.0151311386315008
226,"GNQ","Equatorial Guinea",0.000744613979981377,0.000757760718547817,0.000797978772509047,0.000814865584527683,0.000845736332641656,0.000870200100573851,0.00090244386188262,0.00088215503161209,0.000935794245185525,0.00100208188632518,0.000995519067917801,0.00102092012382361,0.00104497323087204,0.00118737380673536,0.00111347065311983,0.00115448816985493,0.00120117371082213,0.00112491408224435,0.001160104371899,0.00113785282445679
232,"ERI","Eritrea",0.0036102723864017,0.00331348773184165,0.00338333368641937,0.00337411323619374,0.00332230379307102,0.00342424125239676,0.00330632375432878,0.00348036951482834,0.00330168762975213,0.00340175176989656,0.0034173625950565,0.00353021282554626,0.00330142747933701,0.00359434863341132,0.00452819625480184,0.00445045925650091,0.00497266244112052,0.00458404442339517,0.00475166723833455,0.00446549858773968
233,"EST","Estonia",0.0141327116310268,0.0133641141781827,0.0141723191666535,0.013407792891071,0.012583926244535,0.0109388053305241,0.0118021678041151,0.0119690157972606,0.0121726415126973,0.0102045484990969,0.0117671202711166,0.0106346204700078,0.00908930337323165,0.0110855070461269,0.00817030651794081,0.00953505061500542,0.00876749462633909,0.00683060915333666,0.00910283237690976,0.00887552239231761
748,"SWZ","Eswatini",0.00859664574075533,0.00918954482478728,0.00989349669563449,0.00969988603016425,0.0124194278119245,0.0110799352432898,0.0102942233492642,0.0113428549154082,0.0107188018840312,0.0105632801560954,0.0111765056065797,0.0119290466884327,0.0112372111146995,0.0108449049681605,0.0104097993657378,0.0108095365645422,0.0119488189588853,0.0112934937905492,0.0118769011755718,0.0115634499019519
231,"ETH","Ethiopia",0.00707012455271674,0.006215751017007,0.00659035705595918,0.00613717889161653,0.00637121653384035,0.0062811992148207,0.006114805705643,0.00636101055028449,0.00622991513943806,0.00634922170386687,0.00646607752732252,0.00649099500892973,0.0065809233552303,0.00664477584507244,0.0064905041959246,0.00653091730433619,0.00671237027944983,0.00666402985614195,0.00667859762357515,0.0064886284219935
234,"FRO","Faeroe Islands",0.00153902855269489,0.000725483498439756,0.000676788515578242,0.000838683629229113,0.000620549388082803,0.000743590651803423,0.000837116894168377,0.000782805534924711,0.000790196230157714,0.000515269812764977,0.0006786696980141,0.00103525905490969,0.000646233575647324,0.000772893365854539,0.000601804327028052,0.000699177663264468,0.000635838586053054,0.000608804707439487,0.000626066776510045,0.000667155222240062
238,"FLK","Falkland Islands",0.000113823565096398,0.000263369787450353,0.000123453489748953,0.000167081009303549,0.000120419809177147,0.000139450190168235,0.000161368374863333,0.000155451751885591,0.000137716394498588,0.000260242295318392,0.000106723470373754,9.61149501411141e-05,0.000103263893251032,0.000128058879473873,9.66523311378907e-05,9.05581038161383e-05,7.89738569224206e-05,8.82300697702316e-05,9.92770028198155e-05,0.000333829698116614
242,"FJI","Fiji",0.000539048073581362,0.000435943829942838,0.000560930273161572,0.000480305693683961,0.000565135485359048,0.000543287721280148,0.000439591386195562,0.000566950817727924,0.000483533606234675,0.000455819218402326,0.000451560043771851,0.000561533304392372,0.000408290001706567,0.000479438825126276,0.000479653987466395,0.000466140970362836,0.000383836303136949,0.00041309091683346,0.000545369783106171,0.000466541820593896
246,"FIN","Finland",0.0271036582044939,0.0278852350966404,0.0268504025872218,0.027135489876994,0.0251842306453011,0.0231235044633046,0.0240773968447143,0.0248778156692776,0.0247745486359058,0.0212551852341033,0.0228090647337725,0.022044010235189,0.0196757803179208,0.0214720359233398,0.0176193199914436,0.0206307656470478,0.0185506950312852,0.014397360254117,0.0178130122003372,0.0191345222367286
250,"FRA","France",0.0236856677548263,0.0210005489530682,0.020611009413632,0.0208741814558006,0.0205170449830745,0.0192659188036192,0.018896433425677,0.0183975714371569,0.0189365671923294,0.0174787947691167,0.0170649509318597,0.0172090427219307,0.0165209434632682,0.0169224939688161,0.0154558547477941,0.014494218632534,0.0139323957084011,0.0129425060406655,0.0135275761296,0.013822225929353
258,"PYF","French Polynesia",0.000322613365274826,0.000296415864627351,0.000324056224427093,0.000318818301136583,0.000319922686664894,0.000257588431973722,0.000297846827541082,0.000275742740727899,0.000238522737646501,0.0003089636200632,0.000264085168725734,0.00029232760634506,0.00029659244535518,0.000348500338041545,0.000213684688206296,0.000242052989433615,0.000240570415201099,0.000240065088231948,0.000232803108998762,0.000227987146746991
266,"GAB","Gabon",0.00137664008058312,0.00142642168381463,0.00146530370799087,0.00153316825939459,0.00160236072085519,0.00167510801620702,0.00173171964644532,0.00174990380275026,0.00182236907441793,0.00187205886924278,0.00186951783488338,0.00181046145852998,0.00184195759486683,0.00196684309733555,0.00188306828406531,0.00202181624134212,0.00210398807868585,0.00201917429985508,0.00218292784287173,0.0020948342893589
270,"GMB","Gambia",0.00298883526258544,0.0034549439407743,0.00360983342960806,0.00376174581868939,0.00393911132432142,0.00404640730891242,0.00358745371962908,0.00435442486590071,0.00380694334681952,0.00356591261548599,0.00381969800054687,0.00371226500600968,0.00392059282627228,0.00428664961391939,0.00420269137170362,0.00415214719538831,0.00436363198583398,0.00477082707441485,0.00459950043563299,0.00458564406661516
268,"GEO","Georgia",0.00671908825934644,0.00568025596524218,0.00557366625582575,0.00570381360522706,0.00559807278117196,0.0055368106619638,0.00525036682822596,0.00544082154195132,0.00547049179557577,0.00566109599284766,0.00565957879106776,0.00591956056609808,0.00580613617932869,0.00593808013230311,0.00624182367234424,0.00619680381736884,0.00678830189458756,0.00645622134676771,0.00655213266191767,0.00629566319995229
276,"DEU","Germany",0.034621373573246,0.0303354273609624,0.0300580661431063,0.02899812721617,0.0266576618763328,0.0259789593582915,0.0262223956564098,0.0258562821236128,0.0261841370892853,0.0232972407084133,0.0223266789685159,0.0228825975341291,0.021501100593965,0.0216367007335291,0.0202919123169365,0.0192033007317641,0.0183556872937006,0.0171156498010561,0.0180020803408584,0.0177545119013249
288,"GHA","Ghana",0.00366777352307629,0.00360518053984934,0.00404262682423431,0.00345942821642678,0.00417072318551081,0.00453446851878488,0.00383339985336033,0.00379229363115317,0.00423783953983113,0.00365824691703184,0.00393929580145504,0.0036679555888479,0.00447802411161438,0.00470045848624404,0.00421807275665447,0.00419181601557037,0.00396946171129037,0.00443069622284776,0.00353523318437378,0.00429459512612277
300,"GRC","Greece",0.0143001548449884,0.0134160646281004,0.012564170475496,0.0132910034790491,0.0143795597454946,0.0129395461749493,0.012864671611542,0.012515514342713,0.0113954726931882,0.011674236209282,0.0110738511205696,0.0118453125097618,0.0110800120649325,0.0112156445624221,0.0104329810077693,0.00959982939030867,0.0091792887813691,0.00889362640805197,0.00899372925437307,0.00905505820100985
304,"GRL","Greenland",0.000719406279894013,0.000691113838453111,0.000689951284166201,0.000691754911778448,0.000719475902041483,0.00068571732575339,0.000715277548787275,0.000956355688058671,0.000656073961652964,0.000818215440411945,0.000665360326524412,0.000707633380392303,0.000678955764569196,0.000762485908972128,0.000779309580372866,0.000682153912939382,0.000913790178765043,0.000724124267285287,0.000751636369143904,0.000758294762171966
308,"GRD","Grenada",0.000373761356118191,0.000384013126690237,0.000512430858850423,0.000387090696128101,0.00038321491982085,0.00038934245991754,0.000330678011265969,0.000542974714486326,0.000432141879883552,0.000400074581400214,0.000368981894934253,0.000334412583404556,0.000359458084529522,0.000476490706584405,0.000325037837665452,0.000268738038834409,0.000362539839401335,0.000324807307806786,0.000278258208863333,0.000319461497129575
320,"GTM","Guatemala",0.0125522185476336,0.011369827562047,0.0129588320837687,0.0121200951393316,0.0123678213666905,0.0115291724664841,0.0124740338128851,0.0119880114982897,0.0126373328465218,0.0125116559589742,0.0121921425722497,0.0121502467205707,0.0121962745402303,0.0122699671970124,0.0130472741640618,0.0124196470361781,0.0133913985932245,0.012735397140286,0.0126676437694894,0.0129071185803654
831,"GGY","Guernsey",0.0252574037866366,0.0205597560773972,0.0213156402180747,0.0226648875376818,0.0218123292953624,0.0196888453804757,0.0205051352767362,0.0207759835214449,0.0228356302862084,0.0197117959538521,0.0172630006369981,0.0232102708439953,0.0182856124709085,0.0220264811044379,0.0143388767143489,0.0194743808892811,0.015789583065824,0.016395295001734,0.0152601014981533,0.0159090999700071
324,"GIN","Guinea",0.00529448768066661,0.00586512435869456,0.00532931114933171,0.00583079149727759,0.006860122392859,0.00621028333807131,0.00714767113916456,0.005257562297138,0.00584967596175642,0.00660601352282467,0.00570550982257771,0.00605242637608197,0.00650791530557075,0.00803095390109445,0.00571050332602429,0.00489518208966033,0.00559764693761918,0.00510857435880864,0.00472184445043902,0.00468249667241344
624,"GNB","Guinea-Bissau",0.00281973401498033,0.00273258171479556,0.00270950386958748,0.0027513469279398,0.00338421838504458,0.002845715023575,0.00280310846342428,0.00252079617099331,0.00282066845108078,0.00278073301817762,0.00257493294862288,0.00264971535163574,0.00294908158307211,0.00326950444036184,0.00233260919150401,0.00246895508186889,0.00270032997174951,0.0030352767759716,0.00242154196522135,0.00239080359394251
328,"GUY","Guyana",0.000337091835468796,0.000214508213226012,0.00024901871049383,0.000209696471958115,0.000204559551421467,0.000212594672118173,0.000230125812494331,0.000294157522352378,0.000206515759640072,0.000247896340094717,0.00019544486339647,0.000213518617445965,0.000262053442968386,0.000315523629955183,0.000179701924719064,0.000187571341168997,0.000221549547677389,0.000218206912580523,0.000184078740074319,0.000197748018538139
332,"HTI","Haiti",0.00709010658789068,0.00669290674167966,0.00700713846529525,0.00745380558306842,0.00714610183457005,0.00696004541556861,0.00692483208834453,0.00665979689794995,0.0072210268152605,0.00681443614911943,0.00708980516338707,0.0068337159574549,0.00676479397162227,0.00692798042472513,0.00672627634282537,0.00634620555218062,0.00675218276849381,0.00636029056604471,0.00695980921212818,0.00661468276587309
336,"VAT","Holy See",0.0309003405272961,0.0281311292201281,0.0276100616902113,0.0277427509427071,0.0263316798955202,0.0232286173850298,0.0223213471472263,0.0193458590656519,0.0236004032194614,0.0211629718542099,0.0200183298438787,0.0187708474695683,0.0201307013630867,0.018537875264883,0.0157488025724888,0.0149374064058065,0.0136015089228749,0.0145118860527873,0.0132384411990643,0.0143845789134502
340,"HND","Honduras",0.00540607304847417,0.00447983259972785,0.00603416257007454,0.00538572370293406,0.00552822408309372,0.00537904978176587,0.00549258917376821,0.00494091313502411,0.00614094534288458,0.00521750757110611,0.00572375913816317,0.00554352854990679,0.00516789399200073,0.00556058431793234,0.00557067690643376,0.00554875440831088,0.00610816455600344,0.00662310799136944,0.00516440743078299,0.00531978894598523
344,"HKG","Hong Kong",0.0789516569426505,0.0917522029927816,0.0869959466890949,0.106971047428499,0.11221768012628,0.115567675514467,0.126276362882735,0.120310658063104,0.12090645830239,0.115841026268283,0.127188819679612,0.132063972357625,0.1346212497346,0.136320412226773,0.103847122506063,0.11611291490024,0.117715118387407,0.108697996704423,0.104334315817981,0.106577492346512
348,"HUN","Hungary",0.021615878846207,0.0182077209411598,0.0195875046251161,0.0196093736346312,0.016784149243772,0.0162419607046521,0.0157606325584475,0.0156146193473471,0.0162418442730261,0.0146175465147009,0.0148316304446664,0.0149431643679386,0.015348259107662,0.014814734874472,0.0141539845541541,0.0137589867278369,0.0135378586352785,0.0134626314656272,0.0139572564518359,0.0131361854641149
352,"ISL","Iceland",0.00137140167339166,0.00111191372177981,0.00116140166382917,0.00109208224651647,0.00100546140553424,0.00111159401634905,0.00130041986378003,0.00131620560566855,0.00112214175853499,0.00117262809719193,0.00109178294021051,0.00123451988731443,0.000926187452108384,0.00133313157896235,0.000924233816357999,0.000778932400906347,0.000911129642365172,0.000702136189354147,0.00079782725778155,0.000808558125153382
356,"IND","India",0.0232787349813368,0.0241980751091725,0.0258325148776402,0.0271179847562779,0.0260574976447305,0.0269782042338568,0.0260973495467272,0.0266986463100488,0.0281452425475407,0.027999385077427,0.0277827603720255,0.0296207847917243,0.0306565340642885,0.0318280737385365,0.0325714838948016,0.0338012719349951,0.0336452349670148,0.0354262908700285,0.0365269530104643,0.0352926863192559
360,"IDN","Indonesia",0.0176134182726084,0.0183657677549463,0.019233084765497,0.0187171216132908,0.0180060013089953,0.0181196414886257,0.0191309043389963,0.0196380143297978,0.0173360123912374,0.0178671637408431,0.018302628673615,0.0180963744675108,0.017343836433306,0.0197072856575211,0.0157749365291252,0.0145911286515395,0.0141807857032969,0.0153940696491698,0.0159983939739753,0.0166776850108846
364,"IRN","Iran",0.0274432080403447,0.0278394530210205,0.02923276467588,0.0290512886848989,0.0303807613445212,0.0304230811402596,0.0309198405714532,0.0331793103004974,0.0337584015112476,0.0351532721206991,0.0351124702359175,0.0376521229683429,0.0390182989876623,0.040311287760088,0.0484022026554868,0.0469183251897539,0.0522711453396766,0.0532530539081244,0.0547640339264365,0.0531581971488828
368,"IRQ","Iraq",0.0199743807336742,0.0194887586460692,0.0203976610345004,0.0195191330010423,0.0200669182534264,0.0209197191154487,0.0217456872117253,0.0233789555851915,0.0229267612031478,0.0249858489401223,0.0261948518963369,0.0270384162641398,0.0280880550017303,0.0295757555953197,0.0313624943542613,0.0307303595372022,0.0323140262595504,0.0344997274926115,0.0348263751266198,0.0342819476875287
372,"IRL","Ireland",0.00957854694192945,0.00677257164660316,0.00672294065636994,0.00723124345365987,0.00735438315569843,0.00704561979541593,0.00631251882576193,0.00758868741198366,0.00672502382116743,0.00611086919691313,0.00617815187151607,0.0061728580621778,0.00549670083508653,0.00626353454018234,0.0048579618948806,0.0054798076334169,0.00522446519808711,0.00469092836052468,0.00504860865512347,0.00492961976509572
833,"IMN","Isle of Man",0.0155433534010423,0.00964084347344687,0.00950727962953264,0.0105534334295713,0.0102894372121315,0.00984673770542786,0.00886217555429738,0.0107225399579048,0.0101288179580412,0.00905421570725131,0.00873250596629933,0.0089620926481568,0.00779870975308831,0.00877370647981948,0.00543995228094901,0.00689275249411549,0.00628070982971988,0.00543051609456696,0.00591088746119291,0.00561152745724992
376,"ISR","Israel",0.0467731031290804,0.0445451851504101,0.0475645515411273,0.0478555523020864,0.0489369661467135,0.0502276385802535,0.0516648072604302,0.0567464096706255,0.0492075827028696,0.0527649764709278,0.0551141273495724,0.0606903109236379,0.0596243503142706,0.0619294696669684,0.0544742683003945,0.0563441694228306,0.0551911771802492,0.0552598490382587,0.0578662628682383,0.0537526248002043
380,"ITA","Italy",0.035626216518144,0.0339575560291033,0.0322330812627842,0.0334858974635529,0.0317045310581247,0.0296932012383435,0.0289985071193746,0.026772262160745,0.0296124805336533,0.0269535269975574,0.0254914792446688,0.0247904093364839,0.0254144844450959,0.0232819890487893,0.0211109204893491,0.0198380677263511,0.0192703254193005,0.0196500337276932,0.0187874256539976,0.0194057671711184
388,"JAM","Jamaica",0.00791368012828151,0.00787848253054168,0.00902761451701983,0.00759031110629247,0.00813078054273184,0.00731818974905391,0.0073488389021807,0.00832243693796644,0.00781853928540826,0.00735205222933626,0.00771938538476996,0.00812612510322513,0.00787145299144511,0.0089385586768019,0.00695450599823944,0.0061816552731692,0.00671718273788114,0.00654461285851332,0.00656699121817231,0.00738513165252924
392,"JPN","Japan",0.0504411609603558,0.0471540886677709,0.0436508142828263,0.0434942402654992,0.040924673845479,0.0379073740084731,0.0349695825798649,0.0313600079389018,0.0297598285872222,0.027294949878179,0.0262764369275216,0.0263258620081849,0.0251581076493547,0.0240596512340734,0.021199012168452,0.0198422928654734,0.0184429006040318,0.0171148637259519,0.0170149549771988,0.0171117032230853
832,"JEY","Jersey",0.0279564506685912,0.0236797771458695,0.0242435033546317,0.0255681546727611,0.0247195168535674,0.0222301988659453,0.0235876075608335,0.0234000026209919,0.0257721482293011,0.0226229616408635,0.020215398106276,0.0263044889668116,0.0212511365341739,0.0248506764885603,0.0170229071372348,0.0223374416890259,0.018176864180052,0.0184639746929538,0.0173322021386711,0.0180872594606722
400,"JOR","Jordan",0.0320562215920626,0.0301685237100192,0.0310956666955842,0.032301429577666,0.0314262949880023,0.0318344976255189,0.0326468189494388,0.0331163766884821,0.0336571162024678,0.0344501431107061,0.0341673692622039,0.0374952274088012,0.0371458287153092,0.0375796127269432,0.0397837612795292,0.0402173713254802,0.0391702229044422,0.0413041094068691,0.0412694384589374,0.0409852131384968
398,"KAZ","Kazakhstan",0.00842754808381845,0.00777948013658989,0.00880190221729437,0.00821427476505333,0.00790980542664409,0.00773025260214028,0.00698731320417993,0.00695195208502068,0.00720383142917552,0.00811959204435603,0.00716567526290044,0.00805495637799244,0.00803933715620215,0.00841802970175346,0.00853971434184177,0.00863098022019406,0.00927714912328979,0.00931635682029021,0.009395978250633,0.00921440853200817
404,"KEN","Kenya",0.00806087459891852,0.00752948744010778,0.00787331823955236,0.00781584138015483,0.00847724818250952,0.0085357679500687,0.00843745202939395,0.00883900498037,0.00926963008118573,0.00972599805249351,0.00975687718504677,0.00993963190895647,0.0103465563424547,0.0103041725612757,0.0102664036668405,0.0107877221275964,0.0107093725533923,0.011095673238061,0.0110270172140369,0.0108743268667747
296,"KIR","Kiribati",1.4129153835273e-05,1.4874227882264e-05,1.36425401124144e-05,1.39498532140566e-05,1.110668541214e-05,9.81613749258364e-06,1.31824252874966e-05,1.08053541473893e-05,9.87106221971715e-06,1.15160867762205e-05,1.02459762196056e-05,1.19816629287582e-05,1.44843368553841e-05,1.00198189215362e-05,8.40148351863418e-06,9.17334426853249e-06,1.12294576923924e-05,1.31767487604567e-05,9.15807892956429e-06,8.4912008395833e-06
689,"XKX","Kosovo",0.0117921292897495,0.0106227248791517,0.0106088392660077,0.0106312451381868,0.0110602386305439,0.00976250573164272,0.0100184506532493,0.00895442135349436,0.0103938438015315,0.0106717250509602,0.00945732709054727,0.00962169559719618,0.00962795472157199,0.0091995236271056,0.00902870290503457,0.00886678626935059,0.00902393704867175,0.00855726929829448,0.0080795364514161,0.008418683952054
414,"KWT","Kuwait",0.0556974137135049,0.0593062554145609,0.0579708380070071,0.0599799023658709,0.056739416935469,0.0553719635608586,0.0562576578956883,0.0648795106963606,0.0563989376528936,0.063600204900118,0.0593336944651922,0.0607165933928505,0.0636046445514052,0.0647167064616533,0.0718100858004147,0.0626235982385757,0.0688387438553284,0.0678860094331288,0.068474149156799,0.0709299360778066
417,"KGZ","Kyrgyzstan",0.0145017428784865,0.0132393644717143,0.0145175143759561,0.0139126390030604,0.0129217029361098,0.0122929922825247,0.0117638149426369,0.0112255092409445,0.011892761349968,0.0126342587120139,0.0122066536582401,0.0131978809195106,0.0130589879539284,0.0135365764617373,0.0134516341397821,0.0134662430879122,0.0144323033238275,0.0145924008624987,0.0142338438180661,0.0143937618906704
418,"LAO","Laos",0.00679291892876629,0.00996849174964615,0.00851031364157326,0.00804211307014823,0.0107189590775528,0.00694345306554969,0.00804306057276203,0.0109470124469746,0.00659287726366204,0.0090808752422069,0.00823803963711014,0.00909949867282949,0.0092538823202331,0.013248723676475,0.00714104618337643,0.00657834624512698,0.00980976484571086,0.00830569111991919,0.00816238585044855,0.00534847683487614
428,"LVA","Latvia",0.00761659619262517,0.00672447234738881,0.00719882421428505,0.0069512091961213,0.00666751238640334,0.00595287446500571,0.0065922950141763,0.00690481214978768,0.00631452837896593,0.00637933656796004,0.00692498780416501,0.00689357878853676,0.00672882884358172,0.00736387755020131,0.00581914170621201,0.00631851346269503,0.00580578897314489,0.00548119384067272,0.00597514935334484,0.006463127561531
422,"LBN","Lebanon",0.0292086598487208,0.0287688037430723,0.0297978237207101,0.0303024623427237,0.0302043447134063,0.0316378928578468,0.0310511047050315,0.0354619693716143,0.0310263621471518,0.032791015350889,0.0329423736893701,0.0357754629554767,0.0358566520658409,0.0370375079210498,0.0338843619428303,0.0329023952909236,0.0328684172448588,0.0335729643799721,0.0337280055042082,0.032572763335557
426,"LSO","Lesotho",0.0200619598154508,0.0181322285130719,0.0177813783855931,0.0180309726791327,0.0182285130296739,0.0170628716294971,0.0177887793351025,0.0191908532509787,0.0189378744139417,0.0182440250579705,0.0174577505026922,0.0189155163164752,0.0176373802859923,0.0180544599870411,0.0183481095817869,0.0182174872933273,0.0194136045020932,0.01942010672275,0.0187209830926632,0.0204141655192905
430,"LBR","Liberia",0.00162512330146521,0.001454330225366,0.00104238400309595,0.00145690951603108,0.0021683375075236,0.00174807609635429,0.00458914015794831,0.00147588147525036,0.00154682111371072,0.00239497037675389,0.0016159840557868,0.00211000829232625,0.00307183061358156,0.00242331027320149,0.00192177874009016,0.00161665085627522,0.00235746722964724,0.00197718725404737,0.00134476289544422,0.00162902491223184
434,"LBY","Libya",0.00600774250936814,0.00660953703658267,0.00633583649893636,0.00750079423274782,0.00719506182191477,0.00740762261818321,0.00720388820228442,0.00744474327063607,0.00801673566831821,0.00790690152988808,0.00785877584206142,0.00906755565718515,0.00861603582511134,0.00933301058204283,0.00919622290103286,0.00929701174531917,0.00957359112261878,0.0108584040176402,0.0102202417826035,0.0114816302395876
438,"LIE","Liechtenstein",0.0262944625321843,0.0235103495578215,0.0238049940623712,0.0247335939978932,0.0228703716095178,0.0228979197967975,0.0218291872626866,0.0209943123032498,0.0223229156471145,0.0196271990763549,0.0202176531995532,0.0191634964694648,0.0194143342902195,0.0181114500895508,0.016723910573192,0.0168210905563617,0.0166847099815738,0.0159903529791008,0.016022390125034,0.0159954690355239
440,"LTU","Lithuania",0.00724958652945885,0.00639626623831118,0.00686227469554801,0.00677481070306191,0.00640368657875721,0.00548043173887435,0.00646803241797785,0.00679529746606254,0.00635672316610022,0.00655328176930647,0.00654409864079786,0.00683248421164252,0.00658966213378826,0.00715405445733123,0.00638212369923983,0.00689325344316274,0.00624344619852573,0.00622557487693923,0.00681562214653419,0.0070178013291332
442,"LUX","Luxembourg",0.030478815295038,0.0267169596638953,0.026051183182394,0.0256212363099966,0.0255322589563185,0.0233229089062812,0.023450015693807,0.0239858541790971,0.0239728935534695,0.021148520246832,0.0212567075028094,0.0205709559695335,0.0193904880185563,0.0202623147156375,0.0194614991393654,0.0186483293865091,0.016892447465594,0.0151168057787646,0.0162221375818139,0.0169317727949625
446,"MAC","Macao",0.0595357216230522,0.0675644335769255,0.0627496956221843,0.0756118016791161,0.0791770726770092,0.0831033677684097,0.0887387527410067,0.0862115305359491,0.0861946386084607,0.0854050757586745,0.0903052473138372,0.0935362474339136,0.0930962480208596,0.0948168618902499,0.0815880361468744,0.0876309708608319,0.0898108875565695,0.0811247430686157,0.081748645148007,0.0832398891576228
450,"MDG","Madagascar",0.00286011839783404,0.00229119384510858,0.00282613417147765,0.00280925353310905,0.00280731526448131,0.00275898118444573,0.00306105972532012,0.00324215126270241,0.00332003079354222,0.00324718373847817,0.00338475044730226,0.00305301562148018,0.00320062454947002,0.00327951099187417,0.00266542107160335,0.00279185067318583,0.00271190735801395,0.00275427905312318,0.00264662499984388,0.00265156532571219
454,"MWI","Malawi",0.00484826953323176,0.0045536983758093,0.00478299776894355,0.00453782779309644,0.00519410616460541,0.00564324429418478,0.00500904000437457,0.00503188045585892,0.00561421560451848,0.00564850930301332,0.00537344195389735,0.0052679077534255,0.00528135766122986,0.00505543047996756,0.0046836808226914,0.0051279411688049,0.00494206438355039,0.00486633934803404,0.0051973436870802,0.00504450789955099
458,"MYS","Malaysia",0.0195226448898988,0.0189141218900399,0.020397572711105,0.0196686411032463,0.018811356401828,0.018227295025967,0.018840196621816,0.0186633710792973,0.0179900196005426,0.0187855230459639,0.0191973346433211,0.0188375545213841,0.0180503383174498,0.018795209908935,0.0167188813270406,0.0166661908763003,0.0161502833574753,0.0157148258780665,0.0157288588124504,0.0156966127118259
462,"MDV","Maldives",0.000145931708343653,0.00014481719695948,0.000125193338611752,0.000143207140752892,0.000140036390873374,0.000119880874103252,0.000125597713922521,0.000129005825722601,0.000130416173758502,0.000134674877653721,0.000136939573934509,0.000145664489909103,0.000134282487959436,0.000143041264376386,0.000126956819497747,0.000122078450667991,0.000127913332845755,0.000130870550468879,0.000123026567342717,0.000118101597507335
466,"MLI","Mali",0.00374203333250168,0.00404468939550678,0.00393839485656321,0.00380054996539275,0.00367313026772598,0.00380276880618556,0.00372802591374097,0.00400201290481058,0.00375386720330785,0.00333030102694989,0.00355268080086047,0.00356623309762543,0.00352889189241855,0.00374275759614095,0.00365749553402986,0.00355912159501455,0.00337444709692308,0.00359568856973735,0.00362191799790726,0.00362434479732962
470,"MLT","Malta",0.00908838712018468,0.00754946364617105,0.00738617458799825,0.00867826145307705,0.00971371635386617,0.00864465030041589,0.00823035851633262,0.00727417724910944,0.00908705460958924,0.00951103753350202,0.00722760937807673,0.00757375949436753,0.00823822806416451,0.00738762477822557,0.00482429351528493,0.00479542570252503,0.00464738399593491,0.00398754176158584,0.00470735831100637,0.00544280861409608
584,"MHL","Marshall Islands",1.08282121702256e-05,1.06414608315158e-05,1.07996808701914e-05,1.08875457098031e-05,8.87036203606752e-06,9.91279711312831e-06,9.70025264944792e-06,9.07053272634264e-06,1.06629547216545e-05,9.2457877085515e-06,8.69157889554112e-06,1.14911295647421e-05,8.34220328807571e-06,8.58182443285868e-06,8.92464801839363e-06,8.9101880322152e-06,8.17010935921034e-06,1.0026576200192e-05,8.55948902323383e-06,1.0641873262193e-05
478,"MRT","Mauritania",0.00176312752222984,0.0018544693625274,0.00192151033226184,0.00191196557145377,0.00188361503007442,0.00192208390982111,0.00196739681948428,0.00212625997875928,0.00185532361788962,0.001882295230629,0.00193967559851573,0.00193950572298017,0.00204679823154602,0.00199018908622105,0.00213236473657222,0.00200238013945805,0.00205596392649471,0.00219982717683924,0.00216887870907429,0.00224023439138562
480,"MUS","Mauritius",0.000953192118671511,0.000960495308529093,0.000911154442189699,0.000921835160546265,0.000981831832946259,0.0010299090569182,0.00130641254411483,0.00123041302777923,0.00134168450369676,0.0010814091747709,0.00123646461074117,0.00126555931864171,0.00133024890696923,0.0012599966933457,0.000663001456422204,0.000709361286828709,0.000675703803836783,0.00062438469809156,0.00062771013544308,0.000597010523879943
484,"MEX","Mexico",0.0226791733803216,0.0219548891355993,0.0233537450747618,0.0233393573758514,0.0228578002714535,0.0218572326050112,0.022002352295517,0.0211008774832144,0.0221058463857756,0.0223369088181263,0.0211251150199607,0.0218564338438617,0.0215480275700972,0.0216140668711641,0.0231777346951727,0.0224122664416565,0.02364329772295,0.0224667584496473,0.0233094777849389,0.0230297922629061
583,"FSM","Micronesia",5.32536583580818e-05,5.76193063031864e-05,4.59987117797156e-05,5.08326775644317e-05,4.57466816462208e-05,3.95622864826224e-05,5.55424743131877e-05,4.18839620837196e-05,4.86547151123277e-05,4.99235227972933e-05,4.56860227091467e-05,5.73496493994462e-05,5.44417538966321e-05,5.23872188559139e-05,2.68745089623386e-05,3.14348988641782e-05,3.04517047512963e-05,2.67972637362561e-05,2.85862249533036e-05,2.87562003129239e-05
498,"MDA","Moldova",0.00845554015130799,0.00749914263341832,0.00789360400868745,0.00770588010100848,0.00701390800205278,0.00673933213960078,0.00690792656755259,0.0067679709790036,0.00739866572171016,0.00708220883910032,0.0067775081223825,0.00756746113365472,0.00737947764189936,0.00711257879780422,0.00683415248931132,0.00703592819810307,0.00722234060963079,0.00705106745728432,0.0068282116604261,0.00658284321615037
492,"MCO","Monaco",0.036755398477221,0.0307728424987243,0.0303954006251072,0.0314330414437428,0.0294483485808772,0.0291743840685239,0.030027304122854,0.0279754259579456,0.0298837915456946,0.0284700703376287,0.0278020922322408,0.0277464379336468,0.0287799492197426,0.0261830449569416,0.0213137951047394,0.0189964102153129,0.0199246174932482,0.0194430111122644,0.0204608249873782,0.020993194122483
496,"MNG","Mongolia",0.00298889194946051,0.00272975238771185,0.00340037344048644,0.00376449951707243,0.00566932450333566,0.00529484255628795,0.00541139921524006,0.00459483003526824,0.00524355356700672,0.00555442775117557,0.00551067540512917,0.00579404192499457,0.00587466881324621,0.0061215343096508,0.00839024890485169,0.00612637290066199,0.00699222519745832,0.00730177220320004,0.00665683385594314,0.00743623181405313
499,"MNE","Montenegro",0.00748261685574015,0.00669079438719934,0.00662953854808257,0.00670641321315375,0.00734398553695098,0.00599677127841545,0.00581820267720598,0.00508915980546383,0.00628715225914893,0.00702471289396844,0.00559730031938451,0.0055241552759353,0.00609052844413869,0.00567592561963027,0.00554232654480509,0.0053835707423314,0.00540172349218939,0.00538228703168882,0.00489255083461982,0.00518666567956527
504,"MAR","Morocco",0.00714347439039557,0.00794796245269862,0.00845058701966847,0.00867622910406529,0.00918128184482659,0.00909358720945766,0.00938005399940994,0.00902019350215579,0.0109935901318858,0.0114877499562525,0.0113056067623947,0.0119865674126966,0.0143145394778716,0.0141207680462523,0.0146002783685612,0.0141916917063508,0.0156073647961531,0.0169145059117612,0.0163885554541231,0.0171468047470454
508,"MOZ","Mozambique",0.00268693654535391,0.00242661405490472,0.00269824395589795,0.00257641874004505,0.0030880904045853,0.0034611548268086,0.00254924677567155,0.00283269460582477,0.00284096998057382,0.00293257204211969,0.00300446973680241,0.00302801180354164,0.00296324494450392,0.00266968456144076,0.0023825389375408,0.00281191020095788,0.00261949290795863,0.00237236763918753,0.00255458951367525,0.00241348045558431
104,"MMR","Myanmar",0.0051900407637368,0.00649573518442025,0.00621025898791587,0.00587867632138198,0.00744398482082079,0.00587103171716231,0.00677159208323832,0.00678066398305042,0.00530946229725982,0.00621894559657648,0.00577598027080279,0.00573759692690715,0.00545132515152284,0.00571952806405319,0.00501871608861601,0.00482140390959054,0.00535684896040541,0.00562128426211518,0.00585467266845749,0.00468485473091216
516,"NAM","Namibia",0.00281729349373676,0.00270120480560381,0.00268603044898467,0.00309204624588421,0.00282030402483858,0.00285843971055692,0.00300506615007734,0.00311981580202496,0.00430622744708367,0.00428970484065601,0.00315349696975448,0.00314557071198332,0.0030411139843326,0.00306957532122602,0.00316075939891812,0.00300031283028315,0.00280615008771167,0.00330807341264474,0.00360220382268203,0.00316308961958347
520,"NRU","Nauru",1.0567143363005e-05,1.33683552121511e-05,1.01157438621158e-05,1.07187925095786e-05,8.28853171697119e-06,6.46875423626625e-06,1.09161610453157e-05,8.89815873961197e-06,6.71262432661024e-06,1.03095380836749e-05,7.97712982603116e-06,9.88936881185509e-06,1.20255308502237e-05,7.88546822150238e-06,6.56930706099956e-06,7.12551718606846e-06,1.11198114609579e-05,8.01439000497339e-06,7.42024849387235e-06,6.0673123698507e-06
524,"NPL","Nepal",0.0128167598693342,0.0135105320410667,0.0161314479083651,0.0173712954289859,0.0147009492756832,0.0146334561950141,0.0143865623821414,0.0141634358304964,0.0147342677823602,0.0160300580428372,0.0150064898886406,0.0158959286737876,0.0162599214926921,0.018253709448078,0.0176349834540651,0.0180684525142678,0.0189553791570186,0.0201574395215545,0.0210622835670114,0.0187844365986273
528,"NLD","Netherlands",0.0412982330183629,0.0358662567487726,0.0346124207529373,0.0319490279804925,0.0313014523502509,0.0298594771170118,0.0300166627418731,0.0293396345970228,0.0305706805194069,0.026555305759951,0.0240116217260915,0.0253794226817565,0.0223134714317317,0.0236706989988905,0.0211139962024752,0.0195618523471335,0.0184385069322276,0.016049620958901,0.0165334782000106,0.017322487255208
540,"NCL","New Caledonia",0.00035256489727003,0.000413621895921486,0.00036277566119194,0.000316543216297942,0.000333880116082319,0.000349560387656441,0.00036176775899372,0.000347829465751245,0.0003983296671557,0.0003286286927168,0.00036424541861696,0.000334266379814829,0.000341242071863797,0.000430686204718446,0.000459089920552772,0.000480383057346898,0.00041363682479235,0.000541669072173179,0.00055217199349614,0.000610475641873289
554,"NZL","New Zealand",0.00494281541243814,0.00435569363110026,0.00560345743903694,0.00463244265923704,0.00461041889150939,0.00412137824718053,0.00391660311422169,0.00415527813746425,0.0038778151715384,0.0037845425544346,0.00423666309293152,0.00365334803160779,0.00347146352148628,0.0037394891475877,0.00271815201389147,0.00271689654340273,0.00260016713573173,0.00249944884206066,0.00248600903977891,0.00248356976601399
558,"NIC","Nicaragua",0.00343566619976782,0.00279837569783663,0.00373167311144721,0.00323757981198837,0.00319978714516185,0.00314921262679492,0.00296143968907916,0.00334908885938687,0.0034784085181889,0.00296580438891786,0.00320004947146184,0.00288740043093559,0.00260846598595013,0.00310607333236208,0.00328702595754711,0.00267591118566472,0.00280710995843425,0.00318364561035959,0.0026399572961218,0.00290719510367735
562,"NER","Niger",0.00507595171330737,0.00473970217798905,0.00497724523530188,0.00491993389347566,0.0051255200190668,0.0049222853068265,0.00531515351594607,0.00519803140241393,0.0050376375075781,0.00548990602285414,0.00577745036091015,0.00557942432359734,0.00518532193133239,0.00558047684978732,0.00538198903149028,0.00578714698368334,0.00565809434767602,0.00571040967616091,0.00615233336941099,0.00551579593671142
566,"NGA","Nigeria",0.00818705343707394,0.00841070533213389,0.00830088903838255,0.00834754383873187,0.00908045579580568,0.00924024531657179,0.00874959231962178,0.00864476210783376,0.00909348016934029,0.00944025588854787,0.00943285135083168,0.00957546431926692,0.00978401786947753,0.0104934536024744,0.0102656362263611,0.0108057968189519,0.0113392879892528,0.0111165219696381,0.0115582373170575,0.0113452963874068
570,"NIU","Niue",4.8791327681454e-05,5.26984789170894e-05,5.52034082994263e-05,4.84337563435374e-05,5.3765349538432e-05,5.35484970056932e-05,4.92042686332257e-05,5.99418208134493e-05,5.82217948122725e-05,5.38127807641573e-05,5.65582871031288e-05,4.87788472124774e-05,4.69905304140951e-05,6.11399093645706e-05,3.79182809776855e-05,3.70615711611214e-05,3.80027950504659e-05,3.75045870874087e-05,3.70496201064607e-05,3.65879312669992e-05
408,"PRK","North Korea",0.0300193826949471,0.0287455778999987,0.0260288297231876,0.0306896520311059,0.0343882470461223,0.0327207464190595,0.0349326005753333,0.0349500845010061,0.0352740431615483,0.0349135173822503,0.0360483623305337,0.0386425916784764,0.0392326788391715,0.0365881122195496,0.0369443417929325,0.0379842127768779,0.0400650471176369,0.039577721184969,0.040109076229738,0.0387898379568315
807,"MKD","North Macedonia",0.0170797509736632,0.0153917210394551,0.014932780739064,0.0150892058047002,0.0148934675658544,0.013219038461011,0.01334056965869,0.0120514642126258,0.0134594031594153,0.0135265245929352,0.0123641500572923,0.0123164314217775,0.0122455325473284,0.0117335706739655,0.0119158202189042,0.0116065898400426,0.0114977839688301,0.0111438443334954,0.0108174172073123,0.0109803985070308
578,"NOR","Norway",0.0182536434451526,0.0165275779100847,0.0143980318424746,0.0156231028021298,0.0148446921105684,0.0139121374483277,0.014415775070405,0.0145102064259262,0.0139253815794127,0.0128824817022864,0.0129108206738621,0.0114406090369287,0.0115709270760213,0.0129188798458666,0.0107172216343652,0.0105590743937017,0.0112821532105503,0.00890145868603938,0.0101872293341237,0.0103049651851131
512,"OMN","Oman",0.0104800292613874,0.0107992971847483,0.0111727099152339,0.0122260966773424,0.0117689113696835,0.0122487067415415,0.0126730726741757,0.0141796600516327,0.0131175499328407,0.0147069649559004,0.0131180280176604,0.0143748052313473,0.0154344016929637,0.0161986935760885,0.017038348476351,0.0169003308158027,0.0168652804404981,0.016626946555093,0.0179198278493673,0.0179521712588434
586,"PAK","Pakistan",0.0261695831690018,0.0279807671990076,0.0316884639717269,0.0315512381740449,0.031491086244512,0.0283236690866476,0.0295965178641032,0.0319548537236175,0.0297313712770877,0.0311329808587108,0.03073427494717,0.0320062195631317,0.0335151431761851,0.036106595087667,0.0358024692057676,0.0359696707918989,0.036065182643177,0.037711343456629,0.0384097559017429,0.0372672297369037
585,"PLW","Palau",7.75534862090567e-05,7.98093681978114e-05,7.43706319772557e-05,7.88492169467569e-05,7.71138615418387e-05,6.90845904522124e-05,9.56453875771594e-05,6.47732130254499e-05,8.44862221516607e-05,8.41390859495658e-05,7.69122217685082e-05,8.59097930776879e-05,8.10047204575386e-05,7.91766135139751e-05,6.20442208438103e-05,6.49473237139331e-05,6.28645191828127e-05,5.19248275413222e-05,6.29606132575287e-05,6.19528816018686e-05
591,"PAN","Panama",0.00507763502872185,0.00495055573311106,0.00518982757944106,0.005253737170396,0.00516483642631378,0.00488424199287629,0.0051633677721066,0.0047542018239133,0.00513743536000543,0.00555732787814569,0.00553656799840062,0.00550340844605271,0.00568816765412688,0.00558995649577347,0.00571377625653347,0.00564597900745167,0.00554927849937019,0.00524961298654805,0.00549849557881623,0.00520805372157692
598,"PNG","Papua New Guinea",0.000921098370221157,0.00109319917435529,0.000841038128912978,0.000949531333451861,0.000985818634212334,0.00101852924241616,0.000907721537253539,0.00125061498924804,0.0008924398779613,0.000932186524779767,0.000935586313655068,0.000907715011592318,0.00127223935282104,0.000902556060422919,0.000997410463278631,0.00086059573386701,0.000879946942437136,0.000888432088190719,0.00102577094440769,0.00114868727913534
600,"PRY","Paraguay",0.00412240542952242,0.00326470452484323,0.00338106533530584,0.00352276706211,0.0041458819332874,0.00325156965320096,0.00287166152902499,0.00281396262547419,0.00272756133258838,0.00279032485038056,0.00296208744834586,0.00253713995892946,0.00251935282174325,0.00346547322204214,0.00325927802568536,0.00303848607268707,0.00338443947187769,0.00495987955608783,0.00384950823515345,0.0034283948162272
604,"PER","Peru",0.00336190307278424,0.003252675732864,0.00347040830894831,0.00364634469582633,0.00349479044903594,0.0037211114181332,0.00385740196097137,0.00384708259106357,0.00396650534152338,0.00451857691355293,0.00454644542357989,0.00475744868706069,0.0052085432988959,0.00541163048850239,0.00618878179006612,0.00737488275106386,0.00746975820942688,0.00768807548131878,0.0073371420462178,0.00779816399782549
608,"PHL","Philippines",0.00901721314766348,0.00962151153720409,0.0102295654741867,0.010026727869754,0.00911721324411307,0.00925903445900198,0.00963231500016364,0.00926667321071584,0.00881670107035304,0.009154108897836,0.00901874064005325,0.00864820491142336,0.00859156213347955,0.00896088203668447,0.00902047160219426,0.00800238036273078,0.00840052820829884,0.008751573042322,0.00835692496077761,0.00877147180696169
616,"POL","Poland",0.0241622863218007,0.0215338098839406,0.0229765948129082,0.0239461540860727,0.0186431694552141,0.0183436167720398,0.0193932507584289,0.0193801718463592,0.018026121868807,0.0171340516636306,0.0166479239632143,0.0167716749406773,0.0156073728805444,0.0162514269897522,0.0149999170392793,0.0145724987541656,0.0135799304836826,0.0134458689594518,0.0143150451821335,0.0135899464092187
620,"PRT","Portugal",0.017562921532782,0.0171362059241058,0.0182525017239445,0.0175565773568794,0.0177596210797422,0.0156299351065948,0.0158686389402376,0.0141261915062799,0.0166042467343436,0.0152494312571981,0.0127954610819466,0.0123272489155575,0.0141757773672003,0.0136424148376468,0.0158279017269914,0.0117276537984256,0.0117878344002218,0.0117819726815423,0.0109810502422099,0.011669270553367
634,"QAT","Qatar",0.0310989588738367,0.0338713356110592,0.0329013198170891,0.0387526211613035,0.0327698603602502,0.0288339383181828,0.0290188891297492,0.0339162061632489,0.0304974383605516,0.0342581986772482,0.0301760572705372,0.0365198921082008,0.0319957043290207,0.0343136594843601,0.0339450988604748,0.0346041587851261,0.0403271833645478,0.0392648100750637,0.0379309198992777,0.0344794313848466
178,"COG","Republic of Congo",0.00398597708817925,0.00442045040133918,0.00434787687882389,0.00470218562973511,0.00457801732054725,0.00505317978736305,0.00524785776335379,0.00515891504726331,0.00485899990991818,0.00441077562430747,0.00455501584671486,0.00408262768443959,0.00385608459056705,0.00451119279494996,0.00407171061255674,0.00441761728753781,0.00438179526805558,0.00426956175796561,0.00464725818567684,0.0043974985656037
642,"ROU","Romania",0.0190301475340403,0.0167346459690028,0.0167345137193437,0.0169385151870371,0.0147724188111132,0.0147634123838103,0.0141263462328339,0.0134322263052285,0.0142714927305194,0.0137169218737114,0.0128671911179943,0.012980948794952,0.0131021155093579,0.0128094431438164,0.0122497429288805,0.0121140352196884,0.0122689399128477,0.0117011148302827,0.0111233564071766,0.011306646612582
643,"RUS","Russia",0.0195273291932421,0.0176046866625388,0.0189593950445161,0.0190712711523478,0.0171718785922774,0.0158101098855881,0.0169098760480052,0.0178038387416104,0.016268808731416,0.0176130255539074,0.0171634830993449,0.0177719067140515,0.0174195410009213,0.0191178399838031,0.0179755720601199,0.0198949284720189,0.0195582478762824,0.0185081823251645,0.0202184592095824,0.0206438431434211
646,"RWA","Rwanda",0.0111080248747739,0.0106621483194503,0.0110061384537298,0.0106403718425735,0.0111936872826207,0.0116222987965397,0.0115456507353434,0.0121186084717407,0.012311763488536,0.0129225326280725,0.0127128390890699,0.0130699780096828,0.012792597662376,0.0132975818329012,0.0132067878460143,0.0134776579362367,0.0141667548851232,0.0137635525172739,0.0134079919716317,0.0131835576758388
652,"BLM","Saint Barthelemy",0.000364444771289071,0.00029623964645426,0.000403945117490131,0.00039861720826783,0.000359113748119545,0.000284042227398528,0.000314791639183596,0.000469601804190434,0.000346600987556233,0.000325086592467445,0.000307052156792664,0.00031225608907614,0.000354826368624198,0.000419329504062341,0.000280645959772384,0.000272144383521029,0.000276846359785013,0.000264202327888939,0.000258215262144144,0.000246227643473155
659,"KNA","Saint Kitts and Nevis",0.000698214301047865,0.000475169003028621,0.000669406449146158,0.000768013367820682,0.000586626827026831,0.000449148911174574,0.000534576933324148,0.000806106865096262,0.000563045936843509,0.000523836250219698,0.000497904242425879,0.000506007141820268,0.000588710162142,0.000700689154222508,0.000403907948258301,0.000438006736229458,0.000450406049876025,0.000395659091601205,0.00040672218656581,0.000370154641709109
662,"LCA","Saint Lucia",0.000664819137182724,0.000646068448108567,0.000918714758026758,0.000718138147896242,0.000688238441019075,0.000649357261677791,0.000616523425676695,0.000939490304811212,0.000774408669446629,0.000684936221713511,0.000667572925277568,0.000604670664627468,0.0006748061743397,0.00094029289895754,0.000477547660009784,0.000442681647587155,0.000488845398951241,0.000459262260354437,0.000436926905490822,0.000444718981276235
670,"VCT","Saint Vincent and the Grenadines",0.000486133536230626,0.000487250089726943,0.000646625353831586,0.000526349312852219,0.000511893258543722,0.000486033167875986,0.000473834901832868,0.000656773242665227,0.000556991490826571,0.00052172030132088,0.000504484701348605,0.00046710332475933,0.000505537479027527,0.000671144515698799,0.000393707260811205,0.000365583354146531,0.000416232246152722,0.000381252149767099,0.000372152120597135,0.000376581942548583
882,"WSM","Samoa",0.00020270442665341,0.000201765533631305,0.000220203641081268,0.000211548803124392,0.000215845457533915,0.000161180287777888,0.000185174736187327,0.000215601180822379,0.000178801191476931,0.000196022544819184,0.000217162856340681,0.000211493967122849,0.000196419841374842,0.000256267099881554,8.74551491200389e-05,8.65699555179654e-05,8.97241220164926e-05,0.000102653608917852,9.66110287270304e-05,9.46525160477496e-05
674,"SMR","San Marino",0.0237536318611234,0.0230316371705748,0.0221207114251529,0.0222577257245298,0.0210210436130114,0.0204642513781846,0.0200925087176724,0.0189076775933229,0.0215793597271926,0.0197579951357386,0.0186670414482463,0.0177471270753895,0.0190465288119545,0.0174327886399895,0.0161391576195158,0.0157292319327108,0.0152491180639365,0.0154829631481368,0.0138314814161182,0.0151215143906139
678,"STP","Sao Tome and Principe",0.000158498918555438,0.000154510477953617,0.00017756769199333,0.00016484649023838,0.000165962727020146,0.000163635678969966,0.000164984630392204,0.000176460107835622,0.000160544206290643,0.000156194259953802,0.000174802786382337,0.000163053956168963,0.000169779861998734,0.000216941598522985,0.000136859971317446,0.000128781026204197,0.00013282407182521,0.000129939325650803,0.000123955466984175,0.000116698794877935
682,"SAU","Saudi Arabia",0.0159856638143593,0.015002889912871,0.0153062402593493,0.0153985211899271,0.0148174075682164,0.0146440433115928,0.0146335785469072,0.0164241093125825,0.0152936221349575,0.0159130065564997,0.0156585406843529,0.0161903284103265,0.0161712257554697,0.016981359019789,0.0165673343547289,0.0168543281135733,0.0172343619744885,0.0181132195874816,0.0187397441279495,0.0186793289772718
686,"SEN","Senegal",0.00295199206214907,0.00322846524931556,0.00359089136388039,0.00349790424043097,0.00355957283193513,0.00380213101591919,0.00355297466680604,0.00415326447414694,0.00369889644636058,0.00355431610714381,0.00386702505929138,0.00368353779022737,0.00406189260851079,0.0041550853107928,0.00426355729932779,0.00389786651948102,0.00418826173513044,0.00473956463090001,0.00446232320824733,0.00457352231282502
688,"SRB","Serbia",0.0160826240999059,0.0140494437199457,0.0150207018683321,0.0146432162490448,0.0134242390955336,0.0125537278511669,0.0120817068188944,0.0107255477449419,0.0118847831151157,0.010844666174437,0.0107508861009392,0.0108001071066146,0.0110747556797033,0.0109044294379071,0.00993335627040954,0.00962243062516098,0.0102645029293108,0.00987656136096103,0.00903203558145526,0.00909794314922263
690,"SYC","Seychelles",0.000169722406142592,0.000157047793098384,0.000157949241453262,0.000176808791089911,0.000174677616371473,0.000160859010897878,0.000170984085474805,0.000179485502897455,0.000148824854485879,0.000172295939898477,0.000164583978354695,0.000175304454320806,0.000191780007022005,0.000184020310231415,0.000135001210674178,0.000144556851787428,0.000147180402055674,0.000136886470725656,0.000128825029208562,0.000125650073605572
694,"SLE","Sierra Leone",0.00523779462887437,0.00504967245297813,0.00267448062913531,0.00440599208074751,0.00749285978650594,0.00481628265773384,0.010197633560222,0.00308833040293064,0.00436912344128301,0.00763663259823101,0.00546715607439913,0.00837994076336174,0.00901949915471468,0.00818678461952123,0.00545622907956599,0.00422769124489937,0.00494641529831363,0.00509769271983052,0.00352959781666095,0.00376485463796284
702,"SGP","Singapore",0.0204302176171521,0.0198859036865021,0.0214818888522977,0.0211011971442918,0.0210320275581714,0.0198151217779143,0.0210016929576046,0.021342590385041,0.0186597205169755,0.021549941765124,0.0220763351036257,0.0202861305813,0.0185771309832297,0.0212758496987186,0.0139345006266685,0.0136216458642313,0.0124310820879323,0.0122672457799823,0.0121340772687555,0.0124954533101722
534,"SXM","Sint Maarten",0.000345455405605197,0.000292963251790152,0.00039195245268072,0.000375032473289136,0.00035314708415312,0.000280350943078436,0.000305095591970361,0.00044826727640262,0.000338519977643027,0.000318481788224171,0.000301539732905247,0.00030641830368829,0.000344183983903046,0.000406202978305692,0.000285270463517498,0.000264565739380304,0.000271343020891918,0.00026576039857074,0.00025532453546909,0.000247468091061309
703,"SVK","Slovakia",0.0235402660101366,0.0205966508851597,0.0220846091130426,0.0223807387766121,0.0186186397444489,0.0179118478610014,0.0180998309506125,0.0177774708914758,0.0180918393004411,0.0164237160282865,0.016665522319023,0.0161291609688398,0.016519767026442,0.0163825564404054,0.0159826844956366,0.0147529388748854,0.0147679960253069,0.0144437917575495,0.0151188537439633,0.0142841410690367
705,"SVN","Slovenia",0.0257031359298951,0.0242972671679671,0.0237996677777996,0.0233232906269189,0.0221395265260218,0.0210861356266408,0.0194661408087017,0.0190073778986215,0.0203431789249413,0.0183205766625592,0.0180328727078349,0.016922973470664,0.0191181095764915,0.0179347615289809,0.0174373714639605,0.0164951858709084,0.0162314191902329,0.0166993855587629,0.0164629382775933,0.0164277246652284
90,"SLB","Solomon Islands",3.27185571608854e-05,3.38707328151756e-05,4.34415994975067e-05,4.33327103364902e-05,5.15795278816955e-05,3.58015157238456e-05,3.52680824269019e-05,3.86529143403241e-05,3.14360924986054e-05,4.17081089070448e-05,3.97719231898559e-05,3.3008408730983e-05,3.21067531275098e-05,3.18639934234619e-05,2.86684278447742e-05,5.0194799803417e-05,3.03007439639233e-05,3.36981987034871e-05,3.84695410724749e-05,3.91267500649604e-05
706,"SOM","Somalia",0.000338936325273578,0.000347216309792755,0.000319913662881905,0.00036749341390774,0.000336191075462164,0.00032597421800984,0.000350379325369512,0.000315246822550735,0.000364055839582256,0.000355156729867382,0.000389874117545748,0.000352711856739926,0.000394631759378552,0.000309572649079416,0.000323171205976223,0.000363732579002955,0.000376675967777798,0.000374688183737673,0.000337629623558571,0.000319550250311435
710,"ZAF","South Africa",0.0247724378788828,0.0252239052953412,0.0262277905967658,0.0276382301519046,0.0281812762911987,0.0297419107178451,0.0300743458542993,0.0304602002595524,0.031145951250508,0.0311531567546155,0.0322121552877024,0.0326369976958399,0.0345757176306881,0.034526305613697,0.0345187246913503,0.0352078471284851,0.0401666941762166,0.0386171590635768,0.0369053759896974,0.039074451454032
410,"KOR","South Korea",0.0942809259962119,0.0871791315258813,0.0745769335548519,0.0843172895816261,0.084227703948013,0.0807586987069502,0.0795024455538588,0.0779679558475686,0.0745466704954265,0.0694387208959458,0.0732003312555783,0.0794028197968785,0.0757870021618243,0.0731341094145301,0.0679233398841847,0.0703521737276087,0.0764322009502332,0.0682582107950999,0.0715003384935535,0.0680865232146589
728,"SSD","South Sudan",0.00658651924838164,0.00577698638382609,0.00697153713267822,0.00524639987230693,0.00672473835622259,0.0064708465841493,0.00712725460037125,0.00536860743597879,0.00589727289440599,0.00604725147262634,0.00598051851316693,0.00562452756041872,0.00643824960688411,0.00678871975782084,0.00555192871356426,0.00596579637482106,0.00390787593499499,0.00503522651836458,0.00585651512156146,0.00393627958405957
724,"ESP","Spain",0.0186146896246973,0.0183078826966622,0.0177477305562403,0.0178409383671566,0.0180054893980945,0.0167029689178961,0.0157603060972202,0.0146644150287458,0.0161195909149512,0.0153985686326883,0.0133720136644069,0.0137604872463067,0.0153014207691463,0.0137192859639944,0.0121685158636415,0.0111908293000621,0.0114138889692265,0.0114076452085946,0.0106633802699683,0.0115364970286389
144,"LKA","Sri Lanka",0.00739169513815751,0.00715959272455029,0.00769379544719029,0.00831215554273595,0.00847897175479512,0.0090234652858105,0.00904848036355816,0.00876461108245274,0.00939032335141413,0.00976372163959517,0.00957308495058761,0.0103706484817395,0.0115128323681079,0.0112368946519625,0.0119388910124561,0.01275884585954,0.0128238423308474,0.0125849305584394,0.0127395805312196,0.012797293650427
275,"PSE","State of Palestine",0.0461996765061145,0.044403470816114,0.0472838202580625,0.0477556138031208,0.0484860249610358,0.0493903512041232,0.050868741198269,0.0543646368879438,0.0492278460749115,0.0525093941705597,0.0542777849430351,0.0601515617410094,0.05889898389031,0.0607634274941056,0.0572925454341737,0.0585585705466883,0.0576123410069492,0.0580516852314395,0.0604205520100431,0.0567595113051099
729,"SDN","Sudan",0.003667257092898,0.00352216295615154,0.00339546271171047,0.0033078859614829,0.00360926638129191,0.00349290047645873,0.00360722428210687,0.00364957393846208,0.00320272228457678,0.00360997763892863,0.00371985203811923,0.00378120059127169,0.0035425967024961,0.00382259047886828,0.0035572863738936,0.00396431171366497,0.00381730723578076,0.00399425709932205,0.00394333193894296,0.00398672079868137
740,"SUR","Suriname",0.00030331751666339,0.000311278707315048,0.00031089713761588,0.000295005802645664,0.000280392949570941,0.000325193558079989,0.000249030269721323,0.000279307928182288,0.000260011671931067,0.000288278940764484,0.000279524266058704,0.000247993135247304,0.000267372181322785,0.000310026848068931,0.000288672767956289,0.000284026362468113,0.00026881596489421,0.000316189127283612,0.000333209636205709,0.00034578923546071
752,"SWE","Sweden",0.00921979967533268,0.0081735056446931,0.00819346545459567,0.00877247281042866,0.00778600463533575,0.00771515815028668,0.00759062350147904,0.00769986121590227,0.00741033078439112,0.00710608952203716,0.00704646825752434,0.0070095258525988,0.0065983855470926,0.00719185085289131,0.00561367644438385,0.00612866213068601,0.00596822922665597,0.0051747022114664,0.00574682683407009,0.00570281425169289
756,"CHE","Switzerland",0.0282660716010517,0.0252345578299503,0.0254384235287704,0.0266411375288774,0.0234812877500851,0.0234528475058857,0.0223816274731186,0.0215834454540987,0.0229409125512316,0.0199484582394398,0.0203907982313961,0.0200612574078818,0.0194598919518434,0.0181129233481432,0.0159997103971682,0.0154330092810547,0.0150632146869418,0.0141190263933229,0.0144342897110052,0.0146417119089533
760,"SYR","Syria",0.0217507228972365,0.0209501106417249,0.0211921860903283,0.0216634828505896,0.0216922434728475,0.0216995457225169,0.0217878856391192,0.0222307112173776,0.022821849574219,0.0227183085421049,0.0218188044899222,0.0235501309925179,0.0240438945172027,0.0240987269709064,0.025835591698053,0.0255758022557235,0.0255227406915623,0.0261078864957462,0.0259511433531131,0.0260955187560125
158,"TWN","Taiwan",0.0557686267560466,0.053641815046315,0.0546185528543174,0.0544896205187403,0.0533959472590363,0.0512833421679846,0.0491869182459936,0.0518088576253975,0.0465794315662668,0.0478997782684807,0.0478781165748895,0.049637773113513,0.0467763898490329,0.0498586044100062,0.0433635745563911,0.0438920619392879,0.0414623813242881,0.0424030749139327,0.0407025843209391,0.0399796855059031
762,"TJK","Tajikistan",0.0115035165241186,0.00976778736986678,0.0110273189210823,0.0111105973387671,0.00988711141605433,0.0098403218999136,0.00884540975301011,0.00841996588691426,0.00889421384263683,0.00916151248052748,0.00872470114026811,0.00962447686569773,0.00911018549665901,0.00979936405043856,0.00971344083479592,0.00961579194726051,0.0100834235225248,0.010324518200393,0.0104093763249447,0.0100384187538348
834,"TZA","Tanzania",0.00281201182769475,0.00236978820290202,0.00249389069695487,0.0021797819375202,0.00266549524704386,0.00247470708792284,0.00243282853686634,0.00246826133392208,0.00227950293694337,0.0025260137215886,0.00242797769782957,0.00228102961974422,0.0024514121783946,0.00250579386306647,0.00211578967051642,0.00223085601972431,0.00222996506439119,0.00240889271759108,0.00232524574884306,0.00213440730993538
764,"THA","Thailand",0.0130520813098149,0.0141603870600073,0.0138679074986186,0.0143504763569118,0.0145183215354549,0.0135649693988451,0.0150435528707662,0.01397857791667,0.0140360824026283,0.0153363393429198,0.0149771445565423,0.0148257816724689,0.0150662727804544,0.0148277133934092,0.0150502742670022,0.0157686160128366,0.0162061969391948,0.015489342218607,0.0152232306774748,0.0161522664016891
626,"TLS","Timor-Leste",0.000851994718464466,0.00119445025567368,0.000953044407786612,0.00128730385684694,0.000891139323658707,0.000999140112788738,0.000998623689595206,0.00081004487108942,0.000845589434199222,0.000972310887245571,0.000798877376593045,0.00110491668710711,0.000867956573238585,0.000845761185957788,0.000805305801013248,0.000754383278395608,0.000938285349887486,0.000725411466459793,0.000700049296187885,0.000754427620724771
768,"TGO","Togo",0.004176880878929,0.00425565699718652,0.00486176659234835,0.00428311373624978,0.00495825251924674,0.00551203548333404,0.00479922525138529,0.00461838439999866,0.00489757805633835,0.00434203254632254,0.00463920614511138,0.0044160383204534,0.00531695311007892,0.00503728383937346,0.0047913747587636,0.00478901317750588,0.00455372138032702,0.00496933080742433,0.00431696529373362,0.0048000176447741
776,"TON","Tonga",2.91852315911527e-05,3.07304256990859e-05,3.06128854666035e-05,2.99969055312635e-05,2.95782118037709e-05,2.92797587292297e-05,3.04697622915894e-05,3.04400185561331e-05,2.90467358669305e-05,3.01103677336689e-05,2.9216704663514e-05,2.94134200286558e-05,2.99268365348206e-05,2.75549123320221e-05,2.40798169662916e-05,2.36920736822129e-05,2.34274637984566e-05,2.20069639560368e-05,2.26988212106403e-05,2.17249957875907e-05
780,"TTO","Trinidad and Tobago",0.00484965109678714,0.00498526560280041,0.00611858797793899,0.00508174634439096,0.00494263724919711,0.0048987196567319,0.00459080876315236,0.00611755275473028,0.00529015278187661,0.00520488417039126,0.00502331335980845,0.00456773278500879,0.0047332329582678,0.006297570104759,0.00378393563946525,0.0036046000017291,0.00395544272772037,0.00354802994741089,0.00346743479956031,0.00360386420109527
788,"TUN","Tunisia",0.0105159794356245,0.0108457334804142,0.0111336020994133,0.0126480744963829,0.012447391004159,0.0130479870423608,0.012670175172013,0.0119055073834204,0.013174918670124,0.0141236021029546,0.0129984575947141,0.0149732820731559,0.0160397817035409,0.0169994084745369,0.0154093486662752,0.0157325540690926,0.0150433475678218,0.0168938584402989,0.0170949716086979,0.0184590451742306
792,"TUR","Turkiye",0.0182156682431798,0.0164765903290594,0.0157379747125339,0.0162774165773042,0.0159746009762226,0.016245366109526,0.0157264401965424,0.0152564006909245,0.0150430056886946,0.0146861248969474,0.01466128343921,0.0152519438212843,0.0144072789994652,0.0138678958711346,0.0148369554667138,0.0134714382708627,0.0145324682951264,0.0135118075236903,0.0129213866686066,0.0134043979573194
795,"TKM","Turkmenistan",0.00589836618219069,0.0051904885527156,0.00549234932450288,0.00517987966743681,0.00495973283674611,0.00514192741331806,0.00486522640922794,0.00529202523200302,0.00484903672780303,0.00516020431451627,0.00474038029786505,0.00519736599833589,0.00496337683078302,0.00527386252524409,0.00527106713789742,0.00533847898556845,0.00562947997103125,0.00561330869543282,0.00595183329060767,0.00550319172921667
796,"TCA","Turks and Caicos Islands",0.000577745332037253,0.000460354117261262,0.000539099455785455,0.000552994450732556,0.000582435628587144,0.000496767835086054,0.000494468595749397,0.000558248753650536,0.000515453619497913,0.000558249888745157,0.000488872601318396,0.000573441056401923,0.000595533134175639,0.000604984176626373,0.000485507009038882,0.000411207978036825,0.000466583654198203,0.000412280004831027,0.000388812910412037,0.000408422952544027
798,"TUV","Tuvalu",1.1258388208017e-05,1.10474480103386e-05,1.07528076662429e-05,9.90500532977374e-06,1.02132566457694e-05,8.41604905384965e-06,9.43075652601941e-06,1.19744002872704e-05,7.27358478950093e-06,9.76020048772394e-06,1.00854232563532e-05,1.09438240552231e-05,9.67639507754914e-06,8.79617983488788e-06,6.48886824591857e-06,8.29802909084823e-06,9.88244990503524e-06,9.03469126401739e-06,7.30791602641653e-06,6.47072564394694e-06
800,"UGA","Uganda",0.00717135111470581,0.00616042804917755,0.00720853504662241,0.00570194024219749,0.0065129110799514,0.00645758065987499,0.00583839523417161,0.00638946505577703,0.00660603312980189,0.00717088158778837,0.00687706217914824,0.00667120824420367,0.00685938006397691,0.00712644939503021,0.00706902670876152,0.00708563296834741,0.00683043842324861,0.00687595630564538,0.00662248419644974,0.00637532499300404
804,"UKR","Ukraine",0.0136191714137428,0.0118995125962574,0.0126674555564775,0.0123167669222039,0.0113219958941462,0.0110929097263846,0.0111467149164521,0.0110492777162334,0.0113799327160289,0.0108260596442339,0.0106345352492695,0.0116682700866063,0.0112531290804428,0.0114475714088823,0.0108765072552766,0.0115177341836739,0.0116943897464748,0.0112081651253363,0.0114857687336637,0.0106519617505451
784,"ARE","United Arab Emirates",0.0458782463920951,0.0460956503032699,0.046647371312806,0.0520124001623285,0.0477152823600595,0.0458293260212245,0.0480840006244785,0.0535713283894703,0.0479453405193268,0.0546445368641197,0.049394693366557,0.0524592918321795,0.0559648798637263,0.0582640348283045,0.0608627485401299,0.0564791070716451,0.0596526166359657,0.0621036397060887,0.058842347753567,0.0615225353505804
826,"GBR","United Kingdom",0.042483701052544,0.037133234086733,0.0350550582043683,0.0339567695635775,0.0343659367634752,0.0308356137266059,0.0316223675426753,0.0329004582543879,0.0287896788162576,0.0284866659622627,0.025980008956111,0.0260155994608721,0.0226590395819783,0.0255727562632181,0.0214987896838588,0.0210244913451837,0.021144143160624,0.0177701219869919,0.0195201113435216,0.0194500988900903
840,"USA","United States of America",0.0410176051688716,0.0355170157138196,0.0348346788836788,0.0319997581806955,0.0296069254006087,0.0276574096339447,0.0262694970609163,0.0242788761454226,0.0235900648804076,0.0228033328319385,0.0212980887123341,0.0210034449725188,0.0207632994905743,0.019178474318601,0.0181360374942339,0.0171749549210254,0.0163890557075697,0.0161691128671238,0.0154782782205307,0.0150456404540022
858,"URY","Uruguay",0.00295283980249966,0.00271392298610024,0.00311284466338404,0.00339545627302605,0.0036560208002174,0.0035204219063647,0.0033742240328215,0.00341924670065181,0.00310497255530253,0.00362445259666056,0.0036271360186439,0.00369073338095723,0.00372539015697392,0.00375533483067972,0.00348324615895884,0.00335550919809921,0.00393352393694525,0.00384934836802271,0.00328946591792448,0.00340531648709266
860,"UZB","Uzbekistan",0.0303783068123059,0.0277895657799728,0.0296909399547641,0.0284027145925345,0.0259820158080121,0.026543280746877,0.0238383148657642,0.0232337109514631,0.0231847932817803,0.024229985051489,0.0233454856484425,0.0255069939661982,0.0242334311420143,0.0255704861909215,0.0262235096358661,0.0259631271509994,0.0274933963513662,0.0284461389797556,0.0283371398399166,0.0277851330857671
548,"VUT","Vanuatu",0.000135651856160152,0.000103085717387808,0.000105358759514449,0.000304773600659283,0.000131250166745934,8.34915606771299e-05,9.8250073724949e-05,0.000165489019738921,0.000195838854149197,0.000145000674818948,0.000192634404524069,0.000224983854464265,0.000291380828463547,0.000344938102550796,0.000159295563772766,0.000189050118718225,4.72366415883169e-05,4.67963175249007e-05,3.91205413771381e-05,4.15599623458933e-05
862,"VEN","Venezuela",0.00770754078124427,0.00738539351413401,0.00836264928716546,0.00731981057658087,0.00730843272947374,0.00690580572791126,0.00655078948174113,0.00801579966411459,0.00724655573721877,0.00714799854645653,0.00674148350869229,0.00616861616471585,0.005936687466148,0.00713879766121182,0.00697959697824595,0.00602108790951007,0.00654127514333828,0.00665786443471834,0.00594413513075471,0.00615895599459503
704,"VNM","Viet Nam",0.00952170007619536,0.010504139701216,0.0106680306401727,0.0117558409295573,0.0125318047001181,0.0133902581235456,0.0131616756552607,0.0140023255798332,0.0143824416093688,0.0142789641900227,0.0150404733474982,0.0156165768020818,0.0148775958442968,0.0158348268813386,0.0163283450525811,0.0165071844547947,0.0166823950760743,0.0161368741890553,0.0169058148802385,0.01729420720445
876,"WLF","Wallis and Futuna Islands",5.4544514284524e-05,5.52259920107738e-05,5.6877004843611e-05,5.66139338585023e-05,5.79432750255257e-05,5.50925132784747e-05,5.44233177608849e-05,6.37786181784197e-05,5.8299512524817e-05,5.87445044816228e-05,6.04455374463335e-05,5.39464561120508e-05,5.50157619034536e-05,6.14443022173192e-05,4.4720776527229e-05,4.32993347087956e-05,4.60641359088924e-05,4.82875839418652e-05,4.65820580875378e-05,4.57798550399121e-05
732,"ESH","Western Sahara",0.000973879257040015,0.000999322978482018,0.00103375413412211,0.00109497027409889,0.000930071677044696,0.00103468643913817,0.0010600557847708,0.00129714570369212,0.000967089970586118,0.00118917213845522,0.00102782148120791,0.000913723137791158,0.000999102183834107,0.0010211329365519,0.0013571425232296,0.001237195084324,0.00126681878144654,0.00135440680455069,0.00145651101083666,0.00136373545585223
887,"YEM","Yemen",0.00818620511581496,0.0074027838919741,0.00809611029251708,0.00802257096879682,0.00816745170652612,0.00840417995859243,0.00882463091346517,0.0089106001252118,0.00931803480324437,0.0097160775014999,0.00985308513600909,0.0105904317591134,0.0108187186869869,0.0114642812808603,0.0123341489509469,0.013161108882421,0.0133088605962868,0.0137650083415675,0.0145150122347563,0.0137442360263757
894,"ZMB","Zambia",0.00428900418986834,0.00426306792934763,0.00424673326523469,0.00411078355217137,0.00441550918469261,0.00475889716705929,0.0042502299059724,0.00441688982896546,0.00505489022443308,0.00512493566529716,0.00484592501784743,0.00486049131114199,0.00498187141781044,0.00491262653866223,0.00427123278362479,0.00438672861207305,0.00436330974605659,0.00422310706144789,0.00422913042945582,0.00416151637400057
716,"ZWE","Zimbabwe",0.0042765955478159,0.00448023587185608,0.0046601544873812,0.00454404735397656,0.00521723346833797,0.00511393524072324,0.00532594844967613,0.00531711880925063,0.00577301979227779,0.00555218353162055,0.00517243974411223,0.00512147064059715,0.00544651326339723,0.00483446107563237,0.00499361622798248,0.00479371231518341,0.00508533752371727,0.00415599248301959,0.00508231646278467,0.00469737515279881
