"code","iso","country","PCR.raw.1961","PCR.raw.1962","PCR.raw.1963","PCR.raw.1964","PCR.raw.1965","PCR.raw.1966","PCR.raw.1967","PCR.raw.1968","PCR.raw.1969","PCR.raw.1970","PCR.raw.1971","PCR.raw.1972","PCR.raw.1973","PCR.raw.1974","PCR.raw.1975","PCR.raw.1976","PCR.raw.1977","PCR.raw.1978","PCR.raw.1979","PCR.raw.1980","PCR.raw.1981","PCR.raw.1982","PCR.raw.1983","PCR.raw.1984","PCR.raw.1985","PCR.raw.1986","PCR.raw.1987","PCR.raw.1988","PCR.raw.1989","PCR.raw.1990","PCR.raw.1991","PCR.raw.1992","PCR.raw.1993","PCR.raw.1994","PCR.raw.1995","PCR.raw.1996","PCR.raw.1997","PCR.raw.1998","PCR.raw.1999","PCR.raw.2000","PCR.raw.2001","PCR.raw.2002","PCR.raw.2003","PCR.raw.2004","PCR.raw.2005","PCR.raw.2006","PCR.raw.2007","PCR.raw.2008","PCR.raw.2009","PCR.raw.2010","PCR.raw.2011","PCR.raw.2012","PCR.raw.2013","PCR.raw.2014","PCR.raw.2015","PCR.raw.2016","PCR.raw.2017","PCR.raw.2018","PCR.raw.2019","PCR.raw.2020","PCR.raw.2021"
4,"AFG","Afghanistan",1.9164,1.951,1.8318,1.9427,1.9733,1.8127,1.9792,2.0331,2.1112,1.8508,1.7253,2.0206,2.2498,2.3478,2.4331,2.5192,2.2315,2.3509,2.2342,2.1129,2.0273,1.931,1.8741,1.823,1.7219,1.6488,1.762,1.5768,1.4836,1.4197,1.5545,1.4527,1.6978,1.7991,1.8538,1.8895,2.0884,2.1552,1.9131,1.2612,1.3444,2.0981,2.3815,1.9266,2.8828,2.4736,3.0525,2.1672,3.4415,3.154,2.5283,3.3869,3.4404,3.5776,3.1784,3.1578,2.7933,2.4482,3.2988,3.5247,2.8715
8,"ALB","Albania",3.5265,3.8887,3.7884,4.592,3.9717,4.6691,4.8423,4.7634,4.8085,4.7148,4.8714,5.0678,5.5112,5.4808,5.5341,6.4002,6.7471,6.7202,6.9875,6.3897,6.5881,6.8628,7.7332,7.3284,7.1968,7.2767,7.2689,6.6359,7.3474,5.9897,3.4019,3.2868,4.6234,4.4297,4.5499,3.7739,4.3727,4.6205,3.9445,4.2713,3.9625,3.9259,3.7564,4.1957,4.2383,4.0751,3.9056,4.9581,5.3422,5.596,5.696,6.2146,6.0674,6.1891,6.1845,6.2055,6.369,6.3711,6.178,6.7563,6.558
12,"DZA","Algeria",0.9623,1.7267,1.7432,1.2902,1.4513,0.8133,1.2824,1.661,1.4335,1.5566,1.4083,1.6575,1.2078,1.2312,1.8293,1.5936,0.9261,1.094,1.2484,1.5959,1.4421,1.1581,1.1057,1.1594,2.0027,1.8099,1.6117,1.0471,1.5132,1.334,2.3345,2.2231,1.3124,1.0041,1.5777,3.049,1.1125,1.97,1.7448,1.0914,1.8961,1.617,2.7456,2.9459,2.6241,2.8283,2.4577,1.6885,3.6526,3.1927,3.5915,3.8757,4.109,3.3766,3.6902,3.6425,3.6398,4.9893,4.9089,4.5467,3.4383
20,"AND","Andorra",NA,NA,NA,NA,NA,NA,NA,NA,NA,NA,NA,NA,NA,NA,NA,NA,NA,NA,NA,NA,NA,NA,NA,NA,NA,NA,NA,NA,NA,NA,NA,NA,NA,NA,NA,NA,NA,NA,NA,NA,NA,NA,NA,NA,NA,NA,NA,NA,NA,NA,NA,NA,NA,NA,NA,NA,NA,NA,NA,NA,NA
24,"AGO","Angola",1.2427,1.3057,1.2442,1.3196,1.3425,1.3243,1.3712,1.3997,1.5698,1.6044,1.5757,1.4311,1.5734,1.5887,1.3272,1.3056,1.1435,1.1299,0.9898,0.9524,0.826,0.8376,0.8585,0.8496,0.8412,0.9122,0.9389,0.9044,0.8469,0.8172,0.9459,0.9862,0.9231,1.1454,1.0699,1.2067,1.1318,1.4167,1.2853,1.4368,1.7092,1.932,1.9449,2.1001,2.3846,2.2359,2.4855,2.5393,2.9096,2.9563,2.9999,1.8247,3.2231,2.9937,3.0615,3.0662,3.1075,3.3211,3.3584,3.5299,3.5427
660,"AIA","Anguilla",NA,NA,NA,NA,NA,NA,NA,NA,NA,NA,NA,NA,NA,NA,NA,NA,NA,NA,NA,NA,NA,NA,NA,NA,NA,NA,NA,NA,NA,NA,NA,NA,NA,NA,NA,NA,NA,NA,NA,NA,NA,NA,NA,NA,NA,NA,NA,NA,NA,NA,NA,NA,NA,NA,NA,NA,NA,NA,NA,NA,NA
28,"ATG","Antigua and Barbuda",8.0822,9.6224,12.2531,12.1173,7.8708,5.3603,3.7939,1.7211,3.1884,3.3496,7.014,1.5207,1.5827,1.2543,1.4723,1.4209,1.3683,1.4395,1.3941,1.3457,1.398,1.4658,1.2084,1.4183,1.9894,1.8636,1.9353,1.9853,1.6211,1.7032,1.7574,1.7823,1.7659,1.7619,1.6663,1.7052,1.7363,1.7208,1.7594,1.7598,1.7576,1.839,1.8761,1.931,1.5423,1.6301,1.7301,1.7892,1.8119,1.8346,1.8501,1.815,1.8538,1.8556,1.8596,1.807,1.6594,1.6204,1.5653,1.4957,1.5018
32,"ARG","Argentina",3.8021,3.6463,4.2637,4.6976,3.5545,3.7654,3.9238,3.1858,3.535,3.8174,4.0221,3.5282,4.3058,4.3652,4.3455,4.7403,4.5851,5.6993,5.5207,4.5913,5.8498,6.8667,6.4749,7.2001,6.5364,6.388,5.688,6.6508,5.235,6.575,7.0633,7.2332,6.8692,7.0593,7.8986,7.7253,8.8049,10.9457,10.2075,10.6951,11.6525,12.0631,11.9215,10.7767,12.2493,11.1985,12.774,13.4527,9.077,12.9546,13.435,11.3582,12.8508,13.6564,15.0339,14.8922,15.5263,12.5554,16.0426,14.8675,14.4973
51,"ARM","Armenia",NA,NA,NA,NA,NA,NA,NA,NA,NA,NA,NA,NA,NA,NA,NA,NA,NA,NA,NA,NA,NA,NA,NA,NA,NA,NA,NA,NA,NA,NA,NA,3.6091,3.6082,3.1805,3.3443,3.8167,3.1396,3.8712,3.6686,2.9506,4.0976,4.4949,4.0295,5.2345,5.1432,3.8504,5.773,5.6603,5.3685,4.454,5.6688,6.1634,6.9041,7.2823,7.6067,7.1775,5.0342,4.6584,3.5497,4.1005,3.6116
533,"ABW","Aruba",NA,NA,NA,NA,NA,NA,NA,NA,NA,NA,NA,NA,NA,NA,NA,NA,NA,NA,NA,NA,NA,NA,NA,NA,NA,NA,NA,NA,NA,NA,NA,NA,NA,NA,NA,NA,NA,NA,NA,NA,NA,NA,NA,NA,NA,NA,NA,NA,NA,NA,NA,NA,NA,NA,NA,NA,NA,NA,NA,NA,NA
36,"AUS","Australia",2.7362,3.0965,3.2809,3.4499,2.4941,3.766,2.3534,3.7608,3.1685,3.1065,3.8655,2.9936,4.9475,4.8732,5.7305,5.2657,4.3902,6.4244,5.7939,4.2537,5.7245,3.5596,6.9,5.8286,5.6252,5.73,5.1901,6.1829,6.4241,6.732,6.9308,6.8249,7.423,7.5471,5.8392,7.6582,8.7663,7.8422,8.2218,8.4178,7.8708,8.2231,4.7293,7.868,7.1071,8.1291,4.4061,5.627,6.4563,6.9081,6.852,7.7438,6.909,6.9171,6.5859,6.661,9.2367,6.9054,5.3819,4.6944,8.7662
40,"AUT","Austria",7.2949,7.2729,7.6828,7.9712,6.4057,8.5526,9.1821,9.5526,9.7979,8.9839,9.7215,9.2152,10.5596,11.0846,10.483,11.5357,11.0611,11.6984,10.5358,12.4743,11.387,13.2938,13.6812,14.5668,14.7436,13.6273,13.9219,15.0561,14.3854,15.5648,15.0575,13.934,13.7945,14.546,14.2445,13.7909,15.4958,15.3423,15.6028,13.9018,15.1723,14.88,13.2914,16.5848,15.3663,14.4113,14.8031,17.5515,16.1381,15.3402,17.8759,15.0677,14.9955,18.2053,15.3028,17.8607,15.6566,15.2135,16.6161,17.2944,16.9722
31,"AZE","Azerbaijan",NA,NA,NA,NA,NA,NA,NA,NA,NA,NA,NA,NA,NA,NA,NA,NA,NA,NA,NA,NA,NA,NA,NA,NA,NA,NA,NA,NA,NA,NA,NA,5.0601,4.2777,3.9527,3.6218,3.8537,3.1049,2.83,3.0266,3.9281,4.8186,5.1961,5.1393,5.4984,5.978,5.5558,5.2294,5.8473,6.4849,4.7768,5.7404,6.2344,6.3344,5.2514,6.2307,6.4998,6.7134,7.4327,8.1315,7.8535,7.7942
44,"BHS","Bahamas",2.1004,2.183,2.2714,2.3422,2.4192,2.8602,3.2556,3.1263,2.9831,3.6654,2.8778,4.1515,4.1168,4.2659,4.5856,5.3853,5.0256,4.5356,4.6206,4.5609,5.307,5.2526,4.5658,5.191,4.6985,4.3944,4.4978,4.8644,5.3048,5.4513,4.8068,4.3054,4.7384,5.4536,4.9924,5.3252,5.0407,5.4753,5.7341,5.4209,5.9107,5.3312,5.416,5.698,5.695,6.0931,6.4296,6.469,6.2362,7.8603,7.26,7.2507,7.2859,7.6243,7.7384,7.7145,7.7476,7.8099,7.7595,7.7981,7.8254
48,"BHR","Bahrain",2.9769,3.0106,3.0427,3.0427,3.0587,2.8849,2.9243,2.9426,2.9606,2.9802,3.0384,3.0766,3.0769,3.3192,4.6078,6.0684,7.5542,7.4394,7.2513,7.3322,3.5044,2.8033,2.8111,2.8286,3.1969,3.3448,3.706,3.7505,3.7555,2.2644,2.463,2.7564,2.9573,3.491,4.1379,4.2447,4.1996,5.745,5.3934,4.5761,4.4261,4.2256,4.1724,4.3045,3.8726,6.0062,5.1733,5.037,5.2321,5.276,5.1903,5.556,5.6616,5.8666,6.1355,6.7305,5.929,6.0541,6.2612,6.4452,6.6745
50,"BGD","Bangladesh",5.6143,5.2686,6.1238,6.051,6.067,5.6979,6.5407,6.6401,7.0274,6.5917,5.9759,5.8033,6.6126,6.349,7.1066,6.7194,7.3436,7.4822,7.4232,8.056,8.0589,8.3199,8.575,8.5797,8.9672,8.9182,8.8064,8.5967,9.5078,9.5539,9.8898,10.8382,10.9087,10.3728,10.8224,11.5303,11.5555,12.0687,13.6296,14.7158,14.2422,14.7139,15.0082,14.3255,16.1309,16.2321,17.1937,18.7445,18.9581,19.9467,20.7122,20.8277,21.0917,21.4733,21.4272,20.9139,22.4167,22.2842,21.7932,22.0072,22.4202
52,"BRB","Barbados",27.0292,28.2863,32.6312,28.7436,33.2346,30.0438,35.1093,27.0482,24.963,28.3904,24.4245,21.3337,20.5203,18.7156,16.9543,18.1343,20.5833,18.0089,20.6811,23.6407,19.0272,16.2085,14.5099,16.2133,15.7112,17.8236,13.981,14.0166,11.5969,12.472,12.0492,10.936,9.3797,9.6615,8.2105,11.2336,11.7094,9.6096,11.4608,11.8845,9.486,9.9721,9.1705,9.4943,11.3548,9.3932,9.4352,8.3439,9.4332,7.9118,9.2237,9.3888,7.4216,7.3038,6.5917,6.2561,7.9426,8.9698,6.6201,6.6713,6.5741
112,"BLR","Belarus",NA,NA,NA,NA,NA,NA,NA,NA,NA,NA,NA,NA,NA,NA,NA,NA,NA,NA,NA,NA,NA,NA,NA,NA,NA,NA,NA,NA,NA,NA,NA,5.6763,6.258,4.808,4.6865,5.0935,5.095,4.2514,3.4962,4.4536,4.7993,5.2699,5.2239,6.6787,6.0161,5.8054,6.7063,8.2829,7.8384,6.7019,7.3424,8.3963,7.1117,8.4332,7.2625,6.4449,7.2904,5.9086,6.7899,7.7476,7.1578
56,"BEL","Belgium",NA,NA,NA,NA,NA,NA,NA,NA,NA,NA,NA,NA,NA,NA,NA,NA,NA,NA,NA,NA,NA,NA,NA,NA,NA,NA,NA,NA,NA,NA,NA,NA,NA,NA,NA,NA,NA,NA,NA,22.0375,20.3055,22.9509,22.5479,24.8887,23.1747,21.3576,22.1709,22.6795,24.4495,23.4595,24.1147,23.4314,23.9347,25.565,23.9955,18.9914,23.4838,18.9801,21.4231,19.7374,19.2816
84,"BLZ","Belize",2.8084,2.3148,2.3839,3.1657,3.4443,4.0219,5.2124,6.0128,5.2711,6.7579,6.4665,6.6242,7.0412,7.576,6.857,6.2324,8.1849,9.4422,8.1697,8.6081,8.4694,9.0881,8.7439,8.1292,7.969,7.2035,6.4511,6.0258,6.5509,6.8826,7.1431,7.0509,7.0396,6.8325,6.6745,7.2032,7.8826,7.2036,7.5101,8.2433,8.2767,8.9659,9.5324,11.9481,11.8136,12.9143,13.2544,11.5383,11.4633,12.5863,11.0118,10.6644,11.878,12.5473,9.0732,8.5093,9.429,8.895,8.2806,8.2682,9.6479
204,"BEN","Benin",2.5185,2.3531,2.2615,2.2518,2.282,2.0656,2.3599,2.4024,2.1597,2.2576,2.1737,2.1963,2.2961,2.0192,1.8037,1.9353,1.9569,2.241,2.2569,1.981,1.9154,1.9683,1.9961,2.8851,2.8853,3.2,2.4828,3.1927,3.1954,3.4712,3.8895,3.7297,4.5456,4.4113,4.7704,4.9448,4.6796,4.4067,4.5458,4.4147,4.4151,4.7206,4.4135,4.8202,3.8692,3.8881,4.2307,4.3273,4.3398,4.1954,4.9861,4.8789,5.1809,5.5568,5.0234,5.856,6.5699,7.3847,7.613,7.5706,7.9167
60,"BMU","Bermuda",NA,NA,NA,NA,NA,NA,NA,NA,NA,NA,NA,NA,NA,NA,NA,NA,NA,NA,NA,NA,NA,NA,NA,NA,NA,NA,NA,NA,NA,NA,NA,NA,NA,NA,NA,NA,NA,NA,NA,NA,NA,NA,NA,NA,NA,NA,NA,NA,NA,NA,NA,NA,NA,NA,NA,NA,NA,NA,NA,NA,NA
64,"BTN","Bhutan",3.0193,3.1157,3.2085,3.295,3.3512,3.4404,3.5369,3.6221,3.7083,3.4937,3.578,3.6346,3.7177,3.6661,3.7465,3.6483,3.7346,3.8213,3.7853,3.7741,3.923,3.8777,3.8046,4.08,3.771,3.728,3.4201,2.4366,2.5721,3.118,2.687,2.7273,3.0204,3.2243,3.4259,3.533,3.5763,3.538,3.2692,2.3723,2.5674,2.2201,2.5388,3.3514,4.4594,4.7392,5.195,5.9965,5.1991,5.2172,6.697,5.8798,5.9501,6.0281,6.1537,6.7993,7.649,5.3565,4.9392,5.1089,4.0552
68,"BOL","Bolivia",1.6984,1.7298,1.9049,1.8184,1.9197,1.877,1.8477,2.0318,2.0579,2.0431,2.1445,2.3227,2.8212,2.6895,2.7534,2.7211,2.531,2.5635,2.5244,2.469,2.6875,2.6472,1.8037,2.6576,3.0782,3.0591,2.9411,2.962,3.184,3.2659,3.8986,3.7152,4.3093,4.493,4.7841,4.7919,4.6062,4.8546,4.4689,4.7176,4.7894,4.8562,5.2003,5.0164,5.1502,5.1776,5.0359,4.7856,6.0435,5.2802,5.3063,6.4878,6.8805,6.8184,7.5243,7.4345,6.6204,7.5489,7.2279,7.0924,8.0948
70,"BIH","Bosnia and Herzegovina",NA,NA,NA,NA,NA,NA,NA,NA,NA,NA,NA,NA,NA,NA,NA,NA,NA,NA,NA,NA,NA,NA,NA,NA,NA,NA,NA,NA,NA,NA,NA,4.7326,4.362,3.8901,3.3983,3.6345,5.0514,5.2251,5.2852,3.7268,4.3214,4.9395,3.3062,5.348,5.0771,5.0452,4.1314,5.2283,5.2743,4.2886,4.4184,3.6999,4.7655,4.1031,4.3889,5.9617,4.3296,6.2934,6.0261,6.9921,5.3479
72,"BWA","Botswana",0.936,0.4013,0.4314,0.4872,0.4715,0.613,0.9064,0.5289,0.7717,0.3694,1.2448,1.0364,0.5982,1.3184,0.9384,1.411,1.0276,0.7018,0.4754,0.7907,0.8515,0.5212,0.4752,0.4046,0.5195,0.5366,0.5374,1.3124,1.025,0.8432,0.9032,0.6551,0.7321,0.7273,0.8929,1.2109,0.8221,0.6662,0.7487,0.5522,0.9715,0.9327,1.2779,0.9127,1.1213,1.2748,1.1976,0.9295,0.9222,1.1796,1.2877,0.8728,0.6179,0.6969,1.1181,1.0975,0.7398,1.6788,1.1273,2.9193,2.0983
76,"BRA","Brazil",3.6878,3.9196,3.8858,3.8351,4.4167,4.1524,4.4876,4.4811,4.5429,4.7849,4.8942,4.8849,5.0711,5.5758,5.5734,5.5585,5.6926,4.6252,4.711,5.3305,5.309,5.2722,5.1275,5.6402,6.355,5.906,6.7249,7.1625,7.744,6.8729,6.8607,7.9697,8.1962,9.3225,9.9199,8.888,9.5222,9.8003,10.111,10.2208,11.3767,11.5498,13.5404,13.3279,12.8563,13.2225,14.7689,16.0009,15.182,16.6606,17.8737,17.1597,19.1912,19.703,20.865,19.5316,22.7931,22.4192,23.0672,23.8939,23.8988
92,"VGB","British Virgin Islands",NA,NA,NA,NA,NA,NA,NA,NA,NA,NA,NA,NA,NA,NA,NA,NA,NA,NA,NA,NA,NA,NA,NA,NA,NA,NA,NA,NA,NA,NA,NA,NA,NA,NA,NA,NA,NA,NA,NA,NA,NA,NA,NA,NA,NA,NA,NA,NA,NA,NA,NA,NA,NA,NA,NA,NA,NA,NA,NA,NA,NA
96,"BRN","Brunei Darussalam",1.498,1.562,1.285,0.9867,0.8948,1.0238,1.3825,1.3145,1.5391,1.5184,1.6386,1.6807,2.2824,3.1462,3.1374,2.7,2.4069,2.2579,2.4812,1.9571,1.9177,2.3299,2.5143,2.4469,1.2764,1.4603,1.3026,1.6136,1.47,1.3654,1.3407,1.2465,1.3638,1.4174,1.5093,1.6055,1.5743,1.5147,1.6151,1.9263,1.7491,1.8404,1.8768,1.9138,1.8346,1.5888,1.6155,1.6277,1.5016,1.587,1.7281,1.8143,1.7282,1.796,1.873,1.9033,1.87,1.8034,1.8028,2.0381,2.0564
100,"BGR","Bulgaria",4.5517,4.7587,4.8238,5.5675,5.6219,7.2002,6.8858,5.6168,6.3294,6.8101,7.0277,7.9493,7.2972,6.7223,7.8032,8.4905,7.7257,7.7817,8.5168,7.981,8.8626,10.2887,8.1274,9.5205,6.0294,8.8004,7.7323,8.1756,9.7295,8.4348,8.8854,6.6905,5.6594,6.5895,6.9256,3.7283,5.8477,6.1988,5.9757,5.1914,7.0023,8.1308,5.2686,9.3162,7.742,7.8395,5.4895,10.2468,9.2342,10.8839,10.9087,9.6037,12.1226,12.751,11.3857,12.1258,13.2227,13.3012,14.0463,10.9942,14.5483
854,"BFA","Burkina Faso",1.8035,2.1462,2.1555,2.387,2.2635,2.4034,2.4473,2.6494,2.5707,2.5496,2.2154,2.1622,1.9833,2.4272,2.7461,2.3547,2.3645,2.4953,2.5848,2.2971,2.6464,2.5428,2.4033,2.4009,3.327,3.8228,3.2992,3.4868,3.2965,2.8655,4.1815,4.0278,4.0099,3.8548,3.8568,4.2029,3.6472,4.3963,4.1483,3.2138,4.8135,4.7615,5.3112,4.5465,5.6426,5.6265,4.0477,6.0724,4.767,5.6574,4.5347,5.6973,5.9903,5.9925,5.4271,5.613,5.2396,5.3313,5.7335,5.8991,5.3116
108,"BDI","Burundi",3.589,3.4211,3.3302,3.6121,3.5103,3.5309,3.5679,3.6114,2.8819,3.1645,3.2682,2.9821,3.1819,2.7215,3.2075,3.2504,3.265,3.1837,3.2194,3.263,3.4867,3.355,3.3614,3.1381,3.7265,3.8397,3.93,3.9785,3.5408,4.0416,4.2088,4.2714,4.17,3.28,3.8437,3.7213,3.7408,3.5357,3.4427,3.2866,3.7387,3.9887,3.6323,3.9157,3.6289,3.8621,3.672,3.7547,3.7778,3.9742,3.8549,3.325,4.0992,3.7211,3.7092,4.439,4.0819,4.5817,5.6473,5.3974,4.6837
132,"CPV","Cabo Verde",2.4543,2.6687,2.735,2.8325,3.198,3.4284,3.4518,2.0802,1.8195,1.1931,1.0628,0.9955,0.9867,1.13,1.2598,1.4575,1.1807,1.3038,1.8255,2.7102,1.4422,1.5962,1.3979,1.7888,1.3267,2.595,4.218,3.4969,3.0332,2.6827,2.0964,1.9672,1.9299,1.5748,1.5305,1.6906,1.3139,1.3877,3.4553,3.4043,2.9801,2.0511,2.4592,2.2787,1.9171,2.0661,2.0039,2.0467,1.8981,1.8469,1.909,2.0589,2.1034,1.7844,2.3319,2.0125,1.6659,1.2436,1.3201,1.3673,1.4052
116,"KHM","Cambodia",2.9559,2.5081,3.1155,3.2402,2.8941,2.7877,2.9152,3.7549,3.1108,4.4402,5.0008,3.6471,2.2667,1.5745,2.2193,2.2314,2.1003,1.9656,1.243,2.8476,2.5735,3.1349,3.2837,2.1904,2.6547,2.6692,2.0726,2.3895,2.3664,2.2605,2.2106,2.0975,2.1806,2.0642,2.9758,2.9623,3.0062,3.0127,3.4827,3.504,3.568,3.3747,4.2605,3.9481,5.4747,5.7323,6.2264,6.7201,7.3134,7.7297,8.2241,8.5925,8.6315,8.2847,8.171,8.7138,9.0276,9.4776,9.0756,9.1676,9.2626
120,"CMR","Cameroon",1.0682,1.1108,1.1987,1.1698,1.1608,1.1873,1.1905,1.2535,1.3731,1.3677,1.3637,1.3984,1.363,1.4776,1.5884,1.4053,1.3724,1.3111,1.3345,1.3562,1.3349,1.3871,1.3288,1.2179,1.3414,1.55,1.2779,1.4848,1.3937,1.4425,1.5069,1.5189,1.5722,1.6489,1.8845,2.0285,1.9336,2.087,2.0594,2.1498,2.2137,2.299,2.4487,2.4351,2.9486,3.0985,3.3387,3.3013,3.5008,3.6667,3.6597,3.8841,3.9823,4.1187,4.529,4.5871,4.3555,4.5041,4.6712,4.5684,4.639
124,"CAN","Canada",1.9105,3.1489,3.6476,3.0726,3.4904,4.0856,3.1519,3.6226,3.8236,3.3085,4.2493,3.7616,3.8831,3.2946,3.9973,4.4926,4.5363,4.7419,4.2001,4.4344,5.1477,5.5169,4.9753,4.7178,5.2509,6.1395,5.7066,4.2229,5.2054,6.1341,6.0598,5.6432,6.2829,6.3939,6.5215,6.9763,6.6341,7.1314,7.6638,7.2678,5.7674,4.9576,6.7577,7.5171,8.0127,7.6911,7.6498,9.3999,9.0549,8.7825,9.2333,9.702,12.2874,10.4935,10.913,12.0211,12.0492,11.8884,11.9587,12.6031,8.9296
136,"CYM","Cayman Islands",NA,NA,NA,NA,NA,NA,NA,NA,NA,NA,NA,NA,NA,NA,NA,NA,NA,NA,NA,NA,NA,NA,NA,NA,NA,NA,NA,NA,NA,NA,NA,NA,NA,NA,NA,NA,NA,NA,NA,NA,NA,NA,NA,NA,NA,NA,NA,NA,NA,NA,NA,NA,NA,NA,NA,NA,NA,NA,NA,NA,NA
140,"CAF","Central African Republic",0.7875,0.8641,0.8414,0.8362,0.8245,0.9123,1.0141,1.0698,1.1033,1.0491,1.0085,1.0694,1.0553,1.1387,1.0779,1.1083,1.0292,0.982,1.0561,1.0304,1.0401,1.1378,1.0764,1.0753,1.1058,1.2238,1.0301,1.115,1.1119,1.079,0.9836,1.0151,0.9848,1.1051,1.2033,1.3492,1.4355,1.44,1.3722,1.421,1.5326,1.4324,1.3674,1.4239,1.4578,1.5073,1.5825,1.5964,1.6868,1.6659,1.7755,1.84,1.7543,1.5907,1.535,1.5764,1.6961,1.7372,1.7718,1.8126,1.7959
148,"TCD","Chad",1.5749,1.73,2.0825,1.8538,1.6875,1.8095,1.7464,1.9649,1.8426,1.6631,1.6749,1.4119,1.4307,1.7296,1.7975,1.6524,1.6316,1.6682,1.406,1.4111,1.1395,1.2465,1.543,1.2055,1.68,1.5146,1.5373,1.8734,1.7305,1.6882,2.0221,2.0255,1.4922,2.3157,2.1114,2.3003,2.5096,2.7248,2.5513,2.3056,2.8448,2.5737,2.8145,2.535,3.1005,2.969,2.93,2.9524,2.4189,4.4035,2.5703,4.3208,3.2903,3.3746,3.117,3.5466,3.1201,3.3169,3.5865,3.4451,3.2999
152,"CHL","Chile",2.2976,2.2152,2.4455,2.5124,2.4482,2.819,2.7551,2.7999,2.3858,2.6728,2.768,2.5955,1.8973,2.261,2.3578,2.2444,2.907,2.3609,2.8032,2.6872,2.6507,2.5792,2.4919,3.3667,3.6758,4.3201,4.8737,5.0065,5.3307,5.4887,5.6733,6.5397,6.2999,6.4207,7.1854,7.1149,7.7646,7.9676,7.1575,7.9395,9.0222,9.6977,10.6508,11.2372,11.7175,11.5643,10.0158,10.8516,10.5542,11.8766,13.1437,12.0029,13.4956,12.1639,13.0835,13.3588,12.7339,13.5652,12.268,11.1023,11.3823
156,"CHN","China",5.6532,6.1823,6.6658,7.3648,7.9088,8.5877,8.7722,8.586,8.5478,9.5789,9.8637,9.4989,10.6692,10.7966,11.25,11.2042,11.0933,12.4379,13.0466,12.864,13.3339,13.9823,14.5561,14.8625,12.9366,12.9966,13.4845,13.1583,13.1874,14.4053,14.4079,14.6389,15.1907,15.2123,16.0193,16.9605,17.0328,17.4223,17.3989,16.9139,16.952,17.0997,16.4496,17.9094,18.1442,18.6492,18.9065,19.8544,19.6404,20.0859,21.1486,21.8817,22.2339,22.5427,23.9584,23.9216,24.4537,24.7404,25.6439,25.3926,25.6642
170,"COL","Colombia",3.1952,3.4821,3.2038,3.5181,3.429,3.516,3.6742,4.0356,4.0387,4.1618,4.2182,4.5656,4.577,5.154,5.5135,5.4953,5.6438,6.0601,6.0896,6.2275,6.171,5.7724,5.6666,5.7913,5.9253,6.0309,6.2637,6.7122,7.1024,7.6426,8.1775,7.6877,7.3466,7.3752,7.9957,8.6774,8.3526,7.6888,8.1727,7.8395,8.6667,9.8761,10.7331,11.3661,11.4482,11.831,11.8412,11.897,12.1386,11.1959,11.499,12.0785,12.1915,12.3785,12.2829,12.154,11.3458,10.0119,10.0903,9.8316,9.6079
174,"COM","Comoros",2.8375,2.8474,2.8332,2.9253,2.8631,3.0845,3.117,3.192,3.3149,3.2222,3.1432,2.8872,3.5216,3.415,2.9885,3.0671,3.1605,3.1467,3.2857,3.0314,2.7036,2.8243,2.878,2.594,2.6413,2.7572,2.5875,2.6084,2.7125,3.1681,3.1852,3.2478,3.15,2.8772,3.2961,3.323,3.2664,3.2851,3.3051,3.2659,3.2909,3.2721,3.3017,3.3483,3.3501,3.4469,3.5111,3.6571,3.7801,3.9253,4.0835,4.2011,4.3325,3.775,4.0942,4.4106,4.4502,4.5437,4.5643,4.5369,4.5547
184,"COK","Cook Islands",6.7446,6.7018,6.9835,7.1604,7.7294,7.8665,6.5593,10.0494,8.0324,8.0361,8.1628,6.7951,7.3204,7.1235,7.007,6.8864,6.5451,6.134,7.7641,6.9343,8.1744,8.2555,6.1055,7.2969,7.1924,6.7207,4.7577,7.8323,6.2193,4.9122,5.964,6.6929,7.7212,7.3173,8.552,9.959,11.407,12.832,7.2667,7.6279,7.6121,10.2938,9.0707,7.314,8.4818,9.8739,9.7254,9.6993,9.2367,8.882,9.0733,9.3319,9.4566,9.3718,9.1565,9.3066,9.0686,9.1595,9.1564,9.12,9.1441
188,"CRI","Costa Rica",2.8422,2.999,3.2106,3.3628,3.7336,4.0413,4.169,4.3323,4.3422,4.4115,4.6215,4.7588,5.1808,5.02,5.6078,5.6309,6.2486,6.2654,6.3212,6.3508,6.429,5.7362,6.6424,6.9572,6.7882,6.6486,6.4536,6.9258,7.3889,7.7893,8.1,8.3773,9.1121,9.7555,10.0576,10.4874,10.9635,9.729,10.3425,10.5471,10.3838,9.6976,10.1904,10.3617,10.5377,11.1134,11.4518,11.9943,11.3674,11.3018,11.2285,12.1032,12.295,12.4339,11.6445,12.4466,10.5856,11.3425,9.3573,10.2098,10.3626
384,"CIV","Cote d'Ivoire",1.6413,1.7571,1.8702,1.9777,1.8499,2.0472,2.0157,2.255,2.3157,2.3649,2.4622,2.3727,2.4914,2.5691,2.8099,2.7111,2.6392,2.6887,2.9579,3.1965,3.2647,3.1275,3.0994,3.1629,3.2731,3.2144,3.2924,3.327,3.3555,3.373,3.3234,3.1858,3.072,3.0631,3.263,3.403,3.5159,3.768,3.934,4.2395,3.907,4.147,4.1539,3.8688,4.0212,4.0644,3.7462,3.8129,3.6479,4.027,4.2146,4.6954,4.6556,4.9373,5.0254,4.8669,5.2578,4.8725,4.922,5.0094,4.9595
191,"HRV","Croatia",NA,NA,NA,NA,NA,NA,NA,NA,NA,NA,NA,NA,NA,NA,NA,NA,NA,NA,NA,NA,NA,NA,NA,NA,NA,NA,NA,NA,NA,NA,NA,7.3659,9.4336,8.6896,9.2898,10.1437,11.3336,11.2218,10.6259,11.3691,13.4767,14.9593,9.865,14.3953,14.2468,14.8021,13.2124,17.7348,16.5881,14.1953,13.9968,12.8231,15.7411,15.8324,15.1824,18.6334,15.7947,18.3891,18.3791,18.5943,16.3425
192,"CUB","Cuba",12.0957,8.369,6.9985,6.9918,9.7867,8.3315,9.5489,7.8599,6.8616,10.6124,7.1802,5.7102,5.7787,6.5045,6.082,5.9543,6.7643,7.6016,8.1281,6.9921,7.242,7.758,7.368,7.9588,6.9644,6.9079,6.8982,7.0853,7.6019,7.5592,7.2144,5.8264,3.8499,3.8723,3.2754,4.2509,4.0251,3.7175,4.0735,4.8211,4.5951,4.8612,4.3319,4.4413,3.191,2.7967,3.0539,3.2929,3.4369,3.2238,3.4521,4.1716,4.4628,4.3213,4.5815,4.739,4.5366,3.8765,4.096,3.2059,2.5641
531,"CUW","Curacao",NA,NA,NA,NA,NA,NA,NA,NA,NA,NA,NA,NA,NA,NA,NA,NA,NA,NA,NA,NA,NA,NA,NA,NA,NA,NA,NA,NA,NA,NA,NA,NA,NA,NA,NA,NA,NA,NA,NA,NA,NA,NA,NA,NA,NA,NA,NA,NA,NA,NA,NA,NA,NA,NA,NA,NA,NA,NA,NA,NA,NA
196,"CYP","Cyprus",2.3386,2.6919,2.7393,2.1398,3.7709,2.6504,3.7615,2.9077,3.5646,2.5935,3.8361,3.4507,1.3349,4.5901,4.4314,5.0551,4.8152,4.8659,4.8308,5.4459,5.053,4.8499,4.1797,5.0326,5.6754,4.9328,5.8241,7.2139,6.7777,5.8464,4.2483,7.7122,8.1748,6.9598,7.7371,7.2538,3.8547,4.7591,6.5653,4.7992,6.4354,7.6152,6.7326,5.8648,4.2538,4.5697,4.3589,3.4728,4.4119,5.1662,5.3945,5.6023,4.7469,3.8001,5.2372,3.2051,4.1328,3.2901,4.6632,4.7651,4.0254
203,"CZE","Czech Republic",NA,NA,NA,NA,NA,NA,NA,NA,NA,NA,NA,NA,NA,NA,NA,NA,NA,NA,NA,NA,NA,NA,NA,NA,NA,NA,NA,NA,NA,NA,NA,NA,9.8832,9.8579,10.2521,10.2746,10.4247,10.402,11.2029,10.4005,11.681,12.1351,10.0761,15.6784,13.8479,12.5826,13.8402,15.7061,15.3755,13.9166,16.3013,13.8155,16.1902,18.6498,16.9496,17.929,15.8304,15.5919,15.7939,16.7756,16.6202
180,"COD","Dem. Rep. Congo",1.6358,1.6036,1.5929,1.58,1.5411,1.5917,1.6596,1.7859,1.8376,1.8862,1.8793,1.9077,1.9454,1.9629,1.9999,2.0113,2.0162,1.9521,2.0152,2.0934,2.1231,2.2658,2.3248,2.3813,2.4266,2.4582,2.5031,2.5696,2.6548,2.8147,2.9265,3.0172,3.1218,3.2294,2.6701,2.6732,2.6878,2.738,2.6983,2.6468,2.6027,2.577,2.5972,2.6247,2.6378,2.6687,2.696,2.7044,2.3466,2.8709,2.6953,2.4797,2.4708,2.4248,2.4162,2.392,2.4125,2.4175,2.4256,2.506,2.5993
208,"DNK","Denmark",7.1816,7.9804,7.9506,9.0356,8.8471,8.5885,8.9162,9.7545,9.7097,9.214,10.2798,10.2646,9.8679,10.9672,9.594,8.923,11.1731,11.2128,11.6184,10.9381,11.5451,12.9956,10.8058,16.1101,15.4112,15.629,14.2274,15.5891,17.1115,18.9263,17.7657,13.5062,16.0518,15.8157,17.7593,17.6184,18.4148,18.3016,17.3988,17.9309,17.4372,16.719,17.4184,17.6073,17.0642,16.0011,16.1196,16.9306,18.3245,16.2946,15.6577,17.0215,16.8519,17.9551,19.0917,16.806,19.0496,13.1313,18.0924,17.8629,16.8962
262,"DJI","Djibouti",0.9314,0.9314,0.9314,1.0237,1.2937,1.3803,1.4703,1.5605,1.561,1.6537,1.6537,1.8342,1.9302,2.1226,2.135,2.3295,2.5169,2.7894,4.0776,15.0271,15.4448,16.3988,16.422,18.3096,18.4579,20.279,20.2681,18.4685,20.3641,31.1185,20.6105,21.2267,21.1964,21.5974,20.4351,20.6485,21.2671,21.5479,22.3691,22.9863,23.6682,24.3681,19.4842,21.7092,21.6639,16.5672,17.1228,20.3892,19.8425,16.9596,15.0597,17.5892,16.6515,16.3677,16.62,16.5945,25.7037,32.3344,39.3271,32.2346,37.0656
212,"DMA","Dominica",4.7069,4.1913,4.526,4.5146,5.168,5.1303,4.8847,5.1327,5.302,5.0664,5.0498,4.9844,5.5946,5.6287,5.9417,6.3038,6.5788,7.0475,6.0582,4.2637,4.6928,5.5039,6.2988,6.2775,6.2324,6.6164,6.8129,8.0515,7.5899,7.0826,6.8125,6.643,7.0786,6.4404,6.4529,7.2091,6.9391,6.4518,5.7138,5.1386,4.5563,4.7235,3.8887,4.3418,4.4241,4.7164,4.9063,4.5475,4.3903,4.2045,3.8672,4.018,4.01,4.0572,4.3587,4.5299,4.3658,4.2332,4.2504,4.2508,4.2082
214,"DOM","Dominican Republic",4.7706,4.8298,4.6266,4.7662,3.9266,4.3025,4.2156,3.8576,4.6909,4.9197,5.2973,5.2241,5.2846,5.2529,4.7515,5.1968,5.1191,5.2176,4.8648,4.5109,4.6531,5.1939,5.4119,5.3598,4.7066,4.5028,4.9099,4.864,4.9427,5.0539,5.0637,5.338,5.156,4.6722,4.8855,5.0399,6.3896,5.4629,5.5648,6.8824,9.6938,10.2137,10.3405,9.0315,10.4495,12.4363,12.6862,9.507,13.044,12.9038,13.2055,13.8167,14.5487,17.9151,17.567,19.0475,19.8127,22.5196,24.4536,23.4047,24.4908
218,"ECU","Ecuador",3.0307,3.0243,3.1402,3.462,3.7752,3.7268,3.5985,3.6047,3.465,3.3201,3.2315,2.9748,3.0625,3.3801,3.466,3.2618,3.316,2.9824,3.0968,3.4751,3.5085,3.3522,2.6206,3.1011,3.2856,3.6515,3.7958,3.9885,4.1978,4.1005,3.4309,4.0124,4.3368,4.6728,4.329,4.6433,4.9596,4.3258,5.2275,4.3435,5.3178,5.7418,6.1282,6.6388,6.2631,6.3205,7.2001,6.7853,6.9594,7.4969,7.2098,7.436,6.6207,8.5183,9.0278,7.8399,7.681,7.909,7.8077,8.0105,8.8605
818,"EGY","Egypt",13.1835,17.3292,17.3681,17.8792,16.7751,15.8013,15.1049,16.3241,17.0206,17.0217,17.2604,17.4405,17.4445,16.802,16.8532,17.8777,17.7356,19.7065,21.1327,21.7133,21.4291,21.8216,21.4995,20.9755,21.8034,21.5307,22.1849,22.1461,23.6715,25.7178,27.0287,25.1062,26.1092,24.4999,24.5968,27.1232,27.733,27.0539,26.855,29.3624,28.5604,29.3112,29.0308,29.9894,30.7346,31.3299,31.0933,32.0918,30.1785,27.7023,31.4684,31.8438,31.6958,31.9423,31.6536,31.9422,31.6669,27.7928,30.3179,30.5601,29.97
222,"SLV","El Salvador",4.9819,6.0583,6.6535,6.7691,7.4054,6.6402,5.9788,6.0783,6.6612,7.3771,7.7868,7.7553,8.5712,8.9528,9.5748,8.1588,8.8775,9.6419,8.7839,8.045,7.1031,6.8597,7.2627,7.4648,7.0495,6.2768,5.6578,6.0707,5.9077,6.1073,6.1343,7.2535,6.6844,5.9086,6.5171,7.2472,7.0539,6.8382,7.0954,6.6972,6.6868,6.6548,6.9303,7.2645,7.708,8.2589,7.614,8.6334,8.4668,7.0578,6.9142,7.9797,7.8039,7.632,6.8839,7.9838,7.7786,7.1612,7.4934,7.2628,7.6776
226,"GNQ","Equatorial Guinea",1.6063,1.8584,1.9243,2.0961,2.089,2.2169,2.0985,2.2972,1.9067,2.2323,1.6956,1.1905,1.2627,1.3172,1.1538,1.0023,1.0029,1.0408,1.0656,1.196,1.3252,1.234,1.2608,1.3936,1.3588,1.3924,1.5118,1.51,1.4256,1.6349,1.5285,1.4302,1.3887,1.3963,1.4371,1.454,1.4636,1.417,1.5005,1.5446,1.5443,1.4852,1.5581,1.6193,1.6764,1.6955,1.7835,1.8057,1.8029,1.8633,1.9074,1.9526,1.9506,1.9643,2.1057,2.0216,2.0938,2.1253,2.1547,2.1598,2.1399
232,"ERI","Eritrea",NA,NA,NA,NA,NA,NA,NA,NA,NA,NA,NA,NA,NA,NA,NA,NA,NA,NA,NA,NA,NA,NA,NA,NA,NA,NA,NA,NA,NA,NA,NA,NA,1.2497,3.0519,2.1232,1.9259,1.9216,4.259,3.1983,1.4674,2.1375,0.9453,1.2267,1.2349,2.6919,2.5823,3.137,0.9743,1.6307,1.6724,2.113,2.0803,2.0612,2.0822,2.0918,2.082,2.0944,2.0892,2.0857,2.089,2.0891
233,"EST","Estonia",NA,NA,NA,NA,NA,NA,NA,NA,NA,NA,NA,NA,NA,NA,NA,NA,NA,NA,NA,NA,NA,NA,NA,NA,NA,NA,NA,NA,NA,NA,NA,2.4205,3.1273,2.4238,2.7181,3.1647,3.1898,2.7927,2.3158,3.7688,3.8163,4.0745,4.5823,5.3528,5.9446,5.3397,7.2364,6.715,7.1759,5.6432,6.4803,7.9554,8.0869,9.2696,11.519,7.2775,9.7252,6.9638,11.8417,12.0528,9.8609
748,"SWZ","Eswatini",3.8705,3.2205,3.5937,3.648,3.9184,4.4983,5.3255,4.7379,5.1597,6.0039,6.5763,6.4632,5.8079,7.5726,7.0811,7.3454,7.0857,6.9294,6.1519,8.0127,11.6959,10.4268,9.6927,10.2939,11.3249,11.6316,10.0139,10.3791,9.5817,10.7688,9.982,8.751,8.6011,8.6945,9.0101,9.9428,10.2736,10.2886,10.8646,9.2089,8.787,9.2818,9.0612,9.5579,10.2809,9.6868,9.0515,9.5614,9.7572,10.1275,10.2819,10.5175,11.1645,11.1288,10.7044,10.0313,10.8776,11.4283,11.1881,11.0061,11.2066
231,"ETH","Ethiopia",NA,NA,NA,NA,NA,NA,NA,NA,NA,NA,NA,NA,NA,NA,NA,NA,NA,NA,NA,NA,NA,NA,NA,NA,NA,NA,NA,NA,NA,NA,NA,NA,2.516,2.4932,3.1573,4.1086,4.0865,3.3252,3.6857,3.7075,4.3261,4.1479,3.9227,3.7802,4.474,4.3024,4.3626,4.7615,5.225,5.4355,5.5335,5.914,6.3615,6.7253,7.0907,7.1338,7.4617,7.1897,7.3461,7.4692,7.3308
234,"FRO","Faeroe Islands",21.8211,20.7407,23.316,19.2081,17.9518,20.2759,17.9393,18.6302,15.4142,20.5523,16.3438,14.7735,13.2911,13.3791,12.6379,17.0222,16.3313,16.3313,16.3313,16.3313,16.3313,16.3313,16.7081,16.9594,17.5875,17.5875,17.5875,17.5875,17.5875,18.2156,18.5794,19.0646,18.9497,19.0066,19.0211,18.9986,18.9446,18.8649,18.7661,18.6534,18.5282,18.3655,18.2379,18.1244,18.0238,17.9413,17.5875,17.8884,17.9332,17.7703,18.2997,18.8438,20.1,21.2722,17.4802,19.023,18.5432,18.6049,18.7605,17.7505,17.8125
238,"FLK","Falkland Islands",NA,NA,NA,NA,NA,NA,NA,NA,NA,NA,NA,NA,NA,NA,NA,NA,NA,NA,NA,NA,NA,NA,NA,NA,NA,NA,NA,NA,NA,NA,NA,NA,NA,NA,NA,NA,NA,NA,NA,NA,NA,NA,NA,NA,NA,NA,NA,NA,NA,NA,NA,NA,NA,NA,NA,NA,NA,NA,NA,NA,NA
242,"FJI","Fiji",8.7208,9.9934,11.1854,11.0629,9.9123,9.2703,9.271,11.4672,11.0366,11.4722,10.6076,9.7582,10.0088,9.3335,8.7023,8.9568,9.814,9.3332,11.1095,9.998,10.4824,10.5925,7.4863,10.7822,8.2027,10.3284,7.2958,7.126,8.2724,8.4544,6.7679,7.4591,7.3887,7.8698,8.2511,8.2793,8.0629,6.4971,8.4531,8.4934,8.0176,8.4496,7.6432,8.7943,9.3196,10.3352,10.04,9.8843,9.984,5.1411,6.3743,4.709,5.6218,6.2538,6.1134,4.866,5.5428,5.7358,6.164,6.1556,5.644
246,"FIN","Finland",3.1394,2.3917,3.0651,2.7998,3.5401,3.115,3.5104,3.6754,4.0323,4.5428,4.8298,4.8844,4.6125,4.6757,5.6102,6.4824,4.8179,5.1204,5.495,5.8288,4.3111,6.1025,7.0289,6.5624,6.5705,6.5618,4.0614,5.5149,7.1415,7.8811,6.2991,5.1602,6.3536,6.2678,6.6973,7.2206,7.5094,5.3472,5.7084,7.625,6.998,7.4273,7.0227,6.6858,7.5153,7.0078,7.4698,7.4566,7.7384,5.8209,6.79,6.4869,7.2947,7.3726,6.6768,6.5151,6.239,5.1545,7.238,6.2619,4.9697
250,"FRA","France",5.1846,6.1753,6.105,6.4036,7.0582,6.4579,7.6929,8.1818,8.086,7.9075,9.1411,9.7214,10.3457,9.8774,8.7549,8.2614,9.5095,10.7079,10.6087,11.6847,11.4152,12.0952,11.3647,13.9646,13.6339,12.5042,13.9642,15.0001,15.2525,15.442,15.9356,15.8483,14.6421,14.3198,14.3667,16.0342,16.5412,17.5082,16.9295,16.4703,14.8527,17.0674,14.237,17.4278,16.3082,15.548,15.1594,17.1302,17.7363,16.752,16.5936,17.1018,16.5839,18.1345,18.0399,14.4137,17.7603,16.2852,17.4987,14.4775,16.6934
258,"PYF","French Polynesia",18.6746,21.5721,20.9272,20.3109,17.9246,17.8601,16.259,15.53,21.3579,19.6515,18.2775,16.2167,12.6925,11.286,18.1018,16.0292,12.7621,11.6648,12.6463,16.796,14.0881,16.2753,10.3513,7.869,12.327,12.4135,13.5343,11.0383,10.7174,12.4326,10.1319,10.2253,10.1642,10.2532,11.0727,10.5809,10.4014,7.6292,8.2885,9.7,9.1303,9.6156,9.4169,8.9175,9.9903,10.4409,10.4531,9.8836,8.8,9.2639,9.1553,9.1444,8.9536,9.0498,8.6355,9.05,8.7085,8.4881,8.4891,8.1914,8.1821
266,"GAB","Gabon",1.6219,1.4789,1.3152,1.2018,1.1175,1.0648,1.0231,1.0205,0.9433,0.9516,0.9082,0.8735,0.8378,0.8323,0.8126,0.769,0.8171,0.8511,0.9119,0.9701,0.9635,0.9805,1.0143,1.0215,1.0483,1.1621,1.2151,1.2698,1.2316,1.2719,1.3442,1.3044,1.2927,1.3117,1.3135,1.3414,1.327,1.397,1.3746,1.4756,1.4305,1.4606,1.491,1.4733,1.5131,1.5194,1.5725,1.6589,1.6819,1.7505,1.8566,1.9031,1.9837,2.0259,2.0492,2.0613,2.118,2.1123,2.1263,2.142,2.162
270,"GMB","Gambia",5.836,5.9716,5.6099,5.7579,6.1484,6.3843,5.7161,6.3159,5.8045,6.036,6.2322,5.3358,5.933,4.417,4.3753,4.211,3.1851,4.1306,2.6617,3.0942,4.1546,4.5407,3.7477,4.3683,4.3748,4.5235,4.3279,3.7901,4.8231,3.4503,3.816,3.6713,4.2642,3.8455,3.6511,3.1231,3.4353,3.23,4.553,4.9973,5.3378,3.2008,4.2667,4.923,4.1979,4.2199,2.8397,3.4879,3.707,4.0364,2.2578,2.8757,2.6353,2.1412,2.4174,2.0627,1.7127,1.0253,1.1936,1.3049,1.2617
268,"GEO","Georgia",NA,NA,NA,NA,NA,NA,NA,NA,NA,NA,NA,NA,NA,NA,NA,NA,NA,NA,NA,NA,NA,NA,NA,NA,NA,NA,NA,NA,NA,NA,NA,2.4922,2.1685,2.3889,2.6749,2.9536,3.9315,2.8865,3.6721,2.1206,3.3473,3.003,3.4158,5.8439,6.0896,2.8551,3.7822,3.7602,3.2949,2.4878,4.0558,3.8372,4.4808,3.9086,3.8706,4.5776,3.4309,4.4243,4.3759,4.8404,5.0664
276,"DEU","Germany",7.8821,9.5916,9.8303,9.9475,9.1045,9.3711,11.1906,11.3924,10.4785,10.3491,11.4885,11.69,11.9711,12.9335,11.7717,10.6777,12.1267,13.022,12.4765,12.5193,12.5756,13.5174,12.4463,14.6391,14.7601,14.7413,14.3515,14.8322,14.8379,15.0264,16.1124,14.8591,15.1072,14.8913,16.0817,16.3714,17.8003,18.0447,18.7021,18.6336,19.9692,17.8714,16.2865,21.0595,19.1763,18.3196,17.6572,20.1166,20.8455,18.7508,17.3973,18.7998,19.746,21.83,19.9285,19.0381,19.2919,16.0446,17.7889,18.1099,17.981
288,"GHA","Ghana",2.3647,2.3686,2.3642,2.6893,2.3792,2.5808,2.7448,2.596,2.7253,3.1455,3.2242,2.9142,3.029,3.4357,2.9886,2.6621,2.309,2.1729,2.463,2.3808,2.5377,2.1568,2.0363,2.6437,2.3957,2.5571,2.6336,2.7473,2.9834,2.3022,3.4259,3.3411,3.7201,3.3913,3.7323,3.7813,3.3702,3.6546,3.6965,3.685,3.6922,4.2714,4.3288,4.3701,4.4269,4.4978,4.037,4.7414,5.1504,5.2194,5.3837,5.6717,5.5752,5.6774,5.6037,5.6091,5.9773,6.2216,6.4408,6.6401,6.7656
300,"GRC","Greece",7.4201,5.4058,6.5161,6.1453,6.7414,7.085,7.5083,6.0613,6.4064,7.5419,7.5142,8.1455,7.7951,8.6574,9.2143,8.8548,8.3877,9.5766,8.8805,11.0822,10.8212,11.2773,10.0113,10.544,11.1846,11.2334,11.0887,12.1205,12.8909,9.7084,13.1992,12.5255,12.5319,14.1858,14.5102,14.2543,14.4347,14.8757,14.8484,15.4906,15.263,15.8683,13.64,14.8189,15.645,14.2308,13.775,14.2237,14.1754,13.6362,13.8772,14.3686,12.7538,15.0011,16.2485,15.273,15.7681,14.7395,15.9599,15.7091,14.5848
304,"GRL","Greenland",NA,NA,NA,NA,NA,NA,NA,NA,NA,NA,NA,NA,NA,NA,NA,NA,NA,NA,NA,NA,NA,NA,NA,NA,NA,NA,NA,NA,NA,NA,NA,NA,NA,NA,NA,NA,NA,NA,NA,NA,NA,NA,NA,NA,NA,NA,NA,NA,NA,NA,NA,NA,NA,NA,NA,NA,NA,NA,NA,NA,NA
308,"GRD","Grenada",3.0214,3.115,3.3378,3.151,3.4147,3.4557,3.8144,3.7976,3.8323,3.5609,3.4401,3.407,3.2525,2.8297,3.0254,3.3191,3.238,3.7895,3.8592,3.9862,4.1935,3.8692,3.7266,4.0259,4.3179,4.1452,5.0677,4.7771,4.7315,4.9313,5.2641,5.1327,5.3155,5.3122,5.6834,5.0963,4.9387,4.7361,4.2167,4.3287,3.6882,3.8779,3.9665,4.0228,4.3625,4.6291,5.0092,5.0306,4.335,5.4506,5.6578,6.9616,7.0416,7.3672,7.3182,7.288,6.8485,6.8096,6.2926,5.9854,6.2611
320,"GTM","Guatemala",2.4749,2.9344,3.5423,3.9522,4.1245,4.1909,3.763,4.3869,4.5479,4.4619,4.2547,4.9304,5.3816,5.9457,6.0183,5.9061,6.4497,6.747,6.9956,6.8649,6.471,5.8339,5.3117,5.3368,5.6566,5.7757,5.4049,5.8579,5.8904,6.6303,6.6985,7.1644,6.4119,6.0072,6.3397,6.4515,6.1594,6.356,5.9808,5.7567,6.0009,6.0077,5.8506,6.771,7.1257,6.9874,7.3871,7.5271,7.9194,8.1373,8.177,8.9181,9.528,10.2037,10.0167,10.1415,9.1729,9.4403,9.1997,9.1035,9.1393
831,"GGY","Guernsey",NA,NA,NA,NA,NA,NA,NA,NA,NA,NA,NA,NA,NA,NA,NA,NA,NA,NA,NA,NA,NA,NA,NA,NA,NA,NA,NA,NA,NA,NA,NA,NA,NA,NA,NA,NA,NA,NA,NA,NA,NA,NA,NA,NA,NA,NA,NA,NA,NA,NA,NA,NA,NA,NA,NA,NA,NA,NA,NA,NA,NA
324,"GIN","Guinea",0.8014,0.8175,0.7598,0.8246,0.7958,0.8538,0.8978,0.9088,0.9178,0.9509,0.9888,0.9777,0.9872,1.008,1.0319,1.0873,1.1103,1.1265,1.1766,1.2066,1.2359,1.2587,1.2819,1.3643,1.4088,1.4501,1.4712,1.5112,1.6048,1.684,1.8073,1.9002,1.9887,2.0679,2.1503,2.2115,2.3267,2.4379,2.5641,2.7479,2.6628,2.7438,2.8952,3.0586,3.2364,3.3836,3.5071,3.5683,3.4157,3.6247,3.7817,3.8615,3.919,3.9534,4.1293,4.2805,4.5153,4.7174,4.7681,4.948,5.1157
624,"GNB","Guinea-Bissau",2.4785,2.5072,2.3501,2.2708,2.0671,2.0447,1.9401,1.888,1.7886,1.7965,1.6364,1.7583,1.5956,1.7589,2.0898,2.3739,2.1424,2.0502,2.1115,2.2773,2.6598,2.9106,2.4161,2.6806,2.5747,3.0389,2.9537,2.9653,2.8153,2.8892,2.7701,2.8047,2.7724,2.7543,2.8925,2.8087,2.6018,2.7146,2.6277,2.6384,2.7272,2.7849,2.7664,2.9474,3.2598,3.398,3.1949,3.7148,3.5912,3.6989,3.502,3.7394,3.8618,3.3977,3.7114,3.8405,3.8533,3.9906,4.2011,4.4429,4.6435
328,"GUY","Guyana",5.2614,5.3334,4.6693,5.4031,5.2645,5.4496,5.3105,4.825,5.5069,5.1555,5.4763,4.7625,4.517,5.8023,5.5494,4.926,5.603,5.9481,5.2103,5.4453,5.6502,5.5977,4.8812,5.0213,4.7433,4.9202,4.479,4.2078,3.9442,3.4892,4.3393,4.675,5.0201,5.413,6.5134,6.7796,6.949,6.1279,6.6711,5.6396,6.1787,6.0659,6.4923,6.4119,5.3658,5.8537,5.6955,5.7853,6.1108,6.1409,6.8515,6.7224,7.708,6.6953,9.4537,7.3618,8.7521,8.3509,8.6414,8.8095,8.2429
332,"HTI","Haiti",3.2957,3.2734,3.3278,3.346,3.3782,3.3662,3.4058,3.3159,3.4602,3.5202,3.6117,4.1209,3.8257,3.8657,3.8314,3.884,3.6725,3.7798,4.017,3.973,3.9732,3.9567,4.0866,4.0589,4.0525,4.0372,3.9284,3.896,3.8186,3.4426,3.5059,3.6339,3.4259,3.2805,3.1266,3.2054,3.1696,2.8185,3.0229,2.8727,2.754,2.7185,2.7961,2.982,2.9134,2.9616,3.5282,3.2421,3.6766,3.6962,3.7095,3.4466,3.9543,3.7772,3.119,2.845,2.9863,2.8321,3.0093,2.8615,2.9107
336,"VAT","Holy See",NA,NA,NA,NA,NA,NA,NA,NA,NA,NA,NA,NA,NA,NA,NA,NA,NA,NA,NA,NA,NA,NA,NA,NA,NA,NA,NA,NA,NA,NA,NA,NA,NA,NA,NA,NA,NA,NA,NA,NA,NA,NA,NA,NA,NA,NA,NA,NA,NA,NA,NA,NA,NA,NA,NA,NA,NA,NA,NA,NA,NA
340,"HND","Honduras",1.3628,1.4643,1.5074,1.7057,1.7623,1.8678,1.9117,1.9329,1.9677,1.8648,1.8893,1.9092,1.8679,1.8584,1.7557,1.786,1.9806,2.196,2.0839,2.2054,2.3713,2.1974,2.2925,2.3714,2.2288,2.2659,2.3253,2.263,2.4455,2.6463,2.5919,2.538,2.3892,2.4854,2.6204,2.8706,3.0032,2.7846,2.5588,3.6183,3.6462,3.7019,4.1291,4.117,4.2717,4.4062,4.9551,4.9128,5.2012,4.4939,4.5743,4.7503,4.7714,4.626,4.8894,5.1041,5.4525,5.5865,5.2739,5.1301,4.9074
344,"HKG","Hong Kong",12.7056,10.4704,8.4904,7.2527,9.3661,11.3957,12.0761,11.6769,12.1468,12.1956,12.4389,10.7037,10.0947,10.022,10.6789,11.6114,12.5772,12.867,13.6232,14.276,12.5074,11.9029,12.1013,11.6841,10.8823,11.3749,10.3901,10.526,12.8341,11.7008,11.5541,10.7162,10.3625,10.7001,10.794,9.3437,10.3264,8.713,7.4355,5.7986,4.4572,4.3086,4.3075,4.3819,4.3769,5.3365,5.2806,5.3268,5.2956,5.869,5.9465,6.9545,6.8497,6.7064,6.5291,6.8556,6.7336,6.8157,6.7237,8.9703,8.9673
348,"HUN","Hungary",4.7968,5.2752,5.204,5.3913,5.7089,5.9791,6.1922,6.3473,7.338,5.8521,7.3319,7.8893,8.4767,9.2606,9.0065,8.7763,9.5449,10.3301,9.1732,10.9864,10.2822,11.7537,10.9513,12.6133,11.87,11.6845,11.5844,12.5684,12.9232,10.9321,12.8499,9.0531,7.6144,10.0156,9.8372,9.8845,11.3893,10.7955,9.7923,8.7724,12.5359,10.1882,8.0671,14.4821,13.6199,12.502,9.4382,14.7984,12.1461,11.2132,12.6779,10.2986,13.1934,15.716,13.9264,16.517,14.8515,15.223,15.5074,16.3734,14.6047
352,"ISL","Iceland",0.0893,0.0694,0.0628,0.0597,0.0869,0.0266,0.0469,0.0404,0.0328,0.0386,0.0782,0.0587,0.0419,0.0891,0.0429,0.047,0.0511,0.085,0.041,0.0969,0.0697,0.0898,0.0336,0.121,0.0818,0.1035,0.1124,0.0659,0.0525,0.0546,0.0944,0.0715,0.0601,0.0738,0.0524,0.077,0.0613,0.0823,0.0666,0.0722,0.0829,0.0661,0.0563,0.0868,0.0978,0.1015,0.0987,0.0967,0.0788,0.0985,0.0658,0.0831,0.0556,0.0716,0.2091,0.2952,0.2888,0.1677,0.2986,0.2747,0.2754
356,"IND","India",3.0783,3.08,3.1203,3.1357,2.9527,2.8935,3.135,3.3649,3.482,3.7088,3.7749,3.5444,3.8383,3.5668,4.0417,3.9666,4.3075,4.4786,4.1398,4.2133,4.5772,4.4283,5.0561,5.091,5.0675,5.0305,4.8607,5.6446,6.1618,6.0387,6.2026,6.5514,6.6475,6.8365,7.0492,7.2887,7.3653,7.3867,7.6849,7.5497,7.7015,6.8659,7.7398,7.737,8.1139,8.5386,9.4378,9.3383,9.0458,10.0996,10.786,10.9509,11.1971,11.2103,10.5224,11.0594,11.7069,12.0059,12.3016,12.6082,13.1022
360,"IDN","Indonesia",3.0836,3.3217,3.0424,3.3503,3.2669,3.4597,3.2878,3.879,3.9123,4.1331,4.2762,4.161,4.5783,4.6665,4.7029,4.7523,4.9078,5.3495,5.5,5.9818,6.5378,6.2797,6.7923,7.3848,7.0086,7.1512,6.8064,7.0925,7.4436,7.4973,8.1141,8.9473,8.7292,8.6624,9.0599,8.9661,8.4847,8.7083,8.3401,8.216,7.9092,7.9027,8.0336,8.2818,8.6536,8.475,8.4515,8.9105,9.1495,9.9185,9.831,10.3197,10.286,10.1507,10.2063,9.7492,10.0487,10.3545,9.4409,9.7153,9.5783
364,"IRN","Iran",1.5642,1.5372,1.5315,1.5642,1.9809,2.1556,2.0048,2.3506,2.2664,2.3003,2.0422,2.327,2.2891,2.4743,2.7468,3.0855,2.893,3.0573,2.8174,3.1932,3.374,3.7036,3.3779,3.5086,3.6327,3.9986,3.8945,3.7327,3.4766,4.4122,4.2434,4.6418,4.6849,4.7385,4.9145,4.8515,4.8413,5.5644,4.6324,4.783,4.9202,6.0814,6.3406,6.4416,6.5275,6.6044,6.9651,4.3341,5.6656,6.1513,5.3406,5.5412,5.8568,6.1875,6.4654,7.4285,6.3553,6.0202,6.7095,5.2845,5.0234
368,"IRQ","Iraq",1.7323,2.1087,1.351,1.5597,1.8582,1.7635,1.9186,2.532,2.252,2.0285,1.6475,3.257,1.5849,1.7959,1.4051,1.9139,1.4686,1.6467,1.4186,1.7134,1.7866,1.8394,1.6526,1.2305,2.522,2.0816,1.6553,2.1977,1.6213,3.0345,2.1716,2.4336,2.6158,2.5899,2.5585,2.9241,2.6251,2.8805,2.3175,1.6573,2.5586,4.3725,3.7306,3.3764,3.5775,3.493,3.3154,2.6409,3.3015,4.5978,4.2715,4.5966,5.6213,5.5042,2.7583,3.089,2.8982,2.1369,5.1021,6.5491,4.102
372,"IRL","Ireland",11.309,11.7918,11.0955,10.217,10.7917,11.4043,12.5752,13.7727,13.3633,12.856,14.3133,13.1911,13.6411,14.2238,14.6676,13.5942,17.3435,15.9764,16.3049,15.9845,16.4479,18.5926,17.4175,21.1139,17.8207,17.9125,20.9885,21.2991,20.2313,22.1398,22.2917,22.9368,18.2736,19.0784,20.7806,23.6882,20.6136,19.1528,19.2308,19.4945,18.3592,16.5737,17.5985,20.9349,17.5183,17.7848,17.2492,19.7823,17.654,18.7185,21.983,17.8114,20.2329,21.9048,23.3507,20.3961,21.4443,15.8023,20.3946,17.4144,21.9182
833,"IMN","Isle of Man",NA,NA,NA,NA,NA,NA,NA,NA,NA,NA,NA,NA,NA,NA,NA,NA,NA,NA,NA,NA,NA,NA,NA,NA,NA,NA,NA,NA,NA,NA,NA,NA,NA,NA,NA,NA,NA,NA,NA,NA,NA,NA,NA,NA,NA,NA,NA,NA,NA,NA,NA,NA,NA,NA,NA,NA,NA,NA,NA,NA,NA
376,"ISR","Israel",5.126,4.9374,4.8039,6.997,7.317,5.9887,8.3251,7.8121,8.2009,7.5963,8.9924,10.9725,9.4305,11.0468,10.4529,10.8323,11.6995,12.4189,11.3363,13.2756,13.7141,13.128,15.9796,12.1056,13.9018,11.9047,12.3386,11.5103,10.3659,12.3807,8.2217,10.0242,9.0124,8.339,11.0734,11.9552,10.5409,11.2926,8.1178,8.6656,8.796,9.5586,9.3358,11.9599,11.3632,11.5986,11.0874,9.5392,9.8833,10.5588,11.4765,12.0377,12.1727,11.9365,11.8285,11.1411,8.2284,7.0845,8.2452,7.9324,7.868
380,"ITA","Italy",6.2381,6.0786,6.5629,6.3199,6.7055,6.5777,7.3755,6.798,7.2797,7.194,9.0772,8.1439,8.7276,8.6766,9.532,8.5267,8.7211,8.9989,9.1562,10.0291,10.0038,9.0673,10.4934,9.5558,9.975,9.9195,11.2765,9.986,10.6661,9.1735,11.6635,11.014,10.9806,11.0186,11.7493,11.2783,12.0419,11.623,12.0895,11.3717,11.1768,11.8358,10.8502,13.7002,13.1266,12.4308,12.4293,12.6167,11.8415,11.8903,12.6951,11.5476,12.1001,11.8716,12.2062,11.7511,11.252,10.7999,10.6079,10.7925,10.6369
388,"JAM","Jamaica",7.6474,7.4023,7.8398,8.2235,8.9168,9.1411,8.7311,8.4197,7.6098,8.163,8.7772,8.5977,7.5445,7.9232,7.5017,7.4905,7.5063,8.3413,7.9359,7.8458,7.2329,6.8816,7.041,7.6634,7.5233,8.0021,7.9956,8.7043,6.7518,7.1701,7.6377,8.2196,7.9243,8.5603,8.1735,8.6241,8.1131,7.8613,7.7721,6.9865,7.5086,8.1261,8.0676,8.0396,7.3762,8.7456,8.9544,8.8743,8.4481,6.5321,6.9972,7.1054,7.1624,7.7635,7.5038,7.0305,7.0587,7.2147,6.9658,6.4149,6.7682
392,"JPN","Japan",14.7588,14.81,14.1036,13.7912,13.8372,13.6544,14.8392,15.0149,14.4242,13.0786,11.7529,12.5675,12.5119,12.438,13.0892,12.2206,13.3841,12.9842,12.8457,11.3006,11.6704,12.1265,11.9891,13.1712,13.1301,13.2166,12.602,12.1112,12.4104,12.4397,11.5887,12.3057,10.0046,13.0225,12.2039,11.9007,11.9128,11.0611,11.3897,11.757,11.6111,11.649,10.7327,11.4142,11.7789,11.2479,11.6404,11.8403,11.1598,10.9261,11.1435,11.5743,11.5305,11.7123,11.7037,11.383,11.6382,11.2768,11.6958,11.5502,11.7971
832,"JEY","Jersey",NA,NA,NA,NA,NA,NA,NA,NA,NA,NA,NA,NA,NA,NA,NA,NA,NA,NA,NA,NA,NA,NA,NA,NA,NA,NA,NA,NA,NA,NA,NA,NA,NA,NA,NA,NA,NA,NA,NA,NA,NA,NA,NA,NA,NA,NA,NA,NA,NA,NA,NA,NA,NA,NA,NA,NA,NA,NA,NA,NA,NA
400,"JOR","Jordan",7.1043,3.751,3.6442,9.5619,7.9089,3.882,7.1085,2.6886,3.9769,1.5057,3.6816,4.7846,1.3718,5.5781,1.4239,2.0684,1.7493,2.5957,1.0767,3.9242,2.2744,2.6962,3.0189,3.5517,2.7755,2.206,2.8302,4.02,2.5396,6.12,5.224,5.1403,3.4882,5.3595,4.4056,5.6684,4.6969,6.9091,3.2909,6.5301,4.397,9.0838,7.1158,7.528,7.6381,7.947,8.3913,7.1056,7.3468,9.7167,9.0524,7.9351,7.2378,7.9131,9.4425,7.9709,8.9148,8.3843,10.2265,9.613,9.7109
398,"KAZ","Kazakhstan",NA,NA,NA,NA,NA,NA,NA,NA,NA,NA,NA,NA,NA,NA,NA,NA,NA,NA,NA,NA,NA,NA,NA,NA,NA,NA,NA,NA,NA,NA,NA,3.3444,2.4311,1.9099,1.1746,1.4092,1.5606,0.8792,1.8581,1.6587,2.3368,2.4205,2.3099,2.007,2.2135,2.5501,3.0367,2.3788,3.1097,1.9652,3.998,2.1303,2.9263,2.784,2.9516,3.3037,3.4712,3.5239,3.1398,3.4596,2.9204
404,"KEN","Kenya",1.9847,2.1123,2.2845,2.3176,2.3789,2.2875,2.5929,2.8925,2.9665,2.8538,2.8225,2.9969,3.2467,3.3824,3.2425,3.6999,3.7625,3.5768,3.3803,3.2462,3.3088,3.8951,3.7717,2.9369,3.3282,3.7276,3.3151,3.5163,3.4509,3.4304,3.8195,3.7813,3.6114,3.9121,3.8953,3.8554,3.7164,4.1798,3.9659,3.7548,4.3265,4.3535,4.4853,4.2088,4.81,5.119,4.998,4.4393,4.3535,5.4219,4.9797,5.6794,5.8188,5.5947,5.8552,5.3812,5.1375,6.0141,5.8144,6.3659,5.6869
296,"KIR","Kiribati",4.3363,3.8686,3.0252,3.2724,4.7395,4.5636,6.0692,3.9392,4.0146,4.2967,5.1345,3.3459,4.9746,6.4657,3.0235,4.6179,4.6899,5.7974,5.1089,4.4872,6.2183,5.5377,4.1626,6.9518,7.0175,7.6895,8.3605,9.2636,5.8881,4.2398,5.5345,5.7032,6.0143,6.0246,6.0269,7.3641,7.3688,8.5072,8.5143,7.725,7.7311,7.7412,7.7499,10.3052,10.3122,12.5588,13.0154,13.0213,13.0213,13.0208,13.018,13.288,13.455,13.3001,13.3187,18.7561,18.7543,16.5208,13.8399,13.8395,14.381
689,"XKX","Kosovo",NA,NA,NA,NA,NA,NA,NA,NA,NA,NA,NA,NA,NA,NA,NA,NA,NA,NA,NA,NA,NA,NA,NA,NA,NA,NA,NA,NA,NA,NA,NA,NA,NA,NA,NA,NA,NA,NA,NA,NA,NA,NA,NA,NA,NA,NA,NA,NA,NA,NA,NA,NA,NA,NA,NA,NA,NA,NA,NA,NA,NA
414,"KWT","Kuwait",2.6737,3.2943,3.4669,4.0363,4.8052,5.3447,6.1627,7.353,8.7244,9.7465,11.2339,10.779,17.8755,24.5965,18.2708,18.1582,19.9928,17.8254,20.0907,23.8707,13.8391,11.3432,11.161,9.1432,16.4243,15.3222,17.9992,16.8354,17.2254,11.9958,3.9258,4.1101,8.0968,10.3935,13.7887,14.7468,16.3282,19.1856,18.0001,13.2506,10.3471,11.724,14.4604,14.1397,15.7565,18.5227,19.4553,17.7997,17.5894,19.0856,27.314,24.9021,25.6068,28.5943,23.5479,19.5894,20.3626,22.8035,28.8313,28.4165,26.6162
417,"KGZ","Kyrgyzstan",NA,NA,NA,NA,NA,NA,NA,NA,NA,NA,NA,NA,NA,NA,NA,NA,NA,NA,NA,NA,NA,NA,NA,NA,NA,NA,NA,NA,NA,NA,NA,5.2229,4.9382,3.7255,3.5652,4.81,5.6892,5.9636,6.2452,6.1949,7.0026,6.8686,6.8823,7.2773,6.9903,6.7379,6.4178,6.4059,7.214,6.4512,6.7099,6.0315,6.9757,5.9466,7.1647,7.3665,7.3949,7.6567,7.7534,7.7152,6.1058
418,"LAO","Laos",2.8559,2.7433,2.782,3.8129,3.8592,3.8732,4.1827,4.0086,4.5367,4.5549,4.1638,3.9554,4.1058,4.0836,4.0015,3.1667,3.3691,3.1689,3.9023,4.5501,4.9497,4.7271,4.6814,5.4158,5.4846,5.6396,4.9666,4.3976,5.7313,6.2016,5.2072,6.1353,5.3755,6.3698,5.6949,5.7151,6.3424,6.5248,7.6134,8.1866,7.997,8.1328,7.6527,7.8761,8.1787,8.192,8.6685,9.6995,9.909,9.5636,9.7667,10.2346,10.3422,12.3797,13.326,13.8627,13.1038,12.8238,12.9183,13.6587,15.5969
428,"LVA","Latvia",NA,NA,NA,NA,NA,NA,NA,NA,NA,NA,NA,NA,NA,NA,NA,NA,NA,NA,NA,NA,NA,NA,NA,NA,NA,NA,NA,NA,NA,NA,NA,3.244,3.4383,2.5092,3.4529,4.3642,4.5349,4.2407,3.9496,4.4564,4.5236,5.1892,4.9042,5.3933,6.1671,4.8753,6.5067,7.0333,6.9458,6.3128,6.3031,9.0006,8.204,8.4611,11.7305,10.3407,10.7163,7.7847,11.7369,12.922,10.9259
422,"LBN","Lebanon",5.2634,3.9833,4.9954,4.3655,4.4558,4.2255,5.3337,3.94,3.604,3.8714,4.3682,4.6005,3.9275,5.4736,3.8121,3.9678,3.6164,4.641,3.7001,5.1994,3.5102,5.2111,3.8762,4.6142,4.8466,5.7117,6.9043,6.4556,7.078,7.8209,8.0294,9.8201,8.4719,9.5516,9.9558,11.0198,9.7984,9.3219,10.3909,13.4628,10.382,12.88,10.2193,13.101,10.4449,13.0129,10.3644,11.6144,10.4913,14.3082,10.8962,10.5751,11.8052,12.344,13.1111,14.3269,14.2645,13.8102,13.473,13.0099,12.468
426,"LSO","Lesotho",2.4958,2.3906,2.3664,2.3274,2.2825,2.3653,2.2762,2.2043,2.1784,1.9489,2.1463,1.1402,1.6664,2.8921,1.8168,1.5089,3.6374,3.7906,2.9463,2.5347,2.1609,1.772,1.7079,1.7388,2.1211,1.7872,1.7167,2.5656,2.5477,2.8456,0.9328,1.1906,1.7878,2.5362,1.1478,2.9989,2.6144,2.2182,2.2966,2.0233,3.0961,2.0867,1.7179,1.5712,1.5213,1.6139,1.1419,1.0339,1.1193,2.2278,1.6173,1.6439,1.9655,1.8861,1.8887,0.6457,2.0544,1.5875,0.5952,0.5779,1.2734
430,"LBR","Liberia",1.2124,1.2673,1.2946,1.3454,1.394,1.483,1.489,1.5694,1.6115,1.808,1.945,1.9601,2.0251,2.2063,2.1267,2.226,2.2746,2.2188,2.2259,2.2372,2.3683,2.4427,2.4509,2.5263,2.5072,2.4686,2.5008,2.5476,2.5241,2.0978,1.5599,1.6746,1.4402,1.3016,1.3265,1.6254,2.1738,2.2819,2.1926,2.1379,1.9663,1.8133,1.7745,1.8354,2.0474,2.0582,2.4563,2.641,2.4894,2.5035,2.3811,2.4338,2.2933,2.2607,2.4558,2.8706,2.28,2.3636,2.4788,2.5459,2.4422
434,"LBY","Libya",0.4199,0.4567,0.4437,0.3634,0.772,0.7516,0.9357,0.926,0.6058,0.5337,0.2495,0.8062,1.2342,0.8892,1.2524,1.4002,0.5958,1.2817,0.9991,1.2397,1.2936,1.3647,1.5913,1.2579,1.2395,1.341,1.1528,1.1829,1.2687,1.2006,1.2151,1.2063,1.226,1.2883,1.3611,1.36,1.4518,1.6268,1.879,1.5212,1.4591,1.4915,1.5611,1.6157,1.6717,1.6448,1.6509,1.6541,1.6365,1.7629,1.8745,1.9473,1.9273,1.914,1.773,1.913,1.7389,1.861,1.7579,1.7364,1.7367
438,"LIE","Liechtenstein",NA,NA,NA,NA,NA,NA,NA,NA,NA,NA,NA,NA,NA,NA,NA,NA,NA,NA,NA,NA,NA,NA,NA,NA,NA,NA,NA,NA,NA,NA,NA,NA,NA,NA,NA,NA,NA,NA,NA,NA,NA,NA,NA,NA,NA,NA,NA,NA,NA,NA,NA,NA,NA,NA,NA,NA,NA,NA,NA,NA,NA
440,"LTU","Lithuania",NA,NA,NA,NA,NA,NA,NA,NA,NA,NA,NA,NA,NA,NA,NA,NA,NA,NA,NA,NA,NA,NA,NA,NA,NA,NA,NA,NA,NA,NA,NA,3.3011,4.2252,3.4775,3.1811,4.2953,4.7637,4.5987,3.6429,4.4622,6.5796,7.4381,8.043,8.2439,6.8352,4.7097,7.7119,8.4553,8.8072,6.7055,7.5824,10.1127,9.3909,10.3561,13.6085,12.6655,13.5626,10.0017,12.12,15.1185,12.5419
442,"LUX","Luxembourg",NA,NA,NA,NA,NA,NA,NA,NA,NA,NA,NA,NA,NA,NA,NA,NA,NA,NA,NA,NA,NA,NA,NA,NA,NA,NA,NA,NA,NA,NA,NA,NA,NA,NA,NA,NA,NA,NA,NA,10.3515,9.8511,11.7946,11.3822,12.7816,11.5695,11.7804,11.0229,13.1151,13.223,11.6079,10.6133,10.6533,11.8358,11.5411,11.8162,9.5312,10.2191,10.6313,10.7261,9.6854,9.1502
446,"MAC","Macao",NA,NA,NA,NA,NA,NA,NA,NA,NA,NA,NA,NA,NA,NA,NA,NA,NA,NA,NA,NA,NA,NA,NA,NA,NA,NA,NA,NA,NA,NA,NA,NA,NA,NA,NA,NA,NA,NA,NA,NA,NA,NA,NA,NA,NA,NA,NA,NA,NA,NA,NA,NA,NA,NA,NA,NA,NA,NA,NA,NA,NA
450,"MDG","Madagascar",3.1125,3.1874,3.2396,3.3987,3.2871,3.2966,3.4473,3.5283,3.6391,3.7014,3.6391,3.6249,3.5994,3.8489,3.3982,3.5731,3.3134,3.0498,3.1743,3.2208,3.1059,3.0542,3.2787,3.3083,3.3467,3.4765,3.31,3.2832,3.5236,3.4966,3.4392,3.4553,3.5163,3.3468,3.452,3.5238,3.5988,3.5014,3.6275,3.5068,3.6326,3.4965,3.7731,4.0019,4.4699,4.6054,4.7048,4.9738,5.4949,5.6571,5.4079,5.6707,4.8212,5.1314,4.8846,4.9623,4.7554,5.0778,4.9945,5.2095,5.3545
454,"MWI","Malawi",3.105,3.1106,2.7581,3.0499,2.8103,2.7945,3.5056,3.0265,2.992,2.8386,3.3345,3.4252,3.3624,3.3574,3.124,3.364,3.801,3.7205,3.6427,3.6054,3.6138,3.6769,3.5744,3.6549,3.6967,3.4768,3.3007,3.6506,3.5933,3.3813,3.8202,2.4165,4.3833,3.2259,4.135,4.5103,3.8232,4.2534,4.9587,5.1434,4.6103,3.953,4.4743,4.2386,3.2982,5.0826,6.0193,5.3881,6.47,6.2283,6.7342,7.4146,7.5312,8.255,6.8662,6.2731,7.8139,7.1329,7.9286,8.4022,9.0361
458,"MYS","Malaysia",2.9084,2.8034,2.8114,2.6273,2.7234,2.8204,2.7733,3.0825,3.2209,3.3768,3.5148,3.5141,3.6831,3.9253,4.0779,4.0671,4.0287,3.9441,4.3951,4.6643,4.8095,5.1538,4.6505,5.1545,5.3087,5.2562,4.8415,5.0162,5.3074,5.4019,5.3736,5.5887,6.2404,6.0545,6.4,6.5917,6.8739,6.3493,7.5073,7.7334,7.928,7.9388,8.5643,8.8821,9.3401,9.8206,9.7239,10.5333,10.2077,9.7547,10.5492,10.3357,10.0078,9.7454,9.7379,8.7458,10.0121,9.6676,9.6484,9.4849,9.0447
462,"MDV","Maldives",7.9153,8.1976,8.4981,8.7846,9.0511,10.7998,11.3827,11.6877,11.7649,12.0171,9.1899,6.5072,6.5074,6.4141,9.0913,6.8233,8.7939,7.1965,5.6368,8.4865,8.5055,7.5395,8.2165,8.757,8.8579,8.95,8.1797,8.4619,9.058,7.1131,6.6164,7.4377,7.3307,7.292,7.4809,8.375,8.1069,7.5981,6.9536,7.5646,8.3688,6.9032,10.2577,13.7099,8.871,8.9138,6.244,7.5585,9.382,8.6414,8.8604,5.8423,4.8889,6.6163,7.3835,8.1987,8.0092,9.7931,14.4992,15.062,5.0228
466,"MLI","Mali",3.1714,3.3111,3.1742,2.9475,3.0393,3.1113,3.4101,3.1632,3.5955,3.2295,3.3301,2.9307,2.9669,3.5095,4.0699,3.6163,3.4225,3.6596,3.5394,3.146,3.4671,3.8191,4.0998,3.5371,4.7806,4.9824,4.7429,6.2037,5.838,5.5789,6.9818,5.9377,4.3351,4.7405,4.5868,3.4822,3.6503,3.9741,4.1949,3.1341,4.0914,3.4631,3.8264,4.1026,3.8583,3.6474,3.5632,3.9236,4.4634,4.2701,5.0937,5.1042,5.2316,5.246,5.5566,6.0733,6.0377,6.499,6.5129,5.6202,5.5879
470,"MLT","Malta",4.3483,4.774,5.2309,5.4962,5.53,4.5342,5.0166,4.9252,5.3745,4.3084,4.6783,5.0097,4.8719,4.7219,5.2834,5.9563,5.4621,5.0178,5.718,6.9751,6.4328,7.2306,7.492,6.7432,6.724,6.603,6.6009,6.5385,6.812,6.9407,6.5901,7.1079,7.3516,7.8758,9.6603,9.8681,12.6755,14.3651,14.1438,14.4733,12.4771,13.1187,11.6776,12.7918,13.6883,14.1568,14.0511,15.7668,14.3936,13.2855,13.4263,12.5665,12.7002,12.9165,11.972,11.591,12.4674,3.7888,3.5202,3.6471,3.7096
584,"MHL","Marshall Islands",NA,NA,NA,NA,NA,NA,NA,NA,NA,NA,NA,NA,NA,NA,NA,NA,NA,NA,NA,NA,NA,NA,NA,NA,NA,NA,NA,NA,NA,NA,NA,NA,NA,NA,NA,NA,NA,NA,NA,NA,NA,NA,NA,NA,NA,NA,NA,NA,NA,NA,NA,NA,NA,NA,NA,NA,NA,NA,NA,NA,NA
478,"MRT","Mauritania",1.675,1.7051,1.74,1.7532,1.9018,1.7572,1.7691,1.8333,1.9815,1.6575,1.3718,1.1202,0.9338,1.5455,1.5845,1.4631,1.1837,1.4464,1.341,1.4598,1.5674,1.4029,1.0196,1.0923,1.7573,1.8445,1.9913,2.1081,2.1269,1.2762,1.2914,1.2631,1.7349,2.0578,2.2308,2.3133,1.6777,1.9202,2.047,1.9775,1.5685,1.4702,2.0049,1.4451,1.9609,1.9144,2.0461,2.1083,2.0567,2.7281,2.0512,3.1374,2.9009,3.221,2.9107,2.8892,3.2381,3.6864,3.143,3.5584,4.009
480,"MUS","Mauritius",17.1678,15.9946,19.7333,15.1735,20.3101,16.9391,18.9152,15.7978,17.7361,15.4976,15.9763,18.8297,18.6138,17.8381,13.0053,18.8945,17.787,18.5044,18.5996,13.6229,15.8281,19.4523,15.7135,15.2037,16.8762,18.1508,18.5518,16.6554,16.5686,17.0851,17.4446,18.1385,17.3651,15.8733,17.1973,17.5714,19.5124,19.4102,13.5303,17.4509,19.5128,16.7905,18.0562,18.516,17.8209,17.4032,16.0078,17.2025,17.8095,16.7539,16.6602,16.0313,15.6844,16.5951,16.3005,15.5064,15.2191,12.9749,13.96,10.8904,11.1748
484,"MEX","Mexico",2.873,3.022,3.276,3.8217,4.114,4.2553,4.2411,4.5557,4.2764,4.7302,4.8042,4.77,4.961,5.1134,5.2134,4.8406,5.616,5.8619,5.3543,6.1096,6.7979,5.8783,6.2715,6.7565,7.2536,6.5035,6.4962,5.6786,5.3328,5.6927,5.2965,5.3881,5.0807,5.5767,5.679,6.162,5.9372,6.1679,5.7954,5.7557,6.3613,5.9997,6.4355,6.4996,5.9836,6.5165,6.7467,6.8994,6.3022,6.9124,6.211,7.116,7.242,7.9765,7.481,8.1896,8.9036,8.9871,9.0106,8.631,8.8193
583,"FSM","Micronesia",NA,NA,NA,NA,NA,NA,NA,NA,NA,NA,NA,NA,NA,NA,NA,NA,NA,NA,NA,NA,NA,NA,NA,NA,NA,NA,NA,NA,NA,NA,0.0492,0.0512,0.0526,0.0549,46.1842,46.1563,46.1566,46.1522,46.2501,46.2588,46.2669,46.2742,46.2806,43.7485,40.6135,37.8946,38.0014,37.8867,47.3391,47.3134,68.2889,75.9788,76.1712,99.7458,98.1743,99.7255,99.7635,99.7737,99.7682,99.7836,100.0196
498,"MDA","Moldova",NA,NA,NA,NA,NA,NA,NA,NA,NA,NA,NA,NA,NA,NA,NA,NA,NA,NA,NA,NA,NA,NA,NA,NA,NA,NA,NA,NA,NA,NA,NA,5.2602,7.5668,4.3119,6.1112,4.9016,7.166,5.2994,4.8806,4.3872,5.6661,5.685,4.7302,6.2603,6.2135,5.5079,3.8997,7.1052,4.9804,5.7652,5.9426,4.68,6.468,7.7354,5.7006,7.7207,8.7995,9.2026,9.2998,4.6953,11.4753
492,"MCO","Monaco",NA,NA,NA,NA,NA,NA,NA,NA,NA,NA,NA,NA,NA,NA,NA,NA,NA,NA,NA,NA,NA,NA,NA,NA,NA,NA,NA,NA,NA,NA,NA,NA,NA,NA,NA,NA,NA,NA,NA,NA,NA,NA,NA,NA,NA,NA,NA,NA,NA,NA,NA,NA,NA,NA,NA,NA,NA,NA,NA,NA,NA
496,"MNG","Mongolia",0.7981,1.7695,1.7347,1.7093,1.4691,1.1812,1.5841,1.1034,0.7057,1.5019,1.8711,1.0311,2.2586,1.5491,2.2798,1.5503,1.4719,1.2171,1.1426,0.9655,1.1259,1.7401,2.4245,1.7866,2.5632,2.6286,2.08,2.3644,2.4486,2.0988,1.7334,1.4465,1.4065,1.0145,0.8098,0.6852,0.8131,0.6236,0.624,0.5408,0.5505,0.4927,0.647,0.5754,0.3714,0.6571,0.5661,0.8731,1.4233,1.3257,1.5419,1.7102,1.5572,1.9738,0.9072,1.6765,0.8981,1.6041,1.6102,1.5687,2.284
499,"MNE","Montenegro",NA,NA,NA,NA,NA,NA,NA,NA,NA,NA,NA,NA,NA,NA,NA,NA,NA,NA,NA,NA,NA,NA,NA,NA,NA,NA,NA,NA,NA,NA,NA,NA,NA,NA,NA,NA,NA,NA,NA,NA,NA,NA,NA,NA,NA,18.2336,5.8721,7.2665,7.6233,7.4813,8.1088,6.947,7.4835,7.5424,7.8705,8.1088,7.6426,7.6664,7.0093,7.2925,7.1904
504,"MAR","Morocco",1.2527,2.3672,2.6046,2.3867,2.542,1.8046,2.3163,4.1699,2.8143,2.8299,3.6996,3.366,2.4117,3.4208,2.7757,3.7438,2.0104,2.9693,2.945,2.9452,1.7283,3.2494,2.5436,2.6334,3.4174,4.5941,3.0706,4.6055,4.4404,3.7148,4.8552,2.1741,2.1211,4.7462,1.6446,5.2556,2.7408,3.8923,2.7174,1.8841,3.0788,3.4941,4.6585,5.0998,3.4776,5.639,2.6712,4.0052,6.2537,5.7322,6.0935,4.3497,5.9915,5.5449,7.1935,3.5685,5.6729,6.7127,5.493,3.7592,6.8754
508,"MOZ","Mozambique",2.9324,2.9542,2.9306,3.1048,2.8433,3.0003,3.2237,3.3461,3.2201,3.2638,3.246,3.4805,3.5333,3.3613,2.9832,2.9633,2.762,2.7058,2.5785,2.7193,2.6975,2.4525,2.2294,2.1068,2.0781,2.19,1.9678,1.9229,1.9904,2.0622,1.8836,1.5237,1.9879,1.9875,2.395,2.6722,2.7809,2.9319,3.0868,2.6681,2.8243,2.524,2.8398,2.8313,2.4854,3.0175,2.7989,2.6297,3.1563,3.312,3.5996,3.6867,2.7151,2.6113,2.3034,2.5034,2.7209,3.2246,3.3912,3.3122,3.6199
104,"MMR","Myanmar",2.4423,2.7592,2.8815,3.015,2.901,2.4195,2.7157,2.857,2.8335,2.8891,2.9608,2.7449,3.176,3.1937,3.3724,3.4033,3.4957,3.8751,3.8939,4.7017,5.0831,5.3248,5.45,5.5518,5.6857,5.6449,5.4135,5.1943,5.0893,5.1517,5.0113,5.7006,6.2251,6.748,6.9652,7.1185,6.8784,7.0517,8.172,8.5128,8.8828,9.127,9.7089,10.3105,11.2925,12.2802,12.4206,12.9376,13.0308,13.1165,12.1226,11.5959,11.9661,11.404,11.3324,11.1106,10.8997,10.9473,10.6847,10.5125,10.2398
516,"NAM","Namibia",0.2868,0.2995,0.3012,0.3191,0.3445,0.359,0.3715,0.3899,0.3991,0.4005,0.4142,0.422,0.4368,0.4447,0.465,0.4664,0.4907,0.4972,0.5136,0.5272,0.5404,0.5579,0.5864,0.6103,0.5031,0.5951,0.5558,0.6269,0.6993,0.7141,0.7792,0.3282,0.5459,0.7182,0.4809,0.585,0.8953,0.7749,0.5796,0.8117,0.8056,0.6269,0.6807,0.9509,0.8216,1.082,0.7818,0.761,0.7631,0.8122,0.8173,1.0118,0.6865,0.8235,0.8361,0.6517,0.9345,1.0227,0.6409,1.1198,1.2033
520,"NRU","Nauru",12.0363,12.0363,12.0363,12.1263,10.4392,10.4392,10.4392,10.4392,10.8676,11.1955,11.5234,11.5234,11.8677,12.2346,12.6015,7.255,10.5563,11.2735,12.0073,12.741,13.4808,13.5198,12.8535,10.922,11.6375,11.6974,11.7315,11.7847,11.8045,12.0826,12.3378,12.6075,12.8691,13.1349,13.4002,13.6641,13.9289,14.1937,14.4584,14.7231,14.988,15.2527,15.5175,15.7822,16.047,16.3118,16.5765,16.8413,17.106,17.2528,15.7679,17.7258,18.3931,16.4431,16.459,16.4723,16.5028,16.6114,16.6131,16.6187,16.6922
524,"NPL","Nepal",5.9785,6.0039,6.0278,6.1829,6.2941,5.973,6.0212,6.238,6.4822,6.3052,6.1315,5.5595,5.9763,6.0355,6.1613,6.0106,5.7091,5.9338,5.4174,6.0352,6.2813,5.4568,6.9371,6.9491,7.1633,6.7655,7.8618,8.6998,9.314,9.795,9.2879,8.525,9.7427,9.3487,10.2375,10.5074,10.5852,10.498,10.8849,11.5941,11.7671,12.1523,12.5267,13.155,13.4716,13.5417,13.3965,14.5254,14.7616,14.8036,16.2411,17.5791,16.5133,17.8952,17.6136,17.1913,18.4199,19.0885,20.1369,20.6377,20.9096
528,"NLD","Netherlands",12.5953,13.0207,12.1737,13.8442,11.4628,11.6304,13.8554,13.2451,12.9601,12.7469,13.4319,12.4503,13.2045,13.1107,12.1108,12.4363,12.838,14.0166,13.3148,13.3918,14.1365,15.2259,13.1239,15.4054,14.5704,15.9397,15.5154,15.3026,16.2201,16.6607,15.3055,16.6017,16.4744,14.9373,15.6416,16.7295,15.7647,13.5015,16.5745,17.197,15.6569,16.0243,15.7381,16.8733,16.109,15.8221,16.1575,17.3887,18.2789,17.6362,18.0785,17.6235,17.2595,18.022,16.6754,15.9259,18.0791,15.5363,17.6636,17.0787,16.8998
540,"NCL","New Caledonia",8.4057,7.6749,8.3465,9.3856,8.5051,9.8301,8.8961,8.7286,7.7176,5.3838,6.6608,7.1413,7.3367,5.9829,5.6292,4.6956,5.004,4.6168,4.4321,5.2265,4.9538,4.6529,4.8107,3.7058,3.946,4.0289,3.8659,3.8856,4.0462,4.4405,4.3548,4.223,4.5678,4.9551,5.1829,5.0376,5.1603,4.9261,5.0855,6.2473,6.4145,6.603,6.9613,7.0981,7.4187,6.8975,7.0443,6.9535,6.4094,6.5129,6.6142,8.0093,6.8439,7.1482,8.9216,9.3931,9.6099,9.9366,9.5712,9.8784,8.899
554,"NZL","New Zealand",5.3788,4.9829,5.5528,6.3788,5.9835,6.3984,6.9713,9.1519,10.2584,8.1223,9.4624,10.9148,10.7188,8.5017,8.4915,10.4184,10.1252,9.9259,9.2908,9.3926,9.0373,9.3788,9.6415,11.3151,11.4706,11.7012,12.463,10.9201,9.2645,11.2543,10.9019,10.8451,11.2741,12.0532,11.4285,12.1246,12.7091,12.0335,11.8228,12.1797,11.8507,11.7282,11.4852,10.0903,10.7231,10.332,10.6137,10.7231,11.1894,10.1691,10.5841,10.8236,9.8379,9.3629,11.1832,10.1152,9.7162,9.5784,9.4951,9.9072,8.4251
558,"NIC","Nicaragua",2.2447,2.917,3.3476,4.1089,4.9611,4.582,4.9293,4.682,4.4446,3.8363,4.2212,4.3566,4.6032,5.9713,5.4187,5.1231,5.4786,6.2637,5.5465,2.5896,4.1968,3.9115,4.2626,4.414,3.874,3.4594,3.1396,2.8161,2.5541,2.5703,2.6978,2.6512,2.3147,2.3441,2.3046,2.4132,2.1954,2.3448,2.2823,2.5181,2.4057,2.6203,3.0806,2.636,2.9741,2.9033,3.0114,3.0344,3.5504,3.5435,4.1414,4.4505,4.296,4.0057,3.7995,4.2205,4.4431,4.4622,4.4672,4.5761,4.7261
562,"NER","Niger",0.4532,0.5481,0.5788,0.5755,0.51,0.5424,0.6241,0.446,0.5845,0.5301,0.5799,0.5736,0.3781,0.5958,0.5093,0.7082,0.7666,0.8154,0.8598,0.8766,0.8757,0.8611,0.8466,0.5596,0.8402,0.9276,0.7386,1.1712,0.9503,0.888,0.9133,0.9086,0.7872,0.7755,0.7852,0.7864,0.6508,1.1543,1.0277,0.7701,1.1266,1.2749,1.2525,0.9732,1.3363,1.4853,1.4571,1.9704,1.3574,2.1481,1.6116,1.9014,1.7402,1.8266,1.9925,2.1063,2.0935,2.3037,2.1461,2.3572,1.8217
566,"NGA","Nigeria",2.3025,2.4225,2.4768,2.4811,2.5999,2.269,2.4551,2.4749,2.8194,2.9727,2.6222,2.1098,2.4267,2.846,2.5065,2.2386,2.1725,1.9603,1.9849,2.1066,2.1183,2.1667,2.1744,2.3595,2.5426,2.9108,3.0195,3.3858,3.7175,3.8951,4.0786,4.2201,4.347,4.3534,4.4035,4.4966,4.6155,4.7059,4.7421,4.6931,4.4798,4.7119,4.961,5.2547,5.5585,6.0042,5.5383,5.925,4.6234,5.5427,4.7737,5.3423,5.0234,5.6223,5.6485,6.4099,6.4534,6.5506,6.3351,6.2643,6.3733
570,"NIU","Niue",2.5745,3.3166,4.6573,5.7609,4.856,4.0203,3.6037,3.1917,3.0289,3.6632,3.6431,3.6241,3.8425,3.5937,2.792,2.1618,2.6626,2.4944,3.0601,3.0191,3.0748,3.155,2.9547,2.7796,2.687,2.6234,2.6086,2.5286,2.58,1.6297,2.3696,2.5143,2.6581,2.7137,2.7671,2.9143,2.9418,2.9674,2.9909,2.8917,2.8673,2.8828,2.9315,2.9338,2.9349,2.9418,2.9818,2.898,2.8619,2.7731,2.7618,2.8754,2.9097,2.922,2.8342,2.8914,2.9073,2.8665,2.8563,2.8489,2.8607
408,"PRK","North Korea",6.2079,6.4807,6.9881,7.2391,6.6144,7.0858,6.7794,6.6895,7.6123,7.6547,7.9301,7.7504,8.1956,8.7156,9.0848,9.4939,9.9635,10.0825,10.4027,9.8077,10.4949,9.4737,9.7951,10.495,10.6062,11.2067,11.3576,11.4462,11.7742,11.761,14.6623,14.2044,14.2003,11.7569,7.6365,6.6433,7.0423,9.0101,8.4443,7.5795,8.8493,9.1771,9.4073,9.5619,9.541,9.586,8.55,9.2445,9.0054,9.0398,9.3713,9.8103,9.9324,9.9282,9.1551,9.3041,8.9629,8.1805,10.2243,8.9517,8.7623
807,"MKD","North Macedonia",NA,NA,NA,NA,NA,NA,NA,NA,NA,NA,NA,NA,NA,NA,NA,NA,NA,NA,NA,NA,NA,NA,NA,NA,NA,NA,NA,NA,NA,NA,NA,5.0163,3.7975,4.782,5.2849,4.4005,4.8784,5.3309,5.5081,5.2011,4.341,5.3786,5.2493,6.9268,6.8894,6.6719,5.7763,7.0952,7.2286,7.0223,7.0126,6.189,7.068,7.6033,6.582,7.6653,5.7609,7.1468,6.8138,7.122,6.8422
578,"NOR","Norway",3.9952,3.0476,3.8572,3.5955,3.8556,3.3989,3.6997,4.7094,3.9035,4.7342,4.7966,4.5364,5.1056,6.1293,4.2077,4.6725,5.8155,5.9753,5.5223,5.9797,5.7942,6.0311,5.3332,6.8433,6.2571,5.2807,6.0334,5.1691,5.5682,7.3341,6.5975,4.8017,6.3365,4.987,5.0783,5.4101,5.8067,6.0833,5.5325,5.898,5.6355,5.316,5.9201,6.644,6.0081,5.5625,5.7238,6.642,5.1616,5.8954,5.0457,5.3629,4.8243,6.1859,6.7249,6.6217,6.5189,3.881,6.541,6.5108,5.9464
512,"OMN","Oman",2.0808,2.1099,2.1284,2.1051,2.1067,2.1795,2.1099,2.0302,2.2207,2.1336,2.1804,2.1659,2.2957,2.2939,2.2849,2.3066,2.3602,2.3723,3.1688,3.7999,4.7449,5.1978,4.8656,4.5793,4.3126,4.3072,4.1519,4.0809,3.9242,4.094,5.1718,5.1575,6.1445,6.2747,6.3675,6.4827,6.794,7.3224,8.1466,8.0085,8.1395,7.4655,7.2784,7.9748,8.0651,8.3819,8.5575,8.5637,9.3793,9.5793,9.42,10.1275,11.8336,11.3637,11.9564,11.1568,10.6113,9.9288,9.9239,14.696,11.9185
586,"PAK","Pakistan",1.5369,1.644,1.7865,1.7173,1.7852,1.768,1.9591,2.2554,2.4537,2.5683,2.6697,2.7063,2.6892,2.7704,2.6221,2.7596,3.0465,2.8156,3.2727,3.1972,3.512,3.4093,3.3934,3.6744,3.9727,4.6302,4.4895,4.6033,4.8924,5.1901,5.8251,5.239,5.1338,5.1752,5.8834,5.6677,5.4918,5.862,6.2923,6.4568,5.9389,5.89,6.1774,7.3167,7.3296,7.1194,7.4685,7.6549,8.0944,7.4637,8.2226,7.7491,8.1868,8.4943,7.7464,7.9616,8.401,7.46,7.9114,7.9938,8.9751
585,"PLW","Palau",NA,NA,NA,NA,NA,NA,NA,NA,NA,NA,NA,NA,NA,NA,NA,NA,NA,NA,NA,NA,NA,NA,NA,NA,NA,NA,NA,NA,NA,NA,NA,NA,NA,NA,NA,NA,NA,NA,NA,NA,NA,NA,NA,NA,NA,NA,NA,NA,NA,NA,NA,NA,NA,NA,NA,NA,NA,NA,NA,NA,NA
591,"PAN","Panama",2.1552,2.1494,2.2631,2.4552,2.6086,2.5238,2.7957,3.1551,3.2619,2.8873,3.0183,2.795,3.1189,3.2875,3.5164,3.4145,3.9832,4.0052,4.0391,3.8061,3.7388,3.8565,3.7332,3.6018,3.6034,3.2947,3.481,3.2832,3.4811,3.4241,3.3619,3.3478,3.3497,3.2934,3.5101,3.5448,3.0548,3.1948,3.2071,3.0607,3.3957,3.4191,3.7773,3.3328,3.3471,3.474,3.4346,3.4614,3.3263,3.0886,3.2504,3.1971,3.5353,3.4678,3.4481,3.8597,3.8763,4.3638,4.5637,4.9104,4.7821
598,"PNG","Papua New Guinea",6.2856,6.3588,6.5934,6.3066,6.5487,6.8149,6.3626,6.5415,6.5721,6.4552,6.4528,6.5194,6.2801,6.2131,6.2259,6.1463,6.3505,6.5108,6.167,6.5473,6.3368,6.4701,6.7101,7.3459,7.705,7.1144,7.2598,6.8548,6.2287,5.8251,5.8101,6.5747,6.7435,6.1173,6.1054,6.9204,6.7648,6.487,7.0631,7.2621,5.816,6.1402,6.0778,6.1283,6.2321,6.1281,7.8562,7.3542,7.3015,7.2902,7.46,7.3821,7.5093,8.9606,8.9127,8.9495,8.3836,8.4375,8.4558,8.4717,8.4724
600,"PRY","Paraguay",2.7544,2.9631,3.1646,3.5674,3.7693,3.3447,3.766,3.7423,3.8662,4.6769,5.0136,5.2848,5.5406,6.0903,5.6901,5.9069,7.2034,6.6521,6.7391,6.1866,7.2322,6.8807,7.256,7.9855,9.2885,7.1117,8.2812,10.4332,11.2585,11.3614,8.6518,7.4744,9.5379,8.7616,9.8049,9.9215,10.0474,9.5673,9.4855,9.0837,10.8314,9.5176,11.601,11.0187,10.8353,10.7015,14.6318,14.7644,10.1859,17.0713,17.9481,11.0083,18.2539,17.8065,16.9924,18.1945,19.931,20.0531,17.5186,21.1208,19.0974
604,"PER","Peru",6.9319,6.7747,5.9225,5.631,5.2739,5.6412,5.5375,4.9793,5.2459,5.4689,5.4296,4.3119,4.2843,4.3738,4.3597,4.1016,4.0431,3.6848,3.7864,3.4009,3.8464,3.8736,3.0761,3.8253,3.9129,4.0354,4.1039,4.4078,4.4436,3.3715,3.302,2.729,3.2538,3.6174,3.8338,4.1869,4.0458,4.0825,4.6191,4.8432,4.7552,4.9615,5.0498,4.7622,5.0296,5.1357,5.0591,5.4326,5.4552,5.4402,5.2425,5.6217,5.8145,6.0069,6.1502,6.4901,6.2851,6.7281,6.8885,6.3614,6.0253
608,"PHL","Philippines",5.7043,6.2837,6.5897,6.2955,6.282,6.5926,6.3442,6.3135,6.5514,6.9122,7.4966,7.4949,7.4084,7.156,8.2746,8.9609,8.4066,8.3718,7.8866,7.8896,8.2819,8.347,7.5596,7.2722,8.0094,8.8498,8.3865,7.9246,8.2507,9.6996,9.2659,9.2573,9.5246,9.9276,9.9193,10.1065,10.4113,9.0843,10.1762,10.714,11.0486,11.4171,11.6167,11.9186,12.1681,12.4315,12.6398,12.9153,12.6774,12.1942,12.6572,13.0606,12.9347,13.0319,12.6988,12.1919,13.0401,12.9714,12.8295,13.0005,13.3021
616,"POL","Poland",6.6073,5.8107,6.4511,6.4783,6.9049,7.0707,7.5132,7.9007,7.5463,7.5637,7.8357,8.4393,8.9887,9.0382,8.3326,8.9274,7.9847,8.8506,7.7317,6.6654,8.1,7.8459,8.3641,9.264,9.0766,9.6608,9.5911,9.1958,9.9386,10.1988,9.5112,7.2071,8.8426,7.5414,9.0182,8.9033,8.5145,9.4385,8.6649,8.1015,9.106,9.2404,8.3216,10.4463,9.6559,8.1724,10.4094,10.2374,11.0867,11.2188,10.7939,11.4845,11.9158,13.5501,11.8847,12.5752,13.4695,11.038,11.5993,14.0825,13.8698
620,"PRT","Portugal",5.1997,4.4437,5.3769,4.0711,4.6948,3.5384,5.0273,4.6795,4.4046,4.5468,4.3035,4.2463,3.7965,3.9586,3.9389,3.8225,2.8797,3.2257,3.517,3.3347,2.6351,3.8969,2.5958,3.721,3.3519,3.9713,3.9638,2.9875,4.0735,3.421,4.5397,3.3685,3.6538,3.8112,3.8371,4.2801,4.3146,3.8675,4.9566,4.0845,3.966,4.3899,4.0448,4.7855,3.7523,5.1576,4.4265,5.1644,5.201,5.186,5.4071,5.0344,6.263,5.6564,6.796,5.7333,7.6982,6.7258,7.3876,6.4485,9.4692
634,"QAT","Qatar",5.36,8.06,9.86,11.66,13.46,15.26,17.06,18.86,20.66,21.56,23.9443,24.1459,0.751,0.4275,0.4708,0.8097,4.8947,6.5004,4.7155,2.7112,2.8574,2.8909,2.0131,1.9225,2.1181,2.0932,2.2751,2.4392,2.8979,2.679,3.4419,2.9806,3.1121,2.9192,3.3526,3.502,4.4296,3.7892,4.2139,4.3169,3.3202,3.493,3.0941,2.9934,3.633,4.1747,4.0928,3.1605,2.6864,2.7278,2.4432,2.3563,2.8152,2.6968,2.6051,2.5789,2.4469,2.6701,2.7137,3.072,3.0752
178,"COG","Republic of Congo",0.9602,0.9988,1.0557,1.0641,1.0901,1.1462,1.3559,1.3381,1.2847,1.22,1.2322,1.0849,1.1308,1.1146,1.1183,1.1072,1.1143,1.0823,1.1262,1.0818,1.1299,1.1823,1.1464,1.2274,1.3111,1.2828,1.3294,1.3939,1.396,1.3675,1.3908,1.4008,1.3933,1.5116,1.6077,1.6514,1.5888,1.5688,1.6053,1.6645,1.7428,1.7783,1.8857,1.9249,1.9773,2.0087,2.0376,2.1512,2.1777,2.1149,2.0797,2.1512,2.1315,2.2627,2.2471,2.2352,2.2512,2.3026,2.3085,2.2923,2.2736
642,"ROU","Romania",4.4837,4.0236,4.2956,4.4928,5.1048,5.7249,5.6189,5.2358,5.1865,4.4404,6.0261,6.8411,5.7881,5.7942,6.0949,7.8941,7.4406,7.384,7.5176,7.7481,6.8675,8.2713,7.3175,8.5963,7.9819,8.0266,7.0432,7.8345,8.139,7.0465,7.5199,5.2273,6.4689,7.2544,8.015,6.0318,8.6204,6.5764,7.1486,4.656,7.6897,6.0742,5.7894,10.446,8.4395,7.4053,4.19,8.0725,7.1228,7.8096,9.5401,6.1311,9.8825,10.6627,9.4694,10.9467,13.9941,15.122,13.9067,9.2037,13.5699
643,"RUS","Russia",NA,NA,NA,NA,NA,NA,NA,NA,NA,NA,NA,NA,NA,NA,NA,NA,NA,NA,NA,NA,NA,NA,NA,NA,NA,NA,NA,NA,NA,NA,NA,3.5444,3.3731,2.7955,2.3992,2.531,3.0131,1.8171,2.0791,2.4049,2.9811,3.0595,2.5622,2.9255,2.9995,3.0782,3.1148,3.9928,3.6631,2.4789,3.8644,3.0381,3.7291,4.1235,4.1918,4.7549,5.2885,4.6727,5.0705,5.3112,5.132
646,"RWA","Rwanda",3.5853,4.861,3.6357,3.1999,3.5315,4.3012,4.6395,4.1736,4.6175,5.0234,4.6901,4.1062,4.2382,3.7229,4.2239,4.3126,4.3692,4.3915,4.4529,4.3945,4.5427,4.7947,4.7088,4.2241,5.1813,4.5262,4.4383,4.0015,4.069,4.0465,4.7962,4.5777,3.6206,2.4666,3.0696,3.5392,3.5551,3.6663,3.613,4.3637,4.3265,4.7913,4.4442,4.3035,4.7706,4.9406,5.0586,5.1934,5.8366,6.1099,6.3615,6.8321,7.0419,5.3477,5.0936,5.2594,5.6379,6.0383,6.5922,6.2523,6.4721
652,"BLM","Saint Barthelemy",NA,NA,NA,NA,NA,NA,NA,NA,NA,NA,NA,NA,NA,NA,NA,NA,NA,NA,NA,NA,NA,NA,NA,NA,NA,NA,NA,NA,NA,NA,NA,NA,NA,NA,NA,NA,NA,NA,NA,NA,NA,NA,NA,NA,NA,NA,NA,NA,NA,NA,NA,NA,NA,NA,NA,NA,NA,NA,NA,NA,NA
659,"KNA","Saint Kitts and Nevis",8.674,8.1732,7.3662,7.8726,7.1708,7.3245,6.8227,6.6675,5.9006,7.7245,6.5567,5.965,5.2718,5.4091,5.4354,7.7939,8.3593,8.5382,8.9808,8.2863,7.9941,8.8723,7.1619,8.3682,7.556,7.9323,7.9003,8.2397,7.6956,5.8591,6.8077,9.2596,7.4055,7.8318,7.8783,10.0347,14.5701,11.7264,8.2041,8.5133,8.7736,9.1195,9.1255,12.1196,9.0121,1.4154,1.5666,1.66,1.4124,1.3516,2.4133,1.9003,1.893,1.7924,1.8344,2.1398,2.155,2.1582,2.5003,2.4664,2.4426
662,"LCA","Saint Lucia",9.4826,9.886,9.0285,9.0511,10.2653,10.3368,10.2261,10.2886,10.2667,9.7443,8.575,8.8499,9.1968,8.5283,8.5657,7.6536,8.0077,8.9893,9.2454,8.8875,5.7528,6.7308,7.2984,6.9933,7.3151,8.0749,7.947,8.4478,8.3403,9.2692,8.3774,8.4153,9.0576,7.2211,8.3311,7.9508,8.6185,6.677,7.17,5.9535,5.1641,6.0894,5.9976,6.3088,4.9363,6.5801,6.3233,7.117,6.6673,5.6037,5.5631,4.977,5.1975,4.7831,4.7601,4.6871,4.8074,4.7454,4.495,4.1879,4.0083
670,"VCT","Saint Vincent and the Grenadines",11.1683,11.2973,8.8924,9.0985,9.1093,9.7003,9.5539,8.9807,8.7789,9.2567,10.3764,9.4736,9.2891,9.2771,8.8272,8.2946,9.7294,12.4276,10.5377,8.9142,9.3705,10.7248,9.2967,11.8056,12.7173,11.5905,11.3552,13.5879,13.0932,13.9179,13.6664,16.1184,16.401,8.6185,9.2074,9.57,9.1357,9.9141,8.6283,8.7318,9.8152,10.5236,10.9078,10.6839,11.5611,12.0652,12.3323,12.391,12.9433,11.2178,11.7246,11.8291,11.8658,12.3602,12.0523,11.853,12.3981,12.624,12.7526,12.9355,12.7512
882,"WSM","Samoa",8.6353,8.7908,9.2283,9.9535,8.2771,8.8787,7.1655,8.7151,9.4669,8.1216,10.2094,10.067,9.5079,10.4678,9.8224,8.7827,9.207,8.3249,9.7851,10.063,8.6614,10.4237,8.9841,7.9701,8.8146,9.1195,8.5718,8.1487,11.6263,10.1378,7.8479,8.7584,8.9627,9.1461,10.2553,10.5831,9.9412,10.3735,9.2778,10.5852,11.0508,11.44,12.0911,12.5919,13.594,14.2726,14.1678,16.2729,19.0227,15.9448,14.3428,12.6147,11.3266,10.1162,3.9509,4.2165,4.5584,5.2594,6.3282,6.3992,6.3526
674,"SMR","San Marino",NA,NA,NA,NA,NA,NA,NA,NA,NA,NA,NA,NA,NA,NA,NA,NA,NA,NA,NA,NA,NA,NA,NA,NA,NA,NA,NA,NA,NA,NA,NA,NA,NA,NA,NA,NA,NA,NA,NA,NA,NA,NA,NA,NA,NA,NA,NA,NA,NA,NA,NA,NA,NA,NA,NA,NA,NA,NA,NA,NA,NA
678,"STP","Sao Tome and Principe",5.5734,5.9663,5.1221,5.9605,5.9415,5.5591,5.5475,5.1218,5.1197,4.8607,4.9373,4.8978,5.0988,4.899,3.7744,3.5744,4.2297,3.8271,4.549,3.5592,3.5558,4.3365,4.3995,4.4853,4.6536,4.7959,4.3834,4.738,4.2975,4.1754,3.694,4.0305,4.1698,4.1665,4.318,4.8797,5.2501,4.4621,4.0943,4.1461,4.3065,4.3527,4.3951,4.2583,4.4989,4.4571,4.2888,4.3226,4.525,4.1698,3.8322,4.0741,5.0891,5.3362,5.0909,1.7244,1.7582,1.6751,1.6771,1.6319,1.6645
682,"SAU","Saudi Arabia",1.3977,1.3804,1.4682,1.453,1.5095,1.5166,1.4773,1.4766,1.4526,1.4406,1.2741,0.5435,0.5613,1.1038,1.0613,0.914,0.9939,0.9785,1.0799,0.8496,0.8871,1.3863,1.8882,2.8226,3.725,3.8484,4.3033,5.0321,5.0884,5.0917,5.211,5.2719,5.4874,5.2659,3.2296,2.5095,2.9433,2.8077,2.9908,2.71,3.1559,3.4318,3.551,3.932,3.7429,3.8148,3.7202,3.2609,2.4337,2.4252,2.2732,1.9233,1.7332,2.0258,2.1693,2.0959,2.7841,2.913,2.7838,2.8574,2.8901
686,"SEN","Senegal",2.0022,2.0214,2.131,2.1284,2.2144,1.9334,2.2538,1.6047,2.0274,1.4301,2.1331,1.2763,1.6839,2.3829,2.6659,2.3925,1.491,2.659,1.7774,1.6241,2.7545,2.3854,1.5074,1.7393,2.5015,2.3353,2.6914,2.1724,2.5222,2.2594,2.4863,2.191,2.5236,2.3159,2.6814,2.1605,2.0992,2.1775,2.7437,2.5895,2.5948,1.6104,2.7843,2.3558,2.9538,2.4011,1.9203,2.9514,3.1868,3.3442,2.1009,2.7622,2.4596,2.4866,3.5416,3.3705,4.3217,4.8299,4.661,5.925,5.576
688,"SRB","Serbia",NA,NA,NA,NA,NA,NA,NA,NA,NA,NA,NA,NA,NA,NA,NA,NA,NA,NA,NA,NA,NA,NA,NA,NA,NA,NA,NA,NA,NA,NA,NA,NA,NA,NA,NA,NA,NA,NA,NA,NA,NA,NA,NA,NA,NA,12.8988,10.0981,12.9872,13.4028,13.7225,13.5694,10.2331,13.9793,15.8852,12.9115,16.2673,11.2987,16.3826,16.2295,17.1767,15.4915
690,"SYC","Seychelles",17.3323,18.4736,17.648,22.9212,18.3399,20.1714,20.56,20.1039,16.525,15.069,12.4717,12.2423,11.6375,11.0558,10.8114,9.9889,10.7967,9.9343,12.3737,11.9198,11.8636,8.4166,9.796,7.6823,6.5218,5.7241,4.8943,4.7875,4.2824,5.1923,3.7232,3.1208,3.2789,3.0161,3.3495,3.5125,3.3135,3.1022,3.2121,3.0686,3.13,2.8053,2.9734,2.9107,2.5481,2.9776,3.2348,3.1146,3.2539,4.0514,6.794,7.4386,7.3443,8.3989,8.4714,8.4032,8.4054,8.6532,8.7811,9.0081,9.3238
694,"SLE","Sierra Leone",3.735,4.0527,4.0854,4.3604,4.4544,4.6262,4.7712,4.3827,4.8849,4.4561,4.4771,4.514,4.5119,4.6439,4.9385,4.9859,5.1092,5.1197,4.4103,4.4451,4.3989,4.534,4.2406,4.4274,3.7944,4.2603,3.9647,4.1021,4.26,4.2763,4.2747,4.0126,4.0433,3.8977,3.5481,3.8273,4.0615,3.5214,2.9428,2.5164,2.4605,2.4624,2.3616,2.3748,2.5946,2.8915,2.666,2.7403,3.2158,3.4042,3.4864,3.9387,3.9199,3.7283,3.1247,3.0561,2.9686,3.0547,2.9999,3.2139,5.0954
702,"SGP","Singapore",5.2733,5.1567,5.4337,5.3528,6.0565,7.7887,7.728,8.6592,8.5085,8.5853,12.6426,11.6255,9.6898,8.8304,9.5645,10.112,10.6114,10.3055,9.7623,9.5708,11.9847,15.1993,14.722,15.662,14.5724,16.3479,20.3992,11.6122,9.2334,7.619,6.2204,5.1223,4.5183,4.4831,5.2792,5.9393,6.5814,7.4155,8.241,9.0844,9.8819,10.795,17.8333,19.1825,21.458,23.9485,20.4585,23.4116,23.9991,25.6675,27.1244,28.4524,31.5605,33.2567,33.5931,32.851,32.9505,34.8503,35.2455,33.3285,32.67
534,"SXM","Sint Maarten",NA,NA,NA,NA,NA,NA,NA,NA,NA,NA,NA,NA,NA,NA,NA,NA,NA,NA,NA,NA,NA,NA,NA,NA,NA,NA,NA,NA,NA,NA,NA,NA,NA,NA,NA,NA,NA,NA,NA,NA,NA,NA,NA,NA,NA,NA,NA,NA,NA,NA,NA,NA,NA,NA,NA,NA,NA,NA,NA,NA,NA
703,"SVK","Slovakia",NA,NA,NA,NA,NA,NA,NA,NA,NA,NA,NA,NA,NA,NA,NA,NA,NA,NA,NA,NA,NA,NA,NA,NA,NA,NA,NA,NA,NA,NA,NA,NA,9.2093,10.6416,10.2152,10.019,10.8294,9.9798,8.9502,6.8693,10.4145,10.7174,8.1444,12.6521,11.9029,10.4558,9.9188,13.6941,11.6045,9.1056,12.2887,9.7788,11.9717,15.9367,13.1854,16.7244,13.2729,14.655,14.3592,15.8191,15.586
705,"SVN","Slovenia",NA,NA,NA,NA,NA,NA,NA,NA,NA,NA,NA,NA,NA,NA,NA,NA,NA,NA,NA,NA,NA,NA,NA,NA,NA,NA,NA,NA,NA,NA,NA,7.0959,7.8576,10.018,9.7562,9.7188,11.2692,12.119,10.8902,11.0733,10.3449,13.0436,8.8228,12.2175,12.184,10.8282,11.1407,9.9716,9.1232,9.7808,10.1889,9.6526,7.9366,10.7835,10.2466,10.4424,9.2182,9.9326,10.4848,12.1629,11.0573
90,"SLB","Solomon Islands",9.2674,9.3049,9.6193,9.9172,9.7656,9.3717,9.5037,8.5637,9.9775,11.2925,11.5429,11.0519,11.1953,11.3692,11.6693,11.9691,11.8933,12.2392,14.0139,13.8979,15.6348,14.3124,14.0994,16.8335,17.6356,16.8533,11.8757,11.764,11.6511,10.9299,11.8478,12.1801,12.2751,12.3725,14.6496,15.0263,15.6198,15.7797,14.0757,13.5438,11.9252,11.465,10.9546,13.7708,15.3813,15.4154,16.4589,16.4286,14.6695,6.9515,6.8382,6.9807,7.0739,7.111,7.0832,7.0805,6.9891,7.0959,7.1173,7.1212,7.2541
706,"SOM","Somalia",1.2148,1.2008,1.1548,1.1495,1.1813,1.2584,1.3382,1.3014,1.3584,1.4062,1.3211,1.6756,1.1835,1.1566,1.4257,1.4476,1.4814,1.4511,1.4359,1.4862,1.9718,2.1317,1.7611,2.2412,2.4499,2.4975,2.4807,2.6217,2.854,2.4928,1.3937,1.0737,0.9974,1.8221,1.404,1.3877,1.4845,1.0688,1.4181,1.6933,1.8331,1.8573,1.7289,1.5951,1.5933,1.4083,1.2488,1.2619,1.2567,1.6934,1.0415,1.9879,1.7942,1.4226,1.4757,1.0602,1.2026,1.3881,1.2629,1.2139,1.2139
710,"ZAF","South Africa",2.3051,2.38,2.5312,2.1456,2.0862,2.2886,3.8607,2.5477,2.6273,2.8184,3.6618,3.9104,2.5269,4.438,3.8549,3.5705,4.1688,4.3424,3.9064,4.3734,5.6792,4.0155,2.5618,3.1621,3.8656,3.9518,4.2893,4.4084,4.9492,4.058,3.9853,2.0498,3.7708,4.5646,2.8117,4.4018,4.1763,3.6256,3.7681,4.5232,3.8134,4.3376,3.8861,4.0752,4.6275,3.7699,3.5786,5.0802,5.01,4.9092,4.9984,5.2773,5.3522,6.0726,5.0614,4.4037,6.9702,6.2662,5.6152,6.9328,7.4498
410,"KOR","South Korea",11.9403,11.1259,11.5305,13.3134,12.9329,13.8539,12.7164,12.7889,14.4189,14.0778,14.1739,14.369,14.3798,14.9307,16.6683,18.063,17.7521,19.4299,19.0483,13.8894,16.5557,16.7159,17.1747,17.5928,16.8965,16.7541,16.3654,17.7015,17.7915,16.9022,15.7205,16.0996,15.07,15.4332,15.7522,17.1787,17.3589,16.5344,17.2043,17.396,18.1743,16.7358,15.6797,17.2511,16.9152,16.7209,16.1589,17.4492,17.6367,16.2269,16.1814,15.327,16.1059,16.6299,16.2955,16.329,16.0796,16.2976,16.3288,15.4066,16.8218
728,"SSD","South Sudan",NA,NA,NA,NA,NA,NA,NA,NA,NA,NA,NA,NA,NA,NA,NA,NA,NA,NA,NA,NA,NA,NA,NA,NA,NA,NA,NA,NA,NA,NA,NA,NA,NA,NA,NA,NA,NA,NA,NA,NA,NA,NA,NA,NA,NA,NA,NA,NA,NA,NA,NA,2.2479,2.3318,2.8915,2.5102,2.3585,2.3003,2.4071,2.6397,2.7295,2.7114
724,"ESP","Spain",3.1532,3.3002,3.8929,2.7524,3.2343,3.6335,3.5239,4.0363,3.6784,3.6959,4.0382,4.062,4.0658,4.1573,4.5863,4.3754,4.3575,5.2246,4.5966,5.5349,3.9389,5.0164,4.2866,6.4816,5.8832,5.3121,6.6575,6.537,6.0996,6.2468,6.0797,5.4475,5.8112,5.3565,4.1956,7.6712,7.8202,7.8623,6.708,8.5914,8.0801,8.0226,9.2032,8.8968,6.1702,8.0128,9.2287,8.8627,8.326,8.9209,9.8932,6.6629,11.0242,8.0237,8.5537,10.0395,8.2225,11.9202,8.9349,11.6003,11.2162
144,"LKA","Sri Lanka",5.9893,6.6019,5.3473,5.5672,4.8696,4.7581,5.2831,5.7415,5.6751,6.0228,5.8352,5.8981,5.0492,5.6076,5.696,5.4724,5.4496,6.0365,6.7975,6.8191,7.1912,7.4826,7.8093,7.2752,8.4199,8.5946,6.9755,7.2142,7.0489,7.8599,8.5011,8.0382,8.7755,9.6066,9.884,8.6237,9.0443,9.5538,10.0712,10.4617,9.7582,9.6992,10.0921,9.8042,9.4745,10.4948,10.4904,10.7247,10.168,11.26,10.199,10.4112,11.2978,10.1058,11.9757,11.269,8.1671,10.2075,11.2809,11.9392,12.548
275,"PSE","State of Palestine",NA,NA,NA,NA,NA,NA,NA,NA,NA,NA,NA,NA,NA,NA,NA,NA,NA,NA,NA,NA,NA,NA,NA,NA,NA,NA,NA,NA,NA,NA,NA,NA,NA,NA,NA,NA,NA,NA,NA,NA,NA,NA,NA,NA,NA,NA,NA,NA,NA,NA,NA,NA,NA,NA,NA,NA,NA,NA,NA,NA,NA
729,"SDN","Sudan",NA,NA,NA,NA,NA,NA,NA,NA,NA,NA,NA,NA,NA,NA,NA,NA,NA,NA,NA,NA,NA,NA,NA,NA,NA,NA,NA,NA,NA,NA,NA,NA,NA,NA,NA,NA,NA,NA,NA,NA,NA,NA,NA,NA,NA,NA,NA,NA,NA,NA,NA,1.3068,2.0577,2.5602,1.5401,2.5325,2.1299,3.0169,2.4281,2.2447,2.3878
740,"SUR","Suriname",7.9785,8.6321,8.8505,8.6018,10.5751,10.9233,13.0153,12.7234,11.6758,14.0116,12.2136,11.3244,13.1894,12.8993,13.8333,13.6325,15.2111,16.555,17.4253,17.1763,17.666,17.6585,15.3588,16.6177,15.6966,15.1532,12.8906,12.5482,12.5275,9.8879,11.4314,12.7093,10.9684,11.0498,11.0494,11.3063,10.9453,9.5453,9.3261,8.6772,10.1702,10.6605,10.5193,10.0114,10.2415,11.5212,12.117,12.5141,12.4806,12.8371,12.5719,13.3818,13.7132,13.4366,13.0361,13.4962,14.4791,13.7516,13.6883,12.8535,13.6967
752,"SWE","Sweden",4.9163,4.7385,4.8997,6.1682,6.1921,4.9649,6.6643,7.309,5.7811,7.1311,7.7153,7.6109,7.1389,9.4397,7.7041,8.0342,8.0718,8.5817,7.9168,8.0623,8.659,9.0669,8.4176,10.5428,8.9104,9.2083,7.9863,7.8622,9.2252,10.4205,8.2308,6.6296,8.8511,7.3128,7.7563,9.1174,9.3405,8.9124,8.2125,9.3957,8.8144,9.0671,8.8291,9.4078,8.5067,7.304,8.5517,8.8295,9.1866,7.8009,8.4495,9.0859,9.0304,10.2246,10.8634,9.9375,10.884,6.2324,11.1427,10.763,9.3472
756,"CHE","Switzerland",9.2984,10.8922,9.6909,11.0241,9.2506,10.2745,12.4357,11.6857,11.4996,11.1416,12.7302,11.4858,12.2443,12.8058,11.9239,11.9343,10.651,12.7015,13.4327,12.0751,13.1178,14.1865,12.5326,15.1541,13.855,12.9739,12.5397,16.0945,16.7963,15.5698,15.332,15.287,15.4954,13.9588,14.3478,16.2381,15.1189,15.6223,13.2407,15.2717,13.3317,14.4324,12.0601,14.7959,14.1684,13.4743,14.267,14.1506,14.5238,12.9952,14.956,13.8068,12.5132,15.2377,13.4777,11.5314,14.2139,13.4373,13.4845,14.3077,11.2181
760,"SYR","Syria",1.5414,2.3872,2.1635,2.2423,2.1851,1.53,2.129,1.9457,2.3365,1.6797,1.9906,3.0362,1.6142,2.8889,3.0699,3.6419,2.8003,3.4237,2.6176,4.411,3.9621,3.612,3.889,3.0263,3.643,4.2493,3.2259,5.8173,2.6499,4.225,4.3005,5.9387,6.3492,6.3653,6.9043,7.5668,6.4398,7.9648,5.6228,7.0279,7.5102,8.4866,8.0457,8.2046,8.2215,8.6066,6.5509,5.3224,6.8114,5.9454,7.3037,6.6786,5.1415,3.3368,5.1503,3.548,4.0209,3.1306,6.322,5.8178,3.4724
158,"TWN","Taiwan",16.8897,16.5224,15.6028,17.8031,19.0756,19.1872,19.2461,19.9959,18.7341,19.1816,19.1867,19.1622,19.3507,20.3107,19.6354,20.3844,20.4465,18.977,20.0787,19.4748,19.6015,19.5483,19.4875,18.9826,19.5886,18.4246,18.9054,18.9883,17.8564,17.4118,18.307,17.9072,19.0039,17.7795,18.1828,17.5375,17.9346,15.973,17.3532,16.4401,15.3773,16.1158,15.3261,13.9703,12.4324,14.0082,12.2354,12.6585,12.9431,13.7089,15.2747,14.6507,14.0764,14.8169,14.1009,13.7028,15.1964,16.0741,15.0154,15.4469,14.204
762,"TJK","Tajikistan",NA,NA,NA,NA,NA,NA,NA,NA,NA,NA,NA,NA,NA,NA,NA,NA,NA,NA,NA,NA,NA,NA,NA,NA,NA,NA,NA,NA,NA,NA,NA,7.8338,7.7304,7.8126,6.5375,5.9948,7.3312,7.6982,6.8025,7.4713,8.8029,10.6369,11.7957,12.325,11.1528,10.999,10.9786,10.3167,11.6938,12.0232,12.2156,13.1042,13.2632,12.1294,10.8945,10.8978,11.7307,10.414,11.9989,12.414,13.6221
834,"TZA","Tanzania",1.4808,1.5584,1.5665,1.5099,1.582,1.8069,1.7128,1.5581,1.6959,1.528,1.5498,1.6267,1.7571,1.7102,1.9289,2.1256,2.2674,2.1189,2.3343,2.1688,2.1146,2.1921,2.2081,2.333,2.2212,2.3522,2.491,2.257,2.5802,2.4427,2.5739,2.5671,2.4843,2.1889,2.8826,2.9953,2.4954,2.7374,2.6668,2.6165,3.1261,3.8027,2.8753,3.778,3.41,3.2716,3.4936,3.6094,3.2429,4.0074,4.1226,4.4229,4.8102,4.9821,4.8335,4.523,4.7429,4.7075,4.661,4.8757,4.7548
764,"THA","Thailand",3.5104,3.7381,3.9077,3.7132,3.658,4.2499,3.6044,3.8924,4.1264,4.1827,4.2573,3.6113,4.2251,3.9134,4.2522,4.259,4.0042,4.6838,4.2962,4.5311,4.7486,4.596,5.0351,5.204,5.3271,4.8621,4.5322,5.3805,5.4956,4.7804,5.2967,5.3853,5.1016,5.5406,5.8081,6.056,6.0807,5.8725,6.147,6.6489,6.9969,6.9986,7.3882,7.1199,6.924,6.7972,7.4609,7.5605,7.5633,7.893,8.6427,8.8453,8.6795,8.2072,7.3897,7.8884,8.1438,8.6871,8.0777,7.4054,7.737
626,"TLS","Timor-Leste",2.619,2.6309,2.5867,2.4304,2.5013,2.4635,2.7518,2.7017,2.9107,2.6146,2.503,2.683,2.7312,2.82,2.8478,2.898,3.1041,3.025,3.0452,3.0761,2.9447,2.9563,2.9596,3.0542,2.9945,2.9262,2.9029,2.8006,2.7771,3.1286,3.3933,3.0297,3.8216,3.7807,3.4624,3.438,3.0528,2.3169,2.5403,3.0878,2.9232,3.347,3.213,3.0656,3.6139,4.0173,3.3594,4.0314,5.1947,5.1851,3.4385,3.8975,4.1089,4.1843,4.7036,3.8274,3.4927,3.6195,3.3736,3.4519,3.0331
768,"TGO","Togo",0.8697,0.8869,0.9732,1.0163,1.0365,1.141,1.0599,1.0572,1.0539,1.1942,1.2455,1.1459,1.1404,1.0923,1.1617,1.0843,1.0779,1.0809,1.2153,1.246,1.2642,1.2525,1.209,1.3853,1.5425,1.5643,1.6517,1.6883,1.9293,1.8665,1.7462,1.8292,2.0924,2.1455,2.0612,2.5295,2.6863,2.4967,2.4585,2.2588,2.6346,2.682,2.5617,2.6261,2.2303,2.1875,2.243,2.3028,2.4772,2.5377,2.8248,2.8094,2.7284,3.0811,2.8905,3.0278,3.1721,3.3348,3.3015,3.3167,3.3485
776,"TON","Tonga",15.3836,11.1414,12.6212,11.6903,10.9973,12.437,12.536,10.6753,11.9888,9.7882,10.4763,12.7085,10.9971,12.5323,14.275,13.9396,12.9317,10.057,9.9654,12.1267,11.4196,7.0465,7.2595,7.6302,7.2355,8.7943,6.4281,5.1422,5.0944,4.5604,4.3894,4.8031,6.191,5.9016,5.5188,5.6774,6.3137,6.8665,6.8717,7.2835,7.3078,7.3973,7.3613,7.3484,7.3512,8.7557,15.2939,15.1136,14.5151,14.3342,14.2212,13.1506,13.1741,6.6089,8.5933,7.0007,6.9982,6.6865,6.6913,6.6924,6.2034
780,"TTO","Trinidad and Tobago",13.0785,11.6015,12.9042,12.0214,12.9222,12.1996,11.8637,13.1695,13.0427,12.912,11.9941,12.9047,9.785,8.8758,9.2159,10.9496,9.6085,8.008,8.3059,8.0189,7.2001,7.641,8.15,7.2318,7.8939,8.5174,8.4814,8.7038,8.4704,9.4861,8.4593,8.5894,8.0983,8.6,8.3396,8.9262,9.1627,7.9274,8.8291,9.458,8.6141,10.8956,7.4863,6.3581,5.6771,8.6177,8.3141,2.9295,2.6575,2.7012,2.8767,3.0106,2.8082,3.2034,3.167,3.029,3.3273,3.3302,3.327,3.292,3.1521
788,"TUN","Tunisia",1.0037,1.3065,2.05,1.7825,1.6814,1.0868,1.2858,1.407,0.9433,1.4954,2.2737,1.8072,2.161,2.046,2.6007,1.7866,1.8917,1.6864,1.7632,2.5199,2.0127,1.7547,2.2269,1.8932,2.8256,1.9374,2.7319,1.1464,1.9312,3.0487,4.5567,3.2818,3.6055,1.5624,1.4242,5.1156,2.123,3.3126,3.6603,2.2312,1.7755,1.4198,4.4855,3.215,3.8414,3.7425,3.7176,3.336,3.8427,2.7449,3.2086,3.8852,3.3542,3.1555,4.5007,2.9248,2.831,4.4936,3.8268,5.1527,3.2857
792,"TUR","Turkiye",2.861,3.0561,3.479,3.2359,3.143,3.5926,3.6462,3.6127,3.4304,3.4719,4.2094,4.0828,3.3975,3.9033,4.4875,5.0473,4.9065,4.9747,4.8903,5.0314,4.9785,5.7586,5.4389,5.6553,5.5882,6.2505,6.1858,6.7535,5.4153,6.6865,6.6203,6.4491,6.7268,6.1948,6.5503,7.1073,6.9322,7.9204,6.8511,7.8354,7.0092,7.7265,7.4287,7.9796,8.1728,8.4584,7.5106,7.6095,8.3658,8.5725,9.5104,9.1017,9.6633,8.8987,9.7534,9.4787,10.191,9.8315,9.7814,10.1542,9.4619
795,"TKM","Turkmenistan",NA,NA,NA,NA,NA,NA,NA,NA,NA,NA,NA,NA,NA,NA,NA,NA,NA,NA,NA,NA,NA,NA,NA,NA,NA,NA,NA,NA,NA,NA,NA,11.5583,11.7786,11.0647,10.7857,4.1396,5.8812,7.4951,11.4131,9.6276,9.7186,8.6921,9.1709,10.9607,11.4465,10.6407,7.7899,8.0487,8.663,10.8996,9.1636,6.5749,6.9484,7.4722,7.9763,7.3755,6.7699,6.3533,10.4073,11.1193,9.8523
796,"TCA","Turks and Caicos Islands",NA,NA,NA,NA,NA,NA,NA,NA,NA,NA,NA,NA,NA,NA,NA,NA,NA,NA,NA,NA,NA,NA,NA,NA,NA,NA,NA,NA,NA,NA,NA,NA,NA,NA,NA,NA,NA,NA,NA,NA,NA,NA,NA,NA,NA,NA,NA,NA,NA,NA,NA,NA,NA,NA,NA,NA,NA,NA,NA,NA,NA
798,"TUV","Tuvalu",5.2942,5.2981,5.3021,5.351,5.3532,5.3555,4.6933,4.2957,3.7669,3.4714,4.8437,1.7574,1.4991,5.7958,1.9243,1.482,2.3351,6.2859,6.4724,6.1984,6.2843,3.3537,3.5738,3.6134,3.6216,3.4769,2.9469,2.3864,2.5907,2.3817,4.2918,2.803,2.6632,2.294,2.6844,2.685,2.4847,2.6244,2.3191,2.7352,2.7987,3.1148,3.1462,3.0101,3.1454,3.1471,3.0176,2.9668,2.9626,2.8466,2.8689,3.015,3.1486,2.9209,2.9313,2.9372,2.9437,2.9384,4.1058,4.1068,3.6272
800,"UGA","Uganda",2.622,2.3122,2.6337,2.3793,2.4482,2.4684,2.6786,2.7522,3.2051,3.6782,3.419,3.4506,3.2649,3.1162,3.3202,3.0499,2.7895,2.7948,1.9707,1.8105,2.0318,2.0776,2.2858,1.8878,1.9879,1.9133,2.0373,2.2121,2.4047,2.4282,2.4426,2.5113,2.6842,2.6867,2.7883,2.4311,2.4663,2.9158,3.1309,3.0549,3.2518,3.3178,3.3324,3.1473,3.2455,3.176,3.1645,2.9515,3.0108,3.0873,3.2025,3.0367,3.1203,3.2881,3.3809,3.0034,3.2981,3.4895,2.9568,3.95,3.4201
804,"UKR","Ukraine",NA,NA,NA,NA,NA,NA,NA,NA,NA,NA,NA,NA,NA,NA,NA,NA,NA,NA,NA,NA,NA,NA,NA,NA,NA,NA,NA,NA,NA,NA,NA,5.8743,6.6987,5.2579,5.1015,3.9681,4.9976,3.9763,3.758,3.9524,5.5203,5.4921,4.4105,5.9585,5.8175,5.7153,4.9167,8.1786,7.1753,6.5157,8.781,7.5533,9.6227,9.9614,9.5586,10.4699,10.1392,11.1693,11.6693,10.0595,12.795
784,"ARE","United Arab Emirates",0.8907,0.9633,1.0388,1.1114,0.9987,1.5065,1.5951,1.8857,2.2084,2.0876,2.4272,2.1196,2.1533,2.9546,3.2644,3.4391,3.7299,4.7368,5.4676,5.1066,5.0832,6.6875,6.6083,5.7742,5.4698,4.9459,4.7702,5.9975,7.2542,5.4831,6.3313,7.0938,6.6215,6.0259,6.1764,6.0332,6.5984,6.6241,5.3819,7.954,3.6426,3.5001,3.3805,3.716,3.61,3.5683,3.5442,3.5606,9.5741,9.8001,3.9755,4.5196,4.1793,5.4159,5.9986,5.9915,6.0119,5.8873,6.3808,6.5802,6.2569
826,"GBR","United Kingdom",6.5368,7.5722,7.3132,8.0998,8.5983,8.346,9.1344,8.4459,8.6805,8.7993,9.6989,9.7442,9.9619,10.4356,9.0531,8.7421,10.9334,11.3212,11.6224,12.7076,12.7119,14.4918,13.8402,17.4787,14.9189,16.3772,15.2889,15.0631,16.1199,16.7003,16.958,16.9887,16.6386,17.1558,17.9606,19.5788,18.5635,18.3208,19.5532,19.7103,17.1048,19.7942,19.4723,19.0214,18.9666,17.4593,16.4513,19.8754,18.3282,18.4511,19.2192,16.6092,16.6685,20.0662,20.7883,18.2552,19.6295,17.7429,20.1912,15.4179,17.7444
840,"USA","United States of America",4.5241,4.6045,4.8198,4.6172,5.1878,5.1115,5.5421,5.545,5.3403,5.0333,5.9566,5.9861,6.406,5.5363,6.5248,6.4909,7.1996,7.226,8.187,7.1025,8.5359,8.6291,5.8733,8.0451,8.7858,7.9296,7.6576,6.0441,7.5574,8.2343,7.8012,9.235,7.436,9.829,8.103,9.4524,9.8703,10.0409,9.8751,10.0905,9.9395,9.296,10.1505,11.7979,11.5325,11.1547,12.1358,12.1031,12.8536,12.8599,12.3245,12.0492,13.5463,14.4336,14.1613,16.0245,14.9213,14.8712,13.6829,14.4366,15.0534
858,"URY","Uruguay",1.5425,1.7625,1.5416,2.0036,2.0038,1.7887,1.2845,1.8047,2.1816,2.4592,2.1607,1.8572,2.7061,3.1707,2.9562,3.6833,2.5455,2.8238,3.1521,3.174,3.8908,3.4541,3.3841,3.4056,3.2956,3.2306,3.6661,4.4403,4.836,3.9022,3.5679,4.8281,4.4211,4.4659,5.2608,6.2601,5.7517,5.4521,5.9511,4.6493,4.5063,4.8941,5.8146,7.7653,8.4848,9.3403,9.6442,8.2973,9.0861,12.2868,9.6079,13.7063,12.7338,13.909,13.2468,11.9325,14.8707,7.9853,14.532,12.316,12.6779
860,"UZB","Uzbekistan",NA,NA,NA,NA,NA,NA,NA,NA,NA,NA,NA,NA,NA,NA,NA,NA,NA,NA,NA,NA,NA,NA,NA,NA,NA,NA,NA,NA,NA,NA,NA,12.4194,12.5153,12.0995,12.7415,11.4252,12.524,11.8067,12.757,11.1237,11.9078,12.7589,12.5535,14.2555,15.3205,15.3664,15.9728,16.1791,16.221,16.6512,16.797,17.2817,17.6314,18.144,18.3306,17.5545,16.1787,13.8728,15.8395,16.9565,17.7684
548,"VUT","Vanuatu",7.7575,7.6051,8.5678,9.001,6.4704,7.5172,8.9273,7.6063,8.1595,6.8533,7.5003,4.7774,5.6648,7.8277,7.0085,7.5381,8.8642,9.3001,9.0405,7.385,9.3011,7.7333,8.2078,9.6372,8.2477,8.6303,8.3493,7.3829,5.8747,8.3965,6.1539,6.0261,5.9419,5.8675,6.1143,6.2279,7.7782,8.1951,5.9307,5.2448,5.6322,4.7824,4.7624,5.0466,4.9795,4.9251,4.9566,4.9724,4.9854,7.3494,6.883,6.8795,7.5577,6.4072,5.8668,5.8463,6.8945,6.9047,6.9806,6.9658,6.8362
862,"VEN","Venezuela",1.4031,1.5674,1.5554,1.726,1.8984,1.9198,2.0751,2.0852,2.1547,2.3097,2.2585,2.1264,2.1999,2.3936,2.5771,2.208,2.9181,2.7388,2.8369,2.7881,2.6791,2.74,2.6862,2.7865,3.1559,3.6687,3.744,3.9694,3.8118,3.6166,3.9111,3.8712,3.9059,4.0496,4.2363,4.2194,4.4618,4.4382,4.5364,5.2168,5.4104,4.9844,5.7129,5.9778,5.9963,6.4713,6.46,6.3055,6.1526,6.2598,6.2327,5.8131,6.1987,5.9968,4.8165,4.4379,4.2775,3.7712,3.4851,4.6972,4.662
704,"VNM","Viet Nam",5.3136,5.6925,5.5996,5.6882,5.5501,5.0598,5.3776,4.9433,5.1508,5.779,5.913,6.0414,6.2168,6.171,5.7978,6.5775,6.0464,5.8301,6.6001,6.9045,7.2633,8.1875,8.375,8.8804,9.3053,9.5469,9.3114,10.2366,11.1882,11.2724,11.5285,12.085,12.647,13.0681,14.0886,14.5413,14.7151,15.0809,15.4759,15.2593,14.163,15.3058,15.5468,15.8572,15.5225,15.7123,16.1501,16.7355,16.5849,16.3798,17.1651,18.091,18.2609,18.6136,16.7082,16.1432,16.1218,16.5509,16.0914,15.9192,16.2765
876,"WLF","Wallis and Futuna Islands",NA,NA,NA,NA,NA,NA,NA,NA,NA,NA,NA,NA,NA,NA,NA,NA,NA,NA,NA,NA,NA,NA,NA,NA,NA,NA,NA,NA,NA,NA,NA,NA,NA,NA,NA,NA,NA,NA,NA,NA,NA,NA,NA,NA,NA,NA,NA,NA,NA,NA,NA,NA,NA,NA,NA,NA,NA,NA,NA,NA,NA
732,"ESH","Western Sahara",NA,NA,NA,NA,NA,NA,NA,NA,NA,NA,NA,NA,NA,NA,NA,NA,NA,NA,NA,NA,NA,NA,NA,NA,NA,NA,NA,NA,NA,NA,NA,NA,NA,NA,NA,NA,NA,NA,NA,NA,NA,NA,NA,NA,NA,NA,NA,NA,NA,NA,NA,NA,NA,NA,NA,NA,NA,NA,NA,NA,NA
887,"YEM","Yemen",3.0387,3.1281,3.2167,3.189,3.2681,2.8886,2.8693,2.7862,2.8242,2.6661,3.0952,2.7999,3.1334,3.0318,3.8207,3.4445,2.9855,2.8316,3.4429,3.3387,3.4979,3.37,2.2791,2.3245,2.1765,3.0371,3.084,3.3919,3.6141,2.9744,2.1282,3.4942,3.0942,2.9409,3.0208,2.7,2.816,3.4195,3.1627,3.1775,3.463,3.0283,3.0284,2.4712,2.7355,3.2878,3.9239,3.4633,3.7385,4.3591,4.1258,4.2758,4.1297,4.0028,3.2127,2.9462,2.8019,2.612,3.2922,3.0783,2.925
894,"ZMB","Zambia",1.0933,1.0701,0.989,1.0926,1.1438,1.247,1.2314,1.1781,1.1991,1.0362,1.4156,1.7682,1.3664,1.5202,1.9618,2.1963,2.1406,1.9415,1.6286,1.6954,1.7245,1.3944,1.6471,1.6936,1.9145,2.0357,1.8017,2.8849,2.6586,1.8243,2.0375,1.2242,2.6436,1.9378,1.53,2.4157,2.0091,1.6322,2.2526,2.1545,1.9884,1.9827,2.5399,2.6883,2.8232,2.9212,2.9316,2.7082,3.3838,4.3167,4.5312,4.5661,4.1829,4.6484,3.965,4.3533,5.062,4.0357,3.607,4.7083,5.1664
716,"ZWE","Zimbabwe",2.597,2.6759,2.2896,2.4465,2.4833,2.7098,3.5576,2.5302,4.0743,3.0197,4.2254,4.8373,2.9117,4.841,4.3584,4.5446,4.2124,4.394,3.6072,4.185,5.6491,4.3068,3.0526,3.7552,6.0835,5.5572,3.7885,5.8925,5.0286,4.6518,4.2985,1.6436,4.2696,4.4575,2.5267,4.0735,3.5022,3.1918,3.4771,3.602,3.6981,2.2097,2.525,4.3,2.5829,3.1377,3.0395,2.1707,2.0507,2.4192,2.1596,2.5623,2.4363,2.1861,1.6188,1.4967,2.3853,2.8258,1.8813,2.6495,3.033
