"code","iso","country","PSU.raw.1965","PSU.raw.1966","PSU.raw.1967","PSU.raw.1968","PSU.raw.1969","PSU.raw.1970","PSU.raw.1971","PSU.raw.1972","PSU.raw.1973","PSU.raw.1974","PSU.raw.1975","PSU.raw.1976","PSU.raw.1977","PSU.raw.1978","PSU.raw.1979","PSU.raw.1980","PSU.raw.1981","PSU.raw.1982","PSU.raw.1983","PSU.raw.1984","PSU.raw.1985","PSU.raw.1986","PSU.raw.1987","PSU.raw.1988","PSU.raw.1989","PSU.raw.1990","PSU.raw.1991","PSU.raw.1992","PSU.raw.1993","PSU.raw.1994","PSU.raw.1995","PSU.raw.1996","PSU.raw.1997","PSU.raw.1998","PSU.raw.1999","PSU.raw.2000","PSU.raw.2001","PSU.raw.2002","PSU.raw.2003","PSU.raw.2004","PSU.raw.2005","PSU.raw.2006","PSU.raw.2007","PSU.raw.2008","PSU.raw.2009","PSU.raw.2010","PSU.raw.2011","PSU.raw.2012","PSU.raw.2013","PSU.raw.2014","PSU.raw.2015","PSU.raw.2016","PSU.raw.2017","PSU.raw.2018","PSU.raw.2019","PSU.raw.2020","PSU.raw.2021"
4,"AFG","Afghanistan",0,0,0,0,0,0,0.00985999999999998,0.00985999999999998,0.00985999999999998,0.00985999999999998,0.00985999999999998,0,0.02632,0.03356,0.03908,0.03908,0.0633400000000001,0.07964,0.17092,0.24412,0.3187,0.3074,0.37564,0.27712,0.1984,0.12382,0.11086,0,0,0,0,0,0,0,0,0.01446,0.01446,0.01446,0.01446,0.01446,0,0,0,0,0,0,0,0,0,0,0,0,0,0.02202,0.02202,0.02202,0.02202
8,"ALB","Albania",8.07366,8.12122,8.48982,10.12838,11.94626,13.43988,15.0533,16.49198,16.56798,16.86248,17.13668,17.02588,16.63766,16.74664,16.12908,15.38434,13.56886,14.733,14.90244,14.59994,14.31518,15.6646,15.4712,15.91292,17.01482,18.4995,18.15286,16.63132,14.10126,12.43816,10.3388,10.06684,9.49058,10.48912,10.6694,10.97412,11.42952,12.84004,13.86982,15.05816,16.48404,17.0363,16.7027,15.83584,14.93184,13.8935,13.74722,13.66118,13.94386,14.35862,14.86264,15.6171,15.94782,15.28444,14.76248,14.30808,13.08288
12,"DZA","Algeria",0.12262,0.13118,0.16888,0.1832,0.31448,0.62434,1.11674,1.75588,2.46914,2.8964,3.00276,3.01432,3.03308,2.97072,3.04948,3.58056,3.50848,3.2884,3.2481,3.39506,3.51882,3.7848,4.18154,4.03746,3.50344,2.60434,1.7875,0.91524,0.58882,0.56388,0.39192,0.39192,0.57992,0.4255,0.188,0.29366,0.30668,0.13394,0.13394,0.13394,0.02828,0.01526,0,0,0,0,0,0,0,0.19328,0.19468,0.19468,0.19468,0.19468,0.00140000000000002,0,0
20,"AND","Andorra",NA,NA,NA,NA,NA,NA,NA,NA,NA,NA,NA,NA,NA,NA,NA,NA,NA,NA,NA,NA,NA,NA,NA,NA,NA,NA,NA,NA,NA,NA,NA,NA,NA,NA,NA,NA,NA,NA,NA,NA,NA,NA,NA,NA,NA,NA,NA,NA,NA,NA,NA,NA,NA,NA,NA,NA,NA
24,"AGO","Angola",0,0,0,0,0,0,0.00655999999999999,0.00886,0.00886,0.00886,0.00886,0.00230000000000001,0.17358,0.28572,0.33404,0.44416,0.615,0.53972,0.58404,0.66458,0.81612,0.80452,0.84402,0.93986,1.11796,1.0839,1.04742,1.04078,0.92894,0.77222,0.65526,0.59488,0.54304,0.42422,0.31318,0.21142,0.14904,0.06972,0.04808,0.00888,0,0,0,0,0,0,0.0912800000000001,0.2882,0.2882,0.29942,0.29942,0.20814,0.03034,0.03034,0.01912,0.01912,0.01912
660,"AIA","Anguilla",NA,NA,NA,NA,NA,NA,NA,NA,NA,NA,NA,NA,NA,NA,NA,NA,NA,NA,NA,NA,NA,NA,NA,NA,NA,NA,NA,NA,NA,NA,NA,NA,NA,NA,NA,NA,NA,NA,NA,NA,NA,NA,NA,NA,NA,NA,NA,NA,NA,NA,NA,NA,NA,NA,NA,NA,NA
28,"ATG","Antigua and Barbuda",0,0.22684,0.813,1.89708,2.71226,3.50784,3.29476,3.96058,4.1216,4.34322,4.49276,5.45696,5.29088,5.34062,5.90116,6.72658,7.35556,7.92446,8.3857,8.9479,9.36848,9.98516,10.53966,11.01274,10.97628,10.86278,11.09404,11.3505,11.5942,11.94882,12.36156,12.07462,11.81928,11.61232,11.74682,11.53922,11.73566,11.89806,12.31706,12.0796,12.12884,12.0799,11.69102,11.06592,10.89422,10.22726,9.71312,9.56122,9.30676,8.8967,9.00868,8.95406,8.93842,8.93618,9.15132,9.55232,9.8607
32,"ARG","Argentina",0,0,0,0,0,0,0,0,0,0,0,0,0,0,0,0,0,0,0,0,0,0,0,0,0,0,0,0,0,0,0,0,0,0,0,0,0,0,0,0,0,0,0,0,0,0,0,0,0,0,0,0,0,0,0,0,0
51,"ARM","Armenia",NA,NA,NA,NA,NA,NA,NA,NA,NA,NA,NA,NA,NA,NA,NA,NA,NA,NA,NA,NA,NA,NA,NA,NA,NA,NA,NA,3.9535,2.9387,2.5593,2.231525,1.83356,1.10868,0.7239,0.3638,0.11416,0.06582,0,0,0,0,0,0,0,0,0,0,0,0,0,0,0,0,0,0,0,0
533,"ABW","Aruba",NA,NA,NA,NA,NA,NA,NA,NA,NA,NA,NA,NA,NA,NA,NA,NA,NA,NA,NA,NA,NA,NA,NA,NA,NA,NA,NA,NA,NA,NA,NA,NA,NA,NA,NA,NA,NA,NA,NA,NA,NA,NA,NA,NA,NA,NA,NA,NA,NA,NA,NA,NA,NA,NA,NA,NA,NA
36,"AUS","Australia",12.02028,12.4432,13.09888,13.12904,12.63668,11.6942,11.71504,12.64304,14.62278,14.1024,13.58804,13.45158,12.7627,11.00738,11.69174,12.46796,11.8873,11.06548,10.02458,8.86876,7.60728,6.95702,6.96,7.59356,8.14312,8.08674,8.1756,8.15486,7.87078,8.08466,9.68594,10.25876,10.07606,10.17914,9.63396,8.4352,8.19912,7.84886,8.10774,7.96808,7.71202,7.14452,7.71674,6.95168,6.03848,5.6275,5.02238,3.34284,2.58114,2.7473,2.67168,2.8725,2.92476,3.13902,3.56956,4.00364,3.79456
40,"AUT","Austria",36.34332,37.57444,38.96336,38.53388,39.41452,38.868,39.36288,38.63818,39.092,36.53232,34.57396,32.39272,31.15674,29.60154,30.45142,31.17552,31.23182,30.20476,30.55378,30.13148,29.98072,29.38926,29.17968,27.73258,25.96958,24.812,24.17124,23.76698,23.3783,22.87048,21.6971,21.03838,20.17026,19.32788,18.69516,18.39454,17.45892,16.76696,16.12656,15.05716,13.92488,13.28736,12.69106,11.26542,10.23242,9.92202,9.29082,9.00122,9.65712,10.2146,10.31118,10.1921,9.94062,9.61452,9.62936,9.30908,9.06094
31,"AZE","Azerbaijan",NA,NA,NA,NA,NA,NA,NA,NA,NA,NA,NA,NA,NA,NA,NA,NA,NA,NA,NA,NA,NA,NA,NA,NA,NA,NA,NA,0.8371,0.55415,0.369433333333333,0.277075,0.22166,0.0542399999999999,0,0,0,0,0,0,0,0,0,0,0,0,0,0,0,0,0,0,0,0,0,0,0,0
44,"BHS","Bahamas",15.87712,16.20562,17.42792,18.94718,20.3078,21.74718,23.7512,25.00004,26.62422,27.4094,27.07074,28.05218,29.79818,28.54102,27.86874,27.30428,25.98926,25.53466,28.43322,29.7339,29.02626,27.10292,23.46146,18.7493,16.12362,16.23064,15.84942,15.56548,15.05798,14.24414,15.01046,17.15296,18.39474,21.76954,22.63156,21.4797,20.37126,20.23894,18.8104,20.16136,22.11338,23.08664,23.813,24.04496,24.34216,23.6741,22.6966,21.76906,20.93034,19.56408,20.05558,21.04418,22.35038,22.62644,23.51702,21.87422,20.05426
48,"BHR","Bahrain",0,0,0,0,0,0,0,0,0,0,0,0,0,0,0,0,0.40614,1.16876,2.9258,4.60546,6.80622,10.5404,10.84508,10.19562,10.54684,11.13242,10.24958,12.39954,14.48372,15.54568,15.71734,15.4077,15.16604,16.24042,15.11126,13.85654,12.3843,10.58122,7.52442,6.75858,6.37326,5.84888,6.56442,6.28314,5.9397,5.79868,6.34726,6.37618,7.6565,9.01554,9.98154,12.06468,12.90032,13.29466,14.80254,15.05964,13.87956
50,"BGD","Bangladesh",0,0,0,0,0,0,0,0,0,0,0,0,0,0.09978,0.39054,0.39282,0.40826,0.44912,0.673660000000001,0.6345,0.64276,0.8176,1.21726,1.42562,1.78954,2.56054,2.95798,3.11134,2.6,2.19304,1.59648,1.00876,0.41488,0.39354,0.27208,0.4284,0.94524,1.67118,1.99218,2.8559,3.3307,3.43332,2.70738,2.38638,1.43556,0.97762,2.08086,4.1769,6.4774,9.21672,11.93168,13.3961,14.17046,15.33284,16.5855,18.0311,21.85176
52,"BRB","Barbados",0,0,0,0,0.10608,0.10608,0.8011,0.8011,0.8011,1.15394,2.37516,7.01272,10.86248,15.75996,19.61242,22.27676,21.84828,23.53088,26.52764,29.32948,30.68782,31.87698,28.76618,23.50686,18.84782,15.8876,12.13396,11.82304,11.54274,11.52742,12.1496,12.28894,12.55998,12.97958,13.16894,12.6351,12.6164,11.8093,13.0407,12.74692,13.14302,16.79616,21.34734,21.21782,24.01378,32.2962,31.40108,34.5161,35.40388,35.50352,31.6561,38.21268,38.51664,42.5856,46.23962,48.11672,45.4104
112,"BLR","Belarus",NA,NA,NA,NA,NA,NA,NA,NA,NA,NA,NA,NA,NA,NA,NA,NA,NA,NA,NA,NA,NA,NA,NA,NA,NA,NA,NA,23.2604,20.54615,15.9101,13.519725,12.55528,9.67118,8.02088,7.86044,8.06118,7.50008,6.97504,6.41228,6.72702,7.30206,8.83416,10.4139,11.79636,13.52998,14.90118,16.37442,16.6218,16.92916,15.6777,14.2276,11.34696,9.42632,8.13082,7.502,6.8805,6.94176
56,"BEL","Belgium",NA,NA,NA,NA,NA,NA,NA,NA,NA,NA,NA,NA,NA,NA,NA,NA,NA,NA,NA,NA,NA,NA,NA,NA,NA,NA,NA,NA,NA,NA,NA,NA,NA,NA,NA,39.7891,40.51575,39.7610333333333,38.941675,38.4055,37.9331,37.20024,36.67868,34.16186,31.75282,29.56892,27.22802,25.62608,26.027,25.55842,24.96882,24.80424,23.30924,23.08612,23.12498,23.0706,22.53428
84,"BLZ","Belize",3.60774,4.65168,4.99888,4.99018,6.35986,6.87868,5.6262,4.74552,5.52168,4.97372,4.85334,5.13538,4.66138,2.64876,1.8316,0.48944,0.15522,0.15522,0.15522,0.15066,0.0390600000000001,1.09892,2.0887,2.7981,3.31692,4.2817,4.43832,4.96774,6.05762,5.85254,6.33624,5.25,4.7196,4.22442,5.22158,4.12476,4.81032,10.87952,12.04352,10.89284,10.50212,10.33048,3.27248,0.80438,1.00214,1.00214,7.89266,8.94492,13.65276,16.8288,23.63304,24.07192,28.8298,31.47002,37.00348,37.02812,35.73136
204,"BEN","Benin",0,0,0,0,0,0,0,0,0,0,0,0,0,0,0,0,0,0,0,0,0.06224,0.06224,0.1113,0.1113,0.1113,0.04906,0.04906,0,0,0,0,0,0,0,0,0,0,0,0,0,0,0,0,0,0,0,0,0,0,0,0,0,0,0,0,0,0
60,"BMU","Bermuda",NA,NA,NA,NA,NA,NA,NA,NA,NA,NA,NA,NA,NA,NA,NA,NA,NA,NA,NA,NA,NA,NA,NA,NA,NA,NA,NA,NA,NA,NA,NA,NA,NA,NA,NA,NA,NA,NA,NA,NA,NA,NA,NA,NA,NA,NA,NA,NA,NA,NA,NA,NA,NA,NA,NA,NA,NA
64,"BTN","Bhutan",0,0,0,0,0,0,0,0,0,0,0,0,0,0,0,0,0,0,0,0,0,0,0,0.1315,0.27396,0.32074,0.39916,0.41872,0.28722,0.14476,0.09798,0.01956,0,0,0,0.04448,0.04448,0.078,0.078,0.078,0.03352,0.03352,0,0,0,0,0,0,0,0,0,0,0,0.11588,0.38966,0.61766,1.04842
68,"BOL","Bolivia",0.54202,0.55386,0.56758,0.59776,0.6714,0.74292,0.80338,0.83708,0.83982,0.82032,0.8041,0.81408,0.89904,1.08236,1.17074,1.32062,1.50474,1.5395,1.88508,1.92568,1.86754,1.76904,1.7431,1.39894,1.57354,1.36664,1.09862,1.05852,0.8669,0.42796,0.38012,0.36856,0.17096,0.0515999999999998,0.0206,0.0206,0.0206,0,0,0,0,0,0.0493600000000001,0.0915000000000001,0.0915000000000001,0.2306,0.32708,0.27772,0.23558,0.23558,0.09648,0,0.0106199999999999,0.0106199999999999,0.0106199999999999,0.0106199999999999,0.0106199999999999
70,"BIH","Bosnia and Herzegovina",NA,NA,NA,NA,NA,NA,NA,NA,NA,NA,NA,NA,NA,NA,NA,NA,NA,NA,NA,NA,NA,NA,NA,NA,NA,NA,NA,5.3102,5.31685,5.36453333333333,5.240325,4.68504,4.02382,4.11926,3.83694,3.97874,4.4585,4.90592,4.80606,5.06198,5.08372,5.33754,5.88018,5.78162,5.50326,5.63246,5.65296,5.65748,5.90012,6.34368,6.25696,6.00006,5.81362,5.2938,4.91704,4.48456,4.00246
72,"BWA","Botswana",0.57988,0.62294,0.53506,0.60772,0.66786,0.85326,0.9181,1.06926,1.17324,1.194,1.22082,1.35712,1.5455,1.67196,1.8325,1.86822,1.94356,1.97164,1.86884,1.84242,1.75972,1.70384,1.59694,1.4445,1.3646,1.40618,1.57174,1.80402,1.90026,1.9123,1.91042,1.63996,1.47122,1.8035,2.11676,2.21984,2.74066,2.8485,2.84242,2.8694,3.14058,3.18068,3.60752,3.60798,3.55264,3.52686,3.19666,2.6836,2.55882,2.37184,2.588,2.5886,2.88234,2.8612,3.11558,2.6534,2.53466
76,"BRA","Brazil",2.79932,2.73284,2.84692,3.05116,3.2697,3.9516,4.73498,5.9987,6.94528,8.04996,9.00948,10.16616,10.88498,11.70096,12.46944,13.21702,12.53838,11.47872,10.1251,9.37664,7.94416,8.24072,8.5819,9.0801,8.55816,8.68166,8.36438,8.19388,8.70226,9.93356,10.198,10.63464,11.40112,11.58796,11.15568,12.2928,12.82888,13.23156,14.1417,16.18834,16.0511,16.2919,17.12472,16.60932,14.81,14.69126,15.1677,15.12354,16.36764,18.08232,18.5305,18.57512,18.13984,17.72694,17.013,19.00184,20.9069
92,"VGB","British Virgin Islands",NA,NA,NA,NA,NA,NA,NA,NA,NA,NA,NA,NA,NA,NA,NA,NA,NA,NA,NA,NA,NA,NA,NA,NA,NA,NA,NA,NA,NA,NA,NA,NA,NA,NA,NA,NA,NA,NA,NA,NA,NA,NA,NA,NA,NA,NA,NA,NA,NA,NA,NA,NA,NA,NA,NA,NA,NA
96,"BRN","Brunei Darussalam",8.11208,7.87194,7.61942,7.4489,7.70734,8.06062,8.99174,9.93574,10.71238,11.33014,11.99338,12.1896,13.36144,14.56478,16.04668,17.89614,19.15664,20.87548,21.39302,22.97368,24.76988,25.46782,25.83924,27.84322,27.14764,26.23116,26.40036,25.84014,25.27862,26.22084,26.70316,27.3607,29.12016,31.59134,36.34432,42.91696,49.68576,54.02464,59.14668,63.82898,65.61724,68.16774,75.5068,78.85602,78.7752,84.2777,84.18028,82.57466,84.79214,88.22994,87.17182,91.31918,92.10172,92.37382,91.86772,93.406,96.2889
100,"BGR","Bulgaria",10.65744,12.47436,15.43582,20.22082,23.03236,24.63572,26.28604,25.66206,23.95332,22.87712,23.57428,23.68142,26.24502,28.13802,30.9823,32.25164,35.75986,36.33372,37.0005,37.38546,37.7264,34.3418,32.11588,29.87524,26.88268,23.42208,19.29528,14.59098,9.96784,5.48974,2.27366,1.4209,0.93572,0.28544,0.28544,0.28544,0,0.19658,2.03012,2.03012,2.03012,2.35476,3.44002,1.96462,1.96462,1.96462,1.63998,0.76444,0.4063,0.4063,0.4063,0.76206,0.64804,1.46922,1.73042,2.67076,2.48234
854,"BFA","Burkina Faso",0,0,0,0,0,0,0,0,0,0,0,0,0,0,0,0,0,0,0,0,0,0,0,0,0,0,0,0,0,0,0,0,0,0,0,0.04912,0.04912,0.04912,0.04912,0.04912,0,0,0,0,0,0,0,0,0,0,0,0,0,0,0,0,0
108,"BDI","Burundi",0,0,0,0,0,0,0,0,0,0,0,0,0,0,0,0,0,0,0,0,0,0,0,0,0,0,0,0,0,0,0,0,0,0,0,0,0,0,0,0,0,0,0,0,0,0,0,0,0,0,0,0,0,0.10834,0.22908,0.40014,0.70768
132,"CPV","Cabo Verde",0,0,0,0.05684,0.18522,0.4554,0.78684,1.18916,1.62512,1.79942,1.76888,1.6013,1.47168,1.28778,1.26934,1.34122,1.82476,2.57938,3.0164,3.41564,4.15994,4.4036,4.2084,4.45576,4.87158,5.1722,6.23654,8.7048,10.9073,11.92834,14.39138,13.93578,12.81684,12.46214,13.0159,11.65642,12.048,11.815,10.7485,9.76684,8.962,8.5961,8.03126,7.50318,7.0701,6.63296,6.0581,5.61566,5.32148,5.08462,4.79936,4.83996,4.67354,4.55,4.3865,4.34272,4.23164
116,"KHM","Cambodia",0.1067,0.20726,0.32466,0.42514,0.73946,0.78192,1.0322,1.41872,2.11918,2.59584,3.00122,2.86072,2.4338,1.76904,1.19676,0.72978,0.8343,0.84838,0.91992,1.1172,1.41614,1.35912,1.5074,1.51448,1.33796,1.3063,1.32372,1.37112,1.60358,1.84626,1.86644,1.87414,1.8139,1.6708,1.48174,1.58262,1.7224,1.95128,1.98774,2.1778,2.21654,2.22322,1.97958,1.78734,1.53312,1.29624,0.99186,0.74802,0.59964,0.37072,0.18052,0.05548,0,0,0,0,0
120,"CMR","Cameroon",0,0,0,0,0,0,0,0,0,0,0,0,0,0,0,0,0,0,0,0,0.000200000000000022,0.0175,0.09404,0.09404,0.09404,0.09384,0.07654,0,0,0,0,0,0,0,0,0,0,0,0,0,0,0,0,0,0,0,0,0,0,0,0,0,0,0,0,0,0
124,"CAN","Canada",1.2981,1.22656,1.58228,1.71318,1.57434,1.57708,1.47546,1.3801,1.68634,2.21932,2.40874,2.65564,2.81952,2.87012,2.8942,3.04104,3.15464,3.0483,3.13676,3.20428,3.13584,2.88098,2.76452,2.69002,2.34508,1.92074,1.85722,1.85022,1.50696,1.3253,1.43262,1.50996,1.5419,1.46896,1.33514,1.11318,1.22756,1.4829,1.6502,1.63978,1.62602,1.33022,0.97966,0.60216,0.49566,0.50066,0.62616,0.45518,0.45518,0.70318,0.92796,0.6739,0.68446,1.02388,1.17234,1.1643,1.95328
136,"CYM","Cayman Islands",NA,NA,NA,NA,NA,NA,NA,NA,NA,NA,NA,NA,NA,NA,NA,NA,NA,NA,NA,NA,NA,NA,NA,NA,NA,NA,NA,NA,NA,NA,NA,NA,NA,NA,NA,NA,NA,NA,NA,NA,NA,NA,NA,NA,NA,NA,NA,NA,NA,NA,NA,NA,NA,NA,NA,NA,NA
140,"CAF","Central African Republic",0,0,0,0,0,0,0,0,0,0,0,0,0,0,0,0,0,0,0,0,0,0,0,0,0,0.02022,0.07064,0.12178,0.19312,0.2503,0.27846,0.25842,0.23262,0.20212,0.21208,0.234,0.26506,0.32696,0.40308,0.45802,0.50322,0.55526,0.57774,0.63928,0.69908,0.80496,0.89172,0.9474,0.94904,0.9752,0.98258,1.0161,1.06608,1.08448,1.07812,1.04734,1.01744
148,"TCD","Chad",0,0,0,0,0,0,0,0,0,0,0,0,0,0,0,0,0,0,0,0,0,0,0,0,0,0,0,0,0,0,0,0,0,0,0,0,0,0,0,0,0,0,0,0,0,0,0,0,0,0,0,0,0,0,0,0,0
152,"CHL","Chile",2.63134,3.05566,3.23944,3.61464,4.09026,4.53812,4.75012,4.84442,5.32748,5.55782,5.03432,4.67016,4.43796,3.83468,3.41028,3.75704,3.82444,3.90746,3.98508,4.14996,4.32106,4.98144,5.91138,6.70708,7.38696,8.07164,8.48468,9.24696,10.41672,11.66288,13.14384,15.02136,16.70006,18.1455,19.912,21.39744,22.39462,22.65576,23.44644,23.55406,23.00172,22.94966,24.35296,23.5035,21.98638,22.13754,21.582,20.23068,19.89588,21.19248,21.4905,21.37864,21.5673,21.88872,21.15936,21.21664,22.11186
156,"CHN","China",0,0.08202,0.08202,0.08202,0.08202,0.08202,0.11886,0.58206,1.23368,1.60162,2.03784,2.3106,2.59226,1.97076,2.15828,2.98162,3.87444,4.54978,6.1039,6.83306,6.29236,5.77636,6.07462,6.7125,7.72188,9.41912,12.0319,13.52622,13.587,14.85382,17.01902,17.63924,18.98968,21.36962,22.19288,21.94686,22.39432,23.12266,23.43414,24.43442,25.93572,27.46794,26.97482,26.92306,27.83218,29.19772,29.8216,31.65338,33.31058,33.30708,31.72526,30.37244,28.7084,26.67458,24.26296,22.52578,21.07276
170,"COL","Colombia",4.75698,4.80904,5.19222,5.13078,5.17,5.16434,5.29048,5.3671,5.81844,6.0887,5.978,5.87312,5.85356,5.37702,5.16484,5.28764,5.27516,5.4857,5.93882,6.3949,6.71768,7.33516,7.8609,8.4246,9.1109,10.01548,10.71376,10.81744,11.27152,11.2742,11.62202,12.36146,13.57398,14.4664,15.27868,15.93872,16.58898,17.72592,18.65436,20.4198,22.00694,23.59984,23.99556,24.34972,24.78056,26.18022,27.15344,29.52788,31.21992,32.59312,31.9093,31.52104,30.06472,28.08442,25.51024,24.55588,23.44822
174,"COM","Comoros",0,0,0,0,0,0,0,0,0,0,0,0,0,0,0,0,0,0,0,0,0,0,0,0,0,0,0,0,0,0,0,0,0,0,0,0,0,0,0,0,0,0,0,0,0,0,0,0,0,0,0,0,0,0,0,0,0
184,"COK","Cook Islands",0.0428799999999999,0.0419599999999999,0.01336,0,0,0,0,0,0,0,0,0.52968,1.13044,1.81786,2.18042,2.70046,2.46222,2.1573,2.17684,2.27574,2.22582,2.48552,3.10518,2.6779,2.8179,3.24654,3.37558,3.55432,4.8539,6.27532,7.66408,10.05412,12.16956,14.03422,15.62386,16.63422,16.3305,16.63784,18.13514,20.2965,23.21214,26.6803,29.25944,31.41574,33.2241,34.6631,36.53888,38.50424,39.45708,39.83654,40.79484,40.44348,39.89084,39.54976,38.87204,37.74592,36.80212
188,"CRI","Costa Rica",6.06686,5.25366,4.91038,4.80884,4.88268,5.18038,7.12412,7.91848,9.25748,10.3147,11.84132,11.00694,10.86582,10.2046,10.2444,9.62936,9.49374,9.9915,10.39478,10.98798,10.7268,11.14112,10.4582,10.76322,10.3909,11.07416,11.55198,12.69572,13.08988,15.08806,15.8389,17.9167,20.53242,23.61824,24.87644,26.83992,25.66226,24.68274,23.46562,22.05912,20.9112,21.54616,21.69628,20.53134,19.5872,18.57992,18.6257,17.9262,17.46062,18.2855,18.91748,16.46004,16.50718,17.30068,16.27428,15.4838,16.8288
384,"CIV","Cote d'Ivoire",0,0,0,0,0,0,0,0,0,0,0,0,0,0,0,0,0,0,0,0,0,0,0,0,0,0,0,0,0,0,0,0,0,0,0,0,0,0,0,0,0,0,0,0,0,0,0,0,0,0,0,0,0,0,0,0,0
191,"HRV","Croatia",NA,NA,NA,NA,NA,NA,NA,NA,NA,NA,NA,NA,NA,NA,NA,NA,NA,NA,NA,NA,NA,NA,NA,NA,NA,NA,NA,12.6808,12.49775,12.6287,11.6971,11.80566,11.95558,10.698,9.91934,11.28246,10.97788,9.9032,12.3302,12.94942,13.76438,15.42232,17.93154,17.5899,16.1458,15.32272,14.47166,11.58696,8.86176,9.16154,6.68784,3.73756,3.40734,3.41568,2.35766,1.9261,2.66144
192,"CUB","Cuba",11.03574,14.56194,16.80682,17.71132,18.45456,17.09312,14.32228,11.41448,8.6608,6.10654,5.48138,4.9823,4.83918,4.67906,4.1812,4.2324,4.68352,5.073,5.53094,6.0619,6.0391,5.94726,6.0116,5.99494,5.72598,5.46774,4.82786,3.59194,2.77828,2.02438,1.92786,1.76436,2.15788,1.90266,1.9221,1.24114,1.00038,0.60686,0.51558,0.33722,0.29816,0.51804,0.79336,1.21006,1.32114,1.59718,1.44798,1.48852,1.36334,1.48544,1.57794,1.53606,1.39628,1.32622,1.18732,0.74234,0.76548
531,"CUW","Curacao",NA,NA,NA,NA,NA,NA,NA,NA,NA,NA,NA,NA,NA,NA,NA,NA,NA,NA,NA,NA,NA,NA,NA,NA,NA,NA,NA,NA,NA,NA,NA,NA,NA,NA,NA,NA,NA,NA,NA,NA,NA,NA,NA,NA,NA,NA,NA,NA,NA,NA,NA,NA,NA,NA,NA,NA,NA
196,"CYP","Cyprus",6.0206,5.92074,5.30978,6.38226,7.01774,7.8132,8.33846,9.50954,10.27002,9.68912,10.88746,12.82882,13.91708,14.5264,17.0162,16.49094,15.39076,15.30424,15.36238,15.5637,16.83606,18.3329,19.61034,20.45544,21.84654,22.8591,24.00814,25.408,26.67802,28.70728,30.55068,32.00134,32.66582,32.9459,31.72632,29.39826,27.26684,25.7654,23.97326,22.36306,21.62756,21.16792,20.69672,21.60064,22.26488,23.62066,23.3284,23.17508,23.33334,23.72154,23.2219,25.63616,26.4958,26.22076,26.33226,26.99546,25.5089
203,"CZE","Czech Republic",NA,NA,NA,NA,NA,NA,NA,NA,NA,NA,NA,NA,NA,NA,NA,NA,NA,NA,NA,NA,NA,NA,NA,NA,NA,NA,NA,NA,8.7248,7.0139,7.01713333333333,6.7281,6.40298,5.72,5.13084,4.47442,4.04234,3.83442,3.98456,3.60754,3.26,3.21816,3.16496,1.95284,1.85842,1.45766,0.75938,0.0322199999999999,0.0322199999999999,0.0322199999999999,0.0322199999999999,0.0322199999999999,0.26076,0.44068,0.62158,0.62158,0.62158
180,"COD","Dem. Rep. Congo",0,0,0,0,0,0,0,0,0,0,0,0,0,0,0,0,0,0,0,0,0,0,0,0,0,0,0,0,0,0,0,0,0,0,0,0,0,0,0,0,0,0,0,0,0,0,0,0,0,0,0,0,0,0,0,0,0
208,"DNK","Denmark",26.97854,27.40532,27.6526,27.55452,27.4269,27.06732,26.63442,26.93836,27.86044,27.25698,27.21812,27.4801,27.19086,26.4956,27.20136,26.82348,25.8093,24.78974,24.45518,22.71958,21.43208,20.45196,19.56202,17.55756,16.83954,15.5748,14.29338,13.65426,12.80814,12.42506,12.27796,12.28244,11.42918,11.27562,10.8255,10.5022,10.24694,10.38742,10.31844,10.44626,10.65312,10.76128,10.91338,10.42244,9.21074,8.64598,7.9718,6.73206,6.48718,6.77388,6.77986,6.98112,7.43074,8.57886,8.71502,8.93862,8.9994
262,"DJI","Djibouti",76.40622,77.3728,78.38952,79.56096,80.83102,82.27666,83.63324,84.86168,85.69972,86.63072,87.85036,89.04772,90.86584,93.01906,97.45856,94.75494,85.92614,75.94596,66.93358,55.64672,51.9963,54.28206,57.67784,60.96888,64.77822,65.9743,62.91586,58.98766,54.1362,48.6933,44.8652,45.6862,46.83974,47.6963,48.75518,49.51432,49.9011,50.0072,50.12938,49.35372,48.98226,47.29182,44.79258,43.2494,41.66652,39.04182,36.39034,34.31858,31.38756,29.01862,27.48436,27.33904,25.95764,23.1761,18.77042,13.6051,8.05678
212,"DMA","Dominica",33.69732,32.63014,32.03002,31.45174,30.86094,30.45374,30.49254,30.49844,30.4426,30.40484,30.29374,30.13822,30.44174,29.25142,24.68816,22.06978,19.379,13.78232,12.16194,14.66614,15.8232,17.05558,20.77202,22.23556,24.14724,22.32604,24.41532,26.47268,28.37366,29.22484,32.44998,30.67316,29.47266,28.41062,26.5455,24.952,24.33442,19.32864,14.85836,11.28128,8.7982,5.4463,8.0638,7.0189,6.04252,4.42604,4.77596,2.3824,3.0887,3.48234,4.2532,3.77928,3.33708,3.11184,3.5813,2.963,2.81348
214,"DOM","Dominican Republic",0.1889,0.16426,0.1829,0.2726,0.3742,0.60734,1.2267,2.09442,2.76822,4.1792,5.19886,5.6993,5.26624,5.20632,4.52144,3.39344,2.44144,2.31874,1.59708,1.24012,1.55488,2.11774,2.61166,3.36692,3.81516,4.24258,4.66664,5.04154,5.40428,5.96472,6.33016,6.3942,6.5498,6.79032,6.43222,5.6699,4.45114,3.4431,2.34922,1.86362,1.78458,2.43812,3.05694,4.52844,4.67902,5.52504,6.03628,5.91302,5.00412,4.35172,2.97044,2.09754,1.37526,1.36908,1.23518,1.23518,0.9433
218,"ECU","Ecuador",0.95054,1.06754,1.37084,1.76616,2.24544,2.56996,2.80338,3.0389,3.25506,3.35564,3.64926,4.1499,4.39086,5.0289,5.9226,6.46082,6.83556,7.31152,7.2017,7.10622,6.8204,6.30738,5.41718,4.76282,3.8862,3.32738,3.29034,3.7186,4.12246,4.46158,4.90222,5.14662,5.43594,5.7131,5.85384,6.2185,7.54748,7.62978,7.80098,8.32018,8.38736,7.54762,7.35654,6.52184,6.06902,6.07344,6.02678,5.81674,6.53212,7.26706,7.18622,7.22274,7.9056,8.60876,8.65996,9.16726,9.46968
818,"EGY","Egypt",0,0,0,0,0,0,0,0,0,0,0,0,0,0,0,0,0.00194000000000045,1.25512,2.97914,5.50636,8.37154,10.6051,11.75608,12.02794,10.7138,9.13652,6.90102,4.49686,2.50098,1.2879,0,0,0,0,0,0,0,0,0,0,0,0.0715600000000002,0.0715600000000002,0.0715600000000002,0.0715600000000002,0.0715600000000002,0,0,0.66396,0.7365,2.54288,2.54288,2.65392,1.98996,2.4611,0.654719999999999,0.654719999999999
222,"SLV","El Salvador",2.84438,3.62642,4.80968,5.90594,6.63218,7.22634,6.981,7.39946,9.02612,10.27782,10.7219,11.23486,11.44584,9.94662,8.48534,7.78888,8.1237,6.99864,6.98614,6.31886,7.3068,6.79444,8.542,9.00774,9.85762,9.60972,9.93278,8.4758,7.36408,6.9166,6.75952,6.8253,6.2954,6.11572,5.51658,4.83518,3.52282,3.64156,3.47558,3.52354,4.23012,4.38888,4.48996,3.62394,3.19124,3.15218,4.05618,4.42476,5.56282,5.45562,4.8546,3.68234,3.04768,3.12148,3.51434,3.23674,3.38414
226,"GNQ","Equatorial Guinea",0,0.00167999999999999,0.12732,0.12732,0.17246,0.22622,0.37708,0.50098,0.72722,0.8923,1.07348,1.18046,1.1808,1.19176,1.20384,1.1587,1.0541,0.97088,0.88502,0.79582,0.73088,0.67982,0.57798,0.47754,0.39792,0.28332,0.19594,0.14934,0.11602,0.06334,0.05308,0.0366,0.01838,0.000800000000000001,0,0,0,0,0,0,0,0,0,0,0,0,0,0,0,0,0,0,0,0,0,0,0
232,"ERI","Eritrea",NA,NA,NA,NA,NA,NA,NA,NA,NA,NA,NA,NA,NA,NA,NA,NA,NA,NA,NA,NA,NA,NA,NA,NA,NA,NA,NA,NA,0,0,0,0.30675,0.42854,0.42854,1.04972,1.87684,1.76194,1.78464,1.8609,1.32792,0.5008,0.3703,0.16446,0.39802,0.46162,0.50088,0.50088,0.50088,0.19106,0.03926,0,0,0,0,0,0,0
233,"EST","Estonia",NA,NA,NA,NA,NA,NA,NA,NA,NA,NA,NA,NA,NA,NA,NA,NA,NA,NA,NA,NA,NA,NA,NA,NA,NA,NA,NA,15.6219,12.14245,10.0991,8.979375,7.95028,5.58578,4.67484,4.36318,4.01092,4.1968,4.4202,4.96884,5.50366,5.70478,5.7834,5.37296,4.96688,4.09632,3.98886,3.79198,3.95958,3.88138,3.90614,3.1545,3.05188,2.78982,2.89222,2.6658,3.09668,3.0034
748,"SWZ","Eswatini",1.92542,1.90382,1.77776,1.43088,1.1675,0.82844,0.7957,0.62384,1.5885,1.5885,1.5054,2.1188,2.73394,2.81828,3.78638,5.52406,6.65342,6.48386,7.00346,6.03536,4.29768,2.1808,1.5686,0,0,0,0,0,0,0,0,0,0,0,0,0,0,0,0,0,0,0,0,0,0,0,0,0,0,0,0,0,0,0,0,0,0
231,"ETH","Ethiopia",NA,NA,NA,NA,NA,NA,NA,NA,NA,NA,NA,NA,NA,NA,NA,NA,NA,NA,NA,NA,NA,NA,NA,NA,NA,NA,NA,NA,0.2907,0.95355,1.1241,1.063525,0.88202,1.1198,1.00174,0.84128,0.7177,0.78288,0.48696,0.3016,0.16902,0.11624,0.0421200000000002,0.0421200000000002,0.0222600000000002,0.0222600000000002,0.0222600000000002,0.10374,0.10374,0.10374,0.10374,0.10374,0,0,0,0,0.1544
234,"FRO","Faeroe Islands",734.03706,723.47404,707.67118,704.18642,701.0059,699.1444,692.8068,688.1567,680.37026,671.00432,658.30954,651.15128,645.08494,635.13652,626.27854,622.51758,617.3865,613.5134,618.28432,622.74522,619.14662,614.0477,610.1208,604.61278,600.40662,601.22866,602.86782,603.18438,607.65328,617.68374,628.48396,636.81886,645.69466,647.19028,644.54238,643.72146,646.90498,650.1631,656.33432,659.61488,654.83206,646.14098,637.2075,625.5781,617.04644,612.44548,609.76204,606.05978,606.18238,605.87706,607.22734,604.40578,602.34296,596.57562,590.69932,614.4667,642.97582
238,"FLK","Falkland Islands",NA,NA,NA,NA,NA,NA,NA,NA,NA,NA,NA,NA,NA,NA,NA,NA,NA,NA,NA,NA,NA,NA,NA,NA,NA,NA,NA,NA,NA,NA,NA,NA,NA,NA,NA,NA,NA,NA,NA,NA,NA,NA,NA,NA,NA,NA,NA,NA,NA,NA,NA,NA,NA,NA,NA,NA,NA
242,"FJI","Fiji",0,0,0,0,0,0,0,0,0,0.0241199999999999,0.29202,0.29202,0.29202,0.29202,0.3881,0.61056,0.8697,0.8697,1.00724,0.88704,0.71946,2.29276,4.97902,8.26504,8.3433,8.12112,6.32488,3.77134,0.76114,1.11684,1.46496,2.31398,3.17634,3.80588,3.65662,3.52774,3.09578,2.86762,1.82472,1.54002,1.22018,0.76692,0,0,0,0.78972,1.21044,2.18974,3.27682,4.7539,4.56248,5.90366,7.0694,7.32412,6.66094,7.25438,6.97278
246,"FIN","Finland",24.34474,25.26596,26.5024,27.73864,28.92252,30.53732,32.15426,33.67954,35.59544,36.95882,36.78576,35.18594,33.87472,32.03652,30.15168,29.6386,30.54644,31.20806,31.47464,31.60212,31.61726,31.55462,31.74506,31.19472,30.60074,28.85956,26.02128,22.7628,19.9839,17.58402,16.16662,15.14646,13.90914,13.19042,12.24252,11.08126,10.68886,10.15062,9.34678,8.72872,8.31544,7.82146,7.35884,6.39762,5.47596,5.06796,4.34658,3.85328,3.87476,3.78342,3.4469,3.42934,3.51052,3.7999,3.74736,3.87854,4.23996
250,"FRA","France",24.8576,26.39784,28.3279,30.40634,32.52252,35.26452,37.88772,40.46608,42.84398,42.9696,42.45264,42.15764,41.2533,40.1866,41.16988,41.11092,39.94434,38.5135,37.27284,34.87274,33.03742,31.60504,30.04514,28.2919,27.6297,26.7787,25.36682,23.52776,21.6245,19.76054,18.52488,17.57852,17.38682,16.79764,15.95262,14.60312,13.66812,12.27218,11.72754,10.4244,9.48984,8.35644,8.27012,5.9118,4.40926,3.50196,2.38794,1.2785,2.02238,2.28868,2.152,2.7321,2.44712,2.35712,2.3646,3.03454,2.43198
258,"PYF","French Polynesia",0,0,0,0,0,0,0,0,0,0,0,0,0,0,0,0,0,0,0,1.20996,1.20996,1.20996,1.20996,1.20996,0.0209400000000002,0.0209400000000002,0.20868,0.8384,1.57204,2.29864,2.88098,3.31162,3.20364,3.55712,3.55894,3.429,3.24252,2.8021,1.71498,1.19342,0.74102,0.30912,0.2278,0.2278,0.0625999999999998,0.0625999999999998,0.0625999999999998,0.0625999999999998,0.0625999999999998,0,0,0,0,0,0,0,0
266,"GAB","Gabon",0.79402,0.78462,0.77448,0.7462,0.7246,0.69318,0.66456,0.64668,0.63888,0.62568,0.62194,0.6356,0.62938,0.59118,0.52468,0.4456,0.35656,0.2563,0.21062,0.28508,0.40442,0.42192,0.4514,0.41912,0.33488,0.2959,0.29036,0.32864,0.42692,0.45672,0.34358,0.33344,0.36022,0.36384,0.381,0.44748,0.48314,0.45752,0.42492,0.43254,0.45116,0.46644,0.4737,0.47472,0.44472,0.35908,0.28686,0.32872,0.34822,0.43486,0.6914,1.22634,2.04128,2.55628,2.91502,2.93762,2.8095
270,"GMB","Gambia",0,0,0,0,0,0,0,0,0,0,0,0.0357199999999999,0.0937799999999999,0.37172,0.81264,0.99632,0.9606,0.90254,0.6246,0.18368,0,0,0,0,0,0,0,0,0,0,0,0,0,0,0,0,0,0,0,0,0,0,0,0,0,0,0,0,0,0,0,0,0,0.02696,0.02696,0.02696,0.02696
268,"GEO","Georgia",NA,NA,NA,NA,NA,NA,NA,NA,NA,NA,NA,NA,NA,NA,NA,NA,NA,NA,NA,NA,NA,NA,NA,NA,NA,NA,NA,4.6777,3.4262,2.81973333333333,2.47175,2.22264,1.326,1.10346,0.78958,0.8215,0.64726,0.72458,0.51218,0.5047,0.18722,0.49374,0.41126,0.41126,0.41126,0.56454,0.18702,0.45508,1.13166,2.1308,2.60978,3.3138,3.73376,3.51204,3.17792,3.612,3.82238
276,"DEU","Germany",40.0087,41.6887,43.01792,44.17328,45.24738,46.63498,47.94202,49.23522,50.32432,50.55834,49.678,49.69366,49.44466,49.25252,49.4272,49.47186,48.25938,46.68816,45.39386,43.52498,42.2788,41.45898,41.16672,40.20012,39.31862,36.13458,32.34704,28.3424,23.872,19.91662,17.64292,16.08458,14.59148,13.69996,12.65862,11.73818,10.33154,9.69674,9.15288,7.67218,6.89174,6.67396,6.47724,4.92674,4.54072,4.67996,4.75036,4.38094,5.25998,5.58562,5.45584,5.15188,4.5892,4.68492,5.01708,4.62586,3.95606
288,"GHA","Ghana",0,0,0,0,0,0,0,0,0,0,0,0,0,0,0,0,0,0,0,0,0,0,0,0,0,0,0,0,0,0,0,0,0,0,0,0,0,0,0,0,0,0,0,0,0,0,0,0,0,0,0,0,0,0,0,0,0
300,"GRC","Greece",7.97656,8.76314,8.76356,9.52246,9.72532,9.95422,10.2033,10.52014,10.88172,11.39466,12.1883,13.19652,14.37842,15.15742,15.68382,15.10996,14.36156,13.37006,12.73844,12.16462,12.75748,13.08986,13.10902,12.61756,12.15596,12.43154,11.84122,11.76518,10.58034,9.19954,7.0454,6.18536,4.84512,4.2738,4.02502,3.3757,2.49588,1.67746,1.7218,1.26568,0.98094,0.67432,0.66436,0.10012,0.04238,0.04238,0.04238,0,0,0,0,0,0,0,0,0,0
304,"GRL","Greenland",NA,NA,NA,NA,NA,NA,NA,NA,NA,NA,NA,NA,NA,NA,NA,NA,NA,NA,NA,NA,NA,NA,NA,NA,NA,NA,NA,NA,NA,NA,NA,NA,NA,NA,NA,NA,NA,NA,NA,NA,NA,NA,NA,NA,NA,NA,NA,NA,NA,NA,NA,NA,NA,NA,NA,NA,NA
308,"GRD","Grenada",0.00624000000000002,0,0,0,0,0.00329999999999995,0.0276999999999999,0.12522,0.27348,0.50244,0.67212,0.75046,0.75042,0.61966,0.4307,0.33006,0.24046,0.21664,0.28486,0.25754,0.26948,0.36602,0.29236,0.27626,0.36174,0.3632,0.37058,0.5158,0.5666,0.64914,0.83798,1.05746,1.2447,1.46586,1.68086,1.5616,1.44214,1.34148,1.04412,0.66862,0.74836,0.82626,0.91058,1.30736,1.55514,1.69746,1.76196,2.01066,2.1115,2.18576,2.21096,2.16788,1.84068,1.67034,1.8947,2.11314,2.7641
320,"GTM","Guatemala",0.77916,0.87936,1.11132,1.3764,1.56708,1.99016,2.07238,2.13136,1.76362,1.61746,1.41832,1.77928,2.00328,2.41854,2.57524,2.58104,2.25132,1.56724,1.41982,1.69148,1.9768,2.37756,3.23106,3.83102,4.12314,4.36754,4.33932,4.66794,4.91804,5.3591,5.99914,6.55966,7.20558,7.48566,7.2162,7.20786,7.53314,7.41958,7.71386,8.6151,9.64382,9.79958,9.9896,9.1373,7.9886,7.33046,6.83588,6.59962,7.33868,8.07686,7.19398,6.63368,6.39722,5.88152,5.46994,6.48108,6.88158
831,"GGY","Guernsey",NA,NA,NA,NA,NA,NA,NA,NA,NA,NA,NA,NA,NA,NA,NA,NA,NA,NA,NA,NA,NA,NA,NA,NA,NA,NA,NA,NA,NA,NA,NA,NA,NA,NA,NA,NA,NA,NA,NA,NA,NA,NA,NA,NA,NA,NA,NA,NA,NA,NA,NA,NA,NA,NA,NA,NA,NA
324,"GIN","Guinea",0,0,0,0,0,0,0,0,0,0,0,0,0,0,0,0,0,0,0,0,0,0,0,0,0,0,0,0,0,0,0,0,0,0,0,0,0,0,0,0,0,0,0,0,0,0,0,0,0,0,0,0,0,0,0,0,0
624,"GNB","Guinea-Bissau",0.29056,0.3782,0.47468,0.5508,0.63124,0.6702,0.75296,0.82566,0.92728,0.98822,1.0082,0.96142,1.00716,1.0755,1.13626,1.23534,1.33942,1.34342,1.2934,1.17434,1.07968,0.98742,0.95428,0.88582,0.91942,0.89486,0.9002,0.8367,0.8008,0.76516,0.73436,0.70218,0.67866,0.65994,0.59522,0.59748,0.5704,0.54122,0.55276,0.5312,0.40934,0.29846,0.20526,0.0658,0,0.05048,0.16334,0.3023,0.39096,0.57748,0.69708,0.768,0.87366,0.98278,1.00968,1.05182,1.04722
328,"GUY","Guyana",0,0,0,0,0,0,0.05578,0.38692,1.02128,1.02128,1.22104,1.36094,1.0298,0.39544,0.65506,0.4553,0.42838,0.42838,0.42838,0.26624,0.37072,1.10748,1.18374,1.18374,1.08626,0.98178,0.0762599999999999,0,0,0,0,0,0,0,0,0,0,0,0,0,0,0,0.82652,1.25892,1.25892,1.25892,1.44904,1.13366,0.7788,1.19002,1.19002,1.46524,0.9541,0.87656,0.46534,0.46534,0
332,"HTI","Haiti",1.57438,1.63776,1.69366,1.78504,1.85536,1.92176,2.10312,2.36594,2.61056,2.79254,2.96134,3.03006,3.16188,3.31404,3.54292,3.3781,3.03628,2.27936,1.47818,0.6701,0.25606,0,0,0,0,0,0,0,0,0,0,0.09994,0.23946,0.59484,0.87962,1.3858,1.83058,2.19972,2.50054,2.79124,2.74482,2.61022,2.38276,2.03934,1.89286,1.87356,4.16588,8.84864,8.69478,8.60414,8.37532,5.88218,1.28768,1.58518,2.73612,3.15824,3.47788
336,"VAT","Holy See",NA,NA,NA,NA,NA,NA,NA,NA,NA,NA,NA,NA,NA,NA,NA,NA,NA,NA,NA,NA,NA,NA,NA,NA,NA,NA,NA,NA,NA,NA,NA,NA,NA,NA,NA,NA,NA,NA,NA,NA,NA,NA,NA,NA,NA,NA,NA,NA,NA,NA,NA,NA,NA,NA,NA,NA,NA
340,"HND","Honduras",1.76038,1.70378,1.7112,1.75758,1.86872,1.9155,2.01398,2.05894,1.99838,1.8725,1.88542,2.13614,2.144,2.26008,2.20686,2.149,1.74472,1.51508,1.22818,1.23516,1.10506,1.19586,1.3965,1.73742,1.84826,1.78964,1.89438,2.12474,2.20064,2.35702,2.5147,2.82544,3.21622,3.61406,4.52312,5.49038,5.80952,5.2221,4.80812,3.88,3.6418,3.89548,4.72926,5.16698,5.36172,5.33036,5.34898,5.1427,5.87024,6.98536,8.3658,8.8525,9.37692,9.67006,9.55332,9.40302,9.35964
344,"HKG","Hong Kong",43.23306,44.09486,43.35778,42.16406,43.47958,48.3367,57.13004,66.38136,70.53422,71.25596,73.08182,72.8952,75.85328,86.39972,100.42406,112.32424,120.37748,124.74656,126.4904,125.45116,123.17448,119.9093,117.18558,112.23,110.19292,107.1558,105.1641,99.86864,91.82126,81.61138,73.10022,66.92264,66.39106,69.10272,71.5576,74.60278,78.39178,78.42944,77.5653,77.69394,77.37112,78.42158,77.20822,77.39412,79.07148,82.82266,84.56224,90.0343,95.61796,99.0709,100.84724,102.88406,104.3873,105.64184,106.76216,112.85218,118.06536
348,"HUN","Hungary",9.90526,10.25176,11.30972,12.53684,13.19892,14.57138,16.66102,18.18874,20.03646,22.85648,25.9273,27.53494,29.65794,31.12082,32.54068,31.82336,32.4278,32.06998,32.26164,31.9117,30.9878,29.95346,28.9748,27.0106,24.7864,21.2244,15.83912,10.79756,6.36162,1.87648,0.32542,0.7941,0.92888,0.7177,0.79056,0.97642,0.50774,0.68426,1.48458,1.41172,1.1459,1.1459,1.38738,0.58706,0.58706,0.58706,0.58706,0.0474399999999999,0.0474399999999999,0.0474399999999999,0.0474399999999999,0.0474399999999999,0,0,0,0,0.11092
352,"ISL","Iceland",24.6266,25.9659,26.95884,28.2245,28.70352,29.14566,30.20636,31.01832,31.60374,32.38438,33.28904,33.70302,34.12622,34.46062,35.0877,34.73556,34.61996,34.87282,34.46548,33.60098,33.12658,32.18708,30.65406,29.15178,27.64538,26.82812,26.45596,25.6353,25.66784,25.447,25.16854,23.36348,22.65802,21.66818,21.35998,20.52006,21.4199,21.92926,21.82454,22.17762,22.21124,22.1667,22.59266,22.79494,22.20132,22.57694,22.878,23.05676,24.83892,28.36066,29.15184,30.74948,30.45942,29.13614,25.81418,24.97738,23.27572
356,"IND","India",0,0,0,0,0,0,0,0,0,0,0,0,0,0,0.08376,0.19452,0.28922,0.3921,0.46864,0.6863,1.01082,1.44784,1.672,2.19438,2.6025,2.97226,3.31958,3.56496,3.43034,3.28544,2.99496,2.63076,3.0344,3.64506,4.44994,5.04446,5.68704,5.85738,5.8121,5.74136,6.17066,6.64834,6.96462,7.80564,8.93674,10.07744,11.0032,11.2942,10.60196,9.58838,8.9214,8.134,8.12114,8.67764,9.26864,9.96124,10.20014
360,"IDN","Indonesia",0,0,0,0,0,0,0,0,0,0,0,0,0,0,0,0,0,0.39252,0.62994,0.96376,1.3887,1.89554,2.00798,2.32804,2.4778,2.48738,2.4587,2.36434,2.08128,1.88398,1.44946,0.9713,0.5607,0.28628,0,0,0,0,0,0,0,0,0,0,0,0,0,0.56718,0.81564,1.45916,2.33516,3.08678,3.71374,4.44292,4.657,4.54296,4.65942
364,"IRN","Iran",0,0,0,0,0,0,0.12382,0.21534,0.49758,0.86412,1.28058,1.50808,1.94122,2.0269,2.36726,3.38346,4.24934,5.41086,6.8964,8.007,8.33962,8.50352,8.43426,8.476,8.91228,9.45466,9.73418,9.67324,8.5813,7.32878,6.03676,5.41862,4.83066,4.787,4.90456,5.4194,5.2972,5.07428,5.18492,5.18812,4.90644,5.58928,5.76236,6.4411,6.48572,6.47952,5.2807,4.6215,3.64452,2.93668,1.69408,1.28978,1.03508,0.49632,0.03752,0.12886,0.2307
368,"IRQ","Iraq",0,0,0,0,0,0,0,0,0,0,0,0,0,0,0.10476,0.1328,0.1328,0.1328,0.40048,0.8075,1.26556,1.94036,2.77216,3.31722,3.88444,4.18102,3.73212,3.72816,4.10134,4.86626,5.48358,6.51052,7.3164,8.10666,8.44692,9.06342,9.42016,9.37684,8.02862,5.84444,4.31766,3.4145,2.56536,3.14002,4.19388,4.185,3.92948,3.29034,2.53074,1.47688,1.17798,0.88568,1.57574,2.7851,3.84088,3.65894,3.73114
372,"IRL","Ireland",20.59932,23.80296,26.85234,29.46326,32.32664,35.57504,36.6447,39.34078,42.06456,41.48664,41.5275,42.17946,40.60862,39.40038,39.46148,37.63752,35.52088,33.65016,32.11352,30.90842,30.82502,32.15992,33.24634,34.07496,36.24414,38.3711,39.31218,40.39042,41.4612,42.4271,43.12982,42.29436,41.12256,39.38122,36.96568,33.57252,31.39042,29.9459,27.95992,25.57402,25.35554,25.3371,24.4267,22.75664,23.08574,22.28942,21.51628,21.95622,23.4471,23.97586,25.31726,27.1176,28.5639,31.22982,32.87872,34.79824,35.4613
833,"IMN","Isle of Man",NA,NA,NA,NA,NA,NA,NA,NA,NA,NA,NA,NA,NA,NA,NA,NA,NA,NA,NA,NA,NA,NA,NA,NA,NA,NA,NA,NA,NA,NA,NA,NA,NA,NA,NA,NA,NA,NA,NA,NA,NA,NA,NA,NA,NA,NA,NA,NA,NA,NA,NA,NA,NA,NA,NA,NA,NA
376,"ISR","Israel",8.7287,7.9678,7.16666,7.05224,7.54438,8.26496,8.99496,9.5969,9.9027,10.10918,10.74846,11.49708,12.59142,13.73508,14.75068,14.00826,12.53414,11.68374,10.63386,10.1973,10.07562,10.80448,10.90706,12.09122,12.41658,12.90502,13.9417,14.93876,15.33892,15.9772,16.64884,15.93974,16.41586,16.4671,15.3432,14.53454,13.98208,12.12722,10.6066,10.74748,11.08712,12.04954,12.60898,13.17032,12.35474,11.5066,10.08706,9.36682,7.42526,5.76396,4.20234,3.13222,2.00444,2.10032,2.68458,3.3415,3.8593
380,"ITA","Italy",10.08232,10.46232,10.79068,11.42534,11.98832,12.5226,13.71162,15.28006,15.9312,15.7358,15.87318,15.49254,15.7243,17.89496,20.93722,22.53582,23.6392,24.10616,23.02968,22.20534,22.17254,22.47372,22.82456,23.26606,22.47306,22.281,21.60412,20.52968,19.61654,19.55136,18.5807,18.39464,17.56568,16.93004,16.063,15.7086,14.33574,13.54636,13.00584,11.89206,10.50378,10.14216,9.84382,8.27174,7.9666,7.48712,6.6435,5.85686,6.0585,5.7903,5.7843,5.77138,5.95134,6.21706,6.57034,7.16494,7.67758
388,"JAM","Jamaica",0,0,0.5029,0.69024,0.96606,1.3549,1.85944,1.90232,2.53484,4.1488,4.92854,4.47086,5.04356,4.40694,2.807,2.36696,3.1558,3.04692,3.57554,5.20084,5.0877,4.7208,5.31646,6.08286,5.75152,6.58456,7.0342,6.36448,5.96516,5.37876,4.88618,5.00006,5.49488,5.67988,6.01114,6.63504,7.02096,6.58178,6.61606,7.147,7.2758,6.14206,5.15088,3.85266,2.68164,2.27236,3.75092,5.66068,7.2608,8.0283,7.32282,6.96018,6.0196,6.69106,6.8357,7.8455,7.98578
392,"JPN","Japan",26.39586,29.28334,32.74272,35.7119,38.87726,41.15136,42.9265,44.92252,47.57202,48.4434,48.43974,49.98868,50.59094,50.75512,53.39654,55.3067,55.35974,55.65744,56.10854,55.44746,56.11122,57.00764,58.02204,57.75048,57.63178,57.51946,57.3371,56.77666,57.7581,57.7241,57.226,56.13114,54.7985,52.11466,50.51882,50.17374,48.8602,47.28008,46.29046,44.7627,42.7906,42.29028,42.93836,40.17116,37.42612,36.61938,34.94462,32.43888,33.11182,33.90336,32.7404,32.20092,32.21028,31.966,31.70064,31.67128,31.3799
832,"JEY","Jersey",NA,NA,NA,NA,NA,NA,NA,NA,NA,NA,NA,NA,NA,NA,NA,NA,NA,NA,NA,NA,NA,NA,NA,NA,NA,NA,NA,NA,NA,NA,NA,NA,NA,NA,NA,NA,NA,NA,NA,NA,NA,NA,NA,NA,NA,NA,NA,NA,NA,NA,NA,NA,NA,NA,NA,NA,NA
400,"JOR","Jordan",0,0,0,0,0,0.13142,0.13142,0.13142,0.42518,0.42518,1.07416,1.66404,2.47528,2.92006,4.5513,5.04676,5.13588,5.8333,6.3832,6.56444,5.85292,5.30506,4.1554,4.4637,3.48402,4.33216,5.43126,5.64454,6.1015,7.12824,7.389,9.27232,11.19496,9.68508,9.20922,8.10732,6.07898,5.47978,7.7063,6.38694,6.0114,4.9262,3.53898,1.8378,2.6662,3.14322,3.96346,4.07012,3.00096,2.10824,1.43542,0.61516,0.13284,0.13284,0.13284,0.13284,0.13284
398,"KAZ","Kazakhstan",NA,NA,NA,NA,NA,NA,NA,NA,NA,NA,NA,NA,NA,NA,NA,NA,NA,NA,NA,NA,NA,NA,NA,NA,NA,NA,NA,2.3742,2.2874,1.67403333333333,1.3963,1.2396,0.76476,0.32464,0.23518,0.12256,0,0,0,0,0,0,0,0,0,0,0,0,0,0,0,0,0,0,0,0,0.04176
404,"KEN","Kenya",0,0.08404,0.12344,0.16432,0.28114,0.43486,0.5709,0.7509,0.86816,0.92938,0.80882,0.58874,0.36934,0.2112,0.03316,0.08284,0.44466,0.53866,0.89736,1.3833,1.63492,1.51806,1.87846,1.92614,1.74774,1.80334,1.90998,1.65422,1.61448,1.8235,1.5087,1.97194,2.47022,2.54108,2.8545,3.4667,3.12576,3.02952,3.36482,3.12774,3.06016,3.12458,3.24196,3.19164,3.28036,3.07954,3.1969,3.15754,3.6661,3.83234,3.97622,4.44372,5.2763,4.97552,5.35538,6.2716,6.59248
296,"KIR","Kiribati",0,0,0,0,0,0,0,0,0,0,0,0,0,0,0,0,0,0,0,0,0,0,0,0,0,0,0,0,0,0,0,0,0,0,0,0,0,0,0,0,0,0,0,0,0,0,0,0,0,0,0,0,0,0,0,0,0
689,"XKX","Kosovo",NA,NA,NA,NA,NA,NA,NA,NA,NA,NA,NA,NA,NA,NA,NA,NA,NA,NA,NA,NA,NA,NA,NA,NA,NA,NA,NA,NA,NA,NA,NA,NA,NA,NA,NA,NA,NA,NA,NA,NA,NA,NA,NA,NA,NA,NA,NA,NA,NA,NA,NA,NA,NA,NA,NA,NA,NA
414,"KWT","Kuwait",139.70022,143.92112,150.4583,157.97526,165.35034,172.7543,179.51734,188.26982,193.07688,196.00706,200.4302,202.61208,199.18704,201.12328,211.10088,228.86142,221.33336,212.49872,206.09468,183.01576,153.15508,145.82974,148.35082,135.67082,133.73318,124.40164,109.6827,86.36664,75.96324,66.7666,61.0485,66.5631,72.74712,76.53896,77.22926,70.9499,62.06778,54.59644,45.6888,38.37926,39.52194,47.31122,58.07752,67.54708,68.99444,71.13814,67.3141,63.05962,57.37726,58.8187,67.89276,79.08556,86.9626,99.22184,110.92598,118.37434,122.2092
417,"KGZ","Kyrgyzstan",NA,NA,NA,NA,NA,NA,NA,NA,NA,NA,NA,NA,NA,NA,NA,NA,NA,NA,NA,NA,NA,NA,NA,NA,NA,NA,NA,2.5601,2.2251,2.26676666666667,2.0428,1.63424,1.12222,0.7442,0.27418,0,0,0,0,0,0,0,0,0,0,0.18826,0.27884,0.66064,1.19074,1.65606,1.51612,1.61038,1.3854,1.1325,1.08182,1.4498,1.98376
418,"LAO","Laos",2.828,3.23986,3.61978,4.03194,4.2305,4.2218,4.03416,3.7075,3.15494,2.76156,2.41876,2.20136,2.09314,2.19432,2.28834,2.49536,2.52808,2.62506,2.7086,2.82676,2.90178,3.01928,3.30076,3.63362,3.80988,3.92668,4.3812,4.47592,4.74202,5.04056,5.85206,6.1255,6.48758,6.15918,5.75,4.73472,4.13376,3.40914,2.95652,2.7481,2.60106,2.23714,1.91048,1.46186,1.0634,0.81296,1.00164,1.20088,1.79682,2.32572,2.62432,2.18616,2.2096,2.49678,3.62662,5.07954,6.29792
428,"LVA","Latvia",NA,NA,NA,NA,NA,NA,NA,NA,NA,NA,NA,NA,NA,NA,NA,NA,NA,NA,NA,NA,NA,NA,NA,NA,NA,NA,NA,17.9064,11.4062,8.56496666666667,7.75475,7.1845,4.58492,4.81964,5.55622,5.60542,6.07256,6.21678,6.02832,5.82722,5.58788,5.09632,4.7067,4.07836,3.34092,3.09626,2.98908,2.7866,3.2682,3.7126,3.33338,3.28466,3.42064,3.68166,3.38558,3.67686,3.66286
422,"LBN","Lebanon",6.0207,6.5199,7.01148,7.07428,7.43246,11.34072,12.562,14.60998,18.40822,18.39848,14.85312,15.12944,13.93258,10.92748,13.4754,13.955,13.41744,14.91332,16.24564,16.65676,18.51782,16.8915,14.50816,12.02594,7.83418,7.20276,9.92764,11.94498,13.54784,14.18604,14.5925,17.99504,22.1825,26.6078,33.11064,34.05954,32.00306,25.52838,20.07452,13.44634,14.1458,12.64376,15.4713,18.20812,19.7367,19.34516,20.98748,21.99584,20.5324,19.41616,16.15582,12.39792,8.49818,6.67562,4.5737,4.28274,3.55024
426,"LSO","Lesotho",0,0,0,0,0,0,0.10934,0.3231,0.47934,0.47934,0.69848,0.83952,0.7876,1.43168,2.33158,3.17156,3.97454,5.01142,5.41932,5.64228,5.35482,5.37344,5.11434,4.7549,4.6459,4.72912,4.83956,4.97568,5.12508,4.42264,4.21022,3.28392,2.5796,2.0308,2.20994,2.28976,2.77698,3.35828,3.78224,4.18118,4.32178,4.60596,4.63378,4.34754,4.01116,3.42748,2.7632,2.13214,1.78738,1.35416,1.2975,1.21722,0.89246,0.9308,0.96208,0.88476,0.6018
430,"LBR","Liberia",0,0,0,0,0,0,0,0,0,0,0,0,0,0,0,0,0.05786,0.05786,0.05786,0.05786,0.05786,0,0,0,0,0,0,0,0,0.00419999999999998,0.01066,0.01066,0.01066,0.01066,0.00646,0,0,0,0,0,0,0,0,0,0,0.0141,0.05322,0.08872,0.12804,0.172,0.21584,0.19356,0.36032,0.48616,0.63826,0.8122,0.8038
434,"LBY","Libya",0.04438,0.06738,0.12852,0.20386,0.2969,0.53816,0.86972,1.03808,1.00296,1.1651,1.54136,1.73242,2.67326,3.32488,4.42212,5.01338,6.08772,6.74804,8.00054,8.24336,8.44496,8.49832,9.05432,9.13442,9.22396,9.30114,9.36726,9.18318,9.84634,9.72278,10.20628,9.75354,8.84198,7.00534,6.52202,4.96806,5.408,5.60098,4.82146,4.4323,4.56536,3.5349,2.5321,2.72432,2.75264,3.324,4.45414,5.79902,6.47294,6.35684,5.50864,3.99672,2.64778,2.12592,1.9217,2.05538,1.90624
438,"LIE","Liechtenstein",NA,NA,NA,NA,NA,NA,NA,NA,NA,NA,NA,NA,NA,NA,NA,NA,NA,NA,NA,NA,NA,NA,NA,NA,NA,NA,NA,NA,NA,NA,NA,NA,NA,NA,NA,NA,NA,NA,NA,NA,NA,NA,NA,NA,NA,NA,NA,NA,NA,NA,NA,NA,NA,NA,NA,NA,NA
440,"LTU","Lithuania",NA,NA,NA,NA,NA,NA,NA,NA,NA,NA,NA,NA,NA,NA,NA,NA,NA,NA,NA,NA,NA,NA,NA,NA,NA,NA,NA,6.1601,4.8086,4.41623333333333,4.5004,3.82292,2.89014,2.5145,2.24836,1.56434,1.91068,2.47394,3.15094,3.59046,4.10888,4.91008,4.95686,4.08408,3.41786,3.25578,2.31912,1.40984,1.4261,1.19264,0.56974,0.13626,0.13626,0.39486,0.39486,0.39486,0.39486
442,"LUX","Luxembourg",NA,NA,NA,NA,NA,NA,NA,NA,NA,NA,NA,NA,NA,NA,NA,NA,NA,NA,NA,NA,NA,NA,NA,NA,NA,NA,NA,NA,NA,NA,NA,NA,NA,NA,NA,18.8942,19.104,18.3513,17.950975,17.64434,17.59788,16.89024,16.84374,15.79606,14.77048,13.84636,13.6159,13.11548,13.50468,14.05278,14.07882,14.48394,14.94826,14.94552,14.75812,14.73098,14.27604
446,"MAC","Macao",NA,NA,NA,NA,NA,NA,NA,NA,NA,NA,NA,NA,NA,NA,NA,NA,NA,NA,NA,NA,NA,NA,NA,NA,NA,NA,NA,NA,NA,NA,NA,NA,NA,NA,NA,NA,NA,NA,NA,NA,NA,NA,NA,NA,NA,NA,NA,NA,NA,NA,NA,NA,NA,NA,NA,NA,NA
450,"MDG","Madagascar",0,0,0,0,0,0,0,0,0,0,0,0,0,0,0,0,0,0,0,0,0,0,0,0,0,0,0,0,0,0,0,0,0,0,0,0,0,0,0,0,0,0,0,0,0,0,0,0,0,0,0,0,0,0,0,0,0
454,"MWI","Malawi",0,0,0,0,0,0,0,0,0,0,0,0,0,0,0,0,0,0,0,0.03972,0.03972,0.03972,0.03972,0.10904,0.15546,0.15546,0.15546,0.31618,0.25338,0.16724,0.16724,0.16724,0.0065199999999999,0,0,0,0,0,0,0,0.03824,0.03824,0.03824,0.03824,0.03824,0,0,0,0,0,0,0,0,0.25928,0.7567,1.85714,2.65424
458,"MYS","Malaysia",4.16294,4.30854,4.35102,4.38402,4.51016,4.5427,4.60216,4.5515,4.67588,4.48878,4.36572,4.38618,4.54686,4.8271,5.48266,6.34846,6.64098,6.98048,7.25776,7.50364,7.1525,7.67104,7.95612,7.80042,7.55356,7.57266,7.2319,6.94154,6.79782,6.74718,7.19686,7.83926,8.68774,9.56674,10.11912,9.7976,8.67636,7.65892,6.65852,5.91128,5.61142,6.15444,6.83042,6.29256,6.49872,6.92452,6.60936,6.05472,7.01914,7.5135,7.24282,7.7783,8.49264,8.25606,7.1157,6.89866,6.52634
462,"MDV","Maldives",0,0,0,0,0,0,0,0,0,0,0,0,0,0,0,0,0,0,0,0,0,0,0,0,0,0,0,0,0,0,0,0,0,0,0,0,0,0,0,0,0,0,0,0,0,0.0479999999999997,0.0479999999999997,0.66744,3.72524,3.72524,3.67724,3.67724,3.0578,0,0,0,0.63056
466,"MLI","Mali",0,0,0,0,0,0,0,0,0,0,0,0,0,0,0,0,0,0,0,0.13016,0.13016,0.13016,0.13016,0.13016,0,0,0,0,0,0,0,0,0,0,0,0,0,0,0,0,0,0,0,0,0,0,0,0,0,0,0,0,0,0,0,0,0
470,"MLT","Malta",8.0657,9.21984,10.51042,12.29774,14.011,15.48348,16.7323,17.52722,17.70646,17.5014,17.51532,17.95626,18.9682,19.98516,20.97972,22.75754,22.91836,23.15958,24.95022,29.0755,31.58898,35.0705,38.08244,39.66226,39.16426,39.38476,39.67982,40.50462,41.19562,41.7424,43.19488,43.37474,43.9322,44.65352,45.86524,46.48192,48.8135,49.02076,49.38532,49.50706,49.37096,48.36492,48.94684,48.9615,46.32894,43.04932,39.1858,34.73346,30.62108,28.8988,27.87568,27.90556,27.5961,28.70858,30.02102,35.44264,41.2072
584,"MHL","Marshall Islands",NA,NA,NA,NA,NA,NA,NA,NA,NA,NA,NA,NA,NA,NA,NA,NA,NA,NA,NA,NA,NA,NA,NA,NA,NA,NA,NA,NA,NA,NA,NA,NA,NA,NA,NA,NA,NA,NA,NA,NA,NA,NA,NA,NA,NA,NA,NA,NA,NA,NA,NA,NA,NA,NA,NA,NA,NA
478,"MRT","Mauritania",1.68054,1.73548,1.81912,1.93926,1.92876,2.03246,2.20178,2.28894,2.3519,2.41914,2.4138,2.36014,2.43944,2.49,2.95948,3.31284,3.4158,3.3,3.1687,2.64304,2.07228,1.66146,1.3312,1.11086,0.96474,1.06356,1.2397,1.53636,1.56154,1.47988,1.23554,0.93618,0.69818,0.63226,0.71018,0.87916,1.16098,1.36052,1.49282,1.68232,1.74366,1.78548,1.67156,1.5854,1.50608,1.45562,1.388,1.2942,1.29746,1.16016,1.2328,1.27086,1.4298,1.44108,1.66898,1.70176,1.61684
480,"MUS","Mauritius",10.03548,8.3777,6.77158,5.58252,2.7949,0.2891,0.2891,0.2891,0,0,0,0,0,0,0,0,0,0,0,0,0,0,0.10628,0.43282,1.2437,1.25604,1.34598,1.2397,1.26352,0.491479999999999,2.0043,6.05612,8.96426,10.5757,13.5526,13.77382,9.93948,8.36702,7.58088,5.6707,6.21994,7.40086,7.76528,9.49374,9.35644,8.2117,8.06714,8.0022,6.46576,7.3806,6.95412,7.6689,8.3807,7.7686,6.41326,6.71308,6.22724
484,"MEX","Mexico",0,0,0.04596,0.10202,0.31636,0.39576,0.63442,0.85568,1.17262,1.50926,2.1927,2.65726,2.94434,3.21636,3.41032,3.29124,3.6007,4.37502,4.66224,4.97674,5.34286,5.46102,5.27674,5.3987,5.25066,5.03116,4.72952,4.13784,3.76452,3.61714,2.95842,2.53936,2.29114,1.9681,1.689,2.08394,2.17162,2.35706,2.39492,2.4703,2.62414,2.67244,2.42182,2.02612,1.80506,1.4441,1.3012,1.37076,1.72896,1.75832,2.07804,2.51876,2.86372,3.4263,3.96308,4.03498,4.3532
583,"FSM","Micronesia",NA,NA,NA,NA,NA,NA,NA,NA,NA,NA,NA,NA,NA,NA,NA,NA,NA,NA,NA,NA,NA,NA,NA,NA,NA,NA,0,0,0,0,0.88738,1.85322,2.82306,3.79552,4.74748,4.80912,4.79612,4.77912,4.76782,5.28482,6.43496,8.12124,10.09884,12.05172,14.37392,16.02234,13.66504,10.7346,7.82056,4.0294,0.281819999999999,0,0,0,0,0,0
498,"MDA","Moldova",NA,NA,NA,NA,NA,NA,NA,NA,NA,NA,NA,NA,NA,NA,NA,NA,NA,NA,NA,NA,NA,NA,NA,NA,NA,NA,NA,10.4946,8.202,8.4993,8.14235,8.15594,6.05702,4.87514,3.05636,1.64206,0,0,0,0,0,0,0,0,0,0,0,0,0,0,0.1345,0.1345,0.43868,0.47114,0.6521,1.1881,1.1881
492,"MCO","Monaco",NA,NA,NA,NA,NA,NA,NA,NA,NA,NA,NA,NA,NA,NA,NA,NA,NA,NA,NA,NA,NA,NA,NA,NA,NA,NA,NA,NA,NA,NA,NA,NA,NA,NA,NA,NA,NA,NA,NA,NA,NA,NA,NA,NA,NA,NA,NA,NA,NA,NA,NA,NA,NA,NA,NA,NA,NA
496,"MNG","Mongolia",16.67678,15.53926,15.72644,16.02926,16.67668,17.2922,17.67978,18.31588,18.6495,18.81822,18.86492,18.66612,17.57246,16.42898,15.56946,14.63732,13.93018,13.61354,13.16748,12.56334,11.83992,11.34268,11.1027,11.00968,10.92824,11.3018,11.774,12.1237,12.39146,12.73222,13.11962,13.5164,14.27178,15.07258,16.37472,17.47774,17.75022,16.8225,16.00968,14.4073,13.05364,12.5442,13.28316,13.99278,14.84384,14.63302,14.27876,13.77016,13.77936,14.23404,16.06028,18.03568,20.2038,21.79602,23.30846,24.03638,24.58872
499,"MNE","Montenegro",NA,NA,NA,NA,NA,NA,NA,NA,NA,NA,NA,NA,NA,NA,NA,NA,NA,NA,NA,NA,NA,NA,NA,NA,NA,NA,NA,NA,NA,NA,NA,NA,NA,NA,NA,NA,NA,NA,NA,NA,NA,106.4692,108.6638,107.311,104.478,102.89892,98.5064,93.6953,90.91372,90.04032,89.15968,91.5063,91.39676,89.56268,87.23178,85.26222,82.44332
504,"MAR","Morocco",0,0,0,0,0,0,0,0,0.08514,0.0974,0.30942,0.38386,0.74038,0.84256,1.0304,1.21048,1.6254,1.45984,1.73512,2.0129,2.07708,1.87156,2.21178,2.01822,1.7596,1.7081,1.42426,1.39114,1.60744,1.38818,1.37788,1.37788,1.20374,0.81104,1.21704,1.43652,1.8478,2.4577,2.92324,2.71392,2.65248,2.32662,2.12212,1.814,1.61732,1.78802,2.46582,2.95754,3.71242,4.72872,4.7142,4.55532,3.61046,2.60552,1.78366,1.36194,0.7576
508,"MOZ","Mozambique",0,0,0,0,0,0,0,0,0,0,0,0,0,0,0,0,0,0,0,0,0,0,0,0,0,0,0,0.00425999999999997,0.00425999999999997,0.00425999999999997,0.00425999999999997,0.00425999999999997,0,0,0,0.02398,0.02398,0.02398,0.02398,0.02398,0,0,0,0,0,0,0,0,0,0,0,0,0,0,0,0,0
104,"MMR","Myanmar",0.0142200000000001,0.11486,0.23278,0.32414,0.45142,0.54824,0.61754,0.74648,0.78684,0.81284,0.87038,0.83118,0.73912,0.75014,0.83078,0.84966,0.8591,0.94938,0.95428,0.99074,1.08238,1.24016,1.13204,1.1458,0.94932,0.7019,0.47174,0.33478,0.17338,0.09948,0.182,0.1111,0.1111,0.1111,0.1111,0,0,0,0,0,0,0,0,0,0,0,0,0,0,0,0,0.0128800000000002,0.77204,0.8787,1.34792,1.5908,1.57792
516,"NAM","Namibia",1.00278,1.00448,0.99906,0.98658,0.9818,0.9787,0.97028,0.96404,0.9604,0.96724,0.92954,0.8846,0.85998,0.83512,0.8025,0.8243,0.81588,0.76608,0.70528,0.64248,0.59386,0.57576,0.58248,0.5974,0.60642,0.59552,0.58938,0.65834,0.6692,0.63034,0.61772,0.5854,0.41662,0.33706,0.3629,0.33262,0.32572,0.40956,0.47182,0.44216,0.50114,0.47386,0.48966,0.48792,0.52632,0.53982,0.62946,0.69696,0.78894,0.87086,0.90572,1.04152,1.03532,1.03416,1.1558,1.05912,0.85834
520,"NRU","Nauru",0,0,0,0,0,0,0,0,0.0413800000000002,0.1487,0.2858,1.20794,1.33338,1.41358,1.42066,1.42892,0.78282,1.09806,1.68894,2.39362,3.10192,3.84474,4.58852,5.18894,5.67878,6.21766,6.6803,7.06864,7.40952,7.70142,7.86328,7.87716,7.74698,7.48308,7.21938,6.95658,6.69282,6.42908,6.16534,5.9016,5.63062,5.36686,5.24216,5.25652,5.27088,5.31754,5.7129,5.63208,5.33218,5.47242,5.63038,5.49126,5.72866,6.06318,5.9881,5.9994,6.09416
524,"NPL","Nepal",0,0,0,0,0,0,0,0,0,0,0,0,0,0,0,0,0,0.09872,0.09872,0.09872,0.09872,0.1329,0.0341799999999999,0.0341799999999999,0.0341799999999999,0.0341799999999999,0,0.07376,0.07376,0.13396,0.13396,0.13396,0.0602,0.21068,0.16332,0.16332,0.16332,0.16332,0.0128399999999999,0,0,0,0,0,0,0,0,0,0.07286,0.07286,0.07286,0.0929200000000002,0.0929200000000002,0.38694,0.5064,0.75466,0.7346
528,"NLD","Netherlands",62.2489,63.7679,64.73538,64.7039,65.63496,66.24894,66.2795,67.288,68.90562,70.19148,70.59346,72.22978,73.19824,73.31176,74.61378,76.68012,77.92728,78.8535,81.07622,82.23238,82.99134,84.64298,86.20202,86.08742,85.85934,84.9119,83.60932,82.3502,81.00862,79.74834,79.45406,78.026,76.67566,75.80586,74.653,72.2564,70.7507,68.50638,65.74838,63.0572,61.56948,60.46242,60.5124,60.37878,59.82814,60.49852,59.8266,59.28278,58.7738,59.14974,58.7023,59.7081,59.20686,59.20694,58.87992,57.699,55.57844
540,"NCL","New Caledonia",15.36176,15.16708,14.90558,14.3195,14.7378,15.2252,15.4192,15.0776,15.46222,15.6318,15.41306,14.3753,13.68272,12.14906,11.54756,9.85994,9.3913,9.50568,11.31702,11.83144,12.82394,14.40946,17.44914,19.34366,21.46526,24.44946,26.5293,26.445,29.6765,33.61286,37.2352,41.07682,45.87038,41.96444,37.93574,34.10768,30.13912,27.3342,38.94242,40.33406,42.79252,44.2359,44.35214,34.5502,32.6256,30.16624,29.64748,28.11534,28.65718,31.52538,33.17634,33.82446,34.64024,34.14188,33.34242,32.96724,32.94532
554,"NZL","New Zealand",11.44936,12.29954,12.51334,12.39932,11.39218,10.81338,10.68408,10.73362,11.82706,11.8677,12.39468,12.38218,12.71228,12.12892,12.57064,11.72166,11.26402,10.28364,9.3044,7.85876,6.55102,4.91036,3.82454,2.3061,2.39138,2.1226,2.94574,4.0756,6.00736,6.7831,8.43902,9.28976,9.4557,9.13972,9.22856,9.61818,10.47222,10.84704,11.32238,11.75476,11.49888,10.94858,10.57364,9.28056,7.30286,5.84162,4.57612,3.43392,3.19188,3.44878,3.41786,3.0399,3.55868,3.86428,3.93378,4.01398,4.0887
558,"NIC","Nicaragua",0.58468,0.7231,0.88846,1.33742,1.80488,1.9456,2.1565,2.1728,2.43828,2.2678,1.70228,2.08958,2.44996,2.16808,2.07262,3.25042,2.61754,2.25168,2.19854,2.11304,1.3651,1.86416,2.22266,2.65402,3.03836,2.96404,2.54264,1.97966,1.52564,1.4107,1.12858,1.2206,1.57666,1.55208,1.7844,2.3435,2.23616,2.3845,2.72952,2.72122,2.56986,2.72242,3.02416,2.89914,2.72332,2.66526,2.80616,2.54242,2.66378,3.12036,3.88188,4.3223,5.09764,5.10598,5.10056,4.96046,5.02896
562,"NER","Niger",0,0,0,0,0,0,0,0,0,0,0,0,0,0,0,0,0,0,0,0,0,0,0,0,0,0,0,0,0,0,0,0,0,0,0,0,0,0,0,0,0,0,0,0,0,0,0,0,0,0,0,0,0,0,0,0,0
566,"NGA","Nigeria",0,0,0,0,0,0,0,0,0,0,0,0,0,0,0,0,0,0,0,0,0,0,0,0,0,0,0,0,0,0,0,0,0,0,0,0,0,0,0,0,0,0,0,0,0,0,0,0,0,0,0,0,0,0,0,0,0
570,"NIU","Niue",0.13138,0.00429999999999993,0.05908,0.18926,0.35744,0.3927,0.45908,0.45126,0.36128,0.1931,0.18002,0.2501,0.2461,0.2969,0.2969,0.27472,0.13826,0.0909999999999999,0,0.0304200000000001,0.0725800000000001,0.12802,0.17862,0.24284,0.26364,0.46968,0.51468,0.53896,0.52444,0.52878,0.32548,0.24774,0.19008,0.1525,0.10438,0.0867599999999999,0.12188,0.1594,0.1707,0.22914,0.23674,0.22116,0.24432,0.33752,0.39648,0.5157,0.56202,0.51162,0.41576,0.29092,0.18302,0.1121,0.12866,0.21568,0.28986,0.33874,0.41594
408,"PRK","North Korea",4.00834,4.75344,5.68944,6.40608,7.15248,8.15378,9.52482,10.92938,11.35084,13.0115,13.97998,14.7799,15.19902,16.6255,16.75198,16.84356,16.71026,16.8593,16.9659,17.052,17.28844,17.52932,17.55204,18.01148,18.97764,19.67112,19.39286,18.4256,16.92138,12.52328,8.27694,5.01576,2.43586,0,0.99066,1.89076,2.62856,2.62856,2.62856,1.6379,0.7378,0,0,0,0,0,0,0,0,0,0,0,0,0,0,0,0
807,"MKD","North Macedonia",NA,NA,NA,NA,NA,NA,NA,NA,NA,NA,NA,NA,NA,NA,NA,NA,NA,NA,NA,NA,NA,NA,NA,NA,NA,NA,NA,6.5009,7.14095,7.35013333333333,6.861375,6.81048,7.10428,7.05738,7.04828,8.04426,8.18272,7.99574,8.00168,7.68112,7.07938,7.17272,7.74804,7.8771,7.52158,7.22928,6.98842,6.5753,5.96748,6.02998,5.87354,5.6034,5.1884,5.00084,4.80172,4.75522,4.18106
578,"NOR","Norway",16.08826,16.28994,16.4332,16.46498,16.67786,16.75274,16.97944,17.11574,17.5083,17.4651,17.86058,17.96654,18.07602,18.09526,18.42342,18.28804,18.32708,18.17508,18.09224,17.26712,16.50176,15.68978,14.6178,13.33146,12.36902,11.22722,10.06892,9.57132,8.97818,8.80552,8.75874,8.6285,8.35472,8.33418,8.20824,8.2923,8.35984,8.404,8.38106,8.17692,8.1088,8.21164,8.15574,7.63316,7.47556,7.11138,6.87854,6.70294,7.1599,7.15246,7.17804,6.98626,6.85146,7.0882,7.06764,7.09848,7.27152
512,"OMN","Oman",0.01056,0.00667999999999998,0.00533999999999999,0.00369999999999999,0.00369999999999999,0,0,0,0,0.0218800000000001,0.0577800000000001,0.12414,0.17716,0.17716,0.15528,0.11938,0.0530200000000001,0,0,0,0.76654,0.92346,1.15312,2.31546,3.09532,3.52622,4.32224,5.01358,5.50794,4.94224,4.10336,3.5043,3.0073,1.38152,1.16736,1.03308,1.66094,1.94684,2.86392,3.5634,4.42062,4.61246,4.64326,5.1198,5.22246,5.31096,4.63458,4.47352,3.55516,4.21012,3.8562,5.47748,6.3918,7.05156,6.67788,6.368,4.63912
586,"PAK","Pakistan",0,0,0,0,0,0,0,0,0,0,0.03226,0.07996,0.19098,0.42776,0.66224,0.87676,1.04552,1.2304,1.35306,1.48114,1.70994,2.10478,2.32842,2.5602,2.6936,2.71246,2.499,2.75836,2.88962,3.0236,3.20816,3.33124,3.45838,3.32172,3.5671,3.96176,4.48958,4.7066,5.22826,5.708,6.37016,7.16592,7.25202,7.06936,7.19146,6.90832,6.00754,6.04722,6.73256,7.05364,7.71056,9.5343,11.12608,12.43,13.2642,14.11106,14.04308
585,"PLW","Palau",NA,NA,NA,NA,NA,NA,NA,NA,NA,NA,NA,NA,NA,NA,NA,NA,NA,NA,NA,NA,NA,NA,NA,NA,NA,NA,NA,NA,NA,NA,NA,NA,NA,NA,NA,NA,NA,NA,NA,NA,NA,NA,NA,NA,NA,NA,NA,NA,NA,NA,NA,NA,NA,NA,NA,NA,NA
591,"PAN","Panama",1.68278,1.5984,1.49144,1.32102,1.30806,1.48736,1.88908,2.37524,2.85742,3.33944,3.51882,3.36982,3.42026,3.76938,3.8515,3.92388,4.26028,4.27446,3.70344,3.56158,3.5956,3.6031,3.55136,4.05594,3.79006,3.68488,3.37596,3.06366,2.70738,3.50972,4.13256,5.2211,6.10322,6.7956,6.83434,6.46414,5.81342,5.13682,4.6412,3.78188,3.2581,2.52942,2.30006,1.95416,2.1742,2.7501,3.24278,4.46208,5.8841,6.9164,7.82626,8.4122,8.69406,8.26886,8.2689,8.31284,8.82724
598,"PNG","Papua New Guinea",0,0,0,0,0,0,0,0,0,0,0,0,0,0,0,0,0,0,0,0,0,0,0,0,0,0,0,0,0,0.07944,0.21014,0.21014,0.25822,0.28248,0.22124,0.0905399999999998,0.45234,0.4741,0.52692,0.56918,0.64596,0.40048,0.33064,0.25356,0.1931,0.11632,0,0,0,0,0,0,0,0,0,0,0
600,"PRY","Paraguay",1.16464,1.26852,1.34964,1.41982,1.32254,1.14214,0.75606,0.49338,0.2661,0.09534,0,0,0,0,0,0,0,0,0,0,0,0,0,0,0,0,0,0.03558,0.03558,0.03558,0.03558,0.03558,0,0,0,0,0,0.41166,1.07524,2.26064,3.15236,4.25504,4.65028,4.09936,4.00832,3.29296,3.04102,3.49184,3.37918,2.28482,2.10846,1.25772,0,0,0,0,0
604,"PER","Peru",3.77278,2.91768,1.88822,1.48164,1.18054,0.98732,0.83014,0.89332,0.91538,0.9675,1.01936,1.28074,1.522,1.87158,2.0161,2.32682,2.33992,2.23722,2.17102,2.1006,1.89542,2.12364,2.6082,2.8461,2.7316,2.71228,2.35604,1.89638,1.62912,2.0072,1.82718,1.94906,2.2099,2.41426,2.27342,2.6424,3.1926,3.15654,3.13474,3.32298,3.53782,3.637,3.82128,3.55714,3.731,3.75208,3.62422,3.48858,3.97926,4.14294,4.28512,4.40284,5.18932,5.34696,5.52362,6.18552,5.68654
608,"PHL","Philippines",0,0,0,0.06914,0.33968,0.33968,0.33968,0.33968,0.29398,0.0234399999999999,0.0234399999999999,0.0234399999999999,0.0234399999999999,0,0,0,0,0,0,0,0,0,0,0,0,0,0,0,0,0,0,0,0,0.0158999999999999,0.0198999999999998,0.0198999999999998,0.0198999999999998,0.0198999999999998,0.00399999999999992,0,0,0,0,0,0,0,0,0,0,0,0,0,0,0,0,0,0.17706
616,"POL","Poland",8.28024,9.28698,10.21144,11.48372,12.9511,14.42146,16.0727,17.89356,19.8267,21.6447,23.55182,24.83992,26.03936,26.7149,27.2733,27.406,27.0859,26.39068,25.93854,24.96818,24.37936,24.60176,24.19742,24.03914,24.19144,20.9205,16.55686,13.71392,10.04962,6.76768,6.5796,7.27532,7.15604,7.3839,7.18112,7.12226,7.05064,7.24854,7.89968,8.03414,9.1012,10.30968,11.32648,11.35774,11.4461,11.45406,10.92042,10.19514,9.74992,9.19036,8.28748,7.80528,7.2729,7.56802,8.43688,8.1098,7.5838
620,"PRT","Portugal",9.36612,9.40148,9.0585,9.37476,9.5534,9.40736,9.32822,10.05838,10.815,10.50498,11.27122,11.96886,12.34728,12.39118,13.35298,14.14026,15.06018,15.31994,15.60434,15.07608,14.65564,14.20184,14.10942,14.45728,14.90692,15.24134,15.08506,14.97732,14.582,14.68718,14.51966,15.02026,15.32852,15.94108,16.40294,16.6603,16.66124,16.46654,15.93286,15.43798,15.69162,15.71264,16.84708,16.42928,15.95104,15.41074,14.73688,13.50032,13.69582,14.22938,14.33398,15.0233,15.0779,15.30346,14.96348,14.83186,13.76028
634,"QAT","Qatar",19.08626,17.18844,15.4961,13.84898,12.23786,10.87572,9.43812,8.3475,12.3036,13.53892,15.04808,17.07554,18.5163,14.83348,13.37794,11.38656,9.0024,7.0285,6.22272,5.85442,5.54634,5.27416,5.2816,4.57064,4.79406,5.12442,5.84126,6.14392,6.12046,5.68066,5.40986,4.9564,4.53146,4.35804,4.0348,3.95996,4.00122,4.5062,4.53852,4.7218,4.65004,4.36756,3.92594,4.31656,4.80326,5.38254,6.25098,7.13368,11.2215,13.52432,14.94006,16.7181,18.39292,16.47428,16.93756,19.03536,19.94298
178,"COG","Republic of Congo",0,0,0,0,0,0,0,0,0,0,0,0,0,0,0,0,0,0,0,0,0,0,0,0,0,0,0,0,0,0,0,0,0,0,0,0,0,0,0,0,0,0,0,0,0,0,0,0,0,0,0,0,0,0,0,0,0
642,"ROU","Romania",5.289,5.70366,6.19416,6.61934,7.39828,8.43352,9.15,9.77272,11.63548,13.47666,14.4184,16.49528,18.71058,19.93926,21.03912,22.18492,23.51306,24.29332,24.68204,25.19898,25.26584,24.25878,23.6689,22.55842,21.15404,20.17714,17.73082,15.47608,13.2556,10.458,7.87416,7.49934,5.72372,4.64286,3.78928,3.59128,2.44304,2.459,2.41614,2.15278,1.99726,2.16672,3.0248,2.7778,3.43778,3.44754,3.27494,2.90424,2.84348,2.5273,2.69572,3.20494,2.7547,2.78534,3.08356,3.86474,3.95312
643,"RUS","Russia",NA,NA,NA,NA,NA,NA,NA,NA,NA,NA,NA,NA,NA,NA,NA,NA,NA,NA,NA,NA,NA,NA,NA,NA,NA,NA,NA,6.327,5.30995,4.34243333333333,3.908075,3.5809,2.54606,2.07248,1.84946,1.56568,1.24482,1.13768,0.97308,0.87444,0.75452,0.7321,0.75292,0.5342,0.43296,0.62006,0.54266,0.60116,0.649,0.60022,0.30028,0.26652,0.0637800000000002,0.0711000000000002,0.0943600000000002,0.17154,0.26248
646,"RWA","Rwanda",0,0,0,0,0,0,0,0,0,0,0,0,0,0,0,0,0,0,0,0,0,0,0,0,0,0,0,0,0,0,0,0,0,0,0,0,0,0,0,0,0,0,0,0,0,0,0,0,0,0,0.20466,0.37926,0.85732,0.87108,1.36042,1.58094,1.71078
652,"BLM","Saint Barthelemy",NA,NA,NA,NA,NA,NA,NA,NA,NA,NA,NA,NA,NA,NA,NA,NA,NA,NA,NA,NA,NA,NA,NA,NA,NA,NA,NA,NA,NA,NA,NA,NA,NA,NA,NA,NA,NA,NA,NA,NA,NA,NA,NA,NA,NA,NA,NA,NA,NA,NA,NA,NA,NA,NA,NA,NA,NA
659,"KNA","Saint Kitts and Nevis",0,0,0,0,0.7364,1.66856,1.70986,1.87346,2.17442,2.27414,2.73768,4.18246,5.952,7.55028,8.52526,9.07922,10.16294,10.94516,12.10374,14.13844,16.19508,18.76906,21.19444,23.91858,20.56618,17.48738,13.64734,9.32848,4.72614,7.18176,8.64934,9.9706,12.41384,15.05756,15.88236,17.6622,19.31728,16.05216,12.22882,8.455,4.28008,1.88086,3.6562,5.5253,7.19146,8.72104,8.09402,7.4618,6.51048,6.32624,5.92658,5.72534,5.47892,5.3288,4.4278,3.642,3.1786
662,"LCA","Saint Lucia",0.89644,1.52588,2.64368,4.24638,8.22898,12.87122,17.2514,21.05012,24.76966,26.03658,24.66076,22.74436,19.33618,14.01394,8.51236,4.60156,1.50834,0,0,0,0,0,0,0,8.65576,15.2065,23.09056,23.09056,23.09056,14.4348,7.88406,0,0,0,2.22336,6.24132,9.05406,10.33786,14.00382,13.45742,11.79438,10.805,10.78942,7.59724,7.2109,5.94308,5.19952,6.71,7.20816,7.93716,8.84162,9.6801,9.07434,10.23736,10.74776,10.5633,10.26814
670,"VCT","Saint Vincent and the Grenadines",8.5556,9.33682,10.97928,12.44612,13.7847,12.81198,11.73946,9.99938,8.60732,8.2197,9.81478,11.71564,14.13258,15.58656,15.8535,16.33416,16.63134,16.58022,16.82488,17.66212,18.03934,18.9383,20.49376,22.28226,25.9182,29.84694,33.72506,37.68572,42.199,46.66194,51.5947,56.8397,61.96928,72.0099,81.56534,92.03556,101.56642,87.75868,68.03252,46.51572,23.4491,0.69618,0.41264,0.82638,0.897519999999999,1.59398,1.74316,1.69604,1.59244,1.65984,1.27584,1.15624,0.96762,0.598,0.45946,0.14208,2.60178
882,"WSM","Samoa",0,0,0,0,0,0,0,0,0,0,0,0,0,0,0,0,0,0,0,0,0,0,0,0.05228,0.1153,0.43206,1.14792,1.70524,2.19824,2.69266,2.60374,2.04364,1.75868,1.39522,1.2353,1.33306,1.79244,2.12216,2.57506,2.8788,3.23022,3.28104,3.2596,2.94966,2.2484,1.57138,0.90542,0.32478,0,0,1.03468,2.07402,3.00732,3.79524,4.12686,3.33662,3.14214
674,"SMR","San Marino",NA,NA,NA,NA,NA,NA,NA,NA,NA,NA,NA,NA,NA,NA,NA,NA,NA,NA,NA,NA,NA,NA,NA,NA,NA,NA,NA,NA,NA,NA,NA,NA,NA,NA,NA,NA,NA,NA,NA,NA,NA,NA,NA,NA,NA,NA,NA,NA,NA,NA,NA,NA,NA,NA,NA,NA,NA
678,"STP","Sao Tome and Principe",0,0,0,0,0,0,0,0,0,0,0,0,0,0,0,0,0,0,0,0,0,0,0,0,0,0,0,0,0,0,0,0,0,0,0,0,0,0,0,0,0,0,0,0,0,0,0.0152,0.0152,0.0152,0.0152,0.0152,0.44468,0.96934,1.41314,1.86844,2.36576,2.43138
682,"SAU","Saudi Arabia",0,0,0,0,0,0,0,0,0,0,0,0,0.01804,0.12072,0.21516,0.75008,1.68196,2.8844,5.89884,9.31622,12.9123,17.5197,20.85554,21.89882,22.5578,22.39542,20.71744,20.33654,19.60898,18.10892,16.42096,15.37876,13.81938,12.8045,12.45366,12.96706,12.89054,12.82746,13.07506,13.45382,12.94942,12.9223,13.08452,11.8081,10.63896,10.23646,9.61654,9.234,10.14088,10.66272,11.05008,11.115,10.78508,10.50114,10.20346,9.41452,8.7538
686,"SEN","Senegal",0,0,0,0,0,0,0,0,0.0247,0.05644,0.0856,0.1224,0.3937,0.369,0.45484,0.42568,0.38888,0.11758,0.11758,0,0,0,0,0,0,0,0,0,0,0,0,0,0.04878,0.13838,0.13838,0.13838,0.13838,0.16234,0.07274,0.07274,0.07274,0.07274,0,0,0,0,0,0,0.05192,0.0969,0.0969,0.0969,0.26436,0.21244,0.16746,0.16746,0.16746
688,"SRB","Serbia",NA,NA,NA,NA,NA,NA,NA,NA,NA,NA,NA,NA,NA,NA,NA,NA,NA,NA,NA,NA,NA,NA,NA,NA,NA,NA,NA,NA,NA,NA,NA,NA,NA,NA,NA,NA,NA,NA,NA,NA,NA,3.1395,6.14315,4.71356666666667,4.531875,4.09158,4.17236,4.18322,5.25248,4.57472,4.80832,4.92448,4.33556,2.89542,3.73798,5.1164,5.28488
690,"SYC","Seychelles",0,0,0,0,0,0,0,0,0,0,0.0895599999999998,0.20378,0.20378,0.20378,0.20378,0.11422,0,0.22112,0.42782,1.18898,2.30718,3.6495,4.95768,6.8297,8.3932,10.25252,12.26058,14.02492,15.32962,16.57148,17.15132,17.13936,17.44542,17.5962,17.48868,16.47914,14.24484,11.83726,9.62644,7.43702,6.45158,6.80202,7.76754,8.1771,8.38756,8.15138,9.441,10.22516,10.74716,10.95978,13.08526,12.56658,12.31592,11.86062,13.23642,11.72214,11.35626
694,"SLE","Sierra Leone",0,0,0,0,0,0,0,0,0,0,0,0,0,0,0,0,0,0,0,0,0,0,0,0,0,0,0,0,0,0,0,0,0,0,0,0,0,0,0,0,0,0,0,0,0,0,0,0,0,0,0,0,0,0,0,0,0
702,"SGP","Singapore",106.50818,104.49116,104.5444,112.33792,124.17384,131.82512,145.6985,156.31812,166.22982,182.96208,201.3691,214.17184,234.75328,248.38268,250.1111,245.23692,240.4725,231.83146,227.01608,225.7126,231.43772,239.65898,257.52858,260.80882,294.81194,318.79184,327.17954,322.38718,331.38936,290.41866,254.73286,235.8125,210.3816,238.31056,277.66622,315.49632,334.6995,334.73364,301.84016,275.53604,252.06484,243.12568,264.16428,270.56062,283.1892,293.62128,301.35544,309.84304,317.92516,323.11638,330.88312,342.17454,355.40432,364.71956,373.17182,382.6918,390.7419
534,"SXM","Sint Maarten",NA,NA,NA,NA,NA,NA,NA,NA,NA,NA,NA,NA,NA,NA,NA,NA,NA,NA,NA,NA,NA,NA,NA,NA,NA,NA,NA,NA,NA,NA,NA,NA,NA,NA,NA,NA,NA,NA,NA,NA,NA,NA,NA,NA,NA,NA,NA,NA,NA,NA,NA,NA,NA,NA,NA,NA,NA
703,"SVK","Slovakia",NA,NA,NA,NA,NA,NA,NA,NA,NA,NA,NA,NA,NA,NA,NA,NA,NA,NA,NA,NA,NA,NA,NA,NA,NA,NA,NA,NA,6.74,5.4941,4.95743333333333,5.128825,4.84046,4.40146,4.05572,4.47934,4.0472,3.9413,4.11438,3.87602,2.85568,2.8093,3.0384,1.95632,1.69078,1.71362,1.06354,0.47018,0.47018,0.47018,0.26724,0.26724,0,0,0,0,0
705,"SVN","Slovenia",NA,NA,NA,NA,NA,NA,NA,NA,NA,NA,NA,NA,NA,NA,NA,NA,NA,NA,NA,NA,NA,NA,NA,NA,NA,NA,NA,33.0996,33.50865,34.0320666666667,33.985175,34.21354,35.0822,35.96184,36.99242,37.66644,37.8734,36.8327,36.45732,34.63688,32.78616,31.29584,30.25962,27.18886,24.72,22.64938,20.15714,18.22316,17.98202,17.44942,17.05174,16.7934,16.61462,15.93374,15.7012,15.27908,14.88358
90,"SLB","Solomon Islands",0,0,0,0,0,0,0,0,0,0,0,0,0,0,0,0,0,0,0,0,0,0,0,0,0,0,0,0,0,0,0,0,0,0,0,0,0,0,0,0,0,0,0,0,0,0,0,0,0,0,0,0,0,0,0,0,0
706,"SOM","Somalia",1.46532,1.52696,1.58426,1.65264,1.71374,1.7786,1.8541,1.8573,1.92654,1.96244,1.9811,1.96404,2.04498,2.08156,2.12694,2.15298,2.12662,2.04604,1.96486,1.85316,1.70966,1.64748,1.62534,1.56884,1.52422,1.49858,1.5755,1.61566,1.72928,1.77968,1.96788,2.06468,2.1608,2.2173,2.28806,2.20182,2.09286,1.98674,1.82994,1.76698,1.7934,1.85306,1.95818,1.99082,2.01288,1.91872,2.00144,1.86752,1.77784,1.76582,1.82184,1.76832,1.8644,1.97266,2.0063,2.07646,2.02708
710,"ZAF","South Africa",3.57158,4.23762,4.5153,5.20976,5.85816,6.20054,6.2955,6.72516,7.16058,7.34844,7.63282,8.04834,8.26174,8.3125,8.89642,9.38262,10.05954,10.91516,11.15942,11.14576,10.64664,9.61088,8.10184,7.20636,5.99042,5.34648,4.87256,5.07014,5.0428,4.83118,4.81774,4.63112,4.05404,3.58774,3.60526,2.93914,2.86254,2.83378,2.69922,2.6991,2.57616,2.59728,2.67326,2.42952,2.04338,2.12984,1.847,1.56752,1.77246,2.04488,2.66298,3.11612,3.03818,3.34518,3.68552,3.13616,2.93162
410,"KOR","South Korea",12.87306,13.87116,14.72756,14.06162,12.90572,13.76214,15.2097,16.60944,20.18698,24.66288,28.8441,27.56114,28.56712,28.27458,27.12312,25.82992,27.38774,25.5539,24.48218,23.77898,24.55468,26.6876,30.04852,32.0062,34.6236,36.1617,38.0003,38.89504,40.77294,41.47422,42.92216,43.12196,44.443,43.58078,42.21314,39.2794,35.72166,33.45698,32.8016,32.69906,33.5278,33.19848,32.4126,29.41516,28.05196,27.50504,29.04426,29.46612,33.49232,35.74672,36.98838,39.03106,41.2105,42.10424,43.16202,43.02294,42.73568
728,"SSD","South Sudan",NA,NA,NA,NA,NA,NA,NA,NA,NA,NA,NA,NA,NA,NA,NA,NA,NA,NA,NA,NA,NA,NA,NA,NA,NA,NA,NA,NA,NA,NA,NA,NA,NA,NA,NA,NA,NA,NA,NA,NA,NA,NA,NA,NA,NA,NA,NA,0.8225,0.8042,0.630466666666667,0.651,0.70138,0.74178,0.85534,1.03624,1.12314,1.15036
724,"ESP","Spain",6.31322,6.27266,6.44854,6.89614,7.15746,7.69296,8.22706,8.65098,9.21262,9.61868,9.4965,9.9771,9.6708,9.28612,9.21076,9.40176,8.72238,8.94494,8.95454,8.4653,8.44572,8.98846,9.17494,9.51678,10.2971,10.70142,10.65972,10.59564,10.6836,10.8141,11.4145,11.71202,12.2352,12.88316,13.62678,13.3108,13.7545,14.26226,13.86374,13.41174,13.69168,13.20492,12.85704,11.369,10.16974,9.06416,8.25922,7.78886,8.41242,9.00934,9.41792,9.86078,10.15622,10.3483,10.91872,10.94082,10.95208
144,"LKA","Sri Lanka",0.94534,0.96068,1.09446,1.30066,1.16694,0.95872,0.7969,0.5185,0.4954,0.4954,0.43804,0.35846,0.53958,0.38008,0.55258,0.7699,1.10332,1.2299,1.38534,1.85492,2.07452,2.1873,2.70628,3.10706,3.30514,3.00668,2.57002,1.88156,1.56242,0.76496,0.6265,0.81416,0.67594,0.27146,0.22876,0.22876,0,0,0,0,0,0.10486,0.50552,1.00422,1.1601,1.26266,1.6785,1.69884,1.20014,1.82944,1.72688,1.20618,0.78518,0.78518,0,0,0
275,"PSE","State of Palestine",NA,NA,NA,NA,NA,NA,NA,NA,NA,NA,NA,NA,NA,NA,NA,NA,NA,NA,NA,NA,NA,NA,NA,NA,NA,NA,NA,NA,NA,NA,NA,NA,NA,NA,NA,NA,NA,NA,NA,NA,NA,NA,NA,NA,NA,NA,NA,NA,NA,NA,NA,NA,NA,NA,NA,NA,NA
729,"SDN","Sudan",NA,NA,NA,NA,NA,NA,NA,NA,NA,NA,NA,NA,NA,NA,NA,NA,NA,NA,NA,NA,NA,NA,NA,NA,NA,NA,NA,NA,NA,NA,NA,NA,NA,NA,NA,NA,NA,NA,NA,NA,NA,NA,NA,NA,NA,NA,NA,0,0,0,0,0,0,0,0,0,0
740,"SUR","Suriname",0,0,0,0,0,0,0,0,0,0.33598,0.33598,0.49936,0.49936,0.49936,0.16338,0.16338,0,0,0.16902,0.16902,1.1274,1.9814,2.85716,2.68814,2.68814,1.86602,1.01202,0.13626,0.13626,0.13626,0,0,0,0.0410400000000003,0.0410400000000003,0.0410400000000003,0.0410400000000003,0.0410400000000003,0,0.18468,0.18468,0.18468,0.75072,9.15282,9.02628,9.32422,10.15126,11.32354,3.07918,3.07822,2.78028,1.95324,0.21492,0.05718,0,0,0
752,"SWE","Sweden",17.9577,18.61062,19.16896,19.75636,20.51702,21.10324,21.56118,22.06068,22.70486,21.86328,21.73934,21.51872,21.2679,20.39112,20.69312,20.21372,19.60216,18.7445,18.13738,16.89186,15.63028,14.15414,13.09166,11.8072,10.91568,9.75072,8.98216,8.48178,7.82102,7.92492,8.23344,8.2035,7.73232,7.5637,6.95486,6.3421,5.94132,5.57612,5.27518,4.81464,4.60222,4.63034,4.47332,4.07988,3.2614,3.04234,2.58272,2.19762,2.0771,2.42118,2.0213,1.9892,1.95186,2.62484,2.50152,2.88502,3.04212
756,"CHE","Switzerland",63.63616,64.41044,65.72158,66.85942,68.60846,69.53154,70.62548,71.19282,72.09128,70.57014,68.92472,68.47084,67.90056,66.36156,66.95246,67.6826,66.0105,64.34112,62.80764,60.41854,57.81614,56.45772,55.46884,53.55614,51.9548,50.84736,49.58362,47.23898,45.52028,43.62134,41.082,38.48854,36.7369,35.16394,33.64516,31.36026,30.35418,29.17116,28.22238,27.3238,27.76522,27.88756,27.98722,27.80746,27.62158,27.91782,27.24238,26.62578,26.61012,26.5988,26.27696,27.26648,27.18948,26.97752,27.0566,26.69286,26.00294
760,"SYR","Syria",0,0,0,0,0,0,0,0,0,0,0,0,0,0,0.21924,0.21924,0.21924,0.35148,0.61826,1.17412,1.82126,2.50386,3.33968,3.70974,3.89998,4.20518,4.59392,4.68716,5.08402,4.95162,4.26756,3.74166,3.43154,2.55802,2.44162,2.8207,2.27526,1.52408,1.46966,1.04692,0.86778,0.98714,1.37032,1.86156,1.64776,1.17954,1.09698,0.7138,0.1168,0.0368,0.0368,0,0,0,0,0,0
158,"TWN","Taiwan",62.49136,61.74058,60.96498,59.97518,59.5588,59.52948,59.48356,59.58396,60.06022,59.86508,59.57458,59.27468,58.91294,58.76558,59.24628,60.24306,61.2449,62.38956,63.24838,64.53002,65.41788,66.57664,67.65444,68.45628,69.11774,70.06616,70.8431,72.1826,73.4842,74.8991,75.84826,77.0141,77.71796,78.53124,78.46568,78.9094,79.3073,79.26572,79.95138,80.99114,81.18418,82.37524,83.58996,82.0821,80.1034,78.90706,75.85472,73.37418,73.19626,72.85306,71.8352,72.01566,70.46466,68.41582,66.63386,65.6905,63.0394
762,"TJK","Tajikistan",NA,NA,NA,NA,NA,NA,NA,NA,NA,NA,NA,NA,NA,NA,NA,NA,NA,NA,NA,NA,NA,NA,NA,NA,NA,NA,NA,24.7974,17.45335,15.1307666666667,14.25475,13.91116,9.3972,7.9609,6.83668,5.51996,3.99266,4.40048,3.88108,3.11162,2.62414,2.32196,1.46862,1.5765,1.53476,1.1109,0.52744,0.59846,0.599300000000001,0.87962,1.30726,1.8911,2.5579,3.21386,3.68924,4.12626,3.7595
834,"TZA","Tanzania",0,0,0,0,0,0,0,0,0,0,0,0,0,0,0,0,0,0,0,0,0,0,0,0,0,0,0,0,0,0,0,0,0,0,0,0,0,0,0,0,0,0,0,0,0,0,0,0,0,0,0,0,0,0,0,0,0
764,"THA","Thailand",0,0,0.1503,0.3102,0.45924,0.50498,0.5091,0.59886,0.48994,0.4113,0.42064,0.44232,0.36916,0.5231,0.72272,0.7609,0.82494,0.66528,0.5906,0.33146,0.2382,0.25094,0.42834,0.53956,0.70404,1.58364,2.09296,2.76498,3.90918,4.78988,5.19014,5.70672,5.88944,5.67356,5.53358,4.89408,4.57086,4.19398,3.86598,3.7219,3.50654,3.33088,3.22856,2.64018,1.86818,1.78658,1.48514,1.30704,1.86638,2.70978,3.10488,3.43352,3.70594,3.15266,2.51704,2.16756,1.85858
626,"TLS","Timor-Leste",7.84894,8.23272,8.29436,8.3556,8.24346,8.01414,7.8363,8.09302,8.12164,8.14716,7.74604,6.92182,5.70374,4.35298,2.798,1.6507,0.79286,0.2678,0.0823399999999999,0.16678,0.3421,0.54942,0.76014,0.91746,1.16078,1.25072,1.29732,1.49656,1.58914,1.63046,1.87752,2.19916,2.47386,3.0328,3.21392,3.3117,3.63376,3.74024,3.62432,3.7803,3.82794,3.54426,3.53904,3.43554,3.16032,2.89748,3.09618,3.1045,3.22806,3.5592,4.1157,4.42744,4.76926,5.16838,5.8678,6.1333,6.08242
768,"TGO","Togo",0,0,0,0,0,0,0,0,0,0,0,0,0,0,0,0,0,0,0,0,0,0,0,0,0,0,0,0,0,0,0.0177,0.0177,0.0177,0.0177,0.0177,0,0,0,0,0,0,0,0,0,0,0,0,0,0,0,0,0.00830000000000002,0.00830000000000002,0.0120200000000001,0.0120200000000001,0.0120200000000001,0.00372000000000003
776,"TON","Tonga",0,0,0,0,0,0,0,0,0,0,0,0,0,0.0747199999999999,0.1723,0.1723,0.3082,1.05636,1.36462,1.26704,1.65236,1.77082,2.05294,3.26252,4.40048,5.20812,6.17604,6.29252,5.5602,5.26828,4.77782,4.24914,3.80036,3.52594,3.26994,3.15734,3.0459,2.90994,2.89338,2.87522,2.85668,2.49074,1.92872,1.35946,0.78758,0.21622,0,0,0,0.61074,0.82962,1.37396,1.88746,2.48206,2.53644,3.0044,3.2157
780,"TTO","Trinidad and Tobago",0,0,0,0,0,0,0,0,0,0,0,0,0,0.32934,0.91462,1.74148,2.382,3.4788,7.97358,8.96146,10.60392,11.38752,13.02348,8.83106,8.30338,6.583,6.5048,5.2651,6.11232,6.72056,8.21,9.01674,9.7582,10.30332,10.5104,10.89216,12.77388,16.08482,19.69556,23.7155,27.27698,28.75032,28.83454,29.72338,30.9431,31.7879,33.72976,35.7038,37.2127,38.02502,39.03018,39.72032,40.62798,41.19642,42.01792,43.20824,44.33222
788,"TUN","Tunisia",0.1664,0.2363,0.17638,0.26422,0.5225,0.62084,0.5136,0.45426,0.36642,0.14108,0.0427400000000001,0.19874,0.26008,0.45288,0.62962,0.809,1.20268,1.55952,1.70276,1.9161,2.12358,2.20202,2.17664,2.57388,2.64926,2.52288,1.89476,1.77646,1.15714,1.12558,1.27766,1.27766,1.36368,1.46778,1.11972,1.15218,1.61848,1.79822,1.59352,1.75206,1.47096,1.16388,0.8108,0.88864,0.82404,1.06248,1.22384,1.25774,1.50906,1.68892,1.56108,1.76456,1.90578,1.8145,1.86102,1.5865,1.44262
792,"TUR","Turkiye",0,0,0,0,0.0319599999999999,0.0319599999999999,0.0319599999999999,0.0599,0.33724,0.31656,0.6485,1.40946,2.27016,3.17622,4.1924,4.65848,4.5282,4.44416,4.32202,4.08662,3.79022,3.67362,3.57306,2.81786,2.92162,3.16558,3.3994,3.61554,4.58938,3.97628,3.90658,3.73074,3.47862,3.0219,3.56736,3.54828,3.26322,2.7467,2.41344,2.07132,1.90408,2.13112,2.43626,1.94634,2.10706,2.05284,1.6051,1.44322,1.96888,1.79788,1.73136,2.87494,3.5592,3.24312,3.54788,4.25558,3.72784
795,"TKM","Turkmenistan",NA,NA,NA,NA,NA,NA,NA,NA,NA,NA,NA,NA,NA,NA,NA,NA,NA,NA,NA,NA,NA,NA,NA,NA,NA,NA,NA,10.8098,5.8665,3.911,2.93325,3.3986,1.23664,1.052,1.052,1.052,0,0,0,0,0,0,0.0977199999999998,0.34106,0.39796,0.39796,0.414539999999999,0.8709,1.28468,1.75112,3.0239,3.85586,4.54678,5.80642,6.94612,6.87096,7.3487
796,"TCA","Turks and Caicos Islands",NA,NA,NA,NA,NA,NA,NA,NA,NA,NA,NA,NA,NA,NA,NA,NA,NA,NA,NA,NA,NA,NA,NA,NA,NA,NA,NA,NA,NA,NA,NA,NA,NA,NA,NA,NA,NA,NA,NA,NA,NA,NA,NA,NA,NA,NA,NA,NA,NA,NA,NA,NA,NA,NA,NA,NA,NA
798,"TUV","Tuvalu",3.96808,3.95582,4.07626,4.2767,4.59226,4.96716,5.0691,5.65396,6.21108,5.80688,6.11504,6.78476,6.71176,5.82002,5.8462,5.25232,4.44658,4.72624,5.57434,6.70442,8.06908,9.6068,9.97402,10.7077,11.94936,12.85036,13.78186,15.27124,16.4801,16.99576,17.40332,17.76758,17.88244,18.08236,18.29148,18.46978,19.35294,20.24118,21.12994,21.9205,22.71286,22.76868,22.52308,22.38462,22.2786,22.25856,22.18738,22.2737,22.27616,22.20838,22.24064,22.32022,22.47746,22.72422,22.6917,22.61358,22.6706
800,"UGA","Uganda",0,0,0,0,0,0,0,0,0,0,0,0,0,0,0,0,0,0,0,0,0,0,0,0,0,0,0,0,0,0,0,0,0,0,0,0,0,0,0,0,0,0,0,0,0,0,0,0,0,0,0,0,0,0,0,0,0
804,"UKR","Ukraine",NA,NA,NA,NA,NA,NA,NA,NA,NA,NA,NA,NA,NA,NA,NA,NA,NA,NA,NA,NA,NA,NA,NA,NA,NA,NA,NA,8.8137,6.44855,5.50363333333333,4.871675,4.51392,3.04056,2.49508,2.02028,1.58558,0.969,0.67962,0.41492,0.16696,0.00649999999999995,0.00649999999999995,0.0240400000000001,0.0175400000000002,0.0175400000000002,0.0175400000000002,0.0175400000000002,0,0,0,0,0,0,0,0,0,0
784,"ARE","United Arab Emirates",2.14648,1.90804,1.68488,1.4403,1.16988,0.90062,0.76592,0.7179,0.5744,0.5413,0.61774,0.5699,1.89138,3.41626,6.22122,7.95838,10.62278,11.68182,11.73836,9.94676,9.81174,7.81692,7.5143,9.19464,11.14402,10.86696,11.46008,10.03388,11.44412,11.45096,13.60492,15.24038,17.2283,16.27482,14.45188,11.24256,9.49938,8.27436,6.28506,6.7397,7.9847,7.81852,7.22732,6.47412,7.72982,8.8217,11.99678,15.89586,20.18778,21.3621,23.25912,23.80368,23.66766,23.3394,23.48284,23.11834,22.67962
826,"GBR","United Kingdom",24.64514,24.13062,24.09904,23.89296,24.06032,25.17298,25.61236,26.00344,26.72248,26.14476,25.41882,25.22932,24.59296,23.80128,24.48462,23.9787,23.58698,23.2741,23.00056,21.58172,20.96592,20.13136,19.70644,18.95418,18.8747,18.38382,17.7308,16.9599,17.12328,17.75252,18.3245,18.83164,19.27334,18.38058,16.88996,15.32418,14.6273,13.31794,12.61476,11.9557,11.60634,10.35872,9.90796,8.20626,6.76576,5.81694,4.89206,4.34362,4.9689,4.91382,4.55678,4.94404,4.61066,4.5734,4.54782,5.36992,4.92314
840,"USA","United States of America",5.81684,6.32872,6.79296,7.17716,7.34274,7.60532,7.5637,7.5589,7.51318,7.56944,7.46168,7.65306,7.48774,7.46166,7.22534,7.24476,6.59134,5.92766,5.91216,5.64432,4.82588,4.56082,4.69996,4.43788,4.4061,4.54998,4.5982,4.35322,4.20554,3.79326,3.9076,3.85926,3.94586,3.45676,3.47852,3.07072,3.00732,3.03578,3.32304,3.20276,3.1574,3.11728,2.7212,1.89096,1.60802,1.40546,1.20066,1.56434,1.93212,1.7604,1.5475,1.11618,0.462759999999999,0.0949799999999996,0.34714,0.31724,0.31724
858,"URY","Uruguay",4.18674,4.87628,5.65458,6.7469,7.44812,8.44394,9.94084,11.37206,11.37874,11.36672,10.97144,10.28856,9.80158,9.94518,11.44482,13.03742,13.1715,12.92158,12.09078,10.65974,9.9086,9.97644,10.4197,11.17944,11.82998,11.99148,12.5478,12.55102,13.58348,13.23794,12.8677,15.55498,17.3941,17.9741,18.75444,19.6386,17.41262,16.30124,16.90038,18.2317,19.91724,20.73674,22.2198,20.69466,18.80394,16.39644,15.308,13.2201,15.25704,15.7691,14.9931,14.56226,15.0344,14.15832,13.7131,15.6902,17.48172
860,"UZB","Uzbekistan",NA,NA,NA,NA,NA,NA,NA,NA,NA,NA,NA,NA,NA,NA,NA,NA,NA,NA,NA,NA,NA,NA,NA,NA,NA,NA,NA,17.1573,16.9679,13.0913333333333,11.01375,10.4231,7.84658,5.86114,5.90928,6.0349,5.54886,6.00892,5.69702,5.47302,4.75456,4.56062,4.22614,4.527,5.16534,6.45492,7.20858,8.03732,8.45094,8.95956,9.4358,10.35902,11.55762,12.73478,13.60234,14.4311,13.71392
548,"VUT","Vanuatu",0,0,0,0,0,0,0,0,0,0,0,0,0,0,0,0,0,0,0,0,0,0,0,0,0,0,0,0,0,0,0,0,0,0,0,0,0,0,0,0,0,0,0,0,0,0,0,0,0,0,0,0,0,0,0,0,0
862,"VEN","Venezuela",1.58444,1.59924,1.65172,1.72154,1.7485,1.87998,2.1065,2.54352,2.919,3.62462,4.21298,4.86956,5.26432,5.96464,6.55538,7.24338,7.25938,7.4565,7.38172,7.87742,8.90502,10.87612,13.42672,16.28572,17.39122,17.18214,16.44458,14.6283,12.41384,10.80548,9.9748,9.18702,8.62278,7.99424,7.71284,7.26616,6.92042,6.69592,6.45084,6.17398,6.19902,6.03838,6.33174,6.87624,7.43128,7.89028,8.74722,9.73426,11.2695,12.93178,14.53554,14.87834,14.61902,13.56924,11.32338,9.30312,7.95072
704,"VNM","Viet Nam",4.50014,4.19398,3.76762,2.8642,2.78686,2.6331,3.63034,4.04756,4.73606,5.38538,5.45466,4.51326,5.06932,5.68234,4.15452,3.11312,2.62248,1.35856,0,0,0.48328,0.69226,0.954879999999999,1.60076,1.95106,1.90452,2.62954,3.62188,3.91636,5.41798,7.75518,10.08764,12.02126,14.20884,15.79524,16.78564,16.9539,17.27728,18.2969,18.94372,19.653,21.30886,23.35882,23.57506,24.7027,24.44008,23.33354,21.55182,21.12154,20.42996,20.21684,20.37664,21.03424,21.01688,19.58138,19.13202,18.4048
876,"WLF","Wallis and Futuna Islands",NA,NA,NA,NA,NA,NA,NA,NA,NA,NA,NA,NA,NA,NA,NA,NA,NA,NA,NA,NA,NA,NA,NA,NA,NA,NA,NA,NA,NA,NA,NA,NA,NA,NA,NA,NA,NA,NA,NA,NA,NA,NA,NA,NA,NA,NA,NA,NA,NA,NA,NA,NA,NA,NA,NA,NA,NA
732,"ESH","Western Sahara",NA,NA,NA,NA,NA,NA,NA,NA,NA,NA,NA,NA,NA,NA,NA,NA,NA,NA,NA,NA,NA,NA,NA,NA,NA,NA,NA,NA,NA,NA,NA,NA,NA,NA,NA,NA,NA,NA,NA,NA,NA,NA,NA,NA,NA,NA,NA,NA,NA,NA,NA,NA,NA,NA,NA,NA,NA
887,"YEM","Yemen",0,0,0,0,0,0,0,0,0,0,0,0,0,0,0,0,0,0,0,0,0,0,0,0,0,0,0,0,0,0,0,0,0,0,0,0,0,0,0,0,0,0,0,0,0,0,0,0,0,0,0,0,0,0,0,0,0
894,"ZMB","Zambia",0,0,0.00394000000000001,0.00394000000000001,0.00394000000000001,0.09828,0.22896,0.29798,0.45232,0.66958,0.70982,0.72008,0.9224,0.96468,1.10118,1.49978,1.90948,2.28472,2.47804,2.36728,2.186,1.88092,1.73854,1.59984,1.54742,1.44992,1.43552,1.40284,1.38048,1.3492,1.33374,1.19828,0.90774,0.92508,0.89106,0.79408,0.8523,0.93084,0.7938,0.67724,0.53528,0.38136,0.1179,0.00872000000000002,0,0,0,0,0.28948,0.60366,1.0275,1.34606,1.49638,1.58472,2.02706,2.3148,2.26294
716,"ZWE","Zimbabwe",1.5193,1.51114,1.75278,2.03076,2.18394,2.5462,2.71912,2.83644,3.63666,3.983,4.10284,4.31182,4.1831,3.29256,3.28816,3.2926,3.0747,3.29376,3.77744,3.63546,3.1569,3.00276,2.98666,2.26224,2.09648,2.20544,2.37968,2.61808,2.96016,2.95354,3.15142,2.85774,2.53668,2.54112,2.62178,2.41116,2.41932,2.52642,2.27526,1.76286,1.27326,1.0746,0.43604,0.19056,0.47912,0.85012,1.10174,1.2002,1.4013,1.38302,1.34504,1.71202,1.85616,1.78002,2.1161,2.41706,2.50258
