"code","iso","country","PTI.raw.1961","PTI.raw.1962","PTI.raw.1963","PTI.raw.1964","PTI.raw.1965","PTI.raw.1966","PTI.raw.1967","PTI.raw.1968","PTI.raw.1969","PTI.raw.1970","PTI.raw.1971","PTI.raw.1972","PTI.raw.1973","PTI.raw.1974","PTI.raw.1975","PTI.raw.1976","PTI.raw.1977","PTI.raw.1978","PTI.raw.1979","PTI.raw.1980","PTI.raw.1981","PTI.raw.1982","PTI.raw.1983","PTI.raw.1984","PTI.raw.1985","PTI.raw.1986","PTI.raw.1987","PTI.raw.1988","PTI.raw.1989","PTI.raw.1990","PTI.raw.1991","PTI.raw.1992","PTI.raw.1993","PTI.raw.1994","PTI.raw.1995","PTI.raw.1996","PTI.raw.1997","PTI.raw.1998","PTI.raw.1999","PTI.raw.2000","PTI.raw.2001","PTI.raw.2002","PTI.raw.2003","PTI.raw.2004","PTI.raw.2005","PTI.raw.2006","PTI.raw.2007","PTI.raw.2008","PTI.raw.2009","PTI.raw.2010","PTI.raw.2011","PTI.raw.2012","PTI.raw.2013","PTI.raw.2014","PTI.raw.2015","PTI.raw.2016","PTI.raw.2017","PTI.raw.2018","PTI.raw.2019","PTI.raw.2020","PTI.raw.2021"
4,"AFG","Afghanistan",1.294,1.3072,1.3267,1.3492,1.3881,1.4609,1.5053,1.5483,1.5977,1.6719,1.7746,1.8006,1.5906,1.8422,1.9155,2.2948,2.3631,2.3871,2.2618,2.0827,2.1486,2.1441,2.3667,2.2166,2.0948,1.7136,2.3163,1.2926,1.2724,0.9884,1.3128,1.3593,1.3203,1.3108,1.2966,1.3816,1.4328,1.45,1.5866,1.3335,1.2797,1.414,1.6328,1.7257,1.782,1.6294,1.5101,1.6834,1.8019,2.0052,2.1936,1.8258,1.8618,1.9766,2.2334,2.2669,2.7558,2.5583,3.098,2.9693,1.9626
8,"ALB","Albania",11.7075,11.6118,11.2394,12.0496,13.5273,13.0879,14.4084,20.4072,21.3555,21.7385,21.3573,21.8273,21.535,23.5003,23.9288,22.3321,21.5655,23.2889,21.9192,21.0607,13.4426,27.5019,25.1491,20.7476,20.444,20.8783,26.941,26.2604,26.2761,26.6603,15.2703,15.3512,11.5976,15.0429,14.7237,14.2825,13.5558,16.5874,15.4591,15.9687,16.7481,20.1616,20.8722,21.652,23.0651,19.622,18.4733,17.7396,18.2785,19.2311,20.5115,20.3521,20.2623,21.1992,22.3397,24.7933,22.1601,17.2491,18.5783,20.6395,19.0198
12,"DZA","Algeria",1.5144,1.6053,1.3358,1.3512,1.0629,1.4082,1.4709,1.7326,2.1509,3.1059,4.4652,5.0417,4.8457,4.0849,3.9104,4.7083,4.4041,4.4201,4.4959,6.3324,4.1964,3.5357,4.2303,5.1417,7.358,5.8941,5.973,3.4513,2.8254,2.1938,1.9611,1.9653,2.0845,2.1916,1.1767,0.9736,2.0525,1.9588,1.6288,1.6197,1.9612,1.6933,1.3401,2.5127,2.0295,1.854,2.3436,1.2758,2.8382,2.0895,2.277,3.2854,4.0136,4.343,3.6972,3.3965,3.2736,3.6039,3.7867,4.0056,3.1006
20,"AND","Andorra",NA,NA,NA,NA,NA,NA,NA,NA,NA,NA,NA,NA,NA,NA,NA,NA,NA,NA,NA,NA,NA,NA,NA,NA,NA,NA,NA,NA,NA,NA,NA,NA,NA,NA,NA,NA,NA,NA,NA,NA,NA,NA,NA,NA,NA,NA,NA,NA,NA,NA,NA,NA,NA,NA,NA,NA,NA,NA,NA,NA,NA
24,"AGO","Angola",0.5468,0.5515,0.5703,0.6084,0.6282,0.6448,0.6653,0.821,0.9679,1.0636,1.6085,1.4426,1.3472,1.1359,0.8848,0.8619,2.0114,1.6906,1.2314,1.503,1.6802,1.3291,1.6408,1.4939,2.1495,1.7084,1.6279,2.1659,2.3817,1.9552,1.5597,1.642,1.6254,1.8966,1.6231,1.5186,1.5284,1.5249,1.4813,1.4812,1.5065,1.565,1.5879,1.9634,1.7499,1.8786,2.1214,2.4875,2.4201,2.8536,3.4563,2.8093,3.0619,3.0498,2.984,2.7841,3.2031,2.8829,3.3079,3.2826,3.2667
660,"AIA","Anguilla",NA,NA,NA,NA,NA,NA,NA,NA,NA,NA,NA,NA,NA,NA,NA,NA,NA,NA,NA,NA,NA,NA,NA,NA,NA,NA,NA,NA,NA,NA,NA,NA,NA,NA,NA,NA,NA,NA,NA,NA,NA,NA,NA,NA,NA,NA,NA,NA,NA,NA,NA,NA,NA,NA,NA,NA,NA,NA,NA,NA,NA
28,"ATG","Antigua and Barbuda",4.3185,5.0628,5.0696,5.4965,6.4671,6.4945,6.7247,7.1415,7.2643,7.3275,7.0828,7.7806,7.8082,6.4383,6.1979,6.3107,6.7978,7.9137,9.3808,10.1984,9.4327,9.7398,9.9888,12.216,12.945,12.9817,12.9818,13.1311,12.2365,12.0913,14.0318,14.1111,14.1302,14.1504,14.1181,12.5449,12.7884,13.0503,14.8204,13.1736,13.5795,13.7031,15.3006,13.8047,13.2023,13.2073,11.6498,12.0882,12.8271,10.1598,10.8566,10.9752,10.8805,10.8205,10.7447,10.5404,10.7414,10.6359,11.6059,12.3858,11.7771
32,"ARG","Argentina",1.8346,1.5561,1.6188,1.6861,1.727,1.904,1.8481,1.7916,2.0005,1.9098,1.9307,2.0143,1.9308,1.8339,1.9126,2.0744,1.792,1.9571,2.3164,2.2275,2.0529,2.2373,2.2889,2.2221,2.2356,2.2143,2.3433,2.134,1.8931,1.9454,1.9614,2.3623,2.7242,3.4655,3.8517,5.5473,5.54,5.8719,5.8956,5.6686,5.676,5.2179,6.2646,7.5914,6.6153,7.1102,8.5417,5.9935,5.1854,7.5955,8.227,6.8899,7.004,6.7957,5.3492,7.9089,7.3032,7.6796,8.3137,9.0894,9.3123
51,"ARM","Armenia",NA,NA,NA,NA,NA,NA,NA,NA,NA,NA,NA,NA,NA,NA,NA,NA,NA,NA,NA,NA,NA,NA,NA,NA,NA,NA,NA,NA,NA,NA,NA,7.5626,5.5321,4.981,4.5925,4.0584,3.4687,3.0718,2.8858,2.3651,1.931,1.7357,1.8783,2.8326,1.8225,2.1232,2.2601,1.795,1.7181,1.905,2.2472,1.9659,2.602,3.5627,3.0737,2.8232,2.5542,2.5207,2.8944,3.1663,2.8112
533,"ABW","Aruba",NA,NA,NA,NA,NA,NA,NA,NA,NA,NA,NA,NA,NA,NA,NA,NA,NA,NA,NA,NA,NA,NA,NA,NA,NA,NA,NA,NA,NA,NA,NA,NA,NA,NA,NA,NA,NA,NA,NA,NA,NA,NA,NA,NA,NA,NA,NA,NA,NA,NA,NA,NA,NA,NA,NA,NA,NA,NA,NA,NA,NA
36,"AUS","Australia",13.821,12.5887,13.643,17.1344,17.9719,16.9654,15.124,14.2737,14.3912,13.8719,17.1691,20.4042,25.3591,13.494,13.9241,17.887,18.3564,18.0594,17.8365,16.3284,15.4425,13.4167,13.3305,12.0921,11.3925,12.1967,15.0621,15.7812,15.4354,12.2174,13.8418,16.5932,15.6009,17.6278,19.331,17.4333,17.6211,16.5355,15.5766,15.9158,16.4655,15.3266,14.717,14.5245,13.3248,13.8863,14.3707,11.7894,8.5468,11.0709,9.5836,9.3107,9.2629,9.8384,10.3706,10.3967,11.0649,10.3306,10.4559,10.6495,11.4565
40,"AUT","Austria",38.9642,41.7159,45.6804,45.6065,46.3771,46.3775,50.5697,45.4028,51.8364,46.2227,50.0208,46.9793,48.6789,40.3247,37.93,40.9288,42.6453,42.0417,44.0253,43.5418,41.0616,39.7427,45.7696,45.9448,45.0573,40.3446,39.3229,39.909,36.9484,40.0906,38.571,37.3137,36.704,34.5699,32.9034,34.0108,34.5349,34.0399,32.4631,31.0576,30.7141,30.4593,28.787,28.0981,26.8607,26.7655,27.4009,25.9189,22.4864,25.2826,27.0741,26.2175,26.6424,27.341,25.7281,26.4635,25.549,25.2299,25.826,26.1183,24.3343
31,"AZE","Azerbaijan",NA,NA,NA,NA,NA,NA,NA,NA,NA,NA,NA,NA,NA,NA,NA,NA,NA,NA,NA,NA,NA,NA,NA,NA,NA,NA,NA,NA,NA,NA,NA,5.8972,4.5489,3.7503,3.0038,2.3203,1.6546,1.682,1.3912,1.6164,1.611,1.6005,1.3491,1.4187,2.0561,1.836,1.6687,2.7261,2.0805,1.896,2.1086,2.5158,3.2234,4.2808,3.5144,3.4461,3.1794,3.9943,7.7844,6.2451,2.0782
44,"BHS","Bahamas",17.6462,17.8831,17.9909,18.2117,18.9699,20.0485,25.0672,26.4421,25.6557,27.413,30.0862,32.2073,35.5535,30.8644,26.6399,37.5009,41.8114,29.6865,27.8577,23.7929,30.8475,39.7654,44.2095,34.9315,20.3923,20.3182,20.8033,20.9473,21.9169,21.6802,18.8245,19.1912,18.2838,17.9965,25.0529,30.0554,26.1354,35.8947,22.5871,19.7221,25.0987,25.7643,28.6927,29.3058,29.7563,30.1474,30.4945,30.9055,31.33,28.5813,26.4268,26.6779,27.5288,25.8868,30.9169,31.8243,33.7058,29.4331,30.4749,22.7626,22.8354
48,"BHR","Bahrain",1.0203,1.0283,1.0361,1.0439,1.0551,1.139,1.1423,1.1423,1.1581,1.1961,1.2599,1.4152,1.5139,1.7872,2.7865,2.9179,3.3032,3.2235,3.7822,4.7764,5.5351,6.6164,11.5963,11.2269,14.2007,24.0464,9.0425,9.2884,13.9099,16.1961,18.7504,18.8427,18.9161,18.9552,18.9279,18.9839,19.0776,27.0757,15.2118,13.0925,11.8041,10.0882,10.2191,10.2937,10.4624,10.7623,14.6136,9.6773,9.5041,11.1607,12.6893,15.1409,16.7035,16.9338,16.8502,24.6452,19.6921,19.0677,24.8678,18.4454,18.6888
50,"BGD","Bangladesh",2.1584,2.2669,2.8087,2.894,2.8705,3.2903,3.59,3.8957,4.2575,4.5554,4.1777,4.6663,4.6621,4.3992,5.2093,5.6135,7.0324,7.9811,8.877,8.0674,8.1361,8.5242,10.1966,9.8377,9.0199,9.8696,11.009,11.2601,12.5854,13.4616,12.8284,13.8076,11.0154,11.4156,11.7473,9.6642,9.7076,11.8406,14.0651,16.4223,16.8264,18.3436,16.6132,19.0796,20.2114,19.3294,17.1184,9.8632,16.9241,21.7375,29.3257,31.3079,32.5942,35.1699,36.7928,36.8495,36.7687,39.5986,41.7531,44.6008,57.4591
52,"BRB","Barbados",8.352,9.8148,10.0372,10.4021,9.169,11.9203,23.233,20.9537,25.4934,27.2589,27.8996,15.7292,16.7205,21.0102,23.0604,44.7972,39.8321,42.4963,42.238,43.0685,43.5477,43.8703,53.9811,51.7794,41.9307,48.2899,26.0888,27.1912,23.8678,23.8904,23.7473,21.4892,21.1528,21.8558,22.7398,23.6284,23.6178,23.4807,24.6019,23.7446,21.7873,17.845,29.1986,21.1665,25.1954,39.9602,40.064,27.7244,35.0852,63.1645,35.3151,55.5927,31.241,33.454,42.6073,65.1304,55.6663,53.134,51.0404,52.0724,51.9168
112,"BLR","Belarus",NA,NA,NA,NA,NA,NA,NA,NA,NA,NA,NA,NA,NA,NA,NA,NA,NA,NA,NA,NA,NA,NA,NA,NA,NA,NA,NA,NA,NA,NA,NA,28.9367,24.0899,11.446,11.0351,13.791,13.9349,13.8318,9.332,11.8059,10.6913,11.4846,11.9905,14.0882,16.2436,19.3579,20.8197,21.9618,23.916,23.7854,28.2611,23.7466,22.3274,18.2535,17.0955,12.9604,13.0375,14.6468,13.4661,14.4731,13.9796
56,"BEL","Belgium",NA,NA,NA,NA,NA,NA,NA,NA,NA,NA,NA,NA,NA,NA,NA,NA,NA,NA,NA,NA,NA,NA,NA,NA,NA,NA,NA,NA,NA,NA,NA,NA,NA,NA,NA,NA,NA,NA,NA,61.8266,61.5479,61.2025,59.0315,61.1495,60.6018,58.9357,57.8147,46.579,48.6651,49.9671,49.9883,51.0655,49.8388,47.4377,47.5551,44.0421,43.6429,43.7686,43.4901,43.0251,41.6507
84,"BLZ","Belize",4.112,7.3522,8.6097,2.712,8.9162,10.5452,11.9858,12.1951,12.1195,14.8239,6.7274,8.9942,17.1043,11.6846,14.3211,7.9035,5.4627,9.0522,8.1925,9.3614,6.8444,6.2347,7.3443,7.7587,8.1643,12.5028,11.4,9.5728,9.145,11.9018,13.2255,14.6469,16.036,8.4012,14.1122,7.8544,12.8266,13.7241,14.0646,10.1969,12.3557,44.2559,21.8729,12.7492,8.3927,16.1351,8.4364,8.737,13.2532,7.2546,48.6852,15.9257,35.4172,30.2174,43.0944,48.3771,38.4797,45.6353,53.618,42.4126,43.0319
204,"BEN","Benin",1.1599,1.2695,1.371,1.4784,1.515,1.33,1.593,1.3491,1.4054,1.5325,1.6533,1.7,1.7005,1.6881,1.4225,1.3771,1.301,1.3479,1.3907,1.4143,1.5097,1.8099,1.9503,2.1735,3.1965,2.7638,2.7281,2.0332,1.5475,2.177,2.5995,2.969,3.0305,3.0054,4.7451,3.4734,3.4627,3.2809,2.4076,2.6094,2.0454,2.4623,0.908,0.8726,0.9532,0.9389,0.9832,0.8885,1.5721,2.3671,1.3159,2.1014,1.4135,1.3653,0.9323,1.8404,0.998,4.5776,6.7004,4.7194,4.7236
60,"BMU","Bermuda",NA,NA,NA,NA,NA,NA,NA,NA,NA,NA,NA,NA,NA,NA,NA,NA,NA,NA,NA,NA,NA,NA,NA,NA,NA,NA,NA,NA,NA,NA,NA,NA,NA,NA,NA,NA,NA,NA,NA,NA,NA,NA,NA,NA,NA,NA,NA,NA,NA,NA,NA,NA,NA,NA,NA,NA,NA,NA,NA,NA,NA
64,"BTN","Bhutan",2.1563,2.2135,2.2655,2.3224,2.3569,2.4043,2.4598,2.4884,2.5368,2.3837,2.431,2.4634,2.5069,2.4565,2.5349,2.5091,2.5843,2.6615,2.631,2.5832,2.683,2.7152,2.6617,2.6757,2.801,2.991,3.0211,3.0941,3.2844,3.3519,3.0791,2.8251,2.8188,2.7625,2.8785,2.7957,2.7003,2.7336,2.8652,2.5947,2.4228,2.3877,2.4045,2.4572,2.5029,2.8963,3.1756,4.6103,5.0622,4.0045,4.4473,4.1104,4.5041,4.6821,4.8701,5.5994,5.701,5.9359,6.3081,6.2489,6.209
68,"BOL","Bolivia",2.2568,2.3153,2.3715,2.3795,2.4582,2.4946,2.5018,2.6493,2.9872,2.9392,3.0644,3.1453,3.4524,3.5213,3.5684,3.6909,3.7784,4.1113,3.7981,4.0334,4.5779,4.0684,5.0794,4.1343,4.3519,4.457,4.2326,4.5169,5.5337,3.5051,3.9564,4.8062,4.9061,4.648,4.214,4.3481,4.7092,4.2185,4.0222,4.2036,4.4695,4.5624,4.2983,4.4991,4.8408,4.6431,5.2827,4.9963,5.4008,5.9757,5.7887,5.8863,6.2349,5.9903,6.1587,5.9586,6.6735,6.2839,6.027,6.9165,6.6322
70,"BIH","Bosnia and Herzegovina",NA,NA,NA,NA,NA,NA,NA,NA,NA,NA,NA,NA,NA,NA,NA,NA,NA,NA,NA,NA,NA,NA,NA,NA,NA,NA,NA,NA,NA,NA,NA,10.0428,9.6855,9.35,8.266,6.0984,7.0555,11.0258,9.3335,9.3035,9.1841,9.1807,8.6076,10.6759,10.7625,11.177,11.0858,10.0369,9.2104,10.62,10.6527,10.6769,10.7873,10.257,10.2867,10.9115,10.3744,9.7161,10.2962,10.7275,7.8872
72,"BWA","Botswana",1.1251,1.1368,1.1474,1.1584,1.0591,1.0174,1.2025,1.6082,1.7436,1.884,1.9734,2.0883,2.1974,2.3941,2.5871,2.8211,3.0214,2.9333,2.3538,2.618,2.6383,2.6554,2.1927,2.1509,1.9333,2.044,2.1371,2.2677,2.3718,2.4649,3.2384,3.4162,2.1686,2.1343,2.5052,2.1938,2.7395,3.7641,3.722,2.6799,4.5585,3.3893,4.3454,4.0209,4.6049,5.0623,5.7884,3.9993,3.7537,4.5343,3.4242,2.8983,3.0638,2.5935,5.5536,3.237,4.234,4.019,4.2958,5.0439,3.6441
76,"BRA","Brazil",6.5892,6.7034,7.0437,6.7789,6.6264,6.7214,7.8418,8.6602,8.5794,10.4041,11.3801,14.5577,13.9831,15.1357,15.9902,17.8278,18.9595,17.6171,18.1133,19.4852,14.1851,13.2408,11.3513,15.3002,13.3473,16.2649,16.3994,15.8773,14.7943,14.4827,15.6332,16.7917,19.4529,22.5293,18.8519,19.8437,22.1766,21.9912,21.1564,24.8384,25.0128,26.2176,30.282,34.6065,26.7877,28.0626,33.6008,30.1655,27.464,29.9983,35.096,35.7708,39.5763,40.5584,36.4436,36.977,39.2278,40.7398,40.3529,49.4167,50.8695
92,"VGB","British Virgin Islands",NA,NA,NA,NA,NA,NA,NA,NA,NA,NA,NA,NA,NA,NA,NA,NA,NA,NA,NA,NA,NA,NA,NA,NA,NA,NA,NA,NA,NA,NA,NA,NA,NA,NA,NA,NA,NA,NA,NA,NA,NA,NA,NA,NA,NA,NA,NA,NA,NA,NA,NA,NA,NA,NA,NA,NA,NA,NA,NA,NA,NA
96,"BRN","Brunei Darussalam",10.7462,10.6447,10.0357,7.7229,7.6374,9.0713,9.2026,9.2126,9.5675,10.0274,14.3417,14.2208,14.0637,14.2634,14.9626,16.3842,20.8062,20.0559,21.0079,23.0296,21.9044,29.3234,22.9,28.8769,31.3299,24.9367,30.1532,32.0192,24.4221,26.8365,25.6631,27.296,28.9618,29.0806,29.392,29.2156,36.4211,41.4686,53.0432,62.6722,63.2032,58.3816,67.4409,76.7534,71.5218,75.7954,94.852,83.9379,75.9371,98.7867,75.4476,87.0227,95.1258,93.4205,93.7821,96.3596,90.9911,96.5615,90.8968,101.6386,110.9272
100,"BGR","Bulgaria",12.3867,14.461,14.2139,18.0979,19.4513,24.1198,31.3954,38.9319,32.9175,28.6563,32.1989,29.339,32.0686,27.9294,33.1352,34.1974,41.9334,42.0181,43.9453,39.6597,52.1106,47.3657,45.6977,46.8738,39.4128,35.1254,33.6797,34.5427,32.12,24.5152,14.5764,9.1164,8.9108,5.8425,5.3207,5.1555,4.2879,4.7745,4.706,4.3601,5.3735,9.1137,14.4363,5.8705,7.0323,9.4627,11.8987,12.0375,8.6297,7.2848,8.007,11.6352,8.9229,8.5655,10.5611,13.9046,14.6841,17.4071,15.3523,15.6959,15.385
854,"BFA","Burkina Faso",0.5494,0.5637,0.5661,0.6311,0.6909,0.7318,0.7215,0.7484,0.765,0.7946,0.8883,0.8108,0.6446,0.6912,0.7321,1.0284,1.192,1.3473,1.2219,1.0043,1.4892,1.5826,1.8434,1.6327,1.7369,1.957,1.8058,1.5169,2.0276,2.0418,2.0592,2.2985,2.399,2.267,2.4515,2.4527,2.7749,3.6944,3.7975,3.4594,2.0529,2.1042,3.6644,3.703,4.4006,3.9786,3.5102,3.5364,3.4351,3.0015,3.543,3.6174,4.0584,3.8659,3.9371,4.469,4.0655,3.8336,3.2084,4.1335,3.3485
108,"BDI","Burundi",0.3788,0.373,0.3637,0.3766,0.3865,0.4096,0.4127,0.4547,0.4032,0.446,0.502,0.5291,0.5347,0.5376,0.594,0.572,0.5365,0.6049,0.6082,0.5706,0.6334,0.6937,0.7558,0.769,0.7099,1.1855,1.0806,1.0031,1.3999,1.0133,0.9324,1.6852,1.4377,1.1725,1.2185,1.1205,1.0168,1.0034,1.2993,1.1214,1.059,0.839,0.5417,0.8216,1.4656,0.9676,0.9385,0.876,1.0863,1.4389,2.038,2.237,3.5447,3.2433,2.9038,3.3277,3.9083,5.1234,6.251,6.2527,6.2214
132,"CPV","Cabo Verde",1.2759,1.3511,1.5959,1.8474,2.1358,2.3491,2.319,2.3644,2.4614,2.544,2.72,3.0071,3.4507,2.6434,2.458,2.2768,2.5442,2.8483,3.2467,4.2678,4.6792,6.7328,5.1275,5.2062,6.6058,7.0503,8.3786,8.4633,8.5297,9.4649,11.8734,18.4691,17.9088,12.1765,20.6279,9.1896,12.2211,15.5931,16.8258,15.7043,12.437,11.7933,11.3321,10.7409,10.1929,9.6935,8.9219,8.2792,8.1949,7.937,6.6621,6.7647,6.865,6.8969,6.9957,6.9686,5.5396,5.3875,5.6151,5.8122,5.8059
116,"KHM","Cambodia",2.8004,2.9459,3.0678,2.9001,2.9898,3.2905,3.94,4.2573,4.6824,4.7482,6.755,6.6045,6.2714,5.5294,4.5542,3.2831,2.9231,2.6465,2.3365,2.3926,4.1478,4.0281,4.3223,4.2703,4.1494,3.9584,3.7072,3.4635,3.5637,3.5969,3.5869,3.9691,4.4169,4.4749,4.4131,4.3771,4.5766,4.5335,4.9481,5.4457,5.6817,6.0895,5.9636,6.3638,7.6101,7.8794,7.723,7.462,8.458,8.6807,8.8493,8.8699,6.3166,6.0791,5.848,5.5493,6.6369,7.567,8.0147,8.5443,9.2499
120,"CMR","Cameroon",0.2859,0.281,0.2935,0.2957,0.3044,0.3389,0.3849,0.4913,0.446,0.6797,0.5075,0.5358,0.6126,0.6137,0.6197,0.7166,1.0825,1.1661,1.1233,1.2777,1.2221,0.9539,0.923,1.1288,1.3424,1.6365,1.6606,1.2138,1.147,1.1093,1.0175,1.0391,1.0759,1.0565,1.0605,1.0684,1.2017,1.3544,1.4238,1.4444,1.6104,1.5619,1.7529,1.668,1.4887,1.6906,1.5703,1.5363,1.5279,1.9479,2.0332,1.855,1.6726,1.8746,1.8847,1.7552,1.7062,2.2724,2.0861,2.2554,2.3521
124,"CAN","Canada",3.7289,4.0092,4.2711,4.5306,5.2207,5.5463,5.7908,4.9006,4.5874,5.0525,5.2019,5.9237,6.6923,6.7233,6.6884,6.6797,7.5178,7.8041,7.7492,7.8597,7.9028,7.9667,8.4798,8.6045,8.334,7.6203,7.5741,7.3549,7.3674,7.0955,7.223,7.4757,7.6986,7.6476,8.0195,8.5262,8.6263,8.1824,8.2484,7.656,7.8892,8.2265,8.6452,8.0496,8.3321,8.3339,9.1659,8.3902,8.1326,9.1269,10.5036,10.3632,11.1069,11.7335,12.3813,11.8288,12.7632,13.5855,13.941,14.0312,12.8745
136,"CYM","Cayman Islands",NA,NA,NA,NA,NA,NA,NA,NA,NA,NA,NA,NA,NA,NA,NA,NA,NA,NA,NA,NA,NA,NA,NA,NA,NA,NA,NA,NA,NA,NA,NA,NA,NA,NA,NA,NA,NA,NA,NA,NA,NA,NA,NA,NA,NA,NA,NA,NA,NA,NA,NA,NA,NA,NA,NA,NA,NA,NA,NA,NA,NA
140,"CAF","Central African Republic",0.1351,0.1466,0.1582,0.1802,0.203,0.2837,0.3022,0.3123,0.4496,0.4661,0.4396,0.4227,0.4128,0.4338,0.54,0.5128,0.5209,0.571,0.6043,0.6633,0.8037,0.8202,0.9153,0.9429,0.9774,0.9828,1.0284,1.0597,1.0998,1.1801,1.2357,1.2708,1.3415,1.391,1.4452,1.5011,1.5622,1.6442,1.7079,1.7725,1.8398,1.8686,1.9522,2.0343,2.0353,2.0747,2.1311,2.4889,2.5962,2.7728,2.7767,2.667,2.655,2.6309,2.6788,2.7452,2.773,2.7299,2.7802,2.8025,2.8152
148,"TCD","Chad",0.4438,0.4512,0.4557,0.4611,0.4693,0.4822,0.5489,0.5718,0.6073,0.5976,0.5954,0.6218,0.6737,0.8511,0.6392,0.6582,0.6905,0.6181,0.5527,0.4872,0.6492,0.6601,0.6748,0.6615,0.6022,0.5063,0.586,0.5586,0.5767,0.682,1.021,1.0485,0.9325,1.0309,1.0574,1.1621,1.1518,1.127,1.1956,1.2515,1.2827,1.3262,1.4174,1.5502,1.6561,1.5649,1.5945,1.7443,1.7339,1.8967,1.7362,1.7615,1.8254,1.6616,1.8184,2.0633,2.2343,2.0423,2.2688,2.3902,2.4891
152,"CHL","Chile",4.1863,4.7457,5.2109,5.3887,5.544,6.8293,6.2045,7.4413,7.6402,8.0079,7.8383,6.5164,8.954,8.6671,5.0754,5.4939,5.6669,6.4012,7.0873,7.1386,6.2372,5.7542,6.9203,8.4752,8.9827,11.2085,12.6984,13.4134,13.8386,14.219,14.6269,18.1758,20.5556,21.1594,23.3205,25.4561,27.7942,29.4505,30.7287,31.5018,32.3493,31.033,36.0871,35.3465,32.5181,34.6311,38.3676,32.0406,27.0779,33.433,33.4328,33.5981,33.0106,35.1706,36.13,33.0886,35.2724,34.6873,31.6279,34.4352,35.5882
156,"CHN","China",4.1164,4.0527,4.7082,5.8233,7.5813,8.9978,8.0263,7.2687,8.5219,9.2761,10.458,11.8149,13.9273,12.6363,13.4311,13.1623,14.8176,12.5885,15.8239,19.1618,19.7561,21.0833,22.4773,21.2856,16.5309,16.8388,22.0768,24.2689,24.6574,26.4858,31.314,30.7028,26.6052,33.0164,38.9258,36.9677,39.8489,40.7365,39.3193,38.5903,39.1965,43.5575,41.3212,44.8312,47.3271,48.5548,42.8987,44.4672,51.1078,56.0965,54.1736,55.0328,55.1327,53.9926,52.0599,50.1825,49.2846,47.4701,45.0357,44.8082,44.66
170,"COL","Colombia",8.1008,7.0181,8.3154,8.3007,8.8781,8.6819,9.1261,8.84,9.0174,9.5826,10.0148,10.4006,11.6381,11.484,10.3808,10.7675,11.381,10.7385,11.3587,11.7088,11.3808,12.5623,12.6106,13.3408,13.0205,14.3281,15.6823,16.4747,18.0834,19.2607,19.9661,17.6247,19.3795,18.3696,21.3529,24.1632,24.3522,24.1838,23.2285,24.4969,27.4038,31.5604,31.8703,35.2491,36.0413,38.5326,35.5041,34.805,38.1758,42.7873,43.0667,47.6136,43.5597,45.2817,40.4552,41.7804,39.5993,31.4786,30.1226,33.2321,33.696
174,"COM","Comoros",0.7732,0.7838,0.7956,0.8064,0.8171,0.8285,0.83,0.8363,0.8429,0.847,0.8515,0.8549,0.864,0.8704,0.8731,0.8805,0.8954,0.8498,0.8465,0.8506,0.8498,0.8531,0.8544,0.7663,0.7603,0.7558,0.7363,0.7397,0.7459,0.7504,0.7441,0.7472,0.7309,0.7222,0.7183,0.7121,0.7052,0.7175,0.7293,0.7003,0.6953,0.3921,0.326,0.3176,0.3124,0.3134,0.3295,0.3412,0.345,0.3448,0.3567,0.3515,0.3456,0.3321,0.3483,0.3504,0.3425,0.4158,0.4883,0.5861,0.4843
184,"COK","Cook Islands",6.7492,6.8448,7.0503,6.7583,7.2265,3.8894,6.1396,6.1928,6.2336,6.2493,6.2791,4.6079,5.5463,6.3649,6.5452,9.5348,9.5489,9.5711,9.5769,9.5345,9.6316,9.7347,9.6403,9.6042,9.543,9.4764,9.3352,9.2307,9.2266,9.406,9.3649,12.1641,15.6175,17.4317,19.9896,25.3101,27.4554,30.0516,25.3293,24.1173,21.4446,27.8789,33.7768,36.1834,39.5494,41.0472,40.2062,45.1869,47.1479,47.1446,49.6255,49.6395,49.7084,49.1803,52.2106,48.102,46.613,47.7059,45.5763,46.5435,43.2205
188,"CRI","Costa Rica",10.7218,10.0207,9.7961,7.9708,7.9731,7.8549,9.4743,10.4101,9.3194,10.1395,18.1538,14.0359,17.9536,15.2833,18.9689,14.9913,14.8201,15.7321,16.7835,16.6367,15.1113,16.7965,18.1255,20.3855,15.7682,17.4025,14.0993,19.934,18.9556,20.1856,21.243,21.7417,24.0911,31.3131,26.2081,34.0194,37.4065,40.1371,38.1911,36.515,28.0275,31.243,34.5129,31.1778,30.766,31.9319,33.7478,30.4921,27.4628,26.4937,32.2759,30.9017,28.4649,32.6537,29.9963,21.2068,29.6198,31.4799,24.4451,24.6092,25.8478
384,"CIV","Cote d'Ivoire",0.2977,0.3224,0.4073,0.4278,0.4572,0.5069,0.6092,0.6031,0.6302,0.6707,0.7381,0.8045,0.8422,0.8553,0.9891,1.0675,1.2641,1.1147,1.2659,1.4227,1.2898,1.1103,1.0128,1.1353,0.9649,0.9452,0.8557,0.9608,1.1783,0.9604,0.9892,0.9958,1.2937,1.3947,1.3827,1.2392,1.9197,1.7762,1.29,1.0488,1.6182,1.8967,2.0823,0.8592,0.9748,1.6247,1.376,0.7768,0.8456,1.7893,0.9637,1.3801,2.2679,2.3245,2.3839,2.664,2.5802,1.5405,3.1593,2.5824,3.1349
191,"HRV","Croatia",NA,NA,NA,NA,NA,NA,NA,NA,NA,NA,NA,NA,NA,NA,NA,NA,NA,NA,NA,NA,NA,NA,NA,NA,NA,NA,NA,NA,NA,NA,NA,20.0467,21.7483,21.5802,18.1921,22.3836,24.764,17.2486,19.6232,27.087,24.1937,23.0163,28.0268,26.4887,34.0395,33.8088,33.8155,34.1884,21.461,29.8726,28.7482,19.0027,18.5687,22.2042,18.4912,15.7409,20.3232,21.2584,19.4608,19.7453,20.0192
192,"CUB","Cuba",15.323,16.3097,20.6394,21.7903,25.358,29.1898,28.714,26.0233,25.3763,19.3765,14.1843,10.3363,10.1737,12.2479,11.7203,10.463,10.6748,11.196,11.3822,12.8864,14.0063,13.6159,13.2521,13.8677,12.7447,13.213,13.0778,12.8861,12.166,12.0483,10.3201,5.511,5.5824,4.6669,7.2819,6.5391,5.9927,4.1739,4.9653,5.4228,5.6795,4.4017,3.8248,2.815,3.5974,4.9805,4.4305,5.3764,3.9923,5.0104,4.8899,5.7509,5.9204,5.4872,6.8306,5.9674,5.417,4.9838,4.5674,3.2301,3.9082
531,"CUW","Curacao",NA,NA,NA,NA,NA,NA,NA,NA,NA,NA,NA,NA,NA,NA,NA,NA,NA,NA,NA,NA,NA,NA,NA,NA,NA,NA,NA,NA,NA,NA,NA,NA,NA,NA,NA,NA,NA,NA,NA,NA,NA,NA,NA,NA,NA,NA,NA,NA,NA,NA,NA,NA,NA,NA,NA,NA,NA,NA,NA,NA,NA
196,"CYP","Cyprus",9.2441,10.4922,8.8274,5.4626,9.7572,9.0566,8.507,14.3582,10.0648,12.5571,12.8686,14.0516,16.5878,8.1858,20.3867,23.7944,20.8574,23.1654,20.8755,18.7749,18.2914,20.4595,22.7699,22.0839,25.3662,25.6554,27.8209,30.0296,30.7845,30.6,30.7161,36.7083,37.3406,41.1129,41.7077,40.9749,36.1732,35.3253,34.6205,27.1295,29.4994,32.4265,28.3381,25.869,22.9066,25.3355,26.8142,29.5979,27.7373,30.5979,24.699,27.291,31.6633,29.0665,28.1707,34.5809,30.1197,28.8313,30.4871,31.0146,27.9684
203,"CZE","Czech Republic",NA,NA,NA,NA,NA,NA,NA,NA,NA,NA,NA,NA,NA,NA,NA,NA,NA,NA,NA,NA,NA,NA,NA,NA,NA,NA,NA,NA,NA,NA,NA,NA,18.608,15.1609,17.2757,16.1356,15.5272,15.7119,13.5601,14.142,15.3816,16.198,16.1367,16.1505,15.8517,16.074,17.6371,14.4718,13.4934,13.8871,14.1913,13.9766,15.1056,13.8265,15.4656,16.515,17.1342,16.4915,16.6984,15.3417,14.5963
180,"COD","Dem. Rep. Congo",0.3108,0.3187,0.3249,0.3282,0.3396,0.3567,0.3788,0.3909,0.3984,0.4262,0.4256,0.4376,0.5057,0.5221,0.6898,0.7296,0.5719,0.5562,0.4966,0.5547,0.5719,0.5318,0.5856,0.7153,0.5824,0.5416,0.6307,0.5837,0.6721,0.663,0.7336,0.6755,0.6772,0.8706,0.8196,0.7839,0.7431,0.7084,0.6844,0.6577,0.6206,0.6021,0.612,0.6107,0.5955,0.6094,0.6241,0.6462,0.5489,0.4793,0.4422,0.4105,0.397,0.3882,0.3922,0.3712,0.3553,0.3565,0.3469,0.3545,0.3572
208,"DNK","Denmark",33.9498,33.9611,34.5054,36.0665,37.4052,37.4906,36.1333,35.8189,36.1025,35.9742,37.0174,39.0014,40.5427,34.3427,36.1599,36.9705,38.4637,38.4113,38.5227,35.6146,34.5217,35.1884,36.3315,34.3364,33.6502,33.705,31.9705,31.0925,31.7477,30.8416,29.4346,28.0537,27.3246,28.5365,28.9391,29.3097,28.696,28.8066,27.869,27.4942,27.8522,27.7026,27.5785,28.7166,27.6618,26.9569,27.8637,24.636,23.3753,24.0684,23.2426,22.5669,23.3329,24.4394,26.8954,25.3972,26.8431,25.3529,25.2575,26.7846,25.7913
262,"DJI","Djibouti",75.4751,76.3684,77.7253,78.4702,79.1037,80.7569,81.9909,84.2116,85.3578,86.6919,87.8132,88.497,88.7715,90.5744,93.2714,94.4758,98.2703,100.3968,114.7269,92.6454,63.4471,62.2513,68.9675,72.5246,77.8241,79.7101,83.0995,87.4692,93.6258,96.4651,64.7494,64.4171,65.9398,67.6446,66.6412,68.8924,70.2252,70.5741,73.7107,72.9881,73.846,73.8567,69.1213,69.1725,69.8084,58.2928,54.1152,62.3104,59.3914,51.9806,43.5279,44.2228,43.9176,44.0719,43.9697,44.3361,45.4303,45.6928,45.0029,33.7577,34.2454
212,"DMA","Dominica",40.4119,37.8495,37.8136,37.7763,37.7421,35.4994,35.5423,35.5289,35.6097,35.6045,35.6129,35.6715,35.7116,35.7476,35.9243,36.0893,38.7835,31.2129,13.3608,21.1544,21.0244,9.7252,22.3623,26.1011,28.9084,29.1099,29.6164,31.4327,36.9719,20.6526,39.7524,39.7333,39.9647,40.0783,36.1486,31.2649,34.0269,34.0277,30.0261,26.8668,25.5242,6.7824,9.1132,10.7687,13.7369,8.9248,20.0527,3.9638,5.9353,5.4349,9.8252,7.1966,7.5415,7.5704,9.4434,8.1183,5.3334,6.6385,10.1109,6.244,7.049
214,"DOM","Dominican Republic",4.8938,4.8397,4.717,4.6456,4.6476,4.268,4.3187,4.3965,5.1989,6.8064,8.3941,9.6658,9.1925,12.8158,11.7365,10.7958,7.3955,8.8259,9.0033,5.8559,5.4921,6.8568,5.1162,7.7135,7.6254,8.1561,9.0424,8.6403,9.5376,10.1098,10.8373,11.345,10.746,12.0693,11.7686,11.1337,13.1746,12.2555,11.1714,9.9539,8.3703,11.9585,11.6637,12.2101,13.1258,15.704,17.5251,18.1877,16.9755,19.8102,19.0294,18.0393,18.6849,18.5846,17.4183,20.5069,20.4239,26.6249,16.4251,18.6392,18.6157
218,"ECU","Ecuador",3.6557,4.2057,4.4283,4.0717,4.8237,4.9368,6.2964,6.8694,6.4711,5.9912,5.6086,6.8503,7.408,6.8891,7.6052,8.1421,8.3963,10.5181,11.0743,10.3054,10.2625,10.8123,9.6072,10.6012,8.6868,7.8404,6.8049,7.7033,7.3148,6.7076,7.4346,9.1628,10.0709,9.4854,9.1393,9.869,11.5566,11.4457,10.7438,10.9771,17.1884,12.7503,14.1041,14.7511,13.2326,13.9924,13.2532,10.5877,12.8076,14.4885,14.6484,12.4389,14,18.0412,15.6152,15.4611,16.0982,18.8041,17.5866,17.1344,17.9938
818,"EGY","Egypt",9.1308,8.2438,9.3789,8.5157,9.4717,7.7391,6.4159,7.046,6.5992,7.2168,8.1476,9.605,9.0911,11.4757,13.5731,13.1437,15.1942,15.3842,18.2231,19.5646,21.4388,28.0875,30.1196,33.6116,36.1293,32.7082,34.2057,32.1255,29.7369,32.1573,26.7294,16.9503,17.6458,17.0364,19.8754,18.7668,20.0935,19.1554,20.6496,22.4046,22.0371,19.86,20.5319,26.0737,24.4606,31.6877,23.0009,24.4185,19.7988,19.9033,20.2526,21.4521,35.0156,32.305,40.6855,29.0095,32.2221,27.2861,33.0363,28.3738,20.1965
222,"SLV","El Salvador",7.0956,7.7227,10.0573,10.9937,10.2208,12.6641,13.5595,14.9634,14.517,13.1633,12.584,17.4283,25.5896,23.0671,17.5814,15.5208,19.6054,19.1642,15.5918,12.5693,16.1392,11.9623,16.7225,10.9363,16.5135,12.7511,19.4982,17.8592,13.6286,14.3318,14.2239,13.809,12.9143,11.3921,13.9562,15.6657,10.9599,12.1697,9.5832,10.7293,8.5435,11.1545,11.4319,9.9921,15.273,10.9094,12.6191,8.8049,9.0309,14.4275,14.0847,14.8277,13.6657,7.6601,11.2485,9.293,11.4533,13.392,9.4858,10.2394,9.7238
226,"GNQ","Equatorial Guinea",1.1486,1.1771,1.3489,1.3832,1.717,2.2253,2.7267,2.1118,2.1324,2.5011,2.4583,2.4382,2.3939,2.3683,2.3285,2.2999,2.2523,2.2268,2.1771,2.145,2.0998,2.0673,2.0175,2.0591,1.9831,1.9117,1.8359,1.7645,1.693,1.6862,1.6109,1.5213,1.4766,1.4003,1.3245,1.2358,1.1492,1.0966,1.0214,0.9461,0.8708,0.79,0.8923,1.0492,0.6601,0.8741,0.7337,0.8008,0.7415,1.01,1.1711,1.0148,0.9732,0.9754,0.9538,1.0269,1.1465,0.9123,0.9897,1.146,1.1501
232,"ERI","Eritrea",NA,NA,NA,NA,NA,NA,NA,NA,NA,NA,NA,NA,NA,NA,NA,NA,NA,NA,NA,NA,NA,NA,NA,NA,NA,NA,NA,NA,NA,NA,NA,NA,1.2301,1.4672,1.5035,3.1529,2.8373,2.779,6.3042,5.603,2.79,1.9745,1.608,1.6759,1.662,1.258,2.6304,2.5234,2.3897,1.8687,1.8631,1.5963,1.5662,1.6053,1.5722,1.5841,1.589,1.6146,1.589,1.5924,1.5953
233,"EST","Estonia",NA,NA,NA,NA,NA,NA,NA,NA,NA,NA,NA,NA,NA,NA,NA,NA,NA,NA,NA,NA,NA,NA,NA,NA,NA,NA,NA,NA,NA,NA,NA,18.0424,11.7903,8.4362,8.3383,6.9986,6.9892,6.901,6.7699,7.6277,8.5796,8.9909,11.4338,12.481,10.8091,10.4961,10.1006,11.5361,9.9513,9.9704,10.6523,11.6576,12.517,12.1688,12.088,10.9364,12.1171,11.9059,13.6088,14.7762,13.0534
748,"SWZ","Eswatini",6.0128,5.5432,5.3281,4.9649,6.0292,6.5326,7.0179,2.7809,2.8767,6.4194,8.4469,7.2963,10.6312,4.7445,5.4886,12.283,10.9945,12.1744,10.9924,16.7011,22.2803,13.4878,17.5357,6.5478,6.7362,8.7291,9.9404,9.6316,9.0388,8.4552,7.4472,7.6956,7.0446,7.0659,7.5441,5.7275,5.934,6.1925,6.1422,6.2502,7.4729,8.3852,7.8722,8.7809,6.8542,8.4642,8.1824,7.6024,7.4555,7.2692,7.9244,8.109,10.6015,10.3647,10.4374,9.501,10.5793,9.9581,9.9836,9.9419,8.1066
231,"ETH","Ethiopia",NA,NA,NA,NA,NA,NA,NA,NA,NA,NA,NA,NA,NA,NA,NA,NA,NA,NA,NA,NA,NA,NA,NA,NA,NA,NA,NA,NA,NA,NA,NA,NA,2.8067,4.1096,4.6225,4.9904,4.2425,4.8048,4.7118,4.3704,4.59,4.6298,2.0508,3.8795,3.5549,3.2681,4.4739,4.6564,4.815,5.278,5.1117,6.4327,5.8146,5.9435,6.6172,6.5656,6.8894,6.2782,6.7262,7.4043,8.1028
234,"FRO","Faeroe Islands",789.3126,795.3684,736.0846,726.8079,725.6495,734.9523,713.5527,713.975,707.1114,718.9425,699.3322,687.1364,669.7037,658.2466,647.5542,664.2193,658.3625,623.0018,616.9089,632.4428,637.873,638.997,647.2332,639.8415,615.706,613.6346,620.6187,620.5725,619.4388,620.4443,622.8223,623.6786,644.2792,671.0102,675.2509,664.916,667.9376,651.6725,657.5302,670.7786,680.3632,683.6491,681.9016,673.2913,646.2349,636.3209,638.2037,623.4051,630.4418,622.9766,623.2621,620.9487,626.2297,632.2542,629.4379,609.8776,610.334,595.8979,600.361,748.5451,751.2127
238,"FLK","Falkland Islands",NA,NA,NA,NA,NA,NA,NA,NA,NA,NA,NA,NA,NA,NA,NA,NA,NA,NA,NA,NA,NA,NA,NA,NA,NA,NA,NA,NA,NA,NA,NA,NA,NA,NA,NA,NA,NA,NA,NA,NA,NA,NA,NA,NA,NA,NA,NA,NA,NA,NA,NA,NA,NA,NA,NA,NA,NA,NA,NA,NA,NA
242,"FJI","Fiji",1.7804,3.431,3.5771,4.4,4.6894,5.337,4.0171,4.5176,4.6718,4.9321,5.2179,8.1365,5.6978,9.4541,10.0418,6.8248,7.786,8.6668,11.7105,12.4498,11.7781,8.8987,8.174,9.9201,9.8166,19.4906,20.7271,24.2438,8.6637,8.9574,6.9489,8.1227,9.4555,10.0396,10.4947,12.7054,13.0383,11.7116,9.8766,10.0926,10.2839,12.2842,6.3726,6.458,6.8515,7.093,7.4079,8.2817,9.8487,9.0897,8.4779,9.6055,11.0572,13.6392,9.1049,13.6755,16.268,12.4448,10.2335,12.1143,13.0455
246,"FIN","Finland",25.0856,24.5152,27.511,29.8602,29.6878,29.6673,31.8161,34.3025,37.0121,38.7645,39.4668,40.8165,44.8191,44.4724,38.9666,33.1203,34.1939,36.136,35.8675,36.6198,35.4882,38.7866,39.3774,37.5723,37.4372,37.4257,37.6977,35.1117,35.1815,30.0419,22.9716,22.5041,22.0559,22.3084,21.7711,18.7923,18.6667,17.4559,17.0095,16.8925,16.6077,15.8934,15.1122,14.8966,14.7164,14.1476,13.6228,10.74,11.3409,10.982,10.3229,10.1734,10.6855,10.5184,10.1553,9.9602,10.3314,9.9922,10.1211,10.3963,10.2219
250,"FRA","France",27.6024,29.3451,31.1145,33.163,33.9897,36.5769,40.513,43.5835,45.4263,48.549,52.3761,55.4333,57.6369,47.8458,46.8116,50.0214,50.6997,52.6656,53.4935,49.4466,47.3423,46.1312,47.1191,44.8489,42.2192,41.2694,40.2007,41.9883,42.8258,39.7723,37.6414,32.8895,32.114,32.5733,32.5187,33.0082,32.6239,32.0342,30.9579,27.8748,27.1517,26.1704,26.0398,24.9405,23.0399,22.18,23.8308,17.1414,16.8481,18.9472,17.6555,20.226,20.3145,19.466,19.5517,18.3761,19.4596,19.5658,18.8676,19.339,17.643
258,"PYF","French Polynesia",2.6283,2.6727,2.702,2.7352,2.7665,2.8712,3.0348,3.071,3.1708,3.613,3.5564,3.5992,3.7136,3.8247,4.024,4.4835,4.9638,7.3635,8.4339,6.7648,6.8196,8.9233,9.6772,13.9188,11.766,10.4238,10.8324,10.7588,10.8221,10.732,11.0706,13.3739,13.8324,13.9909,13.9844,13.6728,13.0101,13.0648,12.0353,11.962,11.2898,10.0222,8.9085,10.0565,9.0121,8.8078,9.7182,8.9931,9.113,9.1231,8.331,8.0154,8.0933,7.3983,8.1601,7.3851,7.9815,8.1532,7.0149,7.0297,7.0406
266,"GAB","Gabon",2.4318,2.2503,2.1223,1.9954,1.9056,1.8277,1.7438,1.6862,1.6289,1.5826,1.528,1.5048,1.4645,1.4519,1.4249,1.4571,1.4173,1.2868,1.199,1.187,1.2064,1.0794,1.2216,1.6809,1.8619,1.4925,1.4614,1.3157,1.4698,1.8906,1.6469,1.7421,1.83,1.6989,1.3665,1.5934,1.8986,1.9524,1.8476,1.861,1.8608,1.9041,1.8834,1.9844,1.9916,2.0261,2.0523,2.0564,2.043,1.8008,2.0022,2.5922,2.4787,2.8202,3.3822,4.8816,6.8818,5.1823,4.7143,3.588,4.3417
270,"GMB","Gambia",0.5774,0.5917,0.5841,0.6417,1.7891,2.3417,2.0206,1.6041,1.1409,1.2198,1.0953,2.2621,2.5953,2.3871,2.2412,4.3896,3.4754,5.5203,4.8663,4.0126,2.784,3.9758,3.0515,3.2901,3.08,1.7453,3.7954,1.409,2.4023,1.2718,1.478,2.0432,2.0669,1.8991,1.8409,1.7674,1.8668,0.9837,0.919,0.8863,0.8511,1.331,1.7995,1.9675,1.8301,1.7703,1.6109,1.0742,1.2644,1.2867,1.3971,0.6819,0.4481,0.492,0.4941,0.5532,0.4889,1.1601,0.8904,0.5631,0.8984
268,"GEO","Georgia",NA,NA,NA,NA,NA,NA,NA,NA,NA,NA,NA,NA,NA,NA,NA,NA,NA,NA,NA,NA,NA,NA,NA,NA,NA,NA,NA,NA,NA,NA,NA,7.1699,4.3432,3.9957,4.1027,4.1798,4.126,3.9485,3.7095,3.708,3.7023,3.5841,2.7327,5.0925,5.5083,4.7427,3.9509,2.6578,2.6469,3.2542,3.9602,5.3462,7.8637,8.9043,7.0319,8.0977,7.0397,6.6986,7.701,10.1721,9.6384
276,"DEU","Germany",43.5633,46.8085,49.308,52.9918,53.7279,53.4523,55.0536,56.6469,58.8933,61.9105,62.1049,62.019,62.6711,62.5184,58.9314,61.3724,61.2107,62.7613,62.9348,59.9023,57.2079,54.7453,55.7141,55.753,55.9122,55.2745,54.1181,53.267,51.5443,40.2583,37.7079,34.6025,31.19,31.8208,29.9451,30.1752,30.0782,29.6699,30.4249,27.8948,26.7398,26.9753,25.1924,25.3788,24.5353,24.0013,25.7775,21.27,23.2347,24.806,23.431,25.073,25.2946,25.8474,25.3348,23.552,22.7517,22.0718,23.4671,21.5601,19.1459
288,"GHA","Ghana",0.2834,0.3187,0.3485,0.4189,0.3693,0.4175,0.4311,0.494,0.5481,0.6591,0.6082,0.6226,0.8047,1.0018,1.7491,1.2698,2.1653,1.1055,1.3124,0.8349,1.5899,1.2065,1.3709,0.7075,1.0158,0.814,0.8219,0.8861,0.7994,0.8922,0.5876,0.7324,0.6594,0.7169,0.6837,0.7376,0.9193,0.7243,0.7508,0.6258,1.0713,0.4309,0.6327,0.6853,0.8667,1.6203,1.4831,1.2546,2.8687,2.2629,1.8277,5.2568,2.5806,1.619,2.9827,2.5039,3.1658,2.8733,3.9246,6.0215,3.0595
300,"GRC","Greece",12.4648,14.2069,14.0144,15.8286,15.5968,16.0626,16.3115,17.3541,17.104,17.5418,17.7372,18.5329,20.8958,21.9197,23.1824,24.1189,24.6846,26.5723,24.7748,22.181,22.3433,22.6167,23.8489,23.5692,25.2477,24.4174,22.5239,23.5008,23.6081,25.1494,23.4316,23.5805,17.988,17.999,19.1805,20.1865,18.7885,17.4752,17.4177,16.9143,16.7961,16.13,16.4612,15.1076,14.2289,13.7126,13.9869,11.7409,11.6686,12.5117,9.9663,10.7465,10.7346,11.2278,11.0823,11.274,11.2592,11.6842,12.0168,12.5986,11.4946
304,"GRL","Greenland",NA,NA,NA,NA,NA,NA,NA,NA,NA,NA,NA,NA,NA,NA,NA,NA,NA,NA,NA,NA,NA,NA,NA,NA,NA,NA,NA,NA,NA,NA,NA,NA,NA,NA,NA,NA,NA,NA,NA,NA,NA,NA,NA,NA,NA,NA,NA,NA,NA,NA,NA,NA,NA,NA,NA,NA,NA,NA,NA,NA,NA
308,"GRD","Grenada",3.0526,3.0777,3.0283,3.0736,3.0805,3.1364,3.1842,3.3766,3.4979,3.5774,3.5621,3.8946,3.9938,3.9745,3.8903,3.8328,3.7254,3.877,4.0592,4.3479,4.2592,4.2375,4.1552,4.0893,4.7393,4.6936,5.0468,5.1252,5.2223,5.36,5.8494,5.8588,5.9176,6.2157,7.0563,6.779,6.601,6.444,6.1952,5.1053,4.7736,5.0369,4.1876,4.1238,5.5378,6.104,6.5898,7.2356,5.6749,7.3375,7.4552,9.7857,9.7508,9.0784,9.3311,8.87,8.0366,8.6671,9.1256,9.0905,11.0979
320,"GTM","Guatemala",3.5952,3.7801,4.4323,4.7389,4.3776,5.8122,5.7685,6.6023,6.288,6.8304,6.2871,7.2308,5.7583,6.955,7.3911,9.7433,9.8701,9.2,8.7884,8.2667,8.6596,5.5795,7.0276,8.4879,8.485,9.9681,9.6724,10.5736,10.5021,10.6807,10.7498,13.075,12.3781,12.8242,13.5903,13.3054,15.2996,13.7226,11.4505,12.9656,14.4812,14.5801,14.6886,16.7469,19.4782,16.2465,16.9096,12.1036,12.1518,17.1991,14.9632,17.2593,17.7998,18.127,14.6641,14.1262,16.3318,15.1336,15.0651,18.8066,15.1265
831,"GGY","Guernsey",NA,NA,NA,NA,NA,NA,NA,NA,NA,NA,NA,NA,NA,NA,NA,NA,NA,NA,NA,NA,NA,NA,NA,NA,NA,NA,NA,NA,NA,NA,NA,NA,NA,NA,NA,NA,NA,NA,NA,NA,NA,NA,NA,NA,NA,NA,NA,NA,NA,NA,NA,NA,NA,NA,NA,NA,NA,NA,NA,NA,NA
324,"GIN","Guinea",0.1666,0.1728,0.1792,0.1866,0.188,0.1931,0.1942,0.1975,0.1979,0.1995,0.152,0.1564,0.1665,0.216,0.2194,0.2139,0.2431,0.2615,0.3145,0.1999,0.2156,0.2176,0.2192,0.2123,0.1885,0.1814,0.211,0.198,0.2118,0.2171,0.2313,0.243,0.2835,0.3994,0.4779,0.4304,0.3994,0.5162,0.5286,0.5526,0.5726,0.4527,0.4568,0.5058,0.4922,0.5062,0.5305,0.5841,0.6046,0.5909,0.9375,0.8198,0.9882,0.6581,0.7253,0.7438,1.5342,1.6719,1.7067,1.7235,1.7612
624,"GNB","Guinea-Bissau",2.6253,2.6253,2.6248,2.626,2.6251,2.6297,2.5406,2.5433,2.546,2.5493,2.6352,2.7223,2.759,2.821,2.9425,3.1388,3.3351,3.5553,3.4774,3.6254,3.9451,4.1233,3.6711,3.4512,3.4495,3.8629,4.0007,3.878,3.7539,3.6412,3.6208,3.5342,3.5056,3.5147,3.4905,3.4985,3.2137,3.3542,3.0645,3.2477,3.2816,3.2509,3.4637,3.2764,2.2062,2.7608,2.7367,2.9418,3.4366,3.9513,4.0663,4.4342,4.3051,4.3303,4.5618,4.7594,5.0764,4.9795,5.2682,5.504,5.5394
328,"GUY","Guyana",3.3621,2.896,3.6745,3.3198,3.8311,3.6195,3.6738,3.0051,4.1471,3.893,5.7552,6.4182,7.6888,5.4324,6.5482,5.9044,4.4899,3.629,6.5084,3.7821,6.494,2.9206,2.0496,5.5087,5.2657,9.4478,4.8603,2.985,2.9573,3.1154,2.3996,1.7909,2.1174,2.0697,2.201,2.9337,2.3412,2.4838,4.4666,2.8634,2.7759,3.1664,3.2431,3.1331,4.0346,3.746,9.8281,7.9473,4.5454,4.6192,7.8021,9.2781,8.0957,8.7514,8.7321,9.6885,6.825,7.9958,6.2028,6.3017,7.043
332,"HTI","Haiti",4.7178,4.8053,4.8929,4.9805,5.0965,5.1052,5.2172,5.3379,5.4463,5.5705,6.2575,7.2464,7.0708,6.7617,6.7257,6.8734,7.4571,7.7857,8.0574,6.0432,5.2535,3.3844,3.0847,3.1825,3.1648,3.1523,2.941,2.7751,2.8072,2.534,2.6292,2.9329,2.798,2.8099,3.0134,3.7051,3.8672,4.5954,4.4468,5.4036,5.4776,5.2618,6.0771,5.8594,5.2122,5.0122,4.9342,4.806,5.8216,5.8985,17.2217,28.2664,4.7489,5.469,4.1772,3.8915,4.8336,5.1142,10.4558,6.0303,5.5554
336,"VAT","Holy See",NA,NA,NA,NA,NA,NA,NA,NA,NA,NA,NA,NA,NA,NA,NA,NA,NA,NA,NA,NA,NA,NA,NA,NA,NA,NA,NA,NA,NA,NA,NA,NA,NA,NA,NA,NA,NA,NA,NA,NA,NA,NA,NA,NA,NA,NA,NA,NA,NA,NA,NA,NA,NA,NA,NA,NA,NA,NA,NA,NA,NA
340,"HND","Honduras",3.2348,3.2841,3.3135,3.308,3.464,3.4568,3.7686,3.9709,4.1257,3.8004,3.9707,3.9909,3.6031,3.387,3.7559,5.121,4.1016,4.5116,3.3464,3.9163,3.6849,3.1702,3.1736,3.6688,3.2892,4.0335,4.3013,4.8487,4.2971,3.4136,4.8832,5.6658,5.3544,5.1189,4.1761,6.7156,8.0849,7.739,9.7376,10.0103,9.0869,5.8465,7.0136,6.6552,9.4727,11.1153,11.2686,9.9859,8.7131,9.5381,11.3765,10.0324,13.4822,13.7135,16.8358,14.3398,13.3567,15.763,13.7777,16.325,13.9262
344,"HKG","Hong Kong",45.1344,53.3457,60.9565,55.7632,49.2507,48.1335,51.266,58.1744,67.2349,76.3658,93.1434,96.1502,77.3565,68.7188,83.9784,91.3828,112.8141,132.861,142.4417,147.0764,132.545,133.9852,140.8145,135.3064,132.2993,115.0866,118.8538,114.4613,126.271,117.9322,105.3073,92.7026,74.0609,73.0876,74.4696,72.209,89.6549,85.9697,82.0974,84.7001,86.2675,83.8254,77.2435,79.687,81.6643,92.3991,78.7306,79.1923,88.9875,101.9123,101.707,107.7648,108.6335,107.663,111.4541,112.8002,115.0601,114.8722,113.2819,144.3454,140.9778
348,"HUN","Hungary",13.6538,13.7934,14.6137,16.1779,17.6637,16.5686,20.0002,21.8926,21.435,24.6692,28.3696,29.3359,33.2606,37.4577,43.1777,37.8522,41.6065,42.4284,44.4696,41.571,42.3803,42.0262,44.0079,46.16,37.8351,38.6109,36.9636,35.804,35.3489,19.0872,10.6527,9.2245,8.6703,8.4874,10.237,12.2279,12.2346,8.9043,10.1566,10.1015,10.813,11.9161,12.0687,12.6757,11.1904,11.5258,12.3735,9.8938,9.1116,8.967,9.8982,10.5358,11.7296,12.2656,12.0346,13.1269,14.6607,14.5153,14.0658,15.6867,15.1593
352,"ISL","Iceland",20.6178,23.52,24.8945,26.6557,27.8131,27.2516,28.4622,31.2004,29.0239,29.9755,32.6067,32.5338,34.129,32.9834,34.5031,34.6454,34.6422,35.8441,36.0707,32.7964,34.0901,35.9452,33.756,31.8282,30.4093,29.4264,28.3027,26.2769,24.2277,26.2958,27.5565,24.1585,26.4338,23.1448,24.9013,18.5138,20.621,21.5068,21.5966,20.7215,23.0189,23.1726,20.9572,23.3822,20.9152,22.8148,25.335,22.009,20.4061,22.794,24.2844,26.2132,30.8787,38.0076,26.8605,32.502,24.9686,24.3744,21.6248,22.7421,23.9739
356,"IND","India",1.7152,1.7296,1.8201,1.9092,1.8727,2.2038,2.5359,2.4822,2.4264,2.686,2.9608,3.0826,3.1749,2.8794,2.7253,3.3373,3.8297,4.3933,4.5586,4.7671,5.0507,4.9427,5.4388,6.5981,7.2439,7.6891,6.4959,8.6392,9.7095,10.0639,10.5978,9.4135,8.969,9.6597,9.622,9.8629,12.2456,12.7615,14.5325,13.0951,13.4886,12.5979,12.8882,14.2309,15.8058,16.7141,16.7512,18.6918,21.1952,23.495,23.5903,19.7193,17.0894,18.2918,20.5829,19.9267,20.411,20.6807,22.3381,26.1317,23.164
360,"IDN","Indonesia",2.1851,2.2043,1.9278,1.7466,1.9146,1.9315,1.623,2.3939,2.2474,1.9924,1.9287,2.2892,2.7844,3.3036,3.2959,3.1401,3.1657,3.5681,3.8372,5.4443,6.5357,8.2423,7.9794,9.0539,9.1333,9.6854,9.3312,9.8799,9.8615,9.6699,10.5049,11.0003,10.1013,10.0938,8.2001,7.5442,6.6393,7.0334,6.0882,5.4399,5.5173,5.9249,6.9211,6.1021,6.3175,6.4472,6.7349,6.1813,7.0429,8.3921,9.0605,13.1556,11.5283,13.3683,14.5863,13.5073,16.0194,15.2427,13.7289,13.5251,13.9187
364,"IRN","Iran",1.2828,1.3949,1.3324,1.4518,1.5252,1.4714,1.8535,1.8732,1.9366,2.0269,2.6613,2.7846,3.7003,4.307,4.8291,4.8421,5.5163,4.8969,6.3519,10.3565,9.46,12.1345,12.6452,12.5961,12.4591,10.9041,11.9791,13.2087,14.7455,15.9505,12.5465,12.4217,8.7012,9.7448,9.9927,10.0639,9.6814,9.3624,10.2265,12.4354,9.5216,9.8069,10.6918,12.0517,12.7715,14.62,11.556,12.079,11.4988,12.3643,7.3621,6.8361,8.7168,8.4815,6.0395,5.5534,6.3767,6.1864,6.6158,5.7412,5.5326
368,"IRQ","Iraq",0.4808,0.4816,0.4099,0.419,0.4369,0.5588,0.6382,0.6621,0.8014,0.822,0.9514,1.0647,0.936,0.9203,0.9571,1.0464,1.0525,1.4469,1.9424,1.8536,1.4844,1.8016,2.991,3.7894,4.9525,5.4556,5.8143,6.2614,7.0163,6.9479,3.3011,6.5728,8.5454,11.8095,9.5585,9.1883,10.7937,12.7614,13.2384,11.7398,10.6065,12.3245,6.8704,2.0562,6.0261,7.0251,7.0217,8.654,8.5708,7.002,6.526,5.1072,7.8364,2.7731,3.668,3.882,6.8591,10.3988,10.381,6.1599,5.256
372,"IRL","Ireland",27.6172,30.3075,32.5752,33.767,33.9347,43.7307,46.3378,48.307,51.2302,52.241,51.988,60.4341,61.7943,49.2011,54.2569,54.5287,56.7323,58.0884,51.5877,46.454,46.7992,48.6278,51.8463,50.3712,47.8732,54.9383,56.4558,59.871,60.3345,62.8271,64.0229,63.7953,62.1994,64.0111,64.9815,61.2421,55.6131,54.3719,52.0858,46.7296,45.0026,44.3506,42.8877,41.8604,43.661,44.336,40.4741,36.7212,40.225,40.8796,44.6685,43.236,44.6262,47.1196,52.2188,52.0833,54.1004,53.5252,53.8539,55.8801,56.9207
833,"IMN","Isle of Man",NA,NA,NA,NA,NA,NA,NA,NA,NA,NA,NA,NA,NA,NA,NA,NA,NA,NA,NA,NA,NA,NA,NA,NA,NA,NA,NA,NA,NA,NA,NA,NA,NA,NA,NA,NA,NA,NA,NA,NA,NA,NA,NA,NA,NA,NA,NA,NA,NA,NA,NA,NA,NA,NA,NA,NA,NA,NA,NA,NA,NA
376,"ISR","Israel",16.03,15.1641,12.8745,13.8693,14.8869,13.0882,14.5461,15.3106,17.5339,18.7691,19.7419,20.2032,18.458,21.4122,24.8221,25.3249,26.4019,27.1647,26.7797,23.9327,20.8361,23.5784,25.476,25.3662,23.9505,22.671,23.3019,26.9275,25.2533,24.8716,24.1714,25.9728,26.4304,26.4178,26.9225,24.3594,28.8701,28.9668,20.5771,20.4714,18.4379,18.6135,19.4069,25.1236,24.8672,26.0526,22.9395,22.417,18.9691,19.8221,18.8328,20.2886,15.3427,12.7158,13.2837,13.1468,10.8404,10.7339,11.9458,12.6722,12.4627
380,"ITA","Italy",16.3115,15.8071,15.598,16.4196,18.1804,18.5511,18.7458,19.0064,20.1943,21.3403,26.9957,27.3564,24.1917,20.6142,24.3652,24.542,29.0924,35.3163,36.3051,32.8553,31.536,31.7734,31.4284,32.583,32.6372,32.9576,35.7368,33.1285,29.7283,30.8754,31.3172,30.1021,29.5574,29.7549,28.5979,30.0017,26.9852,27.0216,26.4906,26.4483,23.0359,22.8322,23.5462,22.5324,21.2618,22.4818,21.934,17.4523,19.148,17.6281,18.528,17.1191,17.9439,17.8371,17.914,17.5194,17.7233,17.9723,18.3398,19.4733,18.9684
388,"JAM","Jamaica",5.0255,5.4842,5.5503,7.205,6.624,7.6198,11.2456,9.3564,8.9889,10.1072,11.2999,11.3266,11.6438,17.3721,13.3446,7.7248,13.0987,9.2575,9.3851,11.4885,11.4114,11.9296,10.6003,17.2391,10.6003,10.3461,16.0219,16.0956,14.6708,14.4123,12.2299,12.8973,13.319,13.5473,12.9528,13.7857,15.2649,14.181,14.4154,14.8853,14.5998,13.082,14.5587,17.3376,15.919,10.1681,6.4411,7.5877,11.891,13.0285,15.8125,16.6542,15.163,15.0439,10.4728,14.0326,11.9046,18.5726,14.9694,14.4329,14.4717
392,"JPN","Japan",36.688,37.7053,41.6448,42.0475,45.1945,50.021,55.0314,57.402,58.5073,55.8064,56.9952,62.7398,68.1465,60.878,55.7987,65.2076,66.5677,69.4397,74.4928,63.5609,64.9226,66.7986,70.7001,71.5129,68.7092,70.9509,72.3461,69.4644,70.1586,67.4572,68.4112,69.2476,72.265,70.6007,64.7309,63.2489,62.1915,59.9023,60.9887,62.5586,56.3916,54.0271,54.6258,53.3744,52.72,53.5268,57.2589,41.8974,39.3948,47.8335,45.0486,44.6641,44.9523,43.905,42.7963,42.5907,44.7748,43.4772,42.5617,42.496,41.5479
832,"JEY","Jersey",NA,NA,NA,NA,NA,NA,NA,NA,NA,NA,NA,NA,NA,NA,NA,NA,NA,NA,NA,NA,NA,NA,NA,NA,NA,NA,NA,NA,NA,NA,NA,NA,NA,NA,NA,NA,NA,NA,NA,NA,NA,NA,NA,NA,NA,NA,NA,NA,NA,NA,NA,NA,NA,NA,NA,NA,NA,NA,NA,NA,NA
400,"JOR","Jordan",1.1233,2.3418,1.6994,2.2114,1.7904,1.0967,1.7191,1.3353,1.879,2.1628,2.2196,2.2358,2.8406,3.2669,5.3259,5.0178,5.8055,6.2884,9.2329,10.3035,5.6694,10.2395,9.4611,12.6141,5.5972,2.8617,4.6252,12.0037,6.7036,13.1824,11.3752,8.0017,13.7567,14.6572,12.7718,21.2362,17.1715,9.6282,10.2093,9.3868,9.8231,18.5624,20.9675,7.8496,8.6171,7.9471,10.9338,12.4514,11.8104,13.0808,13.1537,11.0109,5.3275,6.2557,7.5926,6.9842,9.579,7.8425,8.5512,8.5616,7.9874
398,"KAZ","Kazakhstan",NA,NA,NA,NA,NA,NA,NA,NA,NA,NA,NA,NA,NA,NA,NA,NA,NA,NA,NA,NA,NA,NA,NA,NA,NA,NA,NA,NA,NA,NA,NA,5.7186,4.6317,2.3572,1.7377,2.022,1.4866,0.8258,0.8435,0.9382,1.0254,1.1883,1.2647,1.3855,1.3153,1.3524,1.4917,1.4624,1.6196,1.5094,1.7413,1.4842,1.6883,1.8172,1.9303,1.9021,2.2279,2.2364,2.1783,2.7491,3.1292
404,"KEN","Kenya",1.4967,1.6439,1.6154,1.73,1.9903,2.7077,2.7899,3.0969,3.5506,3.6224,3.9229,4.0939,4.0374,4.2726,3.4083,3.6372,3.1594,2.7396,2.1807,3.6604,5.1179,4.3651,5.5652,5.3666,5.0005,4.9524,5.5871,5.5482,4.9886,5.3807,5.5775,4.7745,5.4446,6.4949,4.2716,7.9296,7.201,6.3673,8.1158,7.1921,6.696,7.3569,8.3493,7.1733,7.9094,7.8106,8.5883,8.0517,7.7616,7.5172,8.2581,9.0729,11.974,9.834,8.6699,10.9971,12.6939,10.6654,11.953,13.7617,12.9072
296,"KIR","Kiribati",0.9053,0.9092,0.8278,1.0037,1.0146,0.9252,1.0545,1.0577,1.066,1.0752,1.0885,1.0954,1.1136,1.1256,1.1178,1.1302,1.1365,1.1469,1.1519,1.1554,1.1744,1.1894,1.2057,1.2076,1.2291,1.2531,1.2556,1.2646,1.2562,1.2636,1.274,1.296,1.3884,1.3961,1.4297,1.465,1.465,1.5962,1.5962,1.8775,1.9864,2.2065,2.1913,2.2652,2.2822,2.3369,2.4785,2.5497,2.6043,2.6752,2.7298,2.787,2.7178,2.7568,2.786,2.841,2.8741,2.8404,2.916,2.9328,2.9336
689,"XKX","Kosovo",NA,NA,NA,NA,NA,NA,NA,NA,NA,NA,NA,NA,NA,NA,NA,NA,NA,NA,NA,NA,NA,NA,NA,NA,NA,NA,NA,NA,NA,NA,NA,NA,NA,NA,NA,NA,NA,NA,NA,NA,NA,NA,NA,NA,NA,NA,NA,NA,NA,NA,NA,NA,NA,NA,NA,NA,NA,NA,NA,NA,NA
414,"KWT","Kuwait",136.1982,136.2395,142.1634,148.1266,154.0498,159.9737,171.7938,183.6343,189.6901,196.0109,199.6781,220.1725,218.1921,220.2131,226.6509,217.5118,212.2611,227.8232,265.5953,321.0535,175.5524,159.4383,189.1386,139.2532,164.3037,140.4088,178.6997,131.413,137.6472,113.2175,55.4177,48.2303,70.6574,84.8321,86.4199,93.8117,91.3685,100.7054,95.8902,54.485,45.0014,49.4076,51.442,55.4821,62.7043,92.1234,110.9704,102.1291,66.1686,76.7519,81.7945,95.1448,81.5244,84.3807,126.5845,130.0339,129.9905,140.0173,143.1384,168.6949,156.235
417,"KGZ","Kyrgyzstan",NA,NA,NA,NA,NA,NA,NA,NA,NA,NA,NA,NA,NA,NA,NA,NA,NA,NA,NA,NA,NA,NA,NA,NA,NA,NA,NA,NA,NA,NA,NA,7.783,6.8283,6.0756,4.9361,4.6398,4.4949,4.6315,4.7555,4.9549,4.8964,4.7701,5.3433,5.3305,5.7627,5.8043,6.3203,6.2751,6.627,7.3925,7.1628,7.9405,9.6262,8.2732,7.4063,8.2907,8.179,9.0427,9.8266,9.7967,9.6998
418,"LAO","Laos",5.1597,5.4125,5.7138,6.6447,7.2626,8.2363,8.7515,9.0012,8.3613,7.9148,7.5887,6.8909,6.3356,5.9413,5.6474,5.5046,5.7635,5.9046,6.2301,7.2311,7.4512,7.6064,7.8348,8.3344,8.5407,8.7286,9.2533,9.2153,9.5312,9.8417,10.5688,10.8956,11.5237,11.6624,13.3925,12.4439,12.9131,11.031,10.8601,10.8078,11.721,11.0804,9.8958,10.0807,10.0647,10.0964,9.9828,9.6577,10.1213,10.1974,12.6145,12.5451,13.3219,15.2365,15.4528,14.5197,15.5315,17.2394,21.4243,23.0501,22.3458
428,"LVA","Latvia",NA,NA,NA,NA,NA,NA,NA,NA,NA,NA,NA,NA,NA,NA,NA,NA,NA,NA,NA,NA,NA,NA,NA,NA,NA,NA,NA,NA,NA,NA,NA,21.1504,8.3443,5.3917,8.777,9.2677,9.4434,10.3203,10.515,10.0265,11.7628,10.8188,10.0415,10.9532,10.5405,9.6567,10.1882,9.0289,8.8185,9.4629,10.5486,11.6697,12.6076,12.5558,12.9845,14.3426,14.0653,13.4934,14.3512,15.6324,14.8578
422,"LBN","Lebanon",8.3184,7.0626,12.7189,18.9365,6.1305,9.7765,10.8709,11.9775,19.9659,25.0874,16.0256,20.3776,30.9562,21.7868,7.3013,17.0068,13.4092,16.6442,32.7529,11.0866,13.8614,22.4833,22.541,35.7226,20.0391,7.9313,12.2598,12.7093,17.2276,19.8563,23.8734,25.2623,22.7399,22.8922,24.0235,43.8765,46.1779,45.7164,56.2457,32.275,32.9563,16.8861,19.3445,25.8149,32.7544,28.077,28.5082,34.4237,30.8481,34.66,34.1719,33.7607,27.2973,27.1196,17.1612,18.8131,17.9514,20.1895,17.739,15.6052,13.2917
426,"LSO","Lesotho",1.506,1.7254,1.5653,1.6763,1.8897,1.9381,2.1495,1.6429,1.848,1.8181,2.693,2.209,2.4476,2.411,2.9125,2.7608,4.4466,7.7922,7.4458,7.8303,7.4277,7.7656,7.749,7.3531,5.9794,7.1471,6.4148,6.8095,7.617,7.12,6.8449,6.5693,6.7787,4.0933,4.3601,4.2795,4.4715,4.4651,4.7494,5.6347,6.8128,6.8503,6.0846,6.0187,5.8357,6.7515,6.0446,3.9694,3.8849,3.6238,3.4335,3.3913,3.1772,2.4856,3.0014,2.0605,2.178,2.9909,1.3511,1.304,1.2146
430,"LBR","Liberia",0.6802,0.6987,0.7147,0.7348,0.7512,0.7781,0.8076,0.8335,0.8499,1.0218,1.0342,1.4056,1.2507,1.3057,1.0906,1.6478,1.4638,1.717,1.2605,1.3651,2.6576,1.1762,1.7905,1.0079,1.1101,1.3062,1.2669,1.1274,1.1392,1.1964,1.221,1.2522,1.2865,1.3226,1.3588,1.394,1.375,1.3089,1.2742,1.3364,1.3722,1.407,1.5016,1.5826,1.6746,1.8937,1.867,1.8173,2.1251,2.574,2.5767,2.6113,2.4899,2.4805,2.7455,2.9548,3.2913,3.1894,3.4591,3.7053,2.4844
434,"LBY","Libya",0.4422,0.444,0.4654,0.5413,0.6579,0.8889,1.2414,1.3244,1.2489,1.74,2.0446,1.9537,1.457,2.343,4.34,4.1506,6.4475,4.7626,7.9391,7.2836,9.4157,10.518,11.3347,9.412,8.2914,9.7299,13.0861,11.3268,9.8705,8.6384,9.9346,12.2192,14.6857,9.2723,11.2164,7.8158,7.9069,5.9033,7.4464,3.6067,10.1146,8.9115,1.94,5.2373,4.4225,5.148,4.0569,2.9941,5.3997,7.3705,11.0284,11.0777,6.6369,5.0967,3.1396,3.5073,4.1246,3.9613,3.9195,3.7714,2.5853
438,"LIE","Liechtenstein",NA,NA,NA,NA,NA,NA,NA,NA,NA,NA,NA,NA,NA,NA,NA,NA,NA,NA,NA,NA,NA,NA,NA,NA,NA,NA,NA,NA,NA,NA,NA,NA,NA,NA,NA,NA,NA,NA,NA,NA,NA,NA,NA,NA,NA,NA,NA,NA,NA,NA,NA,NA,NA,NA,NA,NA,NA,NA,NA,NA,NA
440,"LTU","Lithuania",NA,NA,NA,NA,NA,NA,NA,NA,NA,NA,NA,NA,NA,NA,NA,NA,NA,NA,NA,NA,NA,NA,NA,NA,NA,NA,NA,NA,NA,NA,NA,9.4612,7.6823,7.109,7.934,5.4083,6.2599,6.1776,5.9437,5.795,9.4243,11.7506,13.0069,12.7423,10.7601,11.5604,12.2583,9.0553,9.9745,9.82,9.7498,9.7233,10.0722,10.073,11.3138,11.8121,12.5205,11.976,11.5433,11.4174,10.2425
442,"LUX","Luxembourg",NA,NA,NA,NA,NA,NA,NA,NA,NA,NA,NA,NA,NA,NA,NA,NA,NA,NA,NA,NA,NA,NA,NA,NA,NA,NA,NA,NA,NA,NA,NA,NA,NA,NA,NA,NA,NA,NA,NA,29.2457,29.1649,28.6405,28.1322,29.1994,30.2314,27.556,27.6363,24.6267,24.5129,25.6492,25.2366,24.7646,25.2934,25.5715,25.9877,26.1801,26.652,24.0752,23.8195,23.7212,23.5244
446,"MAC","Macao",NA,NA,NA,NA,NA,NA,NA,NA,NA,NA,NA,NA,NA,NA,NA,NA,NA,NA,NA,NA,NA,NA,NA,NA,NA,NA,NA,NA,NA,NA,NA,NA,NA,NA,NA,NA,NA,NA,NA,NA,NA,NA,NA,NA,NA,NA,NA,NA,NA,NA,NA,NA,NA,NA,NA,NA,NA,NA,NA,NA,NA
450,"MDG","Madagascar",1.9477,2.0454,2.1758,2.3618,2.3177,2.5837,2.6681,2.537,2.7494,2.7228,2.6528,2.8949,2.5277,2.1874,2.1864,1.9524,1.9123,2.1406,2.3511,2.8252,3.0095,2.9757,2.9516,2.7979,2.7895,2.9745,2.9506,3.0738,2.7047,2.9251,2.923,2.859,2.796,2.9814,3.038,3.3276,3.1585,2.6946,2.351,1.9595,1.7441,1.638,1.6257,1.8309,2.7989,2.5413,2.6469,2.6773,2.6617,2.7543,2.7616,2.8838,2.8665,3.2018,3.1029,3.3566,3.3453,3.4632,3.695,3.7661,3.0463
454,"MWI","Malawi",0.8424,0.707,0.7424,0.7422,0.6829,0.6672,0.7426,0.718,0.7917,0.8498,1.1013,0.9255,1.0569,0.7907,0.6505,1.2707,1.6972,1.7023,1.5767,2.0095,1.6549,1.6429,3.2664,3.8535,2.2738,2.3215,2.8595,3.9972,4.024,3.0166,3.4566,3.2201,4.4159,2.112,2.6425,3.2128,3.0236,2.7806,3.4368,2.6383,1.6506,3.4789,3.678,4.1687,3.4894,4.0317,4.5577,3.1205,4.306,4.4019,4.2933,5.4457,6.2425,4.3962,6.4706,5.1497,6.6369,8.4293,10.4157,13.9044,13.0216
458,"MYS","Malaysia",6.5682,6.991,7.3,6.6809,7.1485,7.2082,7.1733,7.7361,7.9052,7.9646,8.1999,7.6608,8.9586,7.6741,8.0504,8.8545,8.9788,10.6208,11.4217,12.9658,11.0595,11.8014,12.7136,13.4105,11.8545,14.0989,12.9145,12.3008,12.3291,12.0432,12.5125,12.2099,12.8064,12.823,15.2897,16.9426,17.7375,17.3103,17.0377,15.0155,12.6727,13.7152,14.5233,14.6763,15.1229,17.2804,18.8802,13.803,17.0327,17.6665,16.4332,16.7188,18.0996,19.0422,16.2963,17.3072,19.9669,16.5765,13.2434,14.9581,15.7445
462,"MDV","Maldives",0.5646,0.565,0.5653,0.5657,0.5661,0.5716,0.5744,0.5757,0.5761,0.575,0.4574,0.4461,0.3737,0.3729,0.3797,0.3749,0.383,0.3767,0.3698,0.3811,0.3804,0.3267,0.3288,0.3309,0.331,0.3312,0.3283,0.3294,0.3335,0.3333,0.3319,0.335,0.3333,0.3321,0.3324,0.3355,0.336,0.3339,0.332,0.2965,0.2715,0.2226,0.2752,0.3451,1.3861,8.5842,0.445,0.2273,9.098,8.8814,3.1156,8.9395,20.1779,2.2923,0.2464,1.074,4.7684,1.7897,1.9353,4.6774,8.1756
466,"MLI","Mali",0.8523,0.9661,1.0124,1.0831,1.1529,1.3863,1.3336,1.4957,1.6455,1.8203,2.2604,2.0594,1.8955,1.8377,1.0111,1.7513,1.7906,1.7039,1.8877,2.0714,1.7929,1.8708,1.8913,4.1879,2.0188,1.8008,1.8312,1.7742,2.9466,2.4119,2.2992,3.7704,2.1862,1.5786,1.7893,1.3955,1.723,2.1044,2.1616,1.9341,1.9897,2.3284,1.832,2.2678,1.9981,2.1869,1.937,1.3057,2.0411,2.7637,1.2313,0.8521,1.7169,2.2637,3.0275,4.3893,4.1411,4.9158,4.181,3.8633,3.3452
470,"MLT","Malta",10.7771,11.4628,13.0498,14.6116,15.8066,16.7337,18.1583,21.6807,23.0562,21.9474,23.1219,22.126,22.5236,21.3783,22.992,26.6046,27.6381,27.7543,27.3472,33.5728,27.8852,30.6127,39.1817,48.9988,45.8891,45.463,45.0427,46.1273,46.5776,47.2083,46.9254,49.6737,50.3954,50.3753,57.1903,51.1027,58.0286,61.0155,62.7019,65.0867,65.3696,59.5081,60.1508,61.9586,63.6212,62.0191,63.3501,64.3133,50.3976,46.8203,41.971,39.6038,40.6848,40.3091,40.3912,40.2851,37.9574,37.3358,37.475,59.1744,61.2265
584,"MHL","Marshall Islands",NA,NA,NA,NA,NA,NA,NA,NA,NA,NA,NA,NA,NA,NA,NA,NA,NA,NA,NA,NA,NA,NA,NA,NA,NA,NA,NA,NA,NA,NA,NA,NA,NA,NA,NA,NA,NA,NA,NA,NA,NA,NA,NA,NA,NA,NA,NA,NA,NA,NA,NA,NA,NA,NA,NA,NA,NA,NA,NA,NA,NA
478,"MRT","Mauritania",3.3043,3.3704,3.4281,3.4955,3.5795,3.6612,3.8526,4.1221,3.6713,3.8537,4.1224,3.6395,3.5374,3.5715,3.754,3.9454,4.0995,4.3028,5.7144,5.3961,4.5645,3.7397,3.2195,2.8374,2.8398,2.7875,2.6768,3.2063,3.1414,2.8528,3.1151,3.4319,2.959,2.664,2.5857,2.6402,2.6565,2.8147,3.0428,3.1773,3.3045,3.4467,3.5609,3.3884,3.4674,3.8595,3.453,3.2335,3.6034,3.9823,3.6582,4.0753,4.0424,4.0812,4.5281,4.6865,4.9707,4.8843,5.1427,5.3397,5.3817
480,"MUS","Mauritius",25.4567,24.0252,27.1241,29.1116,32.8391,14.5544,16.0657,17.2433,13.8831,14.9716,12.5199,18.2378,15.1077,14.8987,4.4506,9.8922,11.1864,12.8342,14.4201,12.8994,12.4308,16.4238,13.9476,14.8205,15.1163,15.9384,19.0832,18.2881,20.623,17.1468,17.8943,16.9164,19.1169,16.0675,24.8231,38.2802,34.0531,29.2192,28.609,26.1828,21.0499,23.4689,23.9345,24.0438,29.299,24.8449,24.5083,31.7231,22.6508,22.5083,23.3791,24.2071,22.5228,26.0106,19.9225,25.7992,26.9539,16.7528,16.5988,16.0115,19.0384
484,"MEX","Mexico",2.3347,2.6221,2.9832,3.2048,3.6171,4.1439,4.4709,4.836,5.3481,5.1272,5.9975,6.1061,6.826,7.8683,9.0276,8.3567,8.3875,9.087,9.079,9.3284,11.8613,12.5214,10.9327,12.0537,12.303,12.1577,12.2179,10.9496,9.8898,9.6446,9.4425,8.1514,8.4851,9.3968,6.3373,8.2127,7.4594,7.9571,8.22,8.3887,8.8504,8.4491,8.414,9.3011,9.3858,9.2471,7.943,6.4727,7.9984,8.5098,8.2271,8.6601,9.033,9.8195,10.677,12.4093,12.1725,13.591,13.5375,12.1865,14.6301
583,"FSM","Micronesia",NA,NA,NA,NA,NA,NA,NA,NA,NA,NA,NA,NA,NA,NA,NA,NA,NA,NA,NA,NA,NA,NA,NA,NA,NA,NA,NA,NA,NA,NA,4e-04,5e-04,5e-04,5e-04,50.6211,50.9855,51.0058,51.0145,51.0099,51.0039,51.0311,51.0384,51.0864,51.0933,51.1093,51.0902,52.6536,52.4569,66.2949,66.0513,69.698,69.8624,71.6645,72.1847,72.714,73.6394,73.7595,73.5774,75.1093,75.8549,76.8381
498,"MDA","Moldova",NA,NA,NA,NA,NA,NA,NA,NA,NA,NA,NA,NA,NA,NA,NA,NA,NA,NA,NA,NA,NA,NA,NA,NA,NA,NA,NA,NA,NA,NA,NA,15.7548,13.4762,13.4058,13.1827,13.1119,4.4217,3.7704,3.7461,3.4625,3.156,3.1941,3.298,3.2005,3.1323,3.364,3.3833,2.8001,2.7275,3.2139,3.9027,3.7659,4.9478,5.2695,6.3731,7.4905,10.3204,9.3649,10.2046,8.0478,7.9741
492,"MCO","Monaco",NA,NA,NA,NA,NA,NA,NA,NA,NA,NA,NA,NA,NA,NA,NA,NA,NA,NA,NA,NA,NA,NA,NA,NA,NA,NA,NA,NA,NA,NA,NA,NA,NA,NA,NA,NA,NA,NA,NA,NA,NA,NA,NA,NA,NA,NA,NA,NA,NA,NA,NA,NA,NA,NA,NA,NA,NA,NA,NA,NA,NA
496,"MNG","Mongolia",22.4683,17.3319,17.866,16.429,16.7694,17.1638,18.0824,18.7488,18.6625,19.8798,19.7916,20.7099,21.5721,20.3495,20.8912,18.4768,15.6824,14.8132,15.6454,14.9162,14.5167,14.3674,13.7903,13.2687,12.8968,13.5332,13.5074,13.2651,13.5235,14.3002,14.999,14.6224,13.646,13.7932,14.9482,15.9347,17.7659,16.8671,19.9134,20.1943,17.1624,12.8069,12.8264,11.8529,13.2566,14.7218,16.5751,16.6006,16.9561,13.1568,13.8353,15.1762,17.3307,19.78,21.8695,23.8469,25.2047,25.3387,26.9786,26.1706,27.2161
499,"MNE","Montenegro",NA,NA,NA,NA,NA,NA,NA,NA,NA,NA,NA,NA,NA,NA,NA,NA,NA,NA,NA,NA,NA,NA,NA,NA,NA,NA,NA,NA,NA,NA,NA,NA,NA,NA,NA,NA,NA,NA,NA,NA,NA,NA,NA,NA,NA,124.7028,116.7305,111.8719,103.6023,104.0639,92.6154,93.7499,98.181,99.1544,100.0499,104.3485,93.8978,89.1935,86.9668,89.6241,89.3356
504,"MAR","Morocco",1.1826,1.5572,1.4344,1.6466,1.7304,1.5368,2.215,2.7201,2.5989,2.2666,2.5161,2.5663,2.8374,3.4821,3.8358,4.116,3.793,3.9059,3.9455,4.9057,4.1751,4.2042,4.8566,5.0228,5.6988,6.0133,5.7265,5.9507,5.5367,5.7387,4.8002,4.6644,4.5478,4.6492,3.617,4.8395,4.3604,4.3555,4.7474,4.9539,5.1352,8.1632,7.4494,6.0832,6.2402,6.0661,6.3178,5.2555,5.6424,9.3483,9.9096,10.4549,11.0162,10.6264,10.737,6.5902,7.0538,6.3917,6.4652,5.1941,6.0019
508,"MOZ","Mozambique",0.4645,0.492,0.5062,0.5917,0.6087,0.4738,0.4825,0.5002,0.6265,0.5528,0.7013,1.0382,0.7394,0.6337,0.6798,0.7695,0.8779,1.1841,1.7285,1.8135,2.4884,2.1309,0.9851,0.6331,0.6012,0.7272,0.7133,0.4482,0.4524,1.157,1.4556,1.545,1.5939,1.7258,1.8452,1.829,2.027,1.8909,2.024,2.788,1.9223,1.7285,1.4413,1.7316,1.4531,1.3659,1.2773,2.0831,1.4933,1.3154,1.787,1.669,1.4007,1.9214,1.6519,1.5516,1.3592,1.7029,2.1287,1.982,2.2434
104,"MMR","Myanmar",2.4578,2.4792,2.648,2.828,2.9566,2.9382,3.3053,3.3138,3.4699,3.4288,3.826,3.9792,3.8346,3.9601,4.1998,4.0725,4.2697,4.5888,5.0635,5.6235,5.7995,6.5502,6.1882,6.9037,7.0657,7.1502,6.0983,6.0013,5.4588,5.2946,5.3658,5.3202,5.8907,6.3116,7.5207,6.6371,6.8264,6.9251,6.776,7.0424,6.3951,6.1912,6.5632,7.5085,6.5204,6.7964,8.16,7.0221,7.0168,7.6238,8.2904,8.6481,8.9985,9.3087,9.874,11.175,14.6955,11.4806,13.0308,11.7269,7.8404
516,"NAM","Namibia",1.2797,1.3148,1.3287,1.3153,1.3265,1.3604,1.3597,1.355,1.3714,1.367,1.3735,1.379,1.3837,1.4512,1.243,1.201,1.3246,1.3198,1.357,1.4142,1.2329,1.1428,1.105,1.1397,1.147,1.1971,1.1743,1.2201,1.2738,1.3035,1.3505,1.2915,1.1934,1.0984,1.0072,0.9947,1.0147,1.0246,1.089,1.1866,1.1808,1.1655,1.2417,1.312,1.4914,1.3208,1.3994,1.3133,1.3162,1.5495,1.5043,1.9669,1.6987,1.7862,1.7477,2.0177,1.8586,2.0291,2.2118,1.548,1.5654
520,"NRU","Nauru",10.2784,10.5101,10.7419,10.9736,8.5831,8.7569,9.0976,9.4453,9.7942,10.1432,10.6827,11.378,12.0746,12.7712,13.287,11.8657,11.1835,11.8814,12.5793,13.4678,14.861,15.7232,16.4158,15.0174,15.9058,16.7917,17.6538,18.3491,18.3491,19.0453,19.7453,20.4715,21.1379,21.139,21.1722,21.141,21.142,21.143,21.144,21.1811,21.1461,21.1471,21.1481,21.1491,21.1501,21.1511,21.8474,22.5437,22.5447,22.5892,22.584,22.5926,22.596,22.583,22.5852,22.5928,22.5566,22.4869,22.3776,22.8014,23.2865
524,"NPL","Nepal",3.5698,3.6021,3.6802,3.7273,3.8099,3.9743,4.0255,4.0884,4.245,4.0454,4.3346,4.3665,4.1963,4.3417,4.4266,4.5843,4.828,4.907,5.092,5.4442,5.461,5.9504,6.2172,6.5908,6.7112,6.9364,7.5912,7.6548,7.9858,8.4869,9.1739,8.8938,8.0642,9.6497,9.1213,9.847,10.5399,11.2504,10.9491,8.9638,9.6421,9.06,8.3279,7.2754,7.0675,7.663,7.2292,7.5935,8.8986,9.6106,11.5731,11.6661,16.8776,15.8695,15.7295,17.2916,18.3962,20.9229,20.7342,21.879,20.5048
528,"NLD","Netherlands",71.2647,72.211,77.9106,75.0561,77.8988,77.8948,77.8831,78.8246,78.8273,82.2528,79.8491,81.5205,86.8721,85.4072,83.6266,87.0351,86.7505,88.2518,92.1214,95.2393,94.9711,93.7695,98.4727,99.9928,100.2127,105.0325,101.8542,100.0784,99.6671,97.5658,97.8854,96.6449,94.5423,92.0829,95.0753,92.1691,89.0562,87.2204,87.9558,84.6477,83.568,78.0942,75.667,74.7987,76.1211,78.1979,78.4773,76.6495,73.4511,81.0002,77.0947,77.2242,73.9754,75.0739,77.8022,79.9711,75.1736,72.2526,73.0804,72.3009,70.3422
540,"NCL","New Caledonia",23.9745,24.8353,25.2335,21.9154,23.1679,24.4255,24.749,22.6852,22.3389,22.4836,22.2262,21.2862,23.2164,21.4521,21.6353,15.0722,15.686,12.8282,16.8938,12.7945,12.9872,15.9068,22.0788,18.7396,16.4765,19.9899,30.3182,30.6263,29.688,31.892,30.715,30.2538,47.466,50.2787,50.7461,50.6059,55.1589,28.2946,30.2656,32.6702,32.14,42.577,88.3709,39.2364,46.1339,39.8399,43.5995,39.3534,28.9247,32.9313,36.9628,36.9038,41.953,44.0045,43.5948,42.9823,42.5833,42.5539,42.4302,42.6757,42.3786
554,"NZL","New Zealand",13.1287,14.111,16.5953,21.4589,20.2297,18.3992,17.1684,19.6243,20.3028,19.4745,20.8167,21.3596,26.6584,18.7493,22.4786,21.7102,22.2205,22.9487,21.747,19.1348,18.0409,16.5722,17.7681,16.5431,14.6741,12.5015,14.2273,11.4545,14.9189,13.1139,15.8179,18.2587,21.4673,21.5863,21.5677,21.2943,20.9524,20.6468,21.8001,24.267,25.2906,21.8456,22.4752,22.2295,21.531,21.0204,18.8564,15.2477,13.4401,13.6708,14.945,13.3553,13.1523,12.8981,14.5303,12.5863,14.8418,14.4208,13.3778,13.6553,11.2698
558,"NIC","Nicaragua",2.9026,3.0585,3.1906,3.3102,7.0851,5.932,5.8976,6.9268,6.7819,6.6639,6.6257,5.4064,8.1754,7.4562,5.1338,9.4641,8.3303,8.4265,6.5541,8.4786,5.3734,4.9339,6.1597,4.9941,6.0233,7.1313,5.9545,6.87,5.0559,4.348,4.2627,2.4908,4.0985,4.2712,2.6717,4.4382,3.9757,4.0057,5.371,5.6807,3.894,5.1423,6.4666,5.6832,5.3799,5.1544,7.0421,5.7953,5.7185,5.659,7.097,7.1625,7.6637,8.4567,9.7226,9.3782,11.0318,7.8716,8.8911,9.7987,10.2263
562,"NER","Niger",0.124,0.1324,0.1366,0.1466,0.1547,0.1628,0.1697,0.1654,0.167,0.1857,0.1905,0.1955,0.1621,0.1858,0.2118,0.2364,0.2733,0.2762,0.2823,0.29,0.3732,0.3177,0.2908,0.2422,0.2254,0.211,0.2288,0.2309,0.2492,0.2201,0.1988,0.1967,0.1965,0.2587,0.2663,0.2576,0.2539,0.2733,0.2639,0.2628,0.2753,0.3163,0.3024,0.2868,0.3306,0.3474,0.3499,0.3265,0.3374,0.3848,0.376,0.3238,0.3973,0.3896,0.3565,0.3665,0.3762,0.4163,0.4325,0.4548,0.462
566,"NGA","Nigeria",0.1982,0.2129,0.2232,0.2266,0.2366,0.2473,0.301,0.324,0.3187,0.3105,0.3291,0.3587,0.3279,0.438,0.5423,0.864,0.6681,0.6516,0.7352,1.134,1.4719,1.2943,1.6398,1.7295,1.5449,1.5893,1.5378,1.9556,1.9192,2.0632,2.1089,2.1105,2.3134,1.2899,1.2384,1.0497,0.9322,1.1447,1.0913,1.1981,1.1654,1.1148,1.1029,1.1555,1.1971,1.5504,1.3522,1.516,1.4233,1.675,1.4247,1.5632,1.4109,1.5201,1.5577,1.876,2.5693,2.4824,1.9043,2.1646,2.3048
570,"NIU","Niue",3.2099,3.3381,3.4408,3.5521,3.7513,3.8286,3.8991,3.8426,3.8698,3.8395,3.975,3.8804,4.0435,2.9658,2.9029,2.8441,2.8989,2.9494,2.953,2.9112,2.9135,2.9138,2.9292,2.9317,2.8978,2.9006,2.8616,2.8497,2.8361,2.8707,2.8718,2.8887,2.9066,2.9915,2.9916,3.0278,3.0279,3.028,3.0281,3.0281,3.1564,3.1565,3.0486,3.2632,3.1093,3.153,3.3713,3.4811,3.4861,3.5436,3.2046,3.0129,3.0135,2.7722,3.0652,2.9796,3.1276,3.4054,3.2272,3.3243,3.3349
408,"PRK","North Korea",8.7869,9.5593,11.0354,11.3006,12.8897,13.3903,14.538,14.32,15.4058,18.9365,21.0898,22.5318,17.9334,24.8124,25.209,26.6532,26.8405,26.9527,27.1319,26.3898,26.9877,27.0959,27.1983,27.6547,28.3705,28.9039,29.0934,31.1466,33.7647,32.9927,30.9682,27.1039,26.3796,6.6615,6.1496,6.0234,5.7193,6.9886,13.3976,12.08,12.5383,8.8247,8.9588,9.3908,8.7124,7.0818,7.1312,6.4964,6.4187,6.8942,7.0794,7.335,7.4834,6.5057,5.5923,6.2639,6.7164,6.0746,7.5066,5.0812,5.8698
807,"MKD","North Macedonia",NA,NA,NA,NA,NA,NA,NA,NA,NA,NA,NA,NA,NA,NA,NA,NA,NA,NA,NA,NA,NA,NA,NA,NA,NA,NA,NA,NA,NA,NA,NA,11.5172,11.5785,12.5505,10.68,11.0074,12.8483,12.8774,13.2311,15.5761,11.6402,12.4136,12.8255,13.047,14.2557,14.4378,15.6879,15.3167,11.5712,12.9271,13.5742,14.035,12.2504,12.2584,11.7046,12.8762,11.5319,11.3914,10.4733,12.0121,9.1823
578,"NOR","Norway",19.4006,19.4135,19.9272,20.0456,20.0055,19.8127,20.7819,20.9383,21.418,21.2585,22.3439,22.3001,23.2973,23.4278,22.7094,22.7496,24.1266,24.2632,24.4616,23.8045,24.0665,23.5822,23.2069,21.657,20.2551,19.4931,18.2246,16.6111,15.5697,15.6231,15.0184,14.5049,14.8128,14.1252,13.1334,13.1798,14.141,14.4569,14.041,14.3734,13.7429,13.8711,14.179,14.1318,14.1429,14.1841,13.9994,12.288,11.8614,12.2093,12.5031,12.7605,12.7551,12.8485,13.1667,13.1202,13.2425,12.9955,13.1008,13.1068,13.3101
512,"OMN","Oman",2.1002,2.1166,2.1366,2.1022,2.1252,2.1388,2.0565,1.9912,2.025,1.951,1.9586,2.0436,2.2017,2.4033,2.4644,2.6384,2.6253,2.0809,3.0976,3.2293,3.7356,5.0923,4.3585,3.2389,8.1453,5.0918,5.3002,9.8926,7.8235,10.0812,9.9365,9.7625,14.428,7.3455,8.1603,8.2521,8.914,7.477,8.1433,9.1299,13.0482,11.015,12.0184,11.4722,13.4726,14.2498,12.261,15.6864,13.39,15.4293,11.906,13.0257,14.3645,18.6492,16.0368,21.7492,18.0811,15.7585,15.341,17.227,13.8665
586,"PAK","Pakistan",0.9612,0.9074,0.9303,0.9486,0.9409,1.0232,1.1598,1.5439,1.5662,1.5323,1.6651,1.8566,1.9723,2.0974,2.7834,2.9981,3.6016,3.9995,4.4451,4.4311,4.5943,4.8888,5.1906,5.4872,6.3506,7.6867,7.0872,7.5594,7.3722,7.6623,7.8143,9.1335,8.7462,8.3249,9.2784,8.2723,10.022,8.7911,10.6689,11.8251,11.1826,11.5053,11.7148,14.092,16.0087,16.3419,13.5143,12.279,15.4802,14.7271,12.9412,13.9933,16.2376,17.4855,18.2944,21.7989,22.6041,22.0304,21.0736,22.7761,22.4725
585,"PLW","Palau",NA,NA,NA,NA,NA,NA,NA,NA,NA,NA,NA,NA,NA,NA,NA,NA,NA,NA,NA,NA,NA,NA,NA,NA,NA,NA,NA,NA,NA,NA,NA,NA,NA,NA,NA,NA,NA,NA,NA,NA,NA,NA,NA,NA,NA,NA,NA,NA,NA,NA,NA,NA,NA,NA,NA,NA,NA,NA,NA,NA,NA
591,"PAN","Panama",4.0498,3.9852,4.0678,4.0158,3.9268,3.9965,4.0967,4.1077,4.7577,5.102,6.4996,6.5268,6.4824,7.1934,6.628,6.1508,7.9672,9.1143,8.3556,7.2796,8.1571,7.9114,5.9872,7.209,7.247,7.7505,7.2772,8.0601,5.7589,6.5418,6.2731,5.5825,6.3452,9.5829,9.742,11.8987,9.7001,9.6522,9.6903,7.4416,8.496,6.6814,7.7566,5.5194,5.1091,4.9309,5.5501,5.7112,6.6131,7.7301,7.1707,11.4091,12.8952,11.9161,12.6389,10.7097,13.4976,11.5977,13.0122,14.3209,14.2041
598,"PNG","Papua New Guinea",4.1785,4.1625,4.1995,4.0185,4.0947,4.2083,4.1033,4.2405,4.3831,4.458,4.8547,4.8602,4.5647,4.5719,4.737,4.4167,4.5799,4.9949,4.6021,4.6703,5.523,4.8786,5.2805,5.1253,5.145,5.2537,5.5872,5.6077,5.735,5.6636,5.2532,5.7376,6.1863,6.5145,6.7589,6.8372,7.0052,6.6083,7.1541,7.211,7.625,6.4894,6.4632,6.4306,6.616,6.7097,7.0202,6.4964,5.8316,6.6771,6.5185,6.2855,5.7294,5.6924,6.2162,6.1638,5.893,6.3272,5.8811,6.2563,5.8036
600,"PRY","Paraguay",4.1654,3.8709,3.9501,4.9076,5.148,5.2751,5.0794,4.8787,4.72,5.1536,4.4658,4.6714,4.449,4.6903,4.6029,4.5318,4.575,4.4694,4.9439,4.0952,4.1991,3.9473,4.3541,4.8022,4.5465,4.9358,6.1344,5.7242,7.8159,7.647,8.0019,7.6523,5.9763,5.6958,5.5301,5.1882,7.7546,8.0207,7.0789,6.7948,6.3606,11.5759,14.9189,16.9457,15.2939,16.2149,18.6663,15.3277,15.6577,17.9531,22.2018,17.2969,17.6859,17.2786,15.5155,16.9461,17.3252,17.8632,17.0858,18.5079,18.2694
604,"PER","Peru",12.7049,12.5977,8.6935,8.311,7.0908,7.1387,6.2132,5.7174,6.4204,6.3197,6.1412,5.3035,5.1327,5.8089,5.4698,6.1201,6.241,6.2811,5.9441,6.0646,5.9304,5.558,5.3414,5.6309,5.5507,7.2605,8.2111,7.8626,5.6767,4.9127,4.7459,4.5379,5.3723,6.7409,4.4749,6.2402,7.1589,7.2228,7.0384,7.3292,9.5595,7.8943,8.0811,8.1227,8.5898,10.4359,8.9133,7.1432,9.685,9.1058,9.9034,8.7977,9.9785,11.0551,10.5267,11.7396,13.3935,11.6803,12.82,14.0474,8.7799
608,"PHL","Philippines",4.7129,5.2895,4.9475,4.9242,5.3191,5.874,5.1264,6.6592,7.9041,6.6783,7.1172,6.7238,7.5256,6.6391,5.5104,5.1731,4.9504,5.612,5.5571,5.4036,5.2625,5.5816,5.5815,5.0689,4.8158,4.9121,5.7251,6.3552,6.6941,7.6255,6.3958,6.2584,7.4323,7.9571,9.225,10.0818,10.3218,9.1638,10.1962,9.5062,10.743,10.0674,9.9842,10.1006,9.5793,9.9223,11.1825,8.1246,7.7974,8.173,8.3166,7.1164,10.2568,9.6592,9.3049,9.7349,11.4634,10.1279,11.5884,12.1923,14.1874
616,"POL","Poland",13.0724,13.7139,14.1884,15.7528,16.926,18.5695,20.0387,21.9994,24.1577,24.9366,27.5907,30.0691,32.7531,34.7396,35.2411,35.1229,35.6117,35.9927,36.2251,34.2374,32.695,31.9968,33.2455,32.9056,33.7045,35.3678,31.7203,33.2858,34.3417,18.472,13.4,15.1216,14.6111,15.5348,16.351,16.2707,15.8326,16.3463,15.6444,15.14,16.1153,17.548,18.4851,18.0981,22.0297,21.2241,23.801,20.5572,19.1803,23.6324,21.1774,21.2497,20.0095,18.8459,19.7839,20.5477,20.5728,20.6073,21.2394,20.3463,19.2123
620,"PRT","Portugal",14.2663,14.7321,13.3018,14.6985,13.6181,12.7818,13.6008,14.1857,15.9252,12.7399,13.1512,16.4706,17.0858,13.9291,15.9632,16.1584,16.9961,16.7345,18.2965,19.2954,19.5706,19.3121,17.5266,15.8592,17.2104,18.6378,18.9169,19.6576,18.4599,18.9516,18.4248,17.7829,18.3473,18.7235,18.5301,20.6682,20.2703,21.6238,22.1782,20.0643,20.3588,19.3721,19.1327,19.5327,21.0003,21.6555,25.0809,18.1633,17.557,19.7325,18.5357,19.506,20.2394,20.6802,21.8655,22.3085,22.4428,21.83,20.7115,20.8599,20.6865
634,"QAT","Qatar",28.5976,28.6926,28.7663,28.8862,28.8886,29.0085,29.2309,29.5307,29.8306,30.1779,30.5048,30.8637,31.2022,15.7747,16.6345,17.5075,18.8163,18.5375,12.785,8.918,7.6344,6.943,10.0213,8.1505,6.7845,5.5093,6.3644,6.8926,10.243,8.9972,10.4422,8.5832,7.4482,8.0653,8.3168,8.235,7.9075,7.2582,7.7438,8.9069,8.2595,9.4958,6.7247,7.4397,7.8642,7.7016,7.8875,8.7442,9.5662,9.8554,10.3123,10.5645,28.838,21.0907,16.8114,19.3382,19.0292,19.0997,23.424,27.7673,24.3726
178,"COG","Republic of Congo",0.3028,0.3097,0.3165,0.296,0.2808,0.2664,0.2454,0.2965,0.3325,0.3803,0.3843,0.3851,0.6964,0.3771,0.404,0.3681,0.3833,0.485,0.432,0.4149,0.3984,0.3953,0.4184,0.4486,0.5021,0.5483,0.5985,0.6058,0.5633,0.7846,0.8756,0.9624,1.0461,1.1632,1.2523,1.3395,1.3108,1.31,1.3076,1.3243,1.0186,0.8788,0.7344,0.6219,0.6725,0.6905,0.7797,0.8183,1.3507,0.8565,0.9083,0.9075,1.0307,0.8324,0.9283,0.9891,1.0655,0.9831,1.0424,1.4211,1.4684
642,"ROU","Romania",8.2467,8.8603,10.2689,9.9028,11.5668,11.5612,12.9081,13.335,14.4912,16.0786,15.4448,17.2439,23.2011,24.3048,22.4418,27.6972,28.9199,30.9404,31.5275,29.824,33.3113,33.6519,32.8175,35.1909,30.3921,29.4351,29.4744,27.7821,27.7117,24.5722,16.6968,16.3848,15.3141,12.8391,12.6215,13.3346,10.8998,10.0173,8.4654,8.2725,9.2513,8.4334,9.016,9.9672,11.2784,9.8142,10.8396,10.0641,10.4227,10.6973,11.086,10.9272,11.5703,12.3817,13.1992,15.0387,16.539,16.963,17.1168,16.8394,18.1038
643,"RUS","Russia",NA,NA,NA,NA,NA,NA,NA,NA,NA,NA,NA,NA,NA,NA,NA,NA,NA,NA,NA,NA,NA,NA,NA,NA,NA,NA,NA,NA,NA,NA,NA,9.8714,7.666,5.2029,5.0042,4.8032,4.1659,3.7421,3.3714,3.591,3.649,3.6766,3.6642,3.7246,3.586,3.634,3.836,4.0012,3.956,4.0009,4.0332,4.0518,3.9767,4.1725,4.2141,4.5617,4.9127,4.9569,5.2358,5.7194,5.5867
646,"RWA","Rwanda",0.6993,0.7385,0.6838,0.5721,0.5376,0.6338,0.705,0.6078,0.7498,0.804,0.7823,0.7112,0.7087,0.6943,0.7324,0.7067,0.7534,0.8115,0.8528,0.8833,0.9239,0.9743,0.927,0.8578,0.8048,0.8409,0.8902,0.8358,0.8181,1.1038,1.0004,0.8624,1.1907,1.1801,0.9248,0.8761,0.8909,0.802,0.9233,0.9407,0.9303,1.2014,1.2447,1.4977,1.8399,2.3822,3.3404,3.4295,2.3967,2.462,2.4073,3.8803,4.2682,4.2213,6.1169,6.1324,8.0282,6.1071,9.0389,8.3782,7.9943
652,"BLM","Saint Barthelemy",NA,NA,NA,NA,NA,NA,NA,NA,NA,NA,NA,NA,NA,NA,NA,NA,NA,NA,NA,NA,NA,NA,NA,NA,NA,NA,NA,NA,NA,NA,NA,NA,NA,NA,NA,NA,NA,NA,NA,NA,NA,NA,NA,NA,NA,NA,NA,NA,NA,NA,NA,NA,NA,NA,NA,NA,NA,NA,NA,NA,NA
659,"KNA","Saint Kitts and Nevis",1.8842,2.0062,2.0033,2.2718,3.508,3.5086,3.4638,5.9008,9.5826,12.3853,6.7632,6.783,6.7766,9.5897,12.4139,15.2243,18.025,18.0344,18.0363,18.0346,20.8431,22.4491,22.451,27.5972,27.5875,33.6512,33.604,37.1495,10.1626,10.4966,13.3264,13.369,13.3036,22.5769,19.8537,23.1597,30.8957,30.8431,27.0732,29.3879,30.174,4.2028,4.1781,4.2316,7.8678,10.8197,10.4433,11.0055,9.7432,8.9995,8.6825,7.6159,6.4819,9.202,7.484,7.4028,6.6385,5.9965,5.4049,4.187,5.3886
662,"LCA","Saint Lucia",8.5692,8.626,8.611,10.3114,13.4872,13.484,15.8151,18.3021,31.44,36.1774,33.6231,33.4325,35.808,36.0362,28.1197,23.1197,15.5494,3.934,3.1857,5.5041,5.5112,5.5852,5.6672,5.7497,5.2896,5.5791,5.6648,5.7111,51.6191,42.0229,47.7977,4.0268,3.9769,4.9305,4.6271,4.8423,4.909,5.5954,18.2868,26.0433,19.2278,12.5084,24.3274,14.6936,16.7109,15.6969,12.6644,9.4859,13.1204,11.0392,10.9621,18.8705,10.0572,14.8812,14.7179,14.2785,15.6721,15.4202,17.1451,13.2234,12.1239
670,"VCT","Saint Vincent and the Grenadines",18.197,18.3629,17.2415,18.1352,20.4072,20.6351,24.8318,24.664,24.5085,15.691,15.9486,16.0511,18.0121,23.0686,23.2369,23.3711,28.3916,28.4205,25.6639,25.7272,25.9329,29.1314,26.5129,31.118,31.4164,32.6477,37.5391,39.7466,50.5853,52.2607,54.1142,62.1056,65.1261,68.4253,72.214,76.2428,80.7708,108.8423,116.2123,124.0895,124.1423,13.12,11.2052,10.5751,11.5857,12.6277,13.511,14.7571,13.299,14.7247,13.033,12.7722,13.7139,13.0529,13.6392,12.5634,11.4664,11.8837,11.8551,11.7913,25.7601
882,"WSM","Samoa",2.6646,2.6125,2.953,2.9858,2.7371,2.826,2.9304,2.9734,3.0366,3.1074,3.0681,3.057,3.0528,3.186,3.3017,3.1625,3.1432,3.2587,3.2441,3.8494,4.8861,5.4815,5.7272,6.1596,6.8279,7.668,8.4842,8.4101,11.9414,11.7216,11.4272,11.545,11.6891,11.9333,11.3945,11.3619,11.303,11.2826,11.2654,12.2132,14.1265,14.4504,15.2647,16.0982,16.9791,17.6024,17.071,17.8968,16.7496,15.9039,13.9683,12.4244,11.2671,10.0439,9.1243,9.4132,9.2249,9.199,7.9863,7.6214,10.5769
674,"SMR","San Marino",NA,NA,NA,NA,NA,NA,NA,NA,NA,NA,NA,NA,NA,NA,NA,NA,NA,NA,NA,NA,NA,NA,NA,NA,NA,NA,NA,NA,NA,NA,NA,NA,NA,NA,NA,NA,NA,NA,NA,NA,NA,NA,NA,NA,NA,NA,NA,NA,NA,NA,NA,NA,NA,NA,NA,NA,NA,NA,NA,NA,NA
678,"STP","Sao Tome and Principe",0.9554,1.0331,1.0296,0.8933,0.8886,0.8545,0.8581,0.8123,0.7933,0.7652,0.7134,0.6767,0.752,0.6074,0.82,1.1143,0.8315,0.7287,0.6317,0.5596,0.6382,0.7332,0.7248,0.8673,0.853,0.8675,0.8795,0.8648,0.9078,0.9561,0.9723,1.0202,0.8198,0.8118,0.9154,0.9397,1.0024,0.8865,0.804,0.8216,1.0565,1.2933,1.5618,1.907,1.9096,2.1722,2.3814,2.8978,3.2758,3.6499,3.9082,3.9506,4.2808,4.2384,4.2533,3.9478,4.3815,3.8941,3.9536,4.1185,4.216
682,"SAU","Saudi Arabia",0.8418,0.8273,0.8187,0.9435,0.963,1.1663,0.4457,0.8007,1.077,1.2046,0.4208,0.2435,0.5397,0.9341,0.6624,0.6696,1.0841,1.4919,1.5521,3.5242,5.5465,7.4887,17.4738,20.3817,24.38,31.5448,27.0849,25.8341,25.9424,24.9348,24.5175,26.149,22.6516,18.6196,14.6329,16.605,16.0235,14.8975,14.5903,16.6803,16.8688,16.1966,16.8788,17.4253,15.1912,17.3921,17.2961,10.2066,10.0813,11.861,12.7509,13.5865,13.2133,12.2826,13.5419,12.8982,12.7977,12.9734,11.5522,10.2853,10.3888
686,"SEN","Senegal",0.8051,0.6069,0.6952,0.983,1.184,1.2385,1.7053,1.0116,0.8496,0.8349,0.9669,1.2633,1.8074,2.5416,2.8117,2.5765,2.8475,2.392,2.3653,1.5436,1.4339,1.8296,0.7763,1.1428,1.2871,1.366,1.2684,1.4418,0.9247,1.092,1.3658,1.4727,1.4786,1.9936,1.7947,1.939,2.3431,2.6255,2.6841,2.2329,1.8702,1.9741,2.179,2.2109,2.1678,1.7796,1.8143,1.462,1.4741,1.6809,1.7875,2.3327,2.7192,2.7115,2.7957,3.1589,5.159,2.6058,2.8242,3.6377,2.6404
688,"SRB","Serbia",NA,NA,NA,NA,NA,NA,NA,NA,NA,NA,NA,NA,NA,NA,NA,NA,NA,NA,NA,NA,NA,NA,NA,NA,NA,NA,NA,NA,NA,NA,NA,NA,NA,NA,NA,NA,NA,NA,NA,NA,NA,NA,NA,NA,NA,16.0383,19.2449,14.8416,17.3896,16.0529,17.1128,19.4342,21.18,16.4832,16.4099,20.3915,17.5552,15.1419,21.0403,27.5672,20.4581
690,"SYC","Seychelles",3.7341,3.123,3.8758,3.9198,3.9119,4.6922,4.7019,5.3235,5.6151,5.8619,7.5679,9.5922,9.6366,10.454,11.2592,10.56,7.539,8.5447,9.323,10.1707,11.0376,9.5222,10.8295,11.4881,12.1128,12.4357,12.5408,15.1811,15.9057,20.0799,20.4751,19.589,20.196,20.8487,21.1363,20.2046,21.312,20.7732,20.5071,15.8077,8.6506,8.7659,9.5903,9.2586,10.36,10.2504,14.023,11.7793,10.6541,10.6824,20.5149,22.1476,18.619,16.8622,25.7298,19.5307,21.8611,17.6514,24.1234,18.6951,18.6219
694,"SLE","Sierra Leone",0.5732,0.6046,0.6865,0.7261,1.0727,1.056,1.2742,1.3835,1.5426,1.6916,0.9248,1.0035,1.5875,1.0186,1.7863,1.081,1.0666,1.0283,1.5891,1.2532,1.813,0.7897,1.0299,0.9779,1.6448,1.5921,0.846,0.8095,0.9966,1.0619,0.9176,1.0918,1.5275,1.5461,1.545,1.5232,1.5062,0.8693,0.8072,0.7405,0.3072,0.6364,0.6901,0.7728,0.931,0.9884,1.0216,0.7534,0.9729,1.2357,1.1981,1.3475,1.1997,1.2605,1.5933,1.7139,2.3876,2.2978,2.5872,2.846,1.228
702,"SGP","Singapore",129.3706,121.3986,105.9928,87.4483,115.6036,121.8009,124.2361,148.1859,149.7836,156.3888,196.0217,181.2317,198.775,233.7668,249.4031,257.5048,283.1248,267.5377,243.3408,225.0385,235.5554,244.5075,247.8773,242.7231,258.6657,281.0249,339.0554,261.1687,406.3101,371.6118,312.8359,299.8167,299.0857,196.7063,190.843,217.953,174.1213,441.6277,397.2425,383.7987,317.9115,178.5056,287.5781,276.6634,278.8163,287.2823,293.3621,325.1381,344.6229,335.1862,329.129,343.794,373.6976,379.8366,381.9455,391.3127,414.441,423.5636,424.0867,429.2808,431.3822
534,"SXM","Sint Maarten",NA,NA,NA,NA,NA,NA,NA,NA,NA,NA,NA,NA,NA,NA,NA,NA,NA,NA,NA,NA,NA,NA,NA,NA,NA,NA,NA,NA,NA,NA,NA,NA,NA,NA,NA,NA,NA,NA,NA,NA,NA,NA,NA,NA,NA,NA,NA,NA,NA,NA,NA,NA,NA,NA,NA,NA,NA,NA,NA,NA,NA
703,"SVK","Slovakia",NA,NA,NA,NA,NA,NA,NA,NA,NA,NA,NA,NA,NA,NA,NA,NA,NA,NA,NA,NA,NA,NA,NA,NA,NA,NA,NA,NA,NA,NA,NA,NA,15.9493,14.8898,14.0993,15.662,14.5164,14.5248,11.4697,12.8715,13.8968,13.8749,13.5548,13.9798,12.8034,13.7062,14.2218,11.4798,9.451,10.1203,11.0113,11.115,10.655,11.4355,11.9509,13.952,13.0603,13.9525,12.7073,13.2599,13.8128
705,"SVN","Slovenia",NA,NA,NA,NA,NA,NA,NA,NA,NA,NA,NA,NA,NA,NA,NA,NA,NA,NA,NA,NA,NA,NA,NA,NA,NA,NA,NA,NA,NA,NA,NA,40.1955,41.7753,45.0969,43.6007,44.8458,48.7121,50.4349,51.122,48.2879,46.5067,45.283,45.2618,43.3471,40.145,39.5384,38.199,31.0568,27.9085,27.3887,26.4379,27.041,27.8161,26.9058,25.8661,25.3997,25.7127,26.4077,25.4444,25.6718,24.0371
90,"SLB","Solomon Islands",2.3024,2.362,2.4403,2.5063,2.6016,2.6543,2.7441,2.8844,3.0367,3.2354,3.3883,3.5537,3.706,3.8661,3.9468,4.0418,4.0449,4.0363,3.9025,3.9657,4.0332,3.8744,3.9026,3.7808,3.8367,3.7034,3.6926,3.6103,3.5567,3.5967,3.5534,3.4912,3.5514,3.5025,3.4441,3.4567,3.4747,3.4203,3.304,3.3094,3.3625,3.2844,3.1725,3.1799,2.9397,2.8155,2.8169,2.7495,2.679,2.4529,2.3687,2.3394,2.3559,2.3447,2.299,2.9503,3.5091,4.124,1.9537,1.8897,1.8876
706,"SOM","Somalia",2.5133,2.5694,2.6407,2.7165,2.7879,2.8651,2.9933,3.1292,3.2309,3.3371,3.3053,3.3467,3.3575,3.2086,3.4499,3.3465,3.5572,3.808,3.7148,3.6406,3.7389,3.8046,3.7121,3.9616,3.8868,3.9537,4.0429,4.2902,4.3513,3.8015,3.2345,2.8367,3.234,3.5714,3.6537,3.7125,3.7281,3.5879,3.5212,3.5118,3.6131,3.5703,3.464,3.3834,3.5439,3.4866,3.4874,3.1602,3.1553,3.1732,3.5334,3.5569,3.2441,3.2611,3.2356,3.2845,3.252,3.3793,3.2696,3.3246,3.1913
710,"ZAF","South Africa",5.1304,5.8888,5.6477,5.5186,7.1205,8.4441,8.7579,9.1365,9.2423,9.5646,10.2921,10.9559,11.2928,11.9923,12.023,12.2784,12.2813,13.3621,14.3803,14.9725,17.7717,16.4061,12.8028,13.5677,11.9691,10.8655,9.1347,10.172,9.2751,8.9418,8.5294,7.8831,9.3977,7.8324,7.6283,8.0128,7.1242,6.921,7.1235,6.0092,7.0414,7.1417,6.5087,7.43,5.4988,7.1035,6.7626,6.4841,6.4341,6.2128,6.9178,7.0639,7.7808,8.8588,9.4555,8.5888,8.3671,10.2298,10.1031,8.5801,10.6122
410,"KOR","South Korea",20.0797,22.5456,28.1639,32.6947,21.7244,26.9838,28.4181,26.0926,28.0207,27.1514,34.5416,37.0694,45.5712,50.912,50.648,32.0159,45.4824,49.1586,49.2723,41.4031,38.2977,35.277,41.5448,44.3008,48.2887,49.1607,51.7311,51.86,57.5865,55.9849,57.3201,55.939,58.618,58.7346,62.0746,59.7773,63.8035,55.7713,53.6675,49.0497,42.9842,51.857,51.6397,53.2016,52.7126,39.8842,47.3507,38.422,46.7712,49.2897,47.0408,48.6281,57.2097,57.0364,55.5666,57.4018,60.2779,61.8701,62.0242,53.9823,56.4583
728,"SSD","South Sudan",NA,NA,NA,NA,NA,NA,NA,NA,NA,NA,NA,NA,NA,NA,NA,NA,NA,NA,NA,NA,NA,NA,NA,NA,NA,NA,NA,NA,NA,NA,NA,NA,NA,NA,NA,NA,NA,NA,NA,NA,NA,NA,NA,NA,NA,NA,NA,NA,NA,NA,NA,3.0704,3.1177,3.1745,3.2228,3.2614,3.3248,3.7608,3.8272,3.8766,3.7504
724,"ESP","Spain",9.5511,9.5982,9.7011,9.7549,9.2938,9.8286,10.7013,12.0825,11.9875,12.4329,12.9038,13.359,14.9202,14.4967,12.7124,15.644,12.123,14.1556,14.5592,14.616,11.8106,13.8947,13.2656,13.998,14.8664,15.8975,16.4682,17.2252,17.5176,17.2516,16.4566,14.9378,16.9392,17.427,18.2024,19.5357,19.9264,22.2301,22.4966,21.0183,22.1631,22.6676,21.5784,22.4254,19.9968,19.662,22.1343,13.7977,15.8583,17.2196,17.5177,17.2167,19.077,18.5406,18.8953,19.8783,20.2535,20.9334,22.3039,22.0524,21.1113
144,"LKA","Sri Lanka",7.2774,7.325,6.0663,6.2358,6.1975,6.1229,6.6751,7.4915,5.581,6.3096,6.3909,5.5766,6.6837,5.0206,4.195,5.6302,6.3552,6.8735,7.66,7.9057,9.0161,9.0211,9.4235,10.4856,10.6045,10.9834,11.1089,10.8323,11.2497,8.5522,8.7066,8.7293,10.7979,9.8201,9.6739,9.7675,8.5749,7.82,8.8472,8.0657,8.2531,8.7495,9.0419,9.1521,8.7908,11.0191,12.4937,13.2182,10.9474,11.7728,12.8025,12.5162,10.3692,14.0317,11.3823,7.0079,5.6783,9.9644,9.5087,11.3135,4.7192
275,"PSE","State of Palestine",NA,NA,NA,NA,NA,NA,NA,NA,NA,NA,NA,NA,NA,NA,NA,NA,NA,NA,NA,NA,NA,NA,NA,NA,NA,NA,NA,NA,NA,NA,NA,NA,NA,NA,NA,NA,NA,NA,NA,NA,NA,NA,NA,NA,NA,NA,NA,NA,NA,NA,NA,NA,NA,NA,NA,NA,NA,NA,NA,NA,NA
729,"SDN","Sudan",NA,NA,NA,NA,NA,NA,NA,NA,NA,NA,NA,NA,NA,NA,NA,NA,NA,NA,NA,NA,NA,NA,NA,NA,NA,NA,NA,NA,NA,NA,NA,NA,NA,NA,NA,NA,NA,NA,NA,NA,NA,NA,NA,NA,NA,NA,NA,NA,NA,NA,NA,1.1646,0.849,1.5639,1.2107,1.0507,1.2683,1.6374,1.0447,1.1481,1.0539
740,"SUR","Suriname",6.7063,6.8491,6.7351,6.1929,6.6386,7.4945,8.3674,9.7398,9.2878,8.9088,10.2256,10.1874,12.5814,14.5792,8.673,14.4494,9.7252,9.6425,9.7886,9.0231,9.3148,8.8787,16.2039,9.7305,20.4885,19.4232,17.2694,7.7674,8.4495,10.5692,9.6748,8.5989,7.3747,5.9676,5.408,5.3847,6.2965,9.7505,8.9379,7.814,7.2078,7.8132,7.5026,10.9348,9.5049,11.3455,14.9472,54.5246,12.7713,14.3268,16.7071,22.0734,14.5019,13.7225,10.6903,12.3149,14.3512,10.5387,11.2654,11.8279,13.4518
752,"SWE","Sweden",21.7839,21.7422,23.2579,24.8002,25.1191,25.0971,26.4597,28.6042,28.2164,28.9892,30.1372,29.9038,31.655,27.6671,28.9425,29.353,29.1106,28.7139,27.6542,26.9037,26.92,25.8174,25.5142,24.0526,21.4439,20.0886,19.4244,18.5365,18.2774,17.1292,15.2683,15.5658,16.2216,16.8845,16.0076,16.0052,15.9208,15.4398,14.74,14.5832,13.6983,13.8214,13.8518,13.6326,12.6321,12.3285,12.5209,11.885,9.319,10.831,11.1759,11.1296,11.4833,12.0774,11.8941,12.5034,12.741,12.0502,12.3789,13.7112,12.6986
756,"CHE","Switzerland",70.399,72.0272,74.5219,74.6226,76.7663,75.2465,80.1264,82.2059,83.8433,83.2727,83.1719,82.0132,87.2568,77.5438,75.8279,80.1066,78.327,80.019,81.1252,79.6298,72.9296,73.5156,72.1827,70.9011,68.3977,65.9936,66.9244,66.1811,64.5366,64.5753,62.033,57.9485,56.9885,52.2044,50.6566,49.9718,49.0222,49.2506,43.8924,40.156,42.035,42.4206,40.9445,40.9547,41.2598,42.7893,42.7535,42.1362,39.7532,41.5678,40.8938,39.2103,40.4205,40.4105,40.4411,42.4168,39.2324,40.2848,39.0527,39.4524,38.6539
760,"SYR","Syria",0.4902,0.3925,0.4308,0.4001,0.4149,0.4364,0.519,0.6123,0.7142,1.0564,1.3744,1.2422,0.6574,1.0533,1.7427,2.0132,2.5888,3.0906,3.7138,3.6725,3.934,4.2732,5.2229,6.9018,6.8787,7.6623,8.0662,9.0015,7.4766,8.9867,9.6572,11.2452,11.5177,10.53,8.2457,10.294,10.1957,8.7657,9.2055,10.2647,7.1213,8.2411,8.5745,9.6736,10.5626,9.2034,8.4668,8.3074,7.2114,5.18,7.4877,3.8018,2.9713,0.3816,0.4094,0.3725,0.7747,1.2614,1.6069,1.5344,1.3436
158,"TWN","Taiwan",80.4837,80.1739,79.6753,79.1229,78.8946,79.0273,79.0196,79.1194,77.972,78.854,78.7972,79.4377,80.8555,78.5729,77.8553,78.4954,78.9133,79.745,80.7444,82.6786,82.7217,83.7384,84.5496,86.0565,87.2317,87.3386,88.4845,88.0596,88.2376,89.797,91.1057,94.1838,94.5832,95.2352,95.3138,96.1654,97.7305,95.6187,94.4811,95.7897,95.9947,95.7038,98.4001,96.297,92.7472,100.5809,97.897,88.1932,85.3763,88.042,86.5857,87.9096,88.7215,85.5341,83.3447,85.9161,80.7003,80.475,76.8228,79.9739,73.1618
762,"TJK","Tajikistan",NA,NA,NA,NA,NA,NA,NA,NA,NA,NA,NA,NA,NA,NA,NA,NA,NA,NA,NA,NA,NA,NA,NA,NA,NA,NA,NA,NA,NA,NA,NA,32.6312,17.8397,18.2982,18.1642,18.5316,9.5588,10.626,11.667,12.5144,13.7032,14.9036,12.1265,13.3422,13.7585,14.3884,9.8888,11.1869,12.5023,12.5096,12.6877,13.4593,14.1376,14.3395,13.5191,14.2891,15.4198,14.5682,16.5859,17.2237,15.1796
834,"TZA","Tanzania",0.5889,0.5986,0.5324,0.5391,0.5875,0.6052,0.6406,0.6863,0.8033,0.7447,0.7191,0.7637,0.8442,1.1876,1.171,1.1778,1.0947,1.0545,0.779,1.0275,1.0795,0.7154,0.8678,1.1539,1.1024,1.15,1.1775,1.1246,1.1837,1.1459,1.183,1.1606,1.0193,1.0202,1.0821,1.0471,1.121,1.0666,1.1134,1.1043,1.0253,1.1211,1.1435,1.201,1.2968,1.2048,1.1115,1.0731,1.2205,1.9242,1.7602,1.8775,1.9925,1.8659,1.8284,2.3525,2.2067,2.4235,1.7023,2.1604,1.6605
764,"THA","Thailand",3.2135,3.3136,3.3727,3.461,3.4179,3.8275,4.3559,4.6919,4.8716,4.4114,4.2779,4.8116,4.48,4.2654,4.5276,4.388,4.8387,5.7084,5.6463,4.9974,5.1978,4.6322,5.6863,5.2584,5.1509,5.375,5.4554,6.5878,6.3724,9.1784,8.3562,9.6686,12.0299,10.8209,12.2074,11.6984,11.2776,11.7214,10.7274,9.8507,11.0232,10.3111,11.5971,10.9799,9.049,9.9452,10.2618,8.8275,7.1736,9.61,10.2835,10.7557,12.7432,12.4242,11.0822,11.1724,11.4163,9.9844,9.1166,9.3505,9.4761
626,"TLS","Timor-Leste",9.9996,9.7548,10.141,10.7276,11.39,11.763,10.1839,10.5622,10.6472,10.3567,10.9133,11.3987,10.7348,10.6841,8.5843,7.1872,5.7294,4.2748,3.1344,2.5612,2.6105,2.9292,3.2821,3.5656,3.8711,3.9628,3.9565,3.9097,4.5051,4.4549,4.6629,5.0795,5.3936,5.7153,6.024,6.3158,6.4761,6.6836,5.3805,6.1383,7.4113,7.3027,7.0001,6.6857,6.9026,7.087,7.289,7.301,7.4387,7.1596,7.5017,7.8687,7.9963,8.084,9.4606,9.4493,9.173,9.5025,10.7704,9.5364,8.4006
768,"TGO","Togo",0.4191,0.4434,0.4731,0.5236,0.5324,0.5315,0.5277,0.6075,0.5624,0.5081,0.5338,0.5551,0.6205,0.8471,0.8738,0.8878,0.6801,0.708,0.7078,0.6642,0.6618,0.7098,0.7156,0.9709,1.3694,1.3581,1.3086,1.6285,1.9199,1.7824,1.5974,1.587,1.431,1.5202,2.1497,1.5123,1.6558,1.6812,1.5274,1.7707,1.7145,1.5076,1.8999,1.233,0.9544,0.9726,1.0133,0.9901,1.2682,1.8929,1.4564,2.0274,2.7219,2.0511,1.7851,3.0693,1.7603,3.3534,2.0721,2.1119,2.0204
776,"TON","Tonga",2.4242,3.2866,3.2411,3.2277,3.2837,3.9724,3.4975,3.7245,3.5971,3.9332,3.5673,3.4217,4.1686,4.8639,5.4138,7.167,8.4089,10.4306,10.4533,10.2513,12.0991,10.7873,9.1744,7.2576,9.1621,10.0661,11.5795,13.105,10.7842,10.5252,10.5008,10.5369,10.4922,10.1318,9.0313,9.1454,9.8036,9.7956,9.8219,10.233,10.2186,10.2074,10.2076,10.2078,10.208,9.8368,10.0005,10.4547,10.1428,10.9269,10.4999,10.1051,10.0285,9.6626,9.6877,9.7224,9.5657,9.6595,10.0169,10.1266,9.9816
780,"TTO","Trinidad and Tobago",4.793,5.0119,5.4051,5.8857,6.9522,6.4757,6.6615,8.7646,9.3526,9.1171,7.8355,8.2106,6.57,6.9891,7.2008,7.2143,7.5493,9.6547,11.2323,12.1532,10.4027,13.125,32.2706,15.0976,20.2405,15.638,22.1452,11.8623,13.6978,13.2308,15.1889,16.0547,15.4929,16.8686,19.5315,19.6895,20.3353,18.0476,18.1331,22.5587,28.786,38.6229,35.6602,35.7618,36.5852,36.1563,36.4625,35.5476,38.1598,37.8333,40.1246,41.0292,42.9708,42.7673,43.3249,43.7276,45.8842,46.335,46.9984,49.4015,49.4706
788,"TUN","Tunisia",1.1904,1.9518,1.5593,1.556,1.5352,1.623,1.6315,1.8462,2.2347,1.9871,1.7477,1.8562,1.8431,2.2107,2.3915,2.5666,2.2474,2.6504,2.8116,3.4168,4.7611,3.8946,3.9071,4.0083,4.7599,5.078,4.7449,4.8128,4.4232,4.3511,4.4737,4.7033,4.1753,3.8966,3.487,4.0906,3.9746,4.4029,4.2542,4.4563,4.107,4.1701,4.5523,4.6016,4.661,4.5386,4.7025,3.792,4.9063,4.7567,4.8115,5.0396,5.0668,5.1184,5.8733,5.5451,4.6915,5.7498,6.0223,3.0452,5.1866
792,"TUR","Turkiye",0.7549,0.9279,1.301,1.2007,1.6856,1.9822,2.7338,3.479,3.5902,3.1888,3.5798,4.2225,4.7842,3.9597,6.1472,8.8521,9.3497,10.8917,10.0276,9.0215,8.1319,9.7816,10.7452,9.6156,8.0963,8.8209,9.706,8.2838,9.8944,10.4144,10.3598,11.05,13.1263,7.6084,9.9297,9.9676,10.2725,12.0363,10.992,11.1194,8.4442,8.4842,9.8783,10.4099,10.6206,11.0286,9.794,6.5608,11.5997,10.7492,9.8419,10.5757,12.2916,11.2776,11.5975,15.5281,15.0863,10.8794,13.6841,15.5368,12.8726
795,"TKM","Turkmenistan",NA,NA,NA,NA,NA,NA,NA,NA,NA,NA,NA,NA,NA,NA,NA,NA,NA,NA,NA,NA,NA,NA,NA,NA,NA,NA,NA,NA,NA,NA,NA,22.3681,12.7018,7.7507,8.4354,9.3996,5.0602,5.5154,5.8003,5.6102,5.5601,5.9307,6.7006,8.0945,8.3504,8.6872,8.2785,9.2654,8.9475,9.2415,9.2465,9.3453,10.234,10.0889,14.3402,11.6182,12.9949,15.9371,18.7225,17.1074,16.4837
796,"TCA","Turks and Caicos Islands",NA,NA,NA,NA,NA,NA,NA,NA,NA,NA,NA,NA,NA,NA,NA,NA,NA,NA,NA,NA,NA,NA,NA,NA,NA,NA,NA,NA,NA,NA,NA,NA,NA,NA,NA,NA,NA,NA,NA,NA,NA,NA,NA,NA,NA,NA,NA,NA,NA,NA,NA,NA,NA,NA,NA,NA,NA,NA,NA,NA,NA
798,"TUV","Tuvalu",9.2878,9.2878,9.2878,9.2878,9.2878,9.2878,9.2852,9.2836,9.2815,9.2805,9.2857,9.2736,9.2726,9.2894,9.2742,9.2726,9.4863,9.6007,10.0969,10.5789,10.0462,11.9032,11.1291,12.8883,14.8254,14.9274,13.3325,13.6101,18.0739,18.0905,20.3998,20.6355,19.9312,20.3555,20.431,20.6143,20.8915,20.892,21.4262,21.3733,25.1438,25.9628,25.8576,26.07,25.7453,25.7713,24.6376,24.9859,25.4924,25.3463,25.1372,25.0666,25.18,25.1118,25.5923,25.6034,25.7815,26.2036,26.1341,26.3772,26.5785
800,"UGA","Uganda",0.4745,0.4476,0.4474,0.4033,0.4333,0.448,0.4337,0.4509,0.4329,0.5426,0.6068,0.5723,0.5871,0.4975,0.4694,0.473,0.5041,0.5309,0.5066,0.4708,0.4819,0.4918,0.4779,0.4736,0.4801,0.492,0.5897,0.5832,0.7469,1.0089,1.0524,1.055,1.1043,1.1088,1.124,1.129,1.1591,1.2434,1.2945,1.3185,1.3151,1.4347,1.5302,1.5994,1.5766,1.5729,1.5941,1.8797,1.8273,1.7832,1.7939,1.8667,1.9209,1.8775,2.0364,1.8657,1.9739,2.0834,2.0801,2.006,2.0251
804,"UKR","Ukraine",NA,NA,NA,NA,NA,NA,NA,NA,NA,NA,NA,NA,NA,NA,NA,NA,NA,NA,NA,NA,NA,NA,NA,NA,NA,NA,NA,NA,NA,NA,NA,14.688,10.7821,8.8717,8.0773,7.051,6.4445,5.3323,4.9978,4.7547,4.3146,4.1951,4.443,4.0745,3.9727,4.6869,5.0044,4.9618,4.6191,4.8365,5.4329,5.8446,5.9659,5.479,5.6203,6.7823,8.1258,7.3529,7.3647,7.3763,7.8549
784,"ARE","United Arab Emirates",3.1841,3.2019,3.2196,3.2399,2.8898,2.6077,2.7179,2.8436,2.9848,2.6324,2.8549,3.0023,2.3937,3.5655,4.1914,3.6276,11.22,12.6016,20.1033,14.7194,18.5937,19.4728,14.7558,11.4519,14.4075,8.4823,16.0424,22.5467,22.6788,13.0355,12.8333,11.235,30.2219,21.4847,24.4986,20.7125,20.6792,25.4571,11.726,10.2296,9.606,11.4558,12.267,12.3333,12.1106,8.7008,8.5439,8.6811,24.4699,23.7601,24.9834,29.0147,30.7594,26.1833,29.4437,29.7222,29.8269,30.8261,27.8654,28.2028,27.794
826,"GBR","United Kingdom",33.0846,31.8188,32.6161,32.4773,31.3492,32.3212,33.2231,32.7184,33.8948,37.1135,35.871,35.7883,37.8296,32.7613,33.7376,33.9667,33.7957,35.2305,37.3648,34.8625,35.9779,35.7897,36.3818,36.1269,33.9948,35.4704,34.4622,33.8434,34.3707,33.3218,32.7861,32.3075,36.2358,38.5528,37.442,37.9426,36.0908,33.4542,33.4971,31.3628,31.9842,30.7747,31.0898,29.67,28.8723,26.1006,25.178,22.9844,21.7743,23.6127,23.2361,22.5937,22.9039,23.2369,24.1647,24.2084,23.9471,23.792,23.234,22.9048,21.4637
840,"USA","United States of America",9.5071,10.018,10.5445,11.015,11.753,12.6539,13.2768,13.1907,12.566,12.9114,13.2909,13.6968,13.8231,13.0433,13.8641,14.7821,14.0837,14.5127,14.5124,14.5389,13.56,12.1948,13.0825,13.0313,12.13,11.6284,11.919,11.9429,12.3847,12.2979,11.7411,12.2715,12.5964,12.5949,12.7383,13.1506,13.3398,12.7558,12.7498,12.6868,13.3207,12.9078,14.3017,14.0712,13.902,14.3353,13.7672,11.3029,13.7122,14.2166,14.4811,15.499,15.3852,14.3102,14.4535,14.7509,15.104,14.4609,14.9437,14.5793,13.6448
858,"URY","Uruguay",4.861,5.0259,5.972,7.0606,6.8682,8.5549,8.4394,11.6967,10.7447,12.3027,16.4114,16.1682,12.6315,11.6737,10.8233,14.5196,14.4216,13.4672,19.1533,19.0041,15.3975,14.0806,9.8735,12.2516,15.37,15.0765,16.5089,14.7284,16.9347,16.7841,18.1954,17.687,19.8715,14.8369,16.2915,34.324,27.8062,23.8025,20.2238,20.1008,21.4403,21.3917,27.1607,28.6946,32.364,30.3718,33.5571,22.0177,20.5618,24.1285,25.1972,27.1797,36.6389,27.945,21.2085,25.3676,30.7048,27.51,26.3419,30.1632,35.0706
860,"UZB","Uzbekistan",NA,NA,NA,NA,NA,NA,NA,NA,NA,NA,NA,NA,NA,NA,NA,NA,NA,NA,NA,NA,NA,NA,NA,NA,NA,NA,NA,NA,NA,NA,NA,29.5767,29.2938,17.4377,17.5225,19.4857,16.7987,18.658,18.3359,16.5328,17.5381,19.3339,17.8453,18.7144,17.1373,20.027,20.8754,22.9752,23.8716,24.9159,25.2259,26.328,26.4956,28.3377,28.9765,30.5995,31.218,28.6228,30.371,31.7462,27.2275
548,"VUT","Vanuatu",2.4749,2.5319,2.906,2.7488,2.5731,2.6832,2.7816,2.8862,2.9852,2.8245,2.9674,3.0028,3.1672,3.2701,3.165,3.2531,3.1871,3.1754,3.1405,3.1788,3.2402,3.2998,3.3377,3.3841,3.3856,3.3752,3.3687,2.8785,2.853,2.9539,2.959,2.9938,3.0558,3.071,3.0209,2.9962,2.9792,2.9503,2.9387,2.8971,2.8162,2.8576,2.9407,3.001,3.0466,3.0749,3.4849,3.6492,3.5311,3.4704,3.6012,3.6166,3.6735,3.6794,3.4274,3.0221,2.9924,3.1303,2.9999,2.9483,2.9205
862,"VEN","Venezuela",2.9829,3.0493,3.0789,3.4031,3.5583,3.5736,3.8194,3.9578,3.9666,4.627,5.0449,6.0558,5.9499,7.7336,7.8362,8.2773,8.8213,9.9904,11.1306,11.4872,8.8284,9.6288,9.5639,13.5587,16.993,19.6735,23.3858,25.1421,20.1115,16.4083,16.2281,14.4316,14.0063,12.3075,12.8746,12.5975,12.201,11.3959,11.3873,11.6217,12.0598,11.6011,11.4452,11.4444,12.5264,12.3175,14.5435,14.7603,14.3944,15.0849,16.3636,18.8318,22.3297,22.55,21.6604,16.2828,15.9996,14.6533,8.809,11.4398,9.7449
704,"VNM","Viet Nam",9.0184,9.2775,10.4019,10.4674,11.1795,7.2338,6.8308,5.2285,9.5433,10.6396,13.0732,9.5807,9.9445,13.8101,11.0048,9.0307,12.366,12.6229,6.053,5.9199,6.3143,7.2043,7.555,8.3926,11.7217,10.5918,10.6245,13.466,12.9397,13.4561,16.1985,18.3598,17.3488,22.3277,27.9583,30.8736,30.658,30.7206,32.6675,34.081,31.3366,32.8656,36.2846,36.2829,37.8906,41.1652,43.9597,38.5545,42.6488,37.4348,37.0853,36.992,37.9285,41.2196,36.6976,36.8624,38.3108,36.1317,31.5199,33.6618,33.3596
876,"WLF","Wallis and Futuna Islands",NA,NA,NA,NA,NA,NA,NA,NA,NA,NA,NA,NA,NA,NA,NA,NA,NA,NA,NA,NA,NA,NA,NA,NA,NA,NA,NA,NA,NA,NA,NA,NA,NA,NA,NA,NA,NA,NA,NA,NA,NA,NA,NA,NA,NA,NA,NA,NA,NA,NA,NA,NA,NA,NA,NA,NA,NA,NA,NA,NA,NA
732,"ESH","Western Sahara",NA,NA,NA,NA,NA,NA,NA,NA,NA,NA,NA,NA,NA,NA,NA,NA,NA,NA,NA,NA,NA,NA,NA,NA,NA,NA,NA,NA,NA,NA,NA,NA,NA,NA,NA,NA,NA,NA,NA,NA,NA,NA,NA,NA,NA,NA,NA,NA,NA,NA,NA,NA,NA,NA,NA,NA,NA,NA,NA,NA,NA
887,"YEM","Yemen",0.5695,0.5613,0.5506,0.5504,0.5525,0.5289,0.5218,0.4457,0.4085,0.3941,0.4136,0.4386,0.4223,0.4684,0.831,0.4276,0.5634,0.6022,0.7065,0.5799,0.4935,0.5777,0.6433,1.1269,0.9665,1.091,0.9954,1.1303,0.9367,1.415,1.4093,1.1002,1.2149,1.0931,1.1752,1.1177,1.0503,1.0393,1.0235,1.0337,1.1473,1.0813,1.3683,1.3023,1.5424,1.2874,1.539,1.8782,2.1762,2.2217,2.6016,2.7377,3.0346,2.1181,1.9595,2.2289,2.1234,1.8404,2.5599,2.54,2.2829
894,"ZMB","Zambia",0.9909,0.8163,0.7092,0.7171,0.7654,0.9432,1.2511,1.143,1.041,1.5079,2.069,2.133,2.1381,2.6065,2.6347,2.901,3.517,2.9246,3.3974,4.3613,4.4777,4.647,3.5968,2.9086,3.674,3.2635,4.3424,4.1411,3.6115,3.0963,3.1933,3.6015,3.788,2.7343,2.7247,2.8942,2.9337,2.8633,2.879,2.8643,2.758,3.3,3.0858,2.7319,2.1732,2.5674,2.6102,2.5521,2.035,2.7811,4.3515,4.3111,5.6303,6.2193,6.0842,5.9461,5.8136,5.9248,7.3896,8.2662,6.4999
716,"ZWE","Zimbabwe",4.5934,3.5805,3.8032,3.7014,4.4103,4.6654,5.6704,5.4337,6.0951,6.758,7.0456,7.5367,9.8163,8.5935,8.6959,8.4097,6.2682,6.8459,7.3377,8.5447,8.4247,7.4579,7.9229,6.7758,8.0504,7.5621,6.8591,7.1407,7.2204,7.1635,7.1746,5.9062,7.2282,6.6162,6.0278,5.4812,6.1595,6.1726,6.0391,6.05,5.1466,5.4025,4.25,2.5303,2.4371,3.5929,2.8564,2.6683,3.4935,4.2742,3.8729,3.0546,3.9394,3.5375,3.2839,5.0449,3.5983,3.9482,4.9131,5.8194,7.0088
