"code","iso","country","TC5.raw.2005","TC5.raw.2006","TC5.raw.2007","TC5.raw.2008","TC5.raw.2009","TC5.raw.2010","TC5.raw.2011","TC5.raw.2012","TC5.raw.2013","TC5.raw.2014","TC5.raw.2015","TC5.raw.2016","TC5.raw.2017","TC5.raw.2018","TC5.raw.2019","TC5.raw.2020","TC5.raw.2021","TC5.raw.2022"
4,"AFG","Afghanistan",189.694224872614,202.492589562279,217.332849200171,189.946847813213,163.738955489373,134.093279186093,126.267384437678,83.5605751614955,62.3696937581445,48.8324524675273,39.1084523828052,14.4929157840889,2.08556584810655,14.2125678624349,21.4104560060232,26.467739968151,26.4714203765926,22.3516447370961
8,"ALB","Albania",1832.64860050046,1279.38565268634,2146.48756728328,3118.04445506011,2738.19340556219,2730.43700411487,2775.54538476452,2809.66981765239,2229.46832128437,2172.37660601901,2097.93288468277,2045.97317001791,1304.64840598763,1200.34006720419,1204.79264622146,1371.63517651316,1523.08069918338,1604.37254664588
12,"DZA","Algeria",3830.75170057618,4220.07846484798,4658.4231573282,5486.60312660187,6705.2259632901,6332.43700087941,6918.17507858155,8060.41040369501,7851.24886572822,7662.46386580034,8282.7082424992,8216.1881058391,15229.3524833946,14996.8285767447,14350.4165026693,15823.5806830211,18315.8624513702,11808.6741593925
20,"AND","Andorra",5.64736619966838,6.64143326436413,6.82424067809417,7.80540064710935,3.85818567084548,3.59569855887239,2.45344042585416,3.55917249488281,3.18243712566666,2.88542929572439,3.10224153467318,3.04509217917969,2.18998033065798,4.49478572917881,5.82913019667013,10.8944719273411,11.213912357092,13.5748675763585
24,"AGO","Angola",75885.0016017252,71028.9625025652,87879.4595731753,98103.5577507253,117038.312439321,130312.583322527,151510.081206828,158603.702819935,171655.546388787,180998.431661486,181381.007331631,190737.521728775,210677.821802141,225420.070440505,217907.329134289,235169.221567768,248885.938009601,246183.121144108
660,"AIA","Anguilla",3.5270388543546,3.01477803242187,4.712621876296,6.5712031142884,5.18089744930489,4.5369684370384,4.47844967416405,3.13186273185481,1.31716606897786,1.00983914899132,1.15254447086887,1.19520503313802,0.951270641570091,0.585372926424694,0.695142899526364,0.512205218381074,0.804849337896048,0.567020890834418
28,"ATG","Antigua and Barbuda",29.0874226528763,36.5030079645763,40.403365382159,46.1268896164715,53.3402566310505,44.9344322703077,37.8713042656462,37.1088166507539,32.2387342894023,24.9078457568578,22.8620442946443,20.5798290471953,28.2904328739944,56.5843076764822,56.2912392665805,57.556943913636,62.5036490084531,55.5878799131579
32,"ARG","Argentina",260528.37138772,294256.62699373,358325.308097341,427044.952158406,402330.614054667,411526.908981105,448074.898837833,458641.427413871,415446.100632381,401695.062334484,355095.518953042,301295.967644641,252444.321069249,211680.621326476,192548.913951215,195978.097834325,190316.581819026,189977.378849484
51,"ARM","Armenia",177.483043989069,177.064734866287,153.464299763418,96.9072674075657,120.81302210835,132.444631446239,141.292533015841,169.920885164975,155.682830975922,122.761643866674,90.7251420801822,61.936943109385,30.7507714305959,23.5630233624813,16.0787925000451,19.3893632540008,14.372791789467,7.71594255564147
533,"ABW","Aruba",0.751582665786946,0.57621743071271,0.601272280289171,0.225486960564236,0.30064239936442,0.30064239936442,0.375797838164605,0.263061380674641,0.263061380674641,0.150324923184678,0.150324923184678,0.150324923184678,-9999,0.300630886008572,0.300630886008572,0.300630886008572,0.300630886008572,0.300630886008572
36,"AUS","Australia",241321.071796772,234818.599255443,246931.923540938,213307.572530311,229096.055510427,251836.433628591,238838.787218603,192255.981943763,203129.839051839,218735.125487385,212905.026580002,274822.465742431,294237.205712012,292368.517542553,568330.533400715,987318.790096876,953346.920165972,929769.115623807
40,"AUT","Austria",13712.1328174268,14843.5856945525,18997.0937046716,21481.1033774231,21738.645336402,20749.7889709671,21851.0345638865,17748.7824251022,13898.7021496017,12695.1929594128,10940.161179853,10764.2675457892,12213.7196442472,15946.6698704539,20701.2423073228,24301.0043438956,24189.2740168799,24481.1485177571
31,"AZE","Azerbaijan",715.613580381803,709.994001696376,580.664258176166,467.259332773632,424.634983663415,485.301949600606,409.752794786969,427.767743472632,363.11955738401,354.401952454228,249.830973357519,225.434877605798,121.928694309373,107.179223519332,43.9199716447131,43.1259253515772,55.0761508303376,68.2915898621808
44,"BHS","Bahamas",689.279275515939,805.834180447423,786.600487463937,1121.60146450818,1168.7759827043,958.886666532031,880.690648163734,833.847908357883,758.542292144995,774.209198071928,911.88302187724,1414.14118243472,2080.80963323065,1949.01791242329,2080.11132666611,2401.54440372146,2084.09005162726,1461.92357492986
48,"BHR","Bahrain",-8888,-8888,-8888,-8888,-8888,-8888,-8888,-8888,-8888,-8888,-8888,-8888,-8888,-8888,-8888,-8888,-8888,-8888
50,"BGD","Bangladesh",3663.46282341877,4118.62763547024,4118.59064545665,4582.71718831229,4851.19134518622,5126.14528253466,4589.83955280603,4862.71058922134,5171.07792102187,6458.24844900789,8045.44037128136,11448.4274515683,16051.845337008,18716.0346004716,20719.633927723,22493.9153397621,21772.1257828588,18856.4659928159
52,"BRB","Barbados",8.91901960417966,7.26999421103763,11.3172453190716,13.4610207597501,14.4501004733943,16.038843812323,18.8417716382395,35.8248718276658,34.145845043663,31.927567651318,28.8249108376503,28.0607678893114,7.9148396295693,11.377369924993,21.6753377601784,25.7075394232955,26.2920461650481,24.1784915639128
112,"BLR","Belarus",30130.1761013839,34912.2537883535,36366.9206932058,37122.3407612281,36511.5391877514,36423.8714555356,37043.4036183391,38430.271982353,36867.915074819,36484.6209952594,36113.6607535077,45137.6251851862,52972.8245072194,64845.1990764523,73129.6631427955,80136.2289256566,74734.6573479194,71980.1946873125
56,"BEL","Belgium",2606.18632471854,3795.1055354173,4522.45592309142,5587.20939770565,5663.8138592624,7240.03117854807,6860.06805258832,6790.07306724014,6010.35399128886,5822.93470928624,4325.18524103762,4224.40002405654,3924.83103978578,4187.96276322243,4455.53309606052,4853.2045518721,5779.31594269456,5918.56921622903
84,"BLZ","Belize",8189.07246308265,7400.69360944984,7158.66814651134,7433.10785741511,8623.48135432473,8955.89402366663,13379.2029344257,13232.0758145918,14863.3989549312,16103.5162832929,16604.5063087059,15429.3915141717,16397.0528538864,15355.2440310809,15736.8284911732,18585.013401168,16340.8013577362,14701.9368399264
204,"BEN","Benin",2596.02781599361,2205.12249455322,2441.02483776858,1842.14990281121,2691.26014618417,2478.89059294627,2250.86319847439,1892.00573695908,2058.27601361932,1344.09864437159,1357.93034970095,1630.19240811088,1504.79933746258,1607.41287438375,1490.75561282508,1692.18842439876,1629.98308438758,1517.07527390685
60,"BMU","Bermuda",0.404689555109808,0.378585992736545,0.293742640439453,0.310074271668565,0.261150490840386,0.408092585647515,0.424379914417317,0.457044992166015,0.705172584926214,0.783527481569009,0.750882481815591,0.957692876805192,1.14268666362738,0.848838595772569,-9999,-9999,-9999,-9999
64,"BTN","Bhutan",569.675062942111,634.717713260066,691.574882763796,737.921468330901,770.377778011141,1487.10166264852,1580.72580385722,1632.32413711792,1574.32788124418,1585.0662734664,863.646664349726,1038.03841106303,1279.24480773514,1430.18722250289,1348.27400693286,1456.64418280727,1319.7688969157,1174.83729500218
68,"BOL","Bolivia",187377.628338646,202576.34053829,204805.330333944,246023.622700499,250427.384196287,290629.553634991,313414.431472488,330132.649591567,292127.03966558,298453.260989528,241356.476852573,269428.798984506,307358.89111055,331765.552530536,450803.246595376,503504.255559059,521062.714536904,547623.101640858
70,"BIH","Bosnia and Herzegovina",1438.40260250567,1246.37494855515,1644.1476690918,1892.94305039814,1327.84600318338,1395.25041843529,1482.17966912242,1432.62656231903,1637.07015095186,1735.71209497281,1669.68553230506,1937.15841990819,1718.26998851106,1738.20289725414,1626.73607764504,1879.0493341502,1621.20158559753,1764.11347318651
72,"BWA","Botswana",52.4198080837931,34.2446005956417,36.3987285888079,39.8968694911879,38.0302427864266,34.3110424580379,30.5761452363153,27.0216648706879,24.6333864032354,19.4733301276473,13.3733616630089,9.23221961472545,6.3062081927923,4.00682426365929,0.916392375995006,1.27944399437174,1.41887061765755,1.6035560412934
76,"BRA","Brazil",3367454.2453396,3393542.88339181,3216497.0309053,3055653.29168308,2649479.38029308,2489946.07444703,2299257.86396292,2358620.45658243,2258860.09945778,2433906.71200394,2340681.96025693,3031778.02825577,3352018.03433772,3552609.19985287,3553332.10060593,3767055.97440497,3289669.02868691,3047488.47270888
92,"VGB","British Virgin Islands",3.05494860576128,2.79187219001128,3.42031714715191,4.45789067071723,4.96943204288216,5.01319265044552,7.52711585201886,6.4747954764199,5.62713771748218,4.69169881311478,4.87806723729571,1.75394420675049,58.8753185274237,59.7341602719816,59.8255411129541,47.8750506644327,48.1235648571745,2.66031576887847
96,"BRN","Brunei Darussalam",1121.58618749348,1075.39830796665,1170.59575149214,1270.75051730305,1465.21806325563,1402.95164738533,1724.3214093139,1778.71141963796,1696.38638268948,1707.43277695277,1866.28959907083,1856.73377772282,1678.31924017275,1661.9810532137,1450.7467282863,1331.77811585566,1007.89342182869,1002.88415916523
100,"BGR","Bulgaria",6555.3900699555,5949.15101579013,6932.85963829389,7182.74348013945,6768.57840167671,6169.0542413613,5801.16760164174,5885.21236172601,5334.13803634294,5451.92268140749,6196.74070125155,7009.3103444269,6551.38052636178,7763.62391257954,7250.96069418992,6751.34471293466,6609.21678636485,5890.28795770973
854,"BFA","Burkina Faso",18.2662224928679,7.32221574330542,7.03525048451387,7.57910159213268,6.76442628520864,4.77432609200271,6.88666487279133,6.38859472432996,5.48239177728145,4.57604889147167,3.18459668374727,0.120843630042534,0.0452968573295354,0,0,0,0,0
108,"BDI","Burundi",1065.72499862726,850.989132355214,1025.93926402109,1160.79166690021,1214.57110393228,1398.42810692003,1521.83188787809,1323.7270977832,1204.96724057471,1437.86007329271,1348.60284001011,1471.66042391814,1652.46639529177,1946.2522249158,2014.07017416038,2093.76482499503,2233.04028563968,2199.99510469685
132,"CPV","Cabo Verde",8.99402239878362,8.77158166661804,4.32313528344628,2.56771987423654,4.04013100887912,3.12270347451682,5.19974274028839,6.8799958952642,8.80453460824293,8.02885478064017,9.81302686937837,7.61422133838469,6.92481352940646,7.467789214573,5.4655628432343,4.73361481323512,4.73361481323512,4.73361481323512
116,"KHM","Cambodia",56818.6642496023,67221.8145556386,71784.610442468,77116.5950065073,85470.6866839693,120117.199301388,142446.693314143,166025.273613409,187344.660030752,195499.761836572,174463.607890172,172516.265523473,157069.127587404,141690.893562089,137992.888995959,140150.222455393,132515.899709869,129617.895509121
120,"CMR","Cameroon",28295.5637212361,27652.028506522,31081.8486535667,33041.1992377049,35654.9420336859,42221.5143161553,40554.6551163173,41624.9651501055,51519.1283004151,80674.9268199987,84870.5300686599,102664.027052284,129866.716949919,137107.026810728,125097.019650684,149862.176740216,160297.890683156,152403.580312373
124,"CAN","Canada",2181915.43480759,2391522.62216962,2351725.12316546,2420070.17467952,2188852.797807,2025669.43320834,1976571.40620632,2062090.21694158,2233756.16781739,2452403.4785971,2578116.08546348,2562861.10018081,2565709.46335559,2432829.42118425,2339250.87838672,2031617.33568726,2119729.49900581,2067751.06011748
136,"CYM","Cayman Islands",17.7736456693856,17.2292072549427,19.6823838329601,24.8866616680781,21.4427095567524,27.5692835234798,31.9323419828463,30.205050873983,27.3569121217287,22.9213260264095,14.9771559009783,21.0343134882856,33.9130960100143,38.7697049769833,39.3807013957484,41.0817394687211,29.0906836494127,19.6157237383795
140,"CAF","Central African Republic",24666.5002113143,29986.6570263282,30564.7439567698,34191.3668493841,40924.168037429,44771.6666924019,43023.0534863627,47024.2000491728,49488.7411591498,51408.6017014456,47160.9077654703,47563.2756090723,48882.5333119083,48228.6403418833,46463.4765198727,52027.6459370365,55233.3700585092,52657.247723659
148,"TCD","Chad",792.94900030511,1212.60310613328,1021.12341440205,1662.83743612765,1784.5963244942,1741.05227868145,1328.67291262716,1626.67935465854,1525.30647622428,1912.33503994514,2379.67823747195,2828.87084752317,3683.67666198238,4490.9839109387,4902.63608405354,5071.06031492498,5456.89721618215,5192.81196096235
152,"CHL","Chile",85258.1081733497,89100.4954900114,97814.7666657228,105859.676537979,106427.23543732,103341.200405971,104826.501332015,115457.937929919,111292.829624436,117446.539290624,120368.767329707,123279.697282489,131285.291097978,126216.264724427,118096.333334133,110993.378536118,102534.594018077,73143.7186821004
156,"CHN","China",325267.142415722,394255.896767613,475021.447191777,570275.406524975,589887.292695669,638734.399658967,643405.146523264,633810.287832126,574469.203797042,560877.218360897,533400.958819164,557421.455577941,565268.439746468,590893.86011987,583959.687250484,570313.641306025,533906.96945458,527438.252506095
170,"COL","Colombia",195456.962517479,187438.715720336,204798.742505332,226685.213470471,223495.388256773,225160.138328483,225133.221800901,216868.773548858,198278.496810621,191105.898226039,179863.554611169,200089.011955028,239521.659722077,282228.838583555,295505.236909696,332167.984368184,327010.270346211,295190.065994699
174,"COM","Comoros",46.3546708849404,41.5526642292626,48.8575560317766,50.5176129977105,64.8821111347648,66.0303926286661,87.960080482732,97.8729722026318,436.827496335219,709.158646078031,776.590993034978,776.941530822464,813.071603462392,510.758166634515,272.085208153201,239.295188765676,247.329767961047,218.655488649642
184,"COK","Cook Islands",-8888,-8888,-8888,-8888,-8888,-8888,-8888,-8888,-8888,-8888,-8888,-8888,-8888,-8888,-8888,-8888,-8888,-8888
188,"CRI","Costa Rica",12668.297955158,11587.8170577845,11219.5618987976,13942.4485074766,16481.9495143627,15798.4421826547,15885.7100495594,15669.5497418764,12851.6589926142,10545.6374803615,8576.5050486662,9235.62103723388,11581.317730712,12491.7720939634,12602.0180773973,13594.290505081,12405.6105558995,9699.12801803853
384,"CIV","Cote d'Ivoire",93384.5453244504,88398.3856757359,77659.3568904224,85913.86415971,98079.3597560188,103513.584297171,108894.152443842,109946.947271604,119587.714316183,167171.065123523,179159.184019868,198442.447727221,250671.304614514,280467.546497907,259543.28849903,278757.142609153,271186.860090879,234223.452202548
191,"HRV","Croatia",3386.38959976745,3151.53146034328,3330.91804280021,3761.2713952969,2996.37375456958,3146.7893166953,3289.68750494691,3643.15073151535,3464.55181714625,3795.91022010862,3629.87018172334,4120.72483640204,4289.14602010123,5346.66353115493,5630.30253878638,6306.87013178824,6285.14294273753,6681.09992895615
192,"CUB","Cuba",15068.5541583503,13740.9899671688,12308.5726501998,14413.9830204274,13271.2176458874,12426.1148485727,13227.6476259912,13721.8910638664,11519.4556367541,9439.76918895514,9063.34697839691,20611.3362494154,33905.1007706986,35681.8096578309,36002.2376636332,37180.7327069663,24314.3597580001,9929.4595971674
531,"CUW","Curacao",0.857831934462781,1.36941050206684,1.95613180039019,2.88904387243739,3.70166573207747,3.91217814671744,3.49097426681325,4.12349595716297,4.27399605167339,3.80762180330685,3.64223392459657,3.85287239384375,2.54325471866124,1.44469578787055,1.41444070842437,1.62508387205392,1.95627536230544,2.79916497321376
196,"CYP","Cyprus",60.0750199969071,55.7163423355616,206.882932893464,224.341538663848,219.253783593556,226.33846634487,237.957854958512,91.7831634649989,74.715595687654,71.3826421762178,63.7803861173302,155.439588069807,236.416366929219,240.48867604844,239.511771190902,240.244364306765,251.182731363146,278.180358222852
203,"CZE","Czech Republic",10633.1451463193,11662.4540801029,14574.185467247,17163.6318751266,17175.7525997307,15152.0443672133,17801.3638906586,16337.5954837293,14494.8688500198,14579.9319860148,13101.0034478741,13292.0448039495,15793.1788082256,22102.6812757446,33973.7990966174,52416.047685388,59112.8564838706,60761.7444957767
180,"COD","Dem. Rep. Congo",426014.115850033,425544.890618336,415230.2105007,441248.356497598,488282.540016918,553366.442003135,548640.335179418,582259.587887698,685414.28630779,825963.464997919,849444.114880463,1039791.76891058,1207183.1901956,1297823.82836238,1274267.10191955,1350639.07591697,1323954.90013486,1274397.3930182
208,"DNK","Denmark",3715.22318174812,3892.10535490758,4527.48882783177,5423.70779703394,6270.08101627693,5345.86499512125,4929.60010871283,4943.70911852145,4134.62082256412,3869.63913155707,3500.74043730186,3805.53208392253,3787.21240650311,4016.46413188836,4788.37675839663,4910.44936968639,4938.19105120585,4739.33529011522
262,"DJI","Djibouti",-8888,-8888,-8888,-8888,-8888,-8888,-8888,-8888,-8888,-8888,-8888,-8888,-8888,-8888,-8888,-8888,-8888,-8888
212,"DMA","Dominica",38.7168899891306,39.2348792117845,44.9199378856267,58.1469341377369,57.0319879334388,64.9914308725792,68.8075271776886,89.6922940404985,75.4412794271489,63.1341909468359,45.0812438269905,37.6134025482702,4666.9106090943,4818.19992792741,4827.49276531669,4840.24388398731,4844.89094127466,192.972806988008
214,"DOM","Dominican Republic",15374.5675385793,15807.9886054167,16932.6050027229,19112.2463315891,18028.0266329187,15830.9408253521,15740.2421416182,16109.5436693069,14327.7154635406,14269.9749086836,14467.5524471575,16856.9490187884,18688.4201383783,18941.8924256549,19192.4320460869,20462.5515751025,18317.5098484171,15533.230549592
218,"ECU","Ecuador",33257.0122937065,31377.0379062291,37521.3912366324,45132.2607615243,49211.5579038182,47890.174048175,49495.7361671251,52229.0283925769,51527.6432286562,46179.3673538466,45440.4179937444,45522.9278563744,44903.285917619,42968.5328180693,43916.704147328,47684.2008813638,44930.2537402556,41224.1171829907
818,"EGY","Egypt",82.3380809792078,60.4102745203436,66.3016523813629,70.3926427403898,62.0164635851768,71.1227059498452,84.0221911880333,156.138848820602,159.24534172544,170.332287987809,157.024456510604,143.84539512748,67.7607862351389,60.9085576619462,42.0887540113717,39.3879395453819,35.6047498742445,26.3073728376211
222,"SLV","El Salvador",6117.01693529991,5138.0015694157,4801.53139560668,4269.70867450725,4215.46279714279,3613.9570543946,3341.53789684061,3251.85534351689,2997.63567201217,2604.83970053573,2508.00299643491,3008.2674177793,3450.24503445481,3580.27659700136,3566.13302674129,3530.02123567543,2679.05418073327,2056.41176121704
226,"GNQ","Equatorial Guinea",2112.53989193487,1646.57917942348,1677.66252089279,2249.76018839276,3302.44296259106,4299.32115324985,5589.47095129755,5951.71369560475,6445.30451286694,9150.57088847243,9325.70242368015,9693.41631929516,11090.4573107434,11197.2187362158,9260.21780900686,8740.58103841274,8612.73042118785,7777.29939480892
232,"ERI","Eritrea",0.843174777534177,0,0,0,0,-9999,-9999,0,0,0,0,0,0,0,0,0,0,0
233,"EST","Estonia",15469.5634184729,16441.4297320468,15295.4714546731,17828.2613801127,17971.5653729521,19307.1984507012,20400.702245664,20700.0055040671,20458.4032851975,21409.1853564035,22193.9687670555,24021.0851528726,28255.3943278974,32845.3260116116,37313.3806735886,39590.3953589115,39124.2265053471,39195.9211458394
748,"SWZ","Eswatini",5238.98436079431,5778.29361775705,6312.01466760081,6076.39565949347,7134.46623472346,7559.51487110237,6197.61977907375,5609.16557523941,5317.93553361959,4179.18835424842,3490.27672858961,3926.27234286111,4496.15306368989,4254.91507240972,4086.20248945557,3979.86444579507,3651.48749112494,2763.66198340636
231,"ETH","Ethiopia",13644.4542879803,13670.1926119567,16177.0897528174,18191.6071092906,21368.1587390354,22231.2633613496,22908.6224837862,26113.2949393044,27481.8155686927,28171.0260341163,26189.4889198747,27013.2706462456,25767.5847334949,23376.1871474825,21947.6522980183,23488.5145773573,23522.473611379,20430.0483290669
234,"FRO","Faeroe Islands",-8888,-8888,-8888,-8888,-8888,-8888,-8888,-8888,-8888,-8888,-8888,-8888,-8888,-8888,-8888,-8888,-8888,-8888
238,"FLK","Falkland Islands",-8888,-8888,-8888,-8888,-8888,-8888,-8888,-8888,-8888,-8888,-8888,-8888,-8888,-8888,-8888,-8888,-8888,-8888
242,"FJI","Fiji",1423.73218005337,1579.06313035512,1868.11456209428,2031.11880341343,1973.30403145262,2109.52943131848,1845.20614866992,1659.46603922428,1721.89607969626,2101.55103933623,1999.86871153028,3563.90704831826,3938.27753804004,3671.78314807361,3225.14831947352,3270.84419712296,3036.01203777068,2615.50053578648
246,"FIN","Finland",152479.663194751,158678.617411254,160569.137422247,182882.483220913,188814.045408665,176235.774353701,171720.885739002,173481.364017897,163018.663650177,165055.247980409,166068.376940604,182324.481175138,217518.20050115,241798.991040647,262817.543036524,279205.426423732,284636.123633959,268558.226663087
250,"FRA","France",47019.2743663061,51095.4841582392,54274.9260988931,67040.5234612798,64865.0080102982,84267.4239009243,86102.0876669164,91252.9433279551,79846.9789996428,75909.0069444596,54579.7945657672,54479.4561959407,53469.9893360784,60978.4502857066,67784.8155024471,76191.1396347418,85828.2522910182,83659.178876047
258,"PYF","French Polynesia",-8888,-8888,-8888,-8888,-8888,-8888,-8888,-8888,-8888,-8888,-8888,-8888,-8888,-8888,-8888,-8888,-8888,-8888
266,"GAB","Gabon",14692.0756795546,15535.7004449837,16065.6262622385,16170.0153977737,17824.1286633612,16419.1618184072,16191.1405387381,16386.0619052638,21802.4143771235,27902.4381453938,30862.1114416382,33660.1039930667,37893.6585815957,34361.4841765664,30323.2197846969,29633.1645110681,26866.566854089,25028.8377088465
270,"GMB","Gambia",24.529992213504,25.1293909155616,27.0189563629003,84.3484362693442,73.5298473861039,77.1863520699994,82.0119943943778,80.2289552121263,23.2297364371353,24.924052811224,22.1666958981744,17.1162787475811,10.5968918834,9.38273181110675,9.90717407218749,9.87759272529535,12.6509563772344,14.4501677886802
268,"GEO","Georgia",802.212692174869,775.172029366109,866.372789776628,957.095846673462,653.356579891087,707.275046074482,708.947308318738,605.057894702315,506.384317531084,439.459243997614,284.311003005699,281.052528458975,228.032375135114,237.592190395477,248.081256556641,283.941887277842,263.309978236476,279.86369805932
276,"DEU","Germany",24343.3487640934,29816.6496242815,45400.7221538317,56450.232864705,53214.5451144012,60402.444027389,58726.1774627365,45282.9232484965,36043.562735323,34525.1227665799,21975.4221245093,20496.5235561328,21895.1085021542,29242.6798892821,46655.3134090997,81457.3422683812,116537.493986192,127227.433469846
288,"GHA","Ghana",41193.1998937149,37891.6098643251,30247.0733795015,32825.7565171913,36951.2134938507,32581.9340725448,34403.2388899624,33693.9384610881,42369.8972838198,58779.0156228029,66360.492406368,82960.8787351573,98692.8980472463,112736.325267348,106328.017582367,122166.435474953,118593.314061352,119262.576839627
300,"GRC","Greece",6259.95593359117,5205.78556311601,13392.887092452,17119.8215939808,17069.9369205599,17790.8602162246,17561.3894826667,10997.4949987402,7939.36466129805,7387.15355704515,6598.09434854251,6565.21102878567,5698.18227781227,5941.30960254009,6701.52761924605,7018.9982636853,15619.8621246528,15797.2389756456
304,"GRL","Greenland",-8888,-8888,-8888,-8888,-8888,-8888,-8888,-8888,-8888,-8888,-8888,-8888,-8888,-8888,-8888,-8888,-8888,-8888
308,"GRD","Grenada",169.700020187995,169.444252493085,169.839281795128,168.4062603697,60.9566723672313,83.3703531800559,85.1011504656814,79.4857633674328,71.720814325314,69.7345597263121,39.1629469936543,43.0156981608138,40.6990500951845,57.5894013408136,45.0343245401531,47.3821234257849,38.6831133457834,37.206856898273
320,"GTM","Guatemala",72872.5368653513,72722.1825476158,86913.3405489102,82713.1974009228,88812.3618996705,80580.1787434908,78185.8782785932,69683.4215296569,65278.6140013085,60255.9857149732,59151.7787867315,86713.7593464407,85851.192335049,89053.5883075779,94726.9413274896,103608.739007062,77908.6246688895,71241.5246690967
831,"GGY","Guernsey",0.36959583396412,0.100787260188079,0.126007081535373,0.168019612755353,0.403145143083767,0.340152365349934,0.428391539672851,0.463650990592448,0.433389341617621,0.292264906931857,0.327537625627712,0.268647163633535,0.100626348314887,0.100620754998914,0.125567903120659,0.117287948998119,0.22649863425727,0.251751574022135
324,"GIN","Guinea",17694.7439775138,17041.5836315904,18019.1430437812,20469.5238169636,21715.4596304782,22008.3904780087,24474.8378512355,22607.6972455771,47548.2017330199,69413.8403608648,98568.7259937569,136243.586896599,177664.077418591,185006.371866689,197201.133998865,200518.456880034,190791.352966651,170516.995997454
624,"GNB","Guinea-Bissau",3385.02321190062,3316.24733232687,3310.29340480051,3755.59028273813,4640.56455167385,4835.00863313171,5288.13613930311,4781.62051023066,8272.79359661648,9251.70919844832,10803.8712510618,13171.1181247427,15756.1291460187,14494.1178606713,15046.9682955311,15936.2854816064,15449.2271993541,14117.9905717941
328,"GUY","Guyana",6436.07811904689,5614.85862526907,5699.30604151351,6107.6286651644,6948.56056450246,7801.90695552901,8287.75054223677,9860.18974731699,9391.60685815177,10169.0022421507,10766.0608678142,14395.8905745794,15660.2577635031,16588.9611160759,18623.0452751417,19160.205346742,15765.1773133699,13991.2272600923
332,"HTI","Haiti",2015.11195770601,1753.87025515113,1745.23648947965,1969.51385995241,1985.9025210533,1996.12657634241,2276.4006257946,2715.50765744994,2913.4401466281,3192.27904186164,3392.91976558107,6333.49377174439,6578.71064323566,6768.7787296132,6876.09373343479,7018.99212211849,4048.32501596428,3317.42420956691
336,"VAT","Holy See",-8888,-8888,-8888,-8888,-8888,-8888,-8888,-8888,-8888,-8888,-8888,-8888,-8888,-8888,-8888,-8888,-8888,-8888
340,"HND","Honduras",34891.9387975926,34742.0763238432,36918.9508494658,38853.8061035251,43865.6177117216,44988.3361652654,47176.4743336049,45155.0963817283,45221.6551276743,46415.1538083002,47246.6001514281,74420.8630311816,90654.5105765759,97178.9629293769,101965.884708494,110647.13115712,86858.1476265111,75631.9669938323
344,"HKG","Hong Kong",11.6614510984197,14.2288873259744,17.0241233718882,20.916071604796,27.1602816201768,27.9864582608591,26.9164917953671,23.8365840466113,19.5880530816469,15.1107710861614,17.2752215273025,22.7899525911278,38.297412365174,68.4784448367951,67.8493985153598,77.6125878054755,80.6790786372031,73.3081097047914
348,"HUN","Hungary",8674.55480608664,8768.12988177737,9098.13666328378,9733.85271380205,9346.64433574959,9518.11281539031,9565.18102719129,10077.3384264136,10085.4035630056,11098.8996901304,10991.8046927348,12150.8845389827,12588.2762672355,13557.6467409028,13409.2481226835,13667.9587889195,13614.4036284439,13753.7318779188
352,"ISL","Iceland",-8888,-8888,-8888,-8888,-8888,-8888,-8888,-8888,-8888,-8888,-8888,-8888,-8888,-8888,-8888,-8888,-8888,-8888
356,"IND","India",59950.2348118318,60960.1015294566,65140.3079522154,72780.7314688934,73795.4613118398,71557.9478060974,75767.9180195673,80000.3255844004,78982.9216183566,90969.9022447763,103968.104385695,121348.501468049,140218.983111917,150492.434536457,146895.771531804,151177.256403332,142654.304639003,129295.862580506
360,"IDN","Indonesia",923131.718068213,1060944.16708443,1167414.05297507,1337702.25160525,1468886.35468455,1488264.3926946,1510360.13035653,1684887.17277993,1633496.64857479,1623376.15953016,1716803.87154059,1892492.39437491,1700584.16863488,1716470.93809258,1572975.62138728,1415999.10309472,1099863.07395721,1016766.88203123
364,"IRN","Iran",333.187175252082,294.848204330296,209.50958538524,219.014848888763,202.071807571341,206.625430411893,226.250090288231,281.516489802487,221.122408477665,198.38260743112,199.030742386934,139.904696101996,65.5353964011604,64.4750605002793,81.0920232387591,68.9120204488393,72.6301187519743,69.6404580703789
368,"IRQ","Iraq",11.0482625665822,9.09094400276321,9.03264091108829,8.66987859221243,10.9449078181605,12.7167149840453,12.1267333708504,11.8874293740171,8.83322711191815,5.97276375896417,4.11209441899007,3.4124946037622,1.37534968114773,0.989832227069227,0.512426222331452,0.512426222331452,0.5227711979796,0.0620972139973958
372,"IRL","Ireland",6415.9882215085,5553.74848583266,6830.47261412967,7762.65681917685,7835.64699154208,6987.87317060824,6559.98373193774,5388.78393329634,4958.59204350756,4655.9972620439,4781.89533930872,6037.76106975057,6098.33124338378,6819.83450583948,7750.36722285766,8094.908603549,7973.22206668353,8099.34896619341
833,"IMN","Isle of Man",10.1460005883711,12.1998080715807,15.5445130362617,18.9763167870665,28.6112469195177,38.4269733572677,34.8757199453363,35.1043834671023,31.4499722750959,30.631256249062,22.8632300991944,23.9710204181432,21.333849364477,20.3346875867248,15.6706778452469,14.8733065170573,14.1540715057343,13.9263696940256
376,"ISR","Israel",98.5690909246879,95.8215793899143,83.0675377143425,90.0443906924478,95.1251862590686,85.4838818882573,272.11681614909,272.370760063963,268.505717086202,274.303539017654,266.754169413668,66.6499586947479,76.7137289537987,75.4986180315235,61.9532287196304,60.9799930614298,53.7288282657172,49.8422243040449
380,"ITA","Italy",10507.3707766559,10313.4444607629,10445.2100927709,12753.2949108173,12266.8595818225,13248.9227435239,13758.674987329,15738.5543762282,15812.7760558632,16820.7887280645,16484.4058534746,19138.5987343638,21659.7781732639,26323.5355722249,34297.9668252932,37122.3715949632,37830.8525684404,36747.7954342115
388,"JAM","Jamaica",3084.41909515846,3394.70752402859,3319.17644847251,3518.70583125104,3446.13168175022,2399.54994383593,2317.05769430291,2583.81180112121,2443.96141757051,2303.90050009864,2411.57386327959,2332.80731271047,2252.08107414355,2433.07449112556,2323.91021437561,2177.19637828086,2075.9678927787,1862.64011017817
392,"JPN","Japan",28715.4582911766,31714.8567330345,35601.2043981503,39819.5945674968,40536.0857322961,40407.972534918,39804.1471471501,39821.4042373244,36300.3569123709,33756.4920742566,32836.5076806893,36644.1886273315,37032.2678643508,42486.8420704817,47127.8253783935,50510.3020898431,49202.7126348381,50438.2082468495
832,"JEY","Jersey",1.890399839762,0.725849518186486,0.683587330285372,1.14773606068214,1.18138570985821,2.72114487120931,3.46765346363226,4.11045068792925,3.79653416972178,3.60422181048437,2.15640982560026,1.89833171311957,0.59499955868164,0.481040674436848,0.540096263888888,0.556947473797742,0.822800840377602,0.607630798048319
400,"JOR","Jordan",0.626789626247611,0.679099848342446,0.718263476026257,0.881514444261608,0.41363631282118,0.41360374346535,0.22861604441569,0.0979298373887802,0.0979298373887802,0.347893437855541,0.456652557683376,0.456652557683376,0.739976615144314,0.739976615144314,0.65315789161386,0.587894919906684,0.587894919906684,0.391579652321506
398,"KAZ","Kazakhstan",3903.70258345144,3625.16956194483,3955.79576508039,4195.13953420606,4379.04866366988,4367.52327470133,4709.58339653243,4536.79872218073,4199.81094800175,3032.42461208101,2446.87389954302,1734.11637339473,1180.84891678228,835.898704663442,973.1006578618,1307.52173496147,1193.49342500195,1724.27706542282
404,"KEN","Kenya",16520.2618365185,16846.1073833274,18009.1941556246,19143.4737427335,19285.0333010909,21274.5487412631,20603.212437781,18962.4477621305,17830.3592642035,17362.5019099631,15947.0000697615,16296.7100088759,17149.5602974308,17618.490104541,17737.1712262389,18423.0379280887,16126.2218571893,13021.3504423132
296,"KIR","Kiribati",-8888,-8888,-8888,-8888,-8888,-8888,-8888,-8888,-8888,-8888,-8888,-8888,-8888,-8888,-8888,-8888,-8888,-8888
689,"XKX","Kosovo",497.021768718517,376.578091892659,495.801279690963,672.168803049084,713.003115018047,743.892220038131,800.295588717088,985.795211786431,910.711102920181,907.433996225921,907.934523854877,929.980009599787,707.548044273609,672.778604578379,660.133359754169,760.135347352505,681.712787292395,713.377417293144
414,"KWT","Kuwait",-8888,-8888,-8888,-8888,-8888,-8888,-8888,-8888,-8888,-8888,-8888,-8888,-8888,-8888,-8888,-8888,-8888,-8888
417,"KGZ","Kyrgyzstan",255.958663414298,160.230024188806,120.624394922743,119.803873711256,121.593274941303,157.377851122596,157.657675258241,153.103129997483,137.128534959833,99.5872748834187,59.2406396577267,34.1262637925575,26.9001303547363,24.5393944395762,25.0936630983159,22.4545585029548,23.6566722803737,18.8374988414279
418,"LAO","Laos",62412.2533282797,79652.8991548975,95064.5781788187,93768.124941319,110031.271483858,129787.416186873,131438.431882697,134346.831416083,159349.765742547,179003.609003375,202587.777439802,254008.236644228,294328.137089786,312140.079771243,336315.304321662,350818.873487491,336726.900347215,331239.389753686
428,"LVA","Latvia",29351.2385010774,32148.4149268827,33538.9680288648,35136.3471898682,35991.8106568545,37550.7805029908,38719.592079232,38350.9329836118,38042.5584383349,37499.9375747045,33964.4528814593,34006.0331007179,36565.9858633851,40397.3936827954,45437.3638796626,49363.9833420362,50059.3120497118,52070.7013334353
422,"LBN","Lebanon",174.71904416324,144.601771633276,182.967744129766,245.012013487668,291.245397917538,254.254487110891,252.372715524845,231.767726256937,185.011851354111,148.886605579533,160.57393729574,185.946996009607,209.587758682562,228.732513238121,274.729956731562,334.623426119096,415.892092419002,475.191645618017
426,"LSO","Lesotho",2.54057402134895,2.79768764829579,2.8639978509171,3.52434190369965,3.50637259449349,3.85822788949023,4.04391954529947,4.10021372452864,4.41071484931054,6.04732333544182,5.47967166255771,7.87750193339625,8.77858056311,8.8552244108127,8.40305714903754,11.4291773329349,11.7440548487029,11.0019807110123
430,"LBR","Liberia",25066.4548013771,26473.5693614952,23933.1010527166,26846.6152956533,40627.0823596161,42433.8541834265,42078.4727911667,47644.8443166586,71517.5213271315,89300.0585951198,122430.505162799,149258.83197594,175494.45101208,185373.806006657,186917.12169708,193739.415199364,185989.823343517,175752.277580527
434,"LBY","Libya",22.9505999383836,22.7805527373485,15.5896030900972,11.6803750391456,10.7323633268941,8.25006971069703,6.88709884773567,7.01584510421592,22.1316471435894,21.9098088741042,20.065908957424,18.2722846441793,19.375945204145,3.70069151490993,3.24677727372981,3.3640003149861,3.36402418108245,1.59179288125922
438,"LIE","Liechtenstein",6.12901709501157,8.85373781368487,8.74878636442218,8.7693638484683,7.82079201703991,7.27272632212498,5.32169258463064,4.40406536356423,3.02355401644922,2.66568053695703,2.37079829616493,3.03493757858724,3.07733344399305,3.9945150138138,5.72367072620225,6.10306814309765,5.19679563674565,4.80661597402473
440,"LTU","Lithuania",12141.6090420121,14039.2169370863,15177.5991814307,16435.0705015716,16696.4029912182,16952.8724114172,17809.9581400265,18123.1883693003,17867.0705250859,18180.0083670164,17005.4981586845,17764.8044807202,19404.962898109,20570.3320067224,22288.9177812995,23724.1466773856,23144.5345459589,22731.5771719259
442,"LUX","Luxembourg",128.385418737693,187.861241188445,270.216373087035,446.238130994034,427.219884301273,589.717100758253,606.081074218285,594.492450352386,467.384145730529,510.014343660536,399.420354807087,413.994638410683,407.670054670382,429.629067172979,445.558378481018,510.999066717826,617.778866503747,599.39338306695
446,"MAC","Macao",1.17813886017849,2.21326616065701,3.96255364003309,3.85543101400101,3.46276396837293,2.88444455243294,2.32757461159027,1.5850156103737,0.871058057352429,0.713997797364147,0.728285195860241,0.731862685805119,1.55298218222412,1.74934016489285,2.05275847367242,2.10632132705892,2.10632132705892,1.46372994011854
450,"MDG","Madagascar",87199.1417303926,84014.5827219068,103867.097663966,111717.959172761,122656.263037008,125374.411361873,143632.30023008,131609.915009275,166779.526424105,222808.608744597,261722.562097713,305988.99069557,382366.729364425,395820.651725174,363332.762590472,351197.446644415,321442.300447392,270646.816461577
454,"MWI","Malawi",5789.66194126601,6404.61558645549,7065.59326922307,7587.88057066262,7251.46798701539,6158.85735191491,6689.4895414079,7625.20674632023,7792.78439108367,10704.1153347985,12064.7602244735,13123.3845480988,13750.3139508192,14735.2752629958,13444.7511593037,14501.2584748317,15112.254318166,15022.3005070847
458,"MYS","Malaysia",311236.766367857,311517.560448804,330038.505487075,366850.727558419,421046.49388974,432084.017093389,457919.41251132,502521.918863707,495571.684248186,500171.433187111,504918.944199291,525353.106148128,496402.119013631,517354.791863052,467272.412137517,430147.703670602,372608.613851202,325543.200731805
462,"MDV","Maldives",3.48875607986004,3.32133424364997,3.6423967744002,4.54444015030314,5.09507218385703,5.00273352439526,6.33388968637394,5.58534480659386,5.04992591547879,4.65160826995803,5.03057880103186,3.18671877096968,3.55470655578721,3.13358241356011,-9999,-9999,-9999,-9999
466,"MLI","Mali",158.787056355714,109.954706051686,99.9136622564314,114.193935161308,115.070450209557,109.204961503145,121.620306755524,112.387512173685,173.214771297163,195.743278962107,225.795869850353,233.604399487149,284.21715046391,262.020753295457,250.104651073189,239.043430290329,224.139616544943,189.581857042336
470,"MLT","Malta",1.47104227917751,1.31453547302463,1.07975453452148,1.05164509807031,0.863735942810763,0.913887409161458,1.07647552110113,0.976308264577256,0.83855924085243,0.657072925393337,0.667429822746672,0.281731797776692,0.187827448076172,0.12519266251085,0.12519266251085,0.12519266251085,0.12519266251085,-9999
584,"MHL","Marshall Islands",-8888,-8888,-8888,-8888,-8888,-8888,-8888,-8888,-8888,-8888,-8888,-8888,-8888,-8888,-8888,-8888,-8888,-8888
478,"MRT","Mauritania",8.31057749436089,0.467958203331884,0.467958203331884,0.0738041557128906,0.0739009046614583,-9999,-9999,0,0,0,0,0,0,0,0,0,0,0
480,"MUS","Mauritius",186.73612092902,183.917328689547,179.373432796244,193.174527321903,175.780408221869,145.59165751519,214.558072338072,218.710017246438,224.836946957715,282.81590593335,347.703015207428,301.164188129307,375.511179391138,531.751975484697,-9999,-9999,-9999,-9999
484,"MEX","Mexico",169278.715311243,173426.850800296,185380.176573421,191743.766844185,214021.966636052,205996.606102836,207542.132839606,198772.594740843,205706.710548648,183610.175448219,189794.568902646,207276.825390607,232083.720251814,241704.299146045,273041.901055583,293416.982822603,276396.350239771,252410.418517753
583,"FSM","Micronesia",-9999,-9999,-9999,-9999,-9999,76.6623375243586,76.6623375243586,76.6623375243586,76.6623375243586,76.6623375243586,-9999,-9999,-9999,-9999,-9999,-9999,-9999,-9999
498,"MDA","Moldova",170.179218315831,175.481910370181,176.775190663843,183.67638355852,168.411601219569,181.806612425945,184.52880726128,491.582705884953,498.030712571374,533.115059538678,596.911901980165,726.245480342691,590.414925302441,729.26311559888,820.078579254012,1003.65774367301,1063.22355059813,1070.81889442638
492,"MCO","Monaco",-8888,-8888,-8888,-8888,-8888,-8888,-8888,-8888,-8888,-8888,-8888,-8888,-8888,-8888,-8888,-8888,-8888,-8888
496,"MNG","Mongolia",27797.6745853563,26236.1729457645,32106.9098697008,35620.4353870072,41318.3507513688,41577.8663780227,39638.1253312811,36949.8526442929,25875.3207024632,9621.34546982773,9297.52047003377,9415.84129359735,7535.45284443765,9254.62038946142,9713.17013342069,8377.0378618622,7585.9531343421,2558.87129149149
499,"MNE","Montenegro",465.882738531828,329.293557218025,503.654280772568,748.755161451663,678.72342553838,686.454040478315,750.207925681124,791.643554842752,986.028217211328,1160.5724096937,1154.57722280925,1279.61946932617,1281.69328629342,1131.9191078098,973.742241806963,1134.1863330973,1011.83284931181,991.804777603036
504,"MAR","Morocco",2160.2581244536,2230.95578718911,1948.86632084204,2222.25422835695,2173.61820163473,2065.95761331339,2300.09457696109,2135.45851206649,1620.73291148881,1717.71498396528,1710.49796774949,1440.24613363337,1575.5815231696,1824.0301479603,1737.57205520369,2271.32958890199,2170.78149896152,4100.73748855845
508,"MOZ","Mozambique",101104.55680991,123362.006372535,129728.860159087,154752.009211202,176705.547261865,185502.996634503,181106.694812412,181397.41650767,172976.580092249,169578.042703863,166946.334040797,187008.418797923,230821.403150025,232769.895173019,239801.365014403,250025.810639319,255523.118238818,231286.153213197
104,"MMR","Myanmar",76436.3798160087,92968.3602908602,109064.087809059,117462.450563899,140286.341006074,155899.557790641,157550.00233153,173268.081131476,199062.115238341,222089.877765496,246768.256659165,292135.461528827,315466.658174298,321571.127838455,317165.842375998,320505.869929543,308825.741397514,292644.373189411
516,"NAM","Namibia",171.998279053059,91.9039862483012,86.3175217659031,51.2824488136299,56.0650029187992,48.5932576916976,59.3658916345397,48.5174116763593,42.2831216749845,25.9858494314249,20.6368152537133,6.72011960473631,1.92033727814127,3.03948711357465,2.64027010188628,2.88838767154579,3.49875013123936,3.33438119494574
520,"NRU","Nauru",-8888,-8888,-8888,-8888,-8888,-8888,-8888,-8888,-8888,-8888,-8888,-8888,-8888,-8888,-8888,-8888,-8888,-8888
524,"NPL","Nepal",2236.33683655161,2582.69989196162,2850.07168385937,2990.0467833699,3598.94287121312,3516.8186925569,3429.10868076198,3745.01726994089,3313.74852550839,2441.29687578465,2087.63039661515,1724.04108600772,1193.84882948503,1361.17830135792,1546.22183215093,1876.91090389399,2227.71024712145,2153.39095977873
528,"NLD","Netherlands",932.580004996155,1082.53886550714,1246.55229258002,1411.62004262643,1464.1065456793,1850.63051976234,1785.60113957631,1646.24596544724,1519.68477625711,1383.07072270256,880.757750684156,929.26522447478,1005.90999143166,1156.53640405739,1477.71619462843,1685.18721579364,1895.23935669398,1865.84028705203
540,"NCL","New Caledonia",1038.11898509679,1325.44127735015,1395.09036025355,1322.66322863012,1215.78072845647,1031.52767424174,746.452535280152,719.095438023626,1071.06634457062,1285.94851575386,1273.08438787848,1396.03473337031,1460.32524985992,1617.88651715361,1370.24028107545,2086.21517975326,1952.69144575805,1795.55159815826
554,"NZL","New Zealand",54350.8475394816,56579.5224828674,56462.461743121,59777.2539737912,59563.7791890657,60284.3064684464,59938.5858130252,61309.7643081584,64543.6169627695,68502.9270788518,70079.2061986737,74162.3167408484,75239.3166647785,75576.6953155235,73980.8992447028,73365.1481357688,70542.0240703491,67268.281995717
558,"NIC","Nicaragua",52296.5563797931,51249.6896107478,58110.7729734756,59480.9039811118,71887.4006246844,95361.3080901613,96244.1678597966,85288.873113614,83333.615877992,81826.7888405618,46427.6660325898,66258.4643734773,101850.027629782,107317.404327783,107774.440930428,122930.308456218,112811.740076041,80272.9746285865
562,"NER","Niger",0.281596405352512,0.325396652203956,0.124981482875434,0.0751741419401041,0.0751709355989583,0.0751709355989583,0.0751709355989583,0.0747634261300998,0.0747634261300998,0.0747634261300998,0.0747634261300998,0.0373817130650499,0,0,0,0,0,0
566,"NGA","Nigeria",23407.5361084483,19963.7487744024,18408.9127984366,21226.918784497,23356.0927575982,27256.5257861999,32801.3119243569,34880.9898551138,38073.8375872138,46743.3442797637,48372.4406531431,52032.0203181826,79246.925675316,94524.4375536592,98175.9311047851,109830.324960545,114831.057445157,101859.847302025
570,"NIU","Niue",-8888,-8888,-8888,-8888,-8888,-8888,-8888,-8888,-8888,-8888,-8888,-8888,-8888,-8888,-8888,-8888,-8888,-8888
408,"PRK","North Korea",10507.9590304617,10634.8874183133,12221.1022093118,14507.914327824,14858.9410033199,15357.3621034663,13927.6053393521,14606.0808287269,11855.6896725991,11421.5645939852,9787.95748154288,11003.5147520571,9371.72670396698,9903.87395869637,13213.7071183363,13998.2967342459,14444.9566339657,14549.7945363682
807,"MKD","North Macedonia",1470.48133424028,1466.93502497168,2061.36701888441,2674.37885055595,3094.43604398724,3277.74339111032,3300.64340709222,3115.92321505115,2553.66934039609,2056.62344520369,1768.84604638812,1636.81483116757,1277.9891159206,1356.77180261252,1351.7178403413,1566.06825096467,1727.62954465337,1988.37725662129
578,"NOR","Norway",24511.9990141516,28152.5133060263,29193.5950571691,32993.1967933855,30908.0864465459,33950.1010622161,32374.1823993275,31995.367641014,31846.1640574391,35012.6602979837,34314.6552967543,39777.2085938401,45371.1116989734,50601.1602067575,55728.1712803129,62072.9768881389,62844.1262029167,64722.0757148128
512,"OMN","Oman",0,0,0,0.0346187284906684,0.0692374569813368,0.0692374569813368,0.0692374569813368,0.0692374569813368,-9999,0,0,0,0,0,-9999,-9999,-9999,-9999
586,"PAK","Pakistan",660.143781136225,885.653724051715,1045.34399441077,1127.83894593307,1078.38064102162,1032.78825739652,856.401124066696,679.475891272003,480.643486657832,304.213463298805,160.652509309163,84.9695258829755,72.8219761135053,76.709773533938,87.3669008095966,104.063280885217,95.8871710047383,67.5641001996217
585,"PLW","Palau",43.6555326190582,40.2065483331848,43.2738678895244,52.6577832890309,52.7344380291543,50.5983915086071,49.7433405262854,37.2161942218175,28.5660606414049,41.2935156539469,43.4344914078572,47.7153602846304,57.5722217783148,48.8707620027062,6.29481422916232,9.61466834725565,8.03120048321917,8.28793087635133
591,"PAN","Panama",15586.5343514771,18798.2551842169,19087.1332467189,24819.5339680793,28841.7027702599,29452.3592920898,27208.6356782736,26488.5840900744,21307.758566266,16725.4908791699,15755.7250638639,14598.2470111103,17365.1514762445,20149.108582743,24140.7265477956,27492.8501681025,28907.5969848357,26197.3011143797
598,"PNG","Papua New Guinea",43947.3801440166,48024.0341849139,46943.5344361916,54791.4538644128,52967.6550843604,58915.6661612271,58247.2769036675,63079.3551775713,60203.8590019294,71494.654077243,93903.7131953119,118879.606786611,127714.778725383,139968.238139766,137862.290146589,117388.923504363,97126.4024083948,102040.3163229
600,"PRY","Paraguay",224534.233434084,224137.759046756,270356.057136424,292162.80554346,313329.952801584,349259.88288544,411047.757371309,427848.489425023,416292.700803542,414805.264272043,382220.268646084,354745.78460869,324713.507961783,312756.663043462,306481.901330367,299282.643664773,290751.05787334,262167.818862696
604,"PER","Peru",100935.760432781,101516.164022015,108574.302606343,119123.332318263,134442.103760854,130302.304661192,137572.145883093,169515.216913717,186053.712871099,191561.304998645,196396.464728556,217535.772390242,223100.24955105,223584.080999531,228745.099931815,251176.447812884,250024.910864257,236593.181341337
608,"PHL","Philippines",40197.846711864,44650.5133806516,51488.280612614,52197.9804526844,54660.0920288504,65233.6615290061,60398.5288761426,59016.232038112,63049.9192076392,71363.2327066114,64012.4755111555,83183.8445646774,94122.6558757658,96455.1420604622,88771.6274921744,88338.0176365359,72292.6409529073,66345.2159481678
616,"POL","Poland",41536.3288499063,45259.1758536971,50507.3472121468,53436.9608619146,54447.3497652779,52338.6705427014,56132.6392908218,55649.6735751708,53064.3800443224,54935.1178303823,49116.6162656585,55088.6475252295,63359.7646837073,75726.0154196973,79814.3090381091,86257.5536950977,84469.1039532226,79657.3768717089
620,"PRT","Portugal",36079.6096323951,39711.7937926128,39995.5117131283,41350.4357638482,38259.4903439375,40152.8358809166,36974.1284749059,41356.9677603044,45010.815650306,49090.6207267216,48629.7952469089,62224.5873861918,85356.3219238904,94466.862268268,89792.2455779594,92981.7181638508,81497.158012553,56093.3007364769
634,"QAT","Qatar",-8888,-8888,-8888,-8888,-8888,-8888,-8888,-8888,-8888,-8888,-8888,-8888,-8888,-8888,-8888,-8888,-8888,-8888
178,"COG","Republic of Congo",20508.3817721709,19533.0301488952,20623.9392633004,20395.8379212369,21443.8692453759,26606.2403893397,27850.3216333637,28326.1075159992,35779.523496892,46543.152900575,47174.7002625997,64360.5292908744,70706.7605363485,72318.0585687961,72491.4435417805,75834.8698232685,64612.7102065476,63722.5819955235
642,"ROU","Romania",16319.3589355652,15425.5570232689,19770.6531527161,21392.2061720915,20855.7911938751,20528.5014141298,21300.6819171363,19814.2271922761,18896.385551989,19557.3403972615,18182.2573927132,19405.8038592916,17113.2799886433,18318.8843304485,16875.7146927801,20183.559501185,18514.4169044892,17980.1731048619
643,"RUS","Russia",2533613.42965484,2614976.88154544,2542684.57512151,2546268.43322414,2264393.03457955,2318303.416696,2475916.94646348,3086381.2493292,3469891.06831016,3945540.68810421,4040053.94519084,4446093.50900274,4425632.81002304,4544611.52649018,4383945.13773347,5005940.13619002,5299373.3083071,5099148.54596686
646,"RWA","Rwanda",1092.52853609273,938.281851885389,1036.00945321405,1043.95005876344,1096.00572379977,1421.57483482738,1457.65516937458,1389.75017279919,1664.14902870158,1965.62767255295,1919.01821861056,2289.36568761939,2617.0390004746,2980.71371891864,2906.03920607616,3100.15838074173,3129.0503227013,3090.57677737264
652,"BLM","Saint Barthelemy",0.109948418164062,0.109948418164062,0.109948418164062,0.122169040860821,0.109954565439996,0.219906561754015,0.219906561754015,0.195475477149884,0.268776673597728,0.256560342526855,0.201585679738769,0.201585679738769,0.18325779470242,0.122172434403935,0.0733029769487847,0.0733017677962239,0.0733017677962239,-9999
659,"KNA","Saint Kitts and Nevis",28.3054773507879,23.274434675865,21.7736635303368,19.9058198077684,21.6441649173098,21.5711965634997,19.9520686545811,19.6429239318153,16.1108207159305,10.1517078580531,6.63535978529164,5.8413778263216,4.42883210829795,4.37022530176085,5.35639795187782,7.19505061754078,7.40052523786478,7.53269056396287
662,"LCA","Saint Lucia",31.1162388290149,44.5235366550356,52.0564822367222,59.3936585305721,62.3376321318879,71.5140225777382,64.2063177340634,67.9127896683409,63.9090223681666,61.143630464868,42.6102492497259,51.7286406053518,55.0184374106632,54.5557218560287,50.7156026500656,57.427099351248,42.913812785196,33.0642891527969
670,"VCT","Saint Vincent and the Grenadines",12.4858945645455,13.2054067613242,16.2475957042143,22.6938070591651,24.4168486722652,34.2482243196305,38.2336184627972,38.5331282961159,32.8362225647199,29.0152320304742,16.2015571075493,13.324961755086,14.5537331883603,15.2731254300243,15.4378051399343,16.5170109607178,15.9168416105627,22.4491528436551
882,"WSM","Samoa",-8888,-8888,-8888,-8888,-8888,-8888,-8888,-8888,-8888,-8888,-8888,-8888,-8888,-8888,-8888,-8888,-8888,-8888
674,"SMR","San Marino",0.236948224435221,0.236948224435221,0.446066581873915,0.529715111520182,0.404283233723416,0.48329511296875,0.48329511296875,0.315955924733073,0.241588811693431,0.260181380170717,0.23695423414822,0.23695423414822,0.139400866821289,0.153369153037109,0.237004569635417,0.260248494153646,0.260248494153646,0.362511978889974
678,"STP","Sao Tome and Principe",77.2219050190993,-9999,-9999,-9999,-9999,-9999,-9999,-9999,-9999,-9999,-9999,-9999,-9999,-9999,-9999,-9999,-9999,-9999
682,"SAU","Saudi Arabia",-9999,-9999,-9999,-9999,0,0,0,0,0,0,0,0,0,-9999,-9999,-9999,-9999,-9999
686,"SEN","Senegal",94.4885447444614,88.6193409445954,90.1974952819018,139.693698431891,146.258960162333,162.707632667179,177.826391247075,160.262792261308,178.156342673176,211.324730027922,239.258899342122,266.801960368318,328.260390665368,313.501675566596,303.686635139741,396.679019376915,381.092809873281,360.555539575485
688,"SRB","Serbia",1713.57831705898,1615.90624682393,1839.71972213503,2318.77584307883,2292.60867568018,2474.86766716274,2538.65537955504,2783.45703244993,2691.07826054618,3067.26644878254,3137.98074674424,3631.20450768814,3649.71996357756,3883.34204067972,3798.20252867599,4232.52566408719,4111.71734941773,4298.74674035283
690,"SYC","Seychelles",0.253064730530598,0.177145880052806,0.151831152980685,0.151831152980685,0.151827432733832,0.151819104421928,0.151819992240125,0.379608737415092,0.657988783713648,1.29065977845703,1.29065977845703,1.29065977845703,1.63229092639051,2.04983297647027,0.835144715056423,0.835144715056423,0.493490252032606,0.493490252032606
694,"SLE","Sierra Leone",10779.5716860988,12765.4723054956,14079.1194167148,16444.2719057539,21749.5705741023,22131.5325092151,23212.2390467752,22107.7866737896,51978.3762017343,78171.6711963318,122967.49901368,151718.958158919,194998.264621026,198586.221063871,201376.997165218,185752.829658814,172821.993034383,150257.321415
702,"SGP","Singapore",60.6204694675933,63.1433035417651,53.3297174285733,56.6524675357982,85.0631445084858,77.4027109308278,80.9713287031447,84.5091660146441,82.6015604113327,85.4624916779797,107.658932799721,123.748627612757,157.851046056235,210.472715918666,229.777091593496,231.82273180955,241.14372809782,209.225469820973
534,"SXM","Sint Maarten",1.71383990808984,1.90432646192122,2.9005199730204,2.79794985077343,3.16417758060546,2.49036136246636,2.54892275800868,1.52343975214713,1.7138833144273,1.17188563528646,1.40992437627631,0.842284827807886,1.90427664671061,1.68454493217954,2.41695637700792,2.41695637700792,2.30709966998101,0.292999397225477
703,"SVK","Slovakia",8792.48093918783,9617.57568951676,10711.5937976568,12654.8162355416,13977.2363177993,11863.1368458795,12567.3325733245,12504.0842849369,10826.1450099263,12052.0281386925,9687.78237610776,10767.5821315771,11776.2674409752,14300.694136221,12893.5928192253,14226.4908420699,12057.4520265396,10256.19037348
705,"SVN","Slovenia",1018.08486400014,1144.21659156297,1420.77378684848,1686.47838235899,1822.38173024365,1718.98114858297,1756.98427565926,1516.94891439668,1273.35197730311,1960.8473031944,1878.96253749715,2670.65940458119,3467.75557554912,4987.26351356874,4600.74975465769,5173.72776828844,4541.36926664752,4134.32518884773
90,"SLB","Solomon Islands",3704.13208251628,4280.39252170892,4640.23386425887,5799.48702595352,6297.75864235362,6271.47703464477,6429.93430530364,7058.18662695698,7318.24112042228,9499.19577616832,11209.6014330801,13636.0114324507,15826.9735948922,17497.7016193662,17419.9282318292,17345.7144524993,16147.0921170132,15095.2521479304
706,"SOM","Somalia",236.497944380581,192.340494567095,196.279780981799,225.246387403829,243.667098279055,217.214136346645,230.4124055051,215.274986043246,228.402414636505,191.590956834239,176.845345568824,157.219546571972,179.218760193183,124.843510559228,175.059804069307,192.779885480192,209.331276100278,173.455719982931
710,"ZAF","South Africa",79030.3199219458,84490.0359355636,84375.0805144789,82135.6706038233,81070.9423035498,72492.223285192,65426.9277992719,72985.2129634242,67983.8995886242,68461.6711643817,70141.3198057844,70927.1747490051,72759.0431845589,74218.5942447831,75513.1004659142,73931.1616966793,69635.4231243659,59020.1818565789
410,"KOR","South Korea",6829.71222532342,7758.7222012378,8436.89009376775,10519.0298802058,11520.9549124277,12621.5409763491,12933.7777376698,14502.7595993567,13592.3358058239,12994.3150090754,13577.4699994161,15743.0650296793,16706.5923457569,19182.6123743928,20643.7810540593,21200.2597048916,20161.4311931105,21141.7264705428
728,"SSD","South Sudan",7225.31920364232,8036.77202972914,8311.7580510722,9700.98026247902,9224.03491974793,7886.67745597747,7896.33278189705,7333.05407593665,6517.48919004885,6256.07637810379,5972.16483054081,4983.40625705329,5013.20837984591,4555.10300764541,3955.67834418555,3928.95316220425,3677.79735332559,2999.1559232866
724,"ESP","Spain",42010.8686857638,49992.4734466004,54503.9328542091,58698.4490118034,58752.6298834206,60180.3141041681,53501.6123414147,57549.5149147644,61483.0942018909,62819.425119512,64683.5145289422,78330.8738124643,81923.5032618352,93062.1295802098,92421.2156331409,99736.0654135498,95381.9839443232,103254.464127175
144,"LKA","Sri Lanka",4123.65734552041,4917.84996012571,6280.67787481067,6950.72264790134,8625.78710816953,9135.50767501962,10536.7974044709,11373.960349837,11664.615828107,11339.7506649661,11374.17197239,11924.8126004482,11652.5053422049,12694.0937422015,12285.3876617761,13048.1049980007,12209.2364247014,11278.3432015788
275,"PSE","State of Palestine",1.42510887557682,1.12593152573264,0.995850537096785,1.21735074191298,1.23023316531684,1.40101045856597,1.30859881650325,1.16417818960113,0.733813953686413,0.720836679889973,0.484760799796658,0.432489336177734,0.681527284962021,1.00817613846962,0.824681076744574,0.850901966589626,1.06362745823703,0.850513684055989
729,"SDN","Sudan",47.0212504605728,42.4627927314464,64.2268785531647,71.5886479273974,85.2114238261166,73.5416006279155,113.759399376474,79.4161923488,70.2015231665253,55.0608613382287,48.3042572882987,12.5917470194634,24.8802634968851,26.2226675417672,36.3783615094233,48.127796387943,52.8563991785922,46.5927675940961
740,"SUR","Suriname",4177.54162927047,4120.62226197623,4102.29232507828,4695.25762670225,5083.09031838551,5780.74090088771,6239.22176775421,9414.46006726953,9952.98349267595,11430.0210096332,12414.1806329178,14650.348999622,14353.640181387,16113.1662352979,16854.4714332463,17489.4336350722,16566.3198124252,15870.9771140208
752,"SWE","Sweden",187187.009870026,208026.780572433,208945.571761258,249166.503038334,236505.256314609,239522.50676128,230761.550889431,241166.459646017,221953.315723571,228806.284641191,219283.248427926,240288.653418246,259555.582338372,278054.196243801,296127.8182687,320915.216225883,325476.942395117,325213.991925133
756,"CHE","Switzerland",1726.11597234495,1902.84342206471,2097.03231185768,2494.22946287949,2183.19607116547,2066.56102272065,2044.76178714011,1977.92505225896,1652.79625936488,1498.6083583271,1305.53253043699,1253.35968657609,1458.22972132443,1926.38214110482,2329.41346256553,2960.47843070135,3315.86283899422,3202.3705595263
760,"SYR","Syria",285.774161159268,288.477413680571,574.324951328354,718.195231464668,722.97211788524,612.717185207364,587.746544007,1346.42751305288,1433.68253464392,1599.16004638033,2029.68768690937,2361.04275693282,1716.22833212561,1642.82754082712,1686.47272855845,1815.37256681496,2024.06084005072,1686.30153720992
158,"TWN","Taiwan",1333.9014307937,1517.43230797883,1662.4515323656,1899.66381158697,3160.37255391103,3347.87394765062,3224.82684643005,3170.91253785389,2899.29160244147,1477.75639222515,1174.32020294382,1546.42742577128,1771.23181287364,1960.88931051622,2035.3018608606,2139.07358325318,1767.30757400163,1553.12005784572
762,"TJK","Tajikistan",35.7178916038346,27.2969613619197,22.7771359446315,23.0262245883524,25.8334995688889,22.2972244208598,22.4509503969418,24.8512075075751,18.4921875021328,11.8405908726289,12.0862661787337,9.38111939916377,0.741077705499131,0.36141710839048,0.120258093444733,0.197111408467339,0.157689126773871,0.157939900827257
834,"TZA","Tanzania",81967.8631058204,82584.1911363578,89905.0535453525,105941.558319045,121233.932196374,130614.531461837,141116.429554213,147666.057940324,151117.997083335,162092.618094064,156787.595092405,159797.374027285,167885.875275128,165925.432832151,154834.518959192,169684.766196516,172129.286399541,165287.759467101
764,"THA","Thailand",66310.8859810051,79054.6131902423,85403.8869711528,89742.9621267901,97913.9566656817,108053.406517976,106998.229347383,111374.141766137,112296.36066253,113281.234004576,110445.903349992,125864.687687634,142254.364796137,152009.998512222,150445.878103012,150167.184138164,140402.623351715,123243.986763179
626,"TLS","Timor-Leste",1269.1966974924,1719.52990524061,1709.79048182411,1738.18840177914,1852.59906245562,1720.13958218348,1427.01647587501,1493.31260707429,1419.35401876073,1269.18006150122,1311.95991918551,1278.55803967165,1243.73020911602,1399.86275079354,1323.53786088807,1442.72949656634,1469.58136483242,1349.61016074028
768,"TGO","Togo",2332.01528192007,2114.33044476297,2347.65206183212,2172.39091372779,2736.18278921222,2429.41069857527,2343.00520853551,2054.90004207998,2409.87312480781,1799.10906052451,1884.34719567933,2325.94916415448,3413.81756729563,4180.02426555478,4720.79199685045,5634.09288702151,6120.92796864178,5690.49482508759
776,"TON","Tonga",-8888,-8888,-8888,-8888,-8888,-8888,-8888,-8888,-8888,-8888,-8888,-8888,-8888,-8888,-8888,-8888,-8888,-8888
780,"TTO","Trinidad and Tobago",1048.90484656547,1034.25068672193,1110.75260731673,1219.44487456913,1348.06597026239,1783.65985733576,1507.43870610539,1428.42926326433,1326.29516439212,1364.75527576593,817.027325757802,1012.32265712682,1017.4369834603,1055.03936566498,872.819742294306,911.178419233331,704.09435629126,631.313591972972
788,"TUN","Tunisia",593.032838777055,617.645802172148,744.567520676141,580.407168491473,713.044765780085,666.058120355825,1036.08907560689,1143.33645172565,1259.74674658974,1540.40825110825,1836.8048507398,1687.01806630024,3109.24192458848,3029.70930573645,2667.25173677855,2503.68017651863,2628.51383822277,1512.05793675322
792,"TUR","Turkiye",23152.9516945411,23747.9153590998,23672.3003166157,25901.7987557191,25727.8400255904,25047.3125291676,24647.9332137129,25272.5209837158,24002.8377421998,22782.2753177684,24927.7391846627,25276.7632846179,26363.570946447,28988.6455806631,32411.1450372137,35933.8051007027,46664.0414607168,50564.5706372265
795,"TKM","Turkmenistan",59.1273598802823,52.6106317875731,39.1364213852686,37.1119117215464,33.939136331618,29.6072246994192,30.1844408293585,24.4202849484357,9.54654371724651,7.13019200784026,6.69443460089896,2.58048720995822,0.349021862265082,0.341525090384114,0.0602455836490885,0.0602455836490885,0.0610472550412326,-9999
796,"TCA","Turks and Caicos Islands",11.0900366809333,10.4601852442283,24.237875059945,34.410337707672,53.4404123059545,56.6740891804849,58.6783210928677,45.5015205540185,35.3571012704007,20.5055783271514,17.0718843786371,17.929476675041,22.9651668654702,28.0878136020826,25.2690250451718,27.9015039834728,32.7676327293671,29.3348535951239
798,"TUV","Tuvalu",-8888,-8888,-8888,-8888,-8888,-8888,-8888,-8888,-8888,-8888,-8888,-8888,-8888,-8888,-8888,-8888,-8888,-8888
800,"UGA","Uganda",19945.7152614411,19703.565423031,24860.8632190403,29850.0398849599,30893.2880955312,31888.75649547,39212.5804787887,37715.4044380636,39880.2158318446,46204.2560636405,50178.6714446224,50662.416760318,68214.6465400665,75910.6077360243,77581.5201756239,81497.866397131,77849.6556328969,67296.1051322724
804,"UKR","Ukraine",36181.9635810964,38842.7092875592,46280.5932771325,49092.7925369234,48858.666032177,52035.1862296316,55680.3392875409,53931.2737295721,50870.4654640742,50643.4236674557,49937.9738371204,59218.901200968,65286.8618117003,72629.1837476434,72220.4878534895,78329.9620401753,70296.4664024555,62722.2186630014
784,"ARE","United Arab Emirates",-9999,-9999,-9999,-9999,-9999,-9999,-9999,0,0,0,0,0,-9999,-9999,-9999,-9999,-9999,-9999
826,"GBR","United Kingdom",15798.8602550503,15361.7997385943,17585.5589269943,19712.4069807894,22284.4237500474,26220.7544336533,26540.1159887473,27427.7254958812,30644.7928250714,29176.2700520123,28259.973164067,29490.296623561,26964.4830970694,26497.2589699316,26099.1265530403,25868.6518224474,25349.4092422914,27574.902292747
840,"USA","United States of America",2215051.84114608,2347556.92113029,2426867.94880852,2539740.15779909,2312210.7067908,2207278.85722607,2018843.17467078,1924561.80004318,1829003.41919023,1854496.3205168,1878919.09729862,1998868.25955711,2079429.22425585,2150717.26680104,2225360.28273469,2160765.443309,2116830.21659028,2084369.03677531
858,"URY","Uruguay",11234.890870487,13911.2562056895,16843.172355131,19440.3098450732,20271.0013144248,20652.4457795648,22046.8724686735,24018.4386489871,23151.6419640847,24424.3010733422,24368.6315273152,23506.0186795984,21600.3820949837,21653.3332781747,19428.5882879642,18455.4282872877,17117.6099210647,15917.4607381097
860,"UZB","Uzbekistan",136.538731680337,88.1904863361353,43.7669208325607,41.9112272210312,51.4604703437391,53.6081688710985,49.6754858303033,52.1279485866627,48.3611628575538,45.7064232158693,49.1519683214529,54.3972044014757,36.5031803917332,28.4297153930874,6.59971293889683,5.74527234166123,5.29736586245832,6.45642262984027
548,"VUT","Vanuatu",278.775927769123,297.733545541495,298.465254593092,231.424439203896,375.165735839193,385.794864745199,463.39147085132,480.649136988781,664.0492835396,571.680805519336,1205.38706882776,1352.10104775276,1399.68213086529,1383.74027443252,1307.16943166977,1398.94420760027,1142.35924091842,1064.79475230269
862,"VEN","Venezuela",97487.2514661571,89809.1743502937,94604.0948796886,101273.352649046,111557.135442918,112820.850510273,110610.942779899,108934.215532474,97723.1777335393,89437.0451255277,81467.0974605054,108046.018463696,120249.81016887,129767.279192545,137733.701709142,153306.900754649,124724.487732177,102485.950489942
704,"VNM","Viet Nam",63231.6833546286,69500.4958230953,75620.4685051771,88676.0501544909,101443.120442486,115852.1354625,126253.978436647,146457.223715163,151284.71719906,167209.776476543,175935.17962248,220467.102279921,241606.855202104,260153.188642733,260040.761990276,257992.238422044,225917.847765322,201558.201010758
876,"WLF","Wallis and Futuna Islands",-8888,-8888,-8888,-8888,-8888,-8888,-8888,-8888,-8888,-8888,-8888,-8888,-8888,-8888,-8888,-8888,-8888,-8888
732,"ESH","Western Sahara",-8888,-8888,-8888,-8888,-8888,-8888,-8888,-8888,-8888,-8888,-8888,-8888,-8888,-8888,-8888,-8888,-8888,-8888
887,"YEM","Yemen",-8888,-8888,-8888,-8888,-8888,-8888,-8888,-8888,-8888,-8888,-8888,-8888,-8888,-8888,-8888,-8888,-8888,-8888
894,"ZMB","Zambia",40864.8823490595,42940.3171673252,44423.0844388382,49268.1825399941,67136.0051698055,90429.0993582249,94344.2028487694,109517.162199843,113247.43443803,112726.291920995,95447.7292042511,111759.885371909,118392.404743183,130214.933895244,132098.900174151,147186.423989878,159150.306159688,162433.663733651
716,"ZWE","Zimbabwe",8740.93076487643,10076.3992867076,10333.1222280467,9957.70873365073,12153.7998999727,11131.0925513925,9962.27173323728,10862.8524900048,11702.1527448227,9750.69731527412,10875.9853843816,11259.2469689749,13694.3700117025,13079.4788856761,13461.2059921362,12253.842041406,11873.6433591229,8330.97853962391
